# Simplified by scripts/simplify-obj.py
v -0.001888 0.840348 0.363317
v -0.034659 0.842650 0.365579
v -0.066172 0.849468 0.372280
v -0.095214 0.860539 0.383161
v -0.120669 0.875438 0.397805
v -0.141560 0.893592 0.415649
v -0.157083 0.914305 0.436006
v -0.166642 0.936779 0.458096
v -0.169870 0.960151 0.481068
v -0.166642 0.983524 0.504040
v -0.157083 1.005998 0.526129
v -0.141560 1.026711 0.546486
v -0.120669 1.044865 0.564330
v -0.095214 1.059765 0.578974
v -0.066172 1.070835 0.589855
v -0.034659 1.077653 0.596556
v -0.001888 1.079955 0.598818
v 0.030884 1.077653 0.596556
v 0.062396 1.070835 0.589855
v 0.091438 1.059765 0.578974
v 0.116894 1.044865 0.564330
v 0.137785 1.026711 0.546486
v 0.153308 1.005998 0.526129
v 0.162867 0.983524 0.504040
v 0.166095 0.960151 0.481068
v 0.162867 0.936779 0.458095
v 0.153308 0.914305 0.436006
v 0.137785 0.893592 0.415649
v 0.116894 0.875438 0.397805
v 0.091438 0.860539 0.383161
v 0.062396 0.849468 0.372280
v 0.030884 0.842650 0.365579
v -0.003570 0.848953 0.359856
v -0.060021 0.855925 0.367857
v -0.095460 0.870334 0.379704
v -0.115278 0.880692 0.392275
v -0.138507 1.031522 0.538680
v 0.162400 0.967590 0.477698
v 0.159818 0.944695 0.455193
v 0.137233 0.903350 0.414152
v -0.065239 0.857258 0.369726
v -0.163043 0.943463 0.454439
v -0.165910 0.966325 0.476908
v -0.130750 1.037532 0.546836
v -0.057874 1.075005 0.583669
v -0.033895 1.080013 0.588667
v -0.001888 1.082260 0.590876
v 0.030119 1.080013 0.588667
v 0.122895 1.041114 0.550359
v 0.134179 1.030107 0.539546
v 0.150226 1.009038 0.518890
v 0.150078 0.921208 0.432579
v 0.133150 0.900823 0.411956
v 0.060738 0.857476 0.369873
v -0.001888 1.235008 0.150782
v -0.008812 1.235495 0.151260
v -0.015471 1.236935 0.152676
v -0.021608 1.239275 0.154976
v -0.026987 1.242423 0.158070
v -0.031401 1.246259 0.161840
v -0.034681 1.250636 0.166142
v -0.036701 1.255384 0.170809
v -0.037383 1.260323 0.175663
v -0.036701 1.265262 0.180518
v -0.034681 1.270011 0.185185
v -0.031401 1.274387 0.189487
v -0.026987 1.278223 0.193257
v -0.021608 1.281372 0.196351
v -0.015471 1.283711 0.198651
v -0.008812 1.285151 0.200067
v -0.001888 1.285638 0.200545
v 0.005037 1.285151 0.200067
v 0.011696 1.283711 0.198651
v 0.017832 1.281372 0.196351
v 0.023211 1.278223 0.193257
v 0.027625 1.274387 0.189487
v 0.030906 1.270011 0.185185
v 0.032925 1.265262 0.180518
v 0.033608 1.260323 0.175663
v 0.032925 1.255384 0.170809
v 0.030906 1.250635 0.166142
v 0.027625 1.246259 0.161840
v 0.023211 1.242423 0.158070
v 0.017832 1.239275 0.154976
v 0.011696 1.236935 0.152676
v 0.005037 1.235495 0.151260
v 0.060934 1.182571 0.254771
v -0.052173 1.211026 0.278751
v 0.060231 1.171408 0.248781
v -0.044104 1.218647 0.283230
v 0.048392 1.158096 0.226730
v 0.040335 1.153495 0.219197
v -0.001888 1.227375 0.298807
v -0.038992 1.148697 0.217498
v 0.010268 1.224379 0.300855
v -0.047565 1.155961 0.221617
v 0.007761 1.140279 0.209650
v 0.043290 1.220911 0.274724
v -0.062286 1.183361 0.238655
v -0.064709 1.182571 0.254771
v 0.057723 1.188665 0.286219
v -0.064008 1.188745 0.265829
v 0.051482 1.250191 0.177971
v 0.049363 1.242838 0.170746
v -0.026873 1.288062 0.215193
v 0.040289 1.234090 0.159747
v -0.021153 1.289439 0.218475
v -0.017809 1.217639 0.145980
v -0.015601 1.291109 0.217543
v -0.026996 1.220489 0.148675
v 0.026303 1.222947 0.149822
v -0.001888 1.292226 0.217474
v 0.010297 1.290970 0.219981
v 0.005423 1.219621 0.144818
v -0.049383 1.236370 0.164391
v 0.027969 1.285475 0.210251
v -0.052662 1.239486 0.169379
v -0.053203 1.244747 0.171973
v -0.053946 1.255098 0.180980
v 0.046360 1.267909 0.192276
v -0.144156 1.032291 0.543134
v 0.137610 0.896527 0.405184
v -0.026536 0.841645 0.364591
v -0.018353 0.840925 0.363884
v -0.010130 0.840493 0.363459
v -0.058479 0.847352 0.370200
v -0.050650 0.845507 0.368387
v -0.042704 0.843939 0.366846
v -0.088248 0.857393 0.380070
v -0.081074 0.854495 0.377221
v -0.073709 0.851851 0.374622
v -0.114698 0.871383 0.393820
v -0.108454 0.867543 0.390045
v -0.101954 0.863925 0.386489
v -0.136812 0.888785 0.410924
v -0.131739 0.884149 0.406368
v -0.126354 0.879697 0.401991
v -0.153742 0.908929 0.430723
v -0.150034 0.903677 0.425560
v -0.145971 0.898560 0.420532
v -0.164836 0.931042 0.452457
v -0.162636 0.925375 0.446886
v -0.160050 0.919791 0.441399
v -0.169667 0.954273 0.475290
v -0.169061 0.948409 0.469526
v -0.168052 0.942573 0.463790
v -0.168052 0.977730 0.498345
v -0.169061 0.971894 0.492609
v -0.169667 0.966030 0.486845
v -0.160050 1.000512 0.520737
v -0.162636 0.994928 0.515249
v -0.164836 0.989261 0.509679
v -0.145971 1.021743 0.541604
v -0.150034 1.016626 0.536575
v -0.153742 1.011374 0.531412
v -0.126354 1.040606 0.560144
v -0.131739 1.036154 0.555768
v -0.136812 1.031518 0.551211
v -0.101954 1.056378 0.575646
v -0.108454 1.052760 0.572090
v -0.114698 1.048920 0.568315
v -0.073709 1.068452 0.587513
v -0.081074 1.065808 0.584914
v -0.088248 1.062910 0.582066
v -0.042704 1.076364 0.595289
v -0.050650 1.074796 0.593748
v -0.058479 1.072952 0.591935
v -0.010130 1.079810 0.598676
v -0.018353 1.079378 0.598251
v -0.026536 1.078658 0.597544
v 0.022760 1.078658 0.597544
v 0.014577 1.079378 0.598251
v 0.006355 1.079810 0.598676
v 0.054704 1.072952 0.591935
v 0.046875 1.074796 0.593748
v 0.038929 1.076364 0.595289
v 0.084472 1.062910 0.582066
v 0.077298 1.065808 0.584914
v 0.069934 1.068452 0.587513
v 0.110922 1.048920 0.568315
v 0.104679 1.052760 0.572090
v 0.098179 1.056378 0.575646
v 0.133037 1.031518 0.551211
v 0.127964 1.036154 0.555768
v 0.122579 1.040606 0.560144
v 0.149966 1.011374 0.531412
v 0.146259 1.016626 0.536575
v 0.142195 1.021743 0.541604
v 0.161060 0.989261 0.509679
v 0.158861 0.994928 0.515249
v 0.156275 1.000512 0.520737
v 0.165892 0.966030 0.486845
v 0.165285 0.971894 0.492609
v 0.164276 0.977730 0.498345
v 0.164276 0.942573 0.463790
v 0.165285 0.948409 0.469526
v 0.165892 0.954273 0.475290
v 0.156275 0.919791 0.441399
v 0.158861 0.925375 0.446886
v 0.161060 0.931042 0.452457
v 0.142195 0.898560 0.420532
v 0.146259 0.903677 0.425560
v 0.149966 0.908929 0.430723
v 0.122579 0.879697 0.401991
v 0.127964 0.884149 0.406368
v 0.133037 0.888785 0.410924
v 0.098179 0.863925 0.386489
v 0.104679 0.867543 0.390045
v 0.110922 0.871383 0.393820
v 0.069934 0.851851 0.374622
v 0.077298 0.854495 0.377221
v 0.084472 0.857393 0.380070
v 0.038929 0.843939 0.366846
v 0.046875 0.845507 0.368387
v 0.054704 0.847351 0.370200
v 0.006355 0.840493 0.363459
v 0.014577 0.840925 0.363884
v 0.022760 0.841645 0.364591
v -0.026361 0.850918 0.355707
v -0.017222 0.850762 0.355239
v -0.059432 0.856396 0.361406
v -0.049710 0.855846 0.360094
v -0.087945 0.866600 0.371120
v -0.079525 0.863765 0.368087
v -0.114347 0.880547 0.384828
v -0.106888 0.876591 0.380693
v -0.133562 0.894001 0.398538
v -0.129416 0.892196 0.396044
v -0.153315 0.917961 0.421602
v -0.148954 0.912900 0.416351
v -0.163560 0.937875 0.441085
v -0.169766 0.963811 0.466979
v -0.167961 0.955716 0.458476
v -0.167887 0.983717 0.485961
v -0.159712 1.009325 0.511400
v -0.162134 1.002983 0.504919
v -0.150538 1.023788 0.525382
v -0.131843 1.044158 0.545388
v -0.101187 1.065670 0.567095
v -0.109960 1.060213 0.561183
v -0.080635 1.073773 0.574288
v -0.041742 1.085415 0.586502
v -0.050592 1.083215 0.583749
v -0.010237 1.088515 0.589232
v -0.018629 1.087318 0.587601
v 0.023767 1.087429 0.588482
v 0.050344 1.082583 0.583134
v 0.084174 1.071697 0.572704
v 0.076480 1.074439 0.575121
v 0.110561 1.057760 0.559007
v 0.103218 1.061792 0.562653
v 0.132632 1.040419 0.541962
v 0.126316 1.044827 0.545838
v 0.146933 1.024753 0.526497
v 0.161350 0.997424 0.500017
v 0.157282 1.005675 0.507578
v 0.164248 0.981874 0.484172
v 0.163893 0.951701 0.454764
v 0.164502 0.958508 0.461207
v 0.155996 0.927968 0.431751
v 0.157302 0.935272 0.438161
v 0.145507 0.913289 0.416734
v 0.122349 0.888946 0.393083
v 0.135805 0.900660 0.404605
v 0.098037 0.873209 0.377616
v 0.069866 0.861146 0.365760
v 0.077993 0.864621 0.368927
v 0.049147 0.855745 0.360217
v 0.006424 0.849785 0.354593
v 0.017111 0.850824 0.355381
v 0.166204 0.941314 0.454635
v -0.127596 1.044974 0.559144
v 0.155939 0.916853 0.431872
v 0.159996 0.924895 0.442611
v -0.096799 1.064770 0.577251
v -0.102744 1.061019 0.574765
v 0.138684 0.894224 0.414149
v -0.075685 1.073657 0.585634
v -0.079312 1.069514 0.585394
v -0.030941 0.843239 0.360149
v -0.031339 1.084207 0.595075
v -0.067596 0.851154 0.366574
v -0.003318 1.086134 0.596976
v 0.038185 1.083754 0.593271
v 0.036499 1.082654 0.594885
v -0.127875 0.881755 0.394730
v 0.062885 1.076091 0.588534
v 0.056507 1.077200 0.590677
v -0.143924 0.895784 0.411162
v -0.139502 0.890940 0.407606
v 0.098966 1.063761 0.573622
v 0.086651 1.067166 0.580475
v -0.159746 0.917155 0.430693
v -0.156471 0.911360 0.426499
v 0.118900 1.049624 0.562366
v 0.113412 1.052563 0.566456
v -0.167529 0.933900 0.449976
v 0.131227 1.036915 0.553357
v -0.173303 0.969613 0.481090
v -0.173316 0.967043 0.481251
v 0.157386 1.007904 0.520919
v -0.168692 0.993368 0.504432
v -0.169038 0.990822 0.504625
v 0.165658 0.987238 0.501048
v -0.162202 1.004508 0.519230
v -0.064211 0.858482 0.367169
v -0.079239 0.864322 0.371221
v -0.091361 1.067421 0.569763
v -0.102760 1.060820 0.564230
v -0.014689 1.085549 0.587928
v 0.059398 1.075647 0.581243
v 0.119261 1.048164 0.551182
v 0.138606 0.906827 0.411704
v 0.042707 0.855170 0.361495
v 0.115444 1.052896 0.554102
v 0.133623 1.037079 0.538735
v -0.167824 0.969211 0.471852
v 0.155499 1.006340 0.508495
v -0.164635 0.992302 0.494546
v 0.160862 0.992299 0.494542
v -0.139859 1.034963 0.536474
v -0.094080 1.067612 0.568564
v 0.127795 0.894806 0.398583
v -0.034248 0.853138 0.357766
v 0.103000 0.876458 0.380581
v -0.065386 0.859873 0.364385
v 0.090303 0.870811 0.375137
v 0.014271 1.087833 0.588288
v 0.030487 1.085282 0.585933
v 0.030473 0.853138 0.357766
v -0.088695 0.865983 0.377845
v -0.075605 0.861874 0.371483
v -0.134411 0.896210 0.407216
v -0.115817 0.882842 0.390380
v -0.144976 0.909228 0.417442
v -0.159060 0.932589 0.440058
v -0.165584 0.955621 0.461808
v -0.165629 0.978241 0.484795
v -0.159467 1.000678 0.506976
v -0.145384 1.022631 0.531704
v -0.109083 1.055485 0.561822
v -0.083190 1.068745 0.574385
v -0.051009 1.078317 0.584671
v 0.082342 1.066904 0.573817
v 0.119835 1.044170 0.552967
v 0.143558 1.020783 0.528814
v 0.141116 1.023750 0.531951
v 0.160189 0.984823 0.494544
v 0.156035 0.934364 0.441968
v 0.075561 0.862499 0.373715
v 0.082577 0.865333 0.376501
v 0.058212 0.856315 0.368575
v 0.158433 0.991166 0.500868
v -0.163141 0.995042 0.498345
v -0.159872 1.003775 0.506466
v -0.136453 1.037222 0.539920
v -0.129126 1.044239 0.546236
v 0.144967 0.914295 0.422165
v -0.093209 1.064570 0.569804
v -0.071850 1.074391 0.577619
v -0.027259 0.850708 0.360699
v -0.041403 1.082083 0.585178
v -0.064860 0.859399 0.366692
v 0.000651 1.084614 0.588962
v -0.090145 0.868584 0.376227
v 0.063634 0.859776 0.367854
v 0.025337 1.083716 0.587127
v -0.110691 0.880022 0.385173
v 0.061085 1.076251 0.579829
v -0.137146 0.900590 0.407972
v 0.089535 1.065406 0.569169
v -0.150391 0.917119 0.423824
v 0.130587 1.037763 0.542072
v -0.021142 0.850342 0.362324
v -0.070028 0.859748 0.371658
v -0.142830 0.909870 0.419390
v -0.114146 0.881224 0.392877
v -0.155761 1.003624 0.513199
v -0.147809 1.017552 0.527049
v -0.109374 1.052742 0.561574
v -0.084883 1.065426 0.573254
v 0.041583 1.077675 0.586211
v 0.126157 1.037596 0.546263
v 0.140202 1.022375 0.531375
v 0.160126 0.972884 0.481893
v 0.157417 0.944174 0.453847
v 0.093474 0.871419 0.383270
v 0.042129 0.853855 0.365775
v 0.158361 0.939654 0.450587
v 0.158848 0.942486 0.453430
v 0.148322 0.917986 0.428964
v -0.118052 1.048329 0.557072
v -0.120801 1.046074 0.555191
v -0.093098 1.062669 0.571502
v 0.136781 0.902944 0.414567
v 0.134619 0.900264 0.411879
v 0.134707 0.900389 0.411667
v -0.064715 1.073489 0.582136
v -0.064755 1.073727 0.582035
v -0.001888 0.848227 0.360733
v 0.114277 0.882635 0.394216
v 0.089323 0.867959 0.380128
v 0.089382 0.868064 0.379895
v -0.001888 1.082646 0.590801
v -0.093098 0.867959 0.380128
v 0.027268 1.080819 0.588987
v -0.119818 0.883810 0.395680
v 0.028655 0.850326 0.362897
v 0.034531 0.851226 0.363290
v -0.138394 0.900264 0.411879
v 0.092681 1.061083 0.569940
v -0.153987 0.921468 0.432820
v -0.152230 0.918207 0.429099
v 0.111352 1.050120 0.559167
v 0.114277 1.048329 0.557072
v -0.162449 0.940599 0.451183
v 0.134618 1.030365 0.539751
v 0.134707 1.030575 0.539622
v 0.149564 1.011601 0.519521
v -0.162908 0.988157 0.498266
v -0.153565 1.010122 0.519855
v -0.151086 1.014826 0.523976
v 0.162287 0.965314 0.475815
v -0.138394 1.030365 0.539751
v -0.140694 1.028189 0.537277
v -0.005223 0.897191 0.324744
v -0.035287 0.899737 0.327307
v -0.064398 0.907388 0.333383
v -0.093174 0.885878 0.371527
v -0.113482 0.931081 0.358161
v -0.135353 0.953306 0.377284
v -0.156902 0.950140 0.441224
v -0.153433 0.952834 0.426364
v -0.154059 0.988135 0.414257
v -0.156380 1.009672 0.435442
v -0.152097 1.018118 0.490520
v -0.143339 1.051693 0.476659
v -0.124690 1.075390 0.497349
v -0.084266 1.073287 0.560140
v -0.108770 1.086933 0.511271
v -0.079507 1.103863 0.525261
v -0.057936 1.110006 0.534035
v -0.028337 1.116518 0.538953
v 0.001932 1.091535 0.573656
v 0.062334 1.081878 0.564175
v 0.109408 1.051933 0.551671
v 0.099912 1.069793 0.541301
v 0.109702 1.083567 0.507982
v 0.143304 1.021246 0.511132
v 0.138234 1.035516 0.507536
v 0.149652 1.015013 0.487393
v 0.156352 0.973361 0.454513
v 0.150283 1.026476 0.451937
v 0.142228 0.928134 0.417477
v 0.148982 0.983513 0.409652
v 0.136813 0.960271 0.384163
v 0.124719 0.944121 0.370989
v 0.104993 0.927731 0.354847
v 0.075744 0.913442 0.338182
v 0.054155 0.904627 0.332128
v 0.002259 0.861836 0.354441
v 0.011286 0.871868 0.346733
v 0.145676 1.015503 0.511949
v 0.149662 1.007415 0.516369
v -0.161153 0.989827 0.499746
v 0.157834 0.971910 0.469104
v 0.159123 0.954180 0.463019
v -0.134698 1.032422 0.540947
v 0.155036 0.935549 0.445693
v -0.114828 1.052458 0.548272
v 0.145401 0.921755 0.427641
v 0.140396 0.911156 0.420731
v 0.111053 0.891362 0.389936
v 0.113393 0.883144 0.394971
v -0.035652 1.079129 0.586866
v -0.063011 0.866669 0.365666
v 0.076621 0.865086 0.375745
v -0.010181 1.081658 0.589921
v 0.059235 0.866669 0.365666
v 0.021769 1.080579 0.588860
v -0.118392 0.886386 0.396269
v 0.025886 0.851588 0.363212
v 0.057054 1.074035 0.582800
v -0.149452 0.928318 0.426258
v -0.151259 0.919978 0.430440
v -0.007096 1.235282 0.151052
v -0.005367 1.235130 0.150902
v -0.003629 1.235039 0.150812
v -0.013846 1.236488 0.152237
v -0.012191 1.236098 0.151854
v -0.010512 1.235767 0.151528
v -0.020136 1.238610 0.154322
v -0.018620 1.237997 0.153720
v -0.017064 1.237439 0.153171
v -0.025725 1.241566 0.157228
v -0.024406 1.240754 0.156430
v -0.023032 1.239990 0.155679
v -0.030398 1.245243 0.160842
v -0.029326 1.244264 0.159879
v -0.028188 1.243323 0.158954
v -0.033975 1.249500 0.165025
v -0.033192 1.248390 0.163935
v -0.032333 1.247309 0.162872
v -0.036319 1.254172 0.169618
v -0.035854 1.252975 0.168441
v -0.035308 1.251795 0.167281
v -0.037340 1.259081 0.174443
v -0.037212 1.257842 0.173225
v -0.036999 1.256609 0.172013
v -0.036999 1.264037 0.179314
v -0.037212 1.262804 0.178102
v -0.037340 1.261565 0.176884
v -0.035308 1.268851 0.184046
v -0.035854 1.267672 0.182886
v -0.036319 1.266474 0.181709
v -0.032333 1.273337 0.188455
v -0.033192 1.272256 0.187392
v -0.033975 1.271147 0.186301
v -0.028188 1.277323 0.192373
v -0.029326 1.276383 0.191448
v -0.030398 1.275403 0.190485
v -0.023032 1.280656 0.195648
v -0.024406 1.279892 0.194897
v -0.025725 1.279080 0.194099
v -0.017064 1.283207 0.198156
v -0.018620 1.282649 0.197607
v -0.020136 1.282036 0.197005
v -0.010512 1.284879 0.199799
v -0.012191 1.284548 0.199473
v -0.013846 1.284158 0.199090
v -0.003629 1.285607 0.200515
v -0.005367 1.285516 0.200425
v -0.007096 1.285364 0.200275
v 0.003321 1.285364 0.200275
v 0.001591 1.285516 0.200425
v -0.000146 1.285607 0.200515
v 0.010070 1.284158 0.199090
v 0.008416 1.284548 0.199473
v 0.006737 1.284879 0.199799
v 0.016360 1.282036 0.197005
v 0.014845 1.282649 0.197607
v 0.013288 1.283207 0.198156
v 0.021949 1.279080 0.194099
v 0.020630 1.279892 0.194897
v 0.019257 1.280656 0.195648
v 0.026622 1.275403 0.190485
v 0.025550 1.276383 0.191448
v 0.024412 1.277323 0.192373
v 0.030200 1.271147 0.186301
v 0.029416 1.272256 0.187392
v 0.028557 1.273337 0.188455
v 0.032544 1.266474 0.181709
v 0.032079 1.267672 0.182886
v 0.031533 1.268851 0.184046
v 0.033565 1.261565 0.176884
v 0.033436 1.262804 0.178102
v 0.033223 1.264037 0.179314
v 0.033223 1.256609 0.172013
v 0.033436 1.257842 0.173225
v 0.033565 1.259081 0.174443
v 0.031533 1.251795 0.167281
v 0.032079 1.252975 0.168441
v 0.032544 1.254172 0.169618
v 0.028557 1.247309 0.162872
v 0.029416 1.248390 0.163935
v 0.030200 1.249500 0.165025
v 0.024412 1.243323 0.158954
v 0.025550 1.244264 0.159879
v 0.026622 1.245243 0.160842
v 0.019257 1.239990 0.155679
v 0.020630 1.240754 0.156430
v 0.021949 1.241566 0.157228
v 0.013288 1.237439 0.153171
v 0.014845 1.237997 0.153720
v 0.016360 1.238610 0.154322
v 0.006737 1.235767 0.151528
v 0.008416 1.236098 0.151854
v 0.010070 1.236488 0.152237
v -0.000146 1.235039 0.150812
v 0.001591 1.235130 0.150902
v 0.003321 1.235282 0.151052
v 0.150154 1.023351 0.416766
v 0.027778 1.129704 0.521292
v 0.082579 1.113494 0.505407
v -0.142359 0.981834 0.376001
v -0.139531 1.087958 0.410611
v 0.135758 1.087951 0.410597
v 0.125219 1.103318 0.438250
v -0.144866 1.042400 0.368820
v 0.104753 1.130568 0.441320
v -0.136261 1.031137 0.343596
v 0.085067 1.138874 0.463646
v -0.126332 1.004478 0.331549
v 0.060791 1.154584 0.464932
v 0.012205 0.956090 0.280991
v -0.108528 0.996944 0.309990
v 0.034333 1.156348 0.480829
v 0.044022 0.952966 0.290470
v -0.088841 0.974480 0.302070
v 0.007278 1.164776 0.474952
v 0.069182 0.976126 0.289528
v -0.064568 0.972927 0.286385
v -0.021916 1.158650 0.483080
v 0.094192 0.979821 0.307322
v -0.038104 0.957004 0.284891
v -0.047633 1.159588 0.469847
v 0.110798 1.002196 0.315154
v -0.010138 0.953883 0.281819
v -0.075083 1.145432 0.470089
v 0.128117 1.011897 0.338844
v -0.095570 1.139807 0.450414
v 0.135250 1.037636 0.349985
v -0.117142 1.118690 0.443807
v 0.142250 1.050772 0.377056
v -0.131883 1.101476 0.426883
v 0.141096 1.070938 0.396874
v 0.087200 1.139275 0.324102
v -0.085807 1.151428 0.336046
v -0.001888 1.061855 0.248008
v -0.082858 1.145609 0.309511
v 0.072109 1.162004 0.325624
v -0.083645 1.134179 0.298276
v 0.063860 1.171820 0.335272
v -0.081290 1.122859 0.287150
v 0.053083 1.180299 0.343607
v -0.075885 1.112083 0.276559
v 0.040195 1.187117 0.350307
v -0.067635 1.102267 0.266912
v 0.025689 1.192010 0.355116
v 0.018002 1.080414 0.245433
v -0.056859 1.093788 0.258577
v 0.010123 1.194790 0.357849
v 0.033110 1.084270 0.249222
v -0.043970 1.086970 0.251877
v -0.005904 1.195352 0.358401
v 0.046874 1.090153 0.255005
v -0.029341 1.100778 0.240729
v -0.021777 1.193673 0.356751
v 0.058763 1.097839 0.262559
v -0.014846 1.095484 0.238747
v -0.036886 1.189817 0.352962
v 0.068322 1.107031 0.271593
v -0.050649 1.183934 0.347179
v 0.075183 1.117376 0.281762
v -0.061299 1.180221 0.322105
v 0.071451 1.138547 0.281066
v 0.072571 1.148931 0.291268
v -0.052505 1.220786 0.264139
v 0.056972 1.193236 0.225576
v -0.043094 1.267258 0.226479
v -0.043075 1.242034 0.255556
v 0.052483 1.194351 0.208307
v -0.035709 1.232765 0.275913
v 0.048730 1.172544 0.216724
v -0.017086 1.187977 0.168777
v -0.013186 1.169664 0.184497
v -0.022377 1.124532 0.224915
v 0.039325 1.209391 0.169620
v 0.039309 1.180737 0.195359
v -0.011262 1.278149 0.238952
v -0.024879 1.210771 0.151921
v 0.031934 1.160565 0.204950
v -0.035709 1.160565 0.204950
v 0.010969 1.244361 0.275876
v -0.042228 1.211630 0.166548
v -0.044845 1.182019 0.196572
v 0.009446 1.206763 0.150438
v 0.020258 1.286990 0.222517
v 0.018463 1.257515 0.257760
v -0.052505 1.172544 0.216724
v 0.031934 1.232765 0.275913
v 0.039553 1.234436 0.264142
v -0.058968 1.230735 0.192402
v -0.060028 1.201915 0.216527
v 0.048730 1.220786 0.264139
v -0.060988 1.214267 0.236273
v -0.061037 1.197665 0.269606
v 0.059051 1.193457 0.265471
v -0.064633 1.184769 0.256932
v 0.051996 1.205605 0.277410
v 0.053515 1.203691 0.275529
v 0.054902 1.201727 0.273599
v -0.064633 1.180373 0.252610
v -0.062826 1.171685 0.244071
v 0.036292 1.220066 0.287176
v -0.055771 1.159537 0.232132
v -0.057291 1.161451 0.234013
v -0.061766 1.154740 0.248763
v 0.027726 1.222084 0.293607
v 0.030409 1.221000 0.292542
v 0.001195 1.137821 0.210788
v 0.019276 1.224755 0.296233
v 0.013377 1.139110 0.212055
v -0.044076 1.149374 0.222143
v 0.001195 1.227320 0.298754
v 0.030409 1.144142 0.217000
v 0.027726 1.143058 0.215935
v 0.022171 1.129195 0.223654
v -0.031501 1.143058 0.215935
v -0.034184 1.144142 0.217000
v -0.009754 1.219818 0.308011
v -0.004970 1.227320 0.298754
v -0.015376 1.216022 0.311069
v 0.044660 1.152483 0.225198
v -0.011106 1.138252 0.211212
v -0.034184 1.221000 0.292542
v -0.031501 1.222084 0.293607
v -0.025947 1.214604 0.307602
v 0.053515 1.161451 0.234013
v 0.051996 1.159537 0.232132
v 0.057261 1.167477 0.239936
v -0.048435 1.212659 0.284344
v 0.060858 1.180373 0.252610
v -0.057291 1.203691 0.275529
v -0.055771 1.205605 0.277410
v 0.060858 1.184769 0.256932
v 0.052016 1.258884 0.204365
v 0.055194 1.244118 0.205488
v -0.056245 1.228869 0.242187
v -0.054520 1.264955 0.199958
v -0.003156 1.200528 0.154491
v 0.054370 1.245067 0.184075
v 0.055264 1.243874 0.192400
v -0.046928 1.272676 0.211822
v -0.049408 1.266519 0.214657
v -0.041277 1.276444 0.217638
v -0.026039 1.284881 0.223947
v -0.033640 1.277765 0.225710
v 0.042234 1.226733 0.161047
v 0.045633 1.221228 0.170142
v -0.022692 1.279755 0.232367
v -0.015073 1.208631 0.149695
v 0.039553 1.223860 0.159136
v 0.037497 1.218072 0.160267
v -0.011821 1.289652 0.224799
v 0.029864 1.209983 0.159089
v 0.002218 1.290481 0.224688
v -0.035205 1.224384 0.152390
v -0.036046 1.216199 0.156307
v -0.033640 1.209983 0.159089
v -0.049408 1.221228 0.170142
v 0.033297 1.282484 0.213556
v 0.032279 1.280432 0.219448
v 0.029864 1.277765 0.225710
v -0.055477 1.226642 0.180186
v 0.039031 1.275353 0.216567
v -0.057247 1.243081 0.179029
v 0.045917 1.272047 0.203177
v 0.045633 1.266519 0.214657
v -0.057569 1.254556 0.188910
v -0.059040 1.243874 0.192400
v -0.054110 1.262706 0.190405
v 0.052097 1.261762 0.196026
v -0.059477 1.239853 0.204582
v 0.050424 1.253453 0.217950
v 0.044592 1.260392 0.224770
v 0.032584 1.268956 0.233188
v 0.021788 1.273509 0.237598
v 0.003199 1.207696 0.148651
v -0.048368 1.211222 0.176443
v -0.036360 1.202658 0.168025
v 0.003784 1.276879 0.240975
v 0.022854 1.198499 0.163937
v -0.025558 1.198159 0.163557
v 0.032584 1.202658 0.168025
v 0.044592 1.211222 0.176443
v 0.050930 1.218937 0.183993
v -0.036360 1.268956 0.233188
v 0.052097 1.233685 0.176619
v -0.048368 1.260392 0.224770
v 0.055702 1.231762 0.196631
v -0.054694 1.252726 0.217214
v 0.053536 1.257087 0.192294
v -0.049172 1.268212 0.191723
v -0.052789 1.266849 0.195061
v 0.050567 1.263204 0.191480
v -0.049878 1.262787 0.184828
v 0.043466 1.271527 0.194980
v -0.050553 1.255997 0.178155
v -0.049351 1.249236 0.171508
v -0.044774 1.232359 0.159678
v -0.046342 1.242796 0.165180
v 0.018630 1.289432 0.216771
v 0.024026 1.286344 0.207980
v 0.000738 1.215312 0.144407
v -0.041601 1.236869 0.159355
v 0.015486 1.289385 0.210969
v 0.017134 1.218391 0.146851
v 0.008921 1.223100 0.145820
v -0.035333 1.231726 0.154298
v 0.006321 1.291177 0.212733
v 0.019590 1.223804 0.148076
v -0.027789 1.227559 0.150201
v -0.003234 1.291659 0.213204
v -0.019295 1.224525 0.147222
v -0.012691 1.290807 0.212367
v -0.030774 1.285983 0.211252
v -0.021754 1.288649 0.210245
v 0.039314 1.238459 0.160916
v -0.030045 1.285275 0.206930
v 0.043589 1.244565 0.166917
v -0.037256 1.280810 0.202542
v 0.046103 1.251129 0.173368
v -0.050746 1.269485 0.196220
v 0.050390 1.260205 0.186569
v 0.115630 1.114685 0.359578
v 0.117972 1.098640 0.343055
v 0.119320 1.095522 0.343342
v -0.113514 1.128533 0.373180
v -0.102670 1.143489 0.387135
v -0.102667 1.143548 0.390553
v -0.000245 1.011126 0.257799
v -0.023284 1.013092 0.258950
v -0.025536 1.010725 0.260012
v 0.168396 0.969145 0.485332
v -0.147730 1.026010 0.540367
v -0.152380 1.022062 0.534764
v 0.155994 0.919089 0.429308
v -0.096737 1.067289 0.574967
v -0.011698 0.843331 0.356062
v -0.074971 0.855661 0.366623
v 0.083942 0.862182 0.370788
v 0.031610 1.085413 0.592779
v -0.118527 0.881505 0.387099
v 0.023608 0.849921 0.355432
v -0.172843 0.965967 0.475379
v 0.154354 1.014253 0.518349
v 0.165813 0.989529 0.498540
v 0.169024 0.970635 0.483418
v 0.149652 1.022869 0.530485
v 0.135047 1.036743 0.549294
v -0.166785 0.932068 0.441975
v -0.168966 0.939075 0.450768
v 0.083192 1.070898 0.579938
v 0.002311 0.842714 0.356739
v -0.096860 0.863269 0.376680
v 0.069151 0.852941 0.367893
v 0.052165 0.848772 0.361928
v -0.016237 1.087839 0.595077
v 0.105637 0.869992 0.382568
v -0.056260 0.848157 0.363750
v -0.046439 1.085212 0.588071
v -0.075765 1.076202 0.582836
v 0.143435 0.899503 0.413521
v -0.130528 1.046725 0.554507
v -0.124862 1.049653 0.559450
v 0.168323 0.950803 0.460566
v 0.166985 0.956250 0.461304
v 0.166041 0.959420 0.462619
v -0.133063 1.044887 0.548415
v -0.134049 1.043525 0.545286
v 0.160696 0.933573 0.439389
v -0.112679 1.059705 0.562029
v 0.146534 0.908248 0.415423
v 0.145717 0.910387 0.415099
v -0.066766 1.078547 0.586086
v -0.079202 1.075633 0.577515
v -0.018523 0.847677 0.354591
v -0.003713 0.846519 0.353738
v 0.121500 0.886751 0.391944
v -0.050066 0.851977 0.359190
v -0.037317 0.845442 0.358902
v 0.112895 0.874659 0.386555
v 0.106111 0.876047 0.381440
v -0.018528 1.088553 0.591339
v -0.084882 0.861824 0.369525
v -0.083623 0.863410 0.368926
v 0.068168 0.859312 0.364972
v -0.002035 1.089364 0.592430
v -0.105933 0.871858 0.379298
v 0.048212 0.853619 0.359397
v 0.050573 1.082893 0.586806
v 0.049491 1.083296 0.585045
v -0.131468 0.886311 0.396610
v 0.069208 1.077496 0.583204
v 0.086662 1.070922 0.572959
v -0.147251 0.902854 0.411508
v 0.103379 1.062369 0.569649
v 0.104366 1.062238 0.564442
v -0.164271 0.932983 0.438437
v -0.162043 0.930163 0.434621
v 0.140397 1.032856 0.542720
v 0.123194 1.049691 0.555827
v 0.134789 1.038983 0.541566
v -0.170530 0.955305 0.460747
v -0.170674 0.981799 0.487443
v -0.169535 0.982249 0.485732
v 0.158539 1.006725 0.509954
v -0.168075 0.994784 0.501834
v -0.159828 1.010613 0.513683
v 0.167511 0.978930 0.485773
v 0.166250 0.978690 0.482233
v -0.156570 1.017885 0.526728
v -0.151347 1.024689 0.527536
v 0.099120 1.061751 0.564017
v 0.092413 1.065579 0.567375
v -0.161193 0.934260 0.437337
v -0.166009 0.952291 0.455571
v -0.160799 0.936925 0.441691
v -0.150678 0.917124 0.421750
v -0.167390 0.959023 0.461882
v 0.145683 1.022531 0.524680
v 0.143877 1.024371 0.526876
v 0.160902 0.989402 0.493044
v -0.160248 1.004964 0.507035
v 0.163614 0.979364 0.481875
v -0.148578 1.024006 0.525919
v 0.163152 0.958550 0.461556
v -0.129006 1.045454 0.546832
v 0.151911 0.925718 0.429909
v -0.109322 1.058997 0.560311
v 0.145483 0.915128 0.418871
v -0.067914 1.076838 0.578440
v -0.015914 0.851163 0.357665
v 0.007688 0.850952 0.356613
v 0.117862 0.887615 0.392549
v 0.125821 0.894099 0.399878
v -0.046642 1.083006 0.583897
v -0.074162 0.862551 0.368115
v 0.081672 0.866853 0.372343
v 0.103340 0.877837 0.382000
v 0.007926 1.086422 0.588151
v -0.081978 0.865396 0.369859
v 0.074628 0.864033 0.368520
v 0.016415 1.086939 0.587607
v -0.105898 0.877122 0.381524
v 0.047579 0.856330 0.361088
v 0.044850 1.082497 0.583381
v -0.129073 0.893368 0.397491
v 0.015041 0.851364 0.356039
v 0.070490 1.075699 0.576699
v 0.075972 1.072621 0.574466
v -0.145099 0.909182 0.413035
v 0.154933 1.000808 0.509789
v 0.162687 0.970864 0.476770
v 0.160085 0.987898 0.493687
v 0.161784 0.978217 0.485314
v -0.155577 1.008396 0.515443
v -0.147043 1.023188 0.527651
v 0.161226 0.951193 0.455628
v 0.161853 0.956110 0.463036
v -0.126821 1.044087 0.548439
v -0.127032 1.043344 0.548897
v 0.154639 0.931614 0.437131
v 0.158715 0.942145 0.448716
v -0.112810 1.054046 0.558847
v -0.115797 1.052170 0.556742
v -0.070010 1.073472 0.579197
v -0.014658 0.848684 0.360803
v -0.040505 1.079949 0.587149
v -0.043007 0.854344 0.360785
v 0.091022 0.870689 0.378014
v 0.114516 0.883078 0.393929
v 0.112406 0.883253 0.390491
v 0.093768 0.870348 0.381914
v 0.106540 0.877334 0.389269
v -0.019295 1.083947 0.588417
v -0.046120 1.080522 0.585253
v 0.080005 0.865830 0.373169
v 0.009231 1.082769 0.590203
v -0.105503 0.876323 0.384145
v 0.046407 0.855159 0.363639
v 0.041378 1.081703 0.584429
v -0.128279 0.892667 0.399097
v -0.129882 0.893743 0.401234
v 0.010712 0.850703 0.358370
v 0.027678 0.852766 0.359040
v 0.025804 0.850916 0.360765
v 0.072067 1.072390 0.576492
v 0.107205 1.056324 0.559407
v 0.096689 1.060120 0.567021
v 0.111625 1.051539 0.557687
v -0.155410 0.925423 0.432147
v 0.132682 1.034246 0.540354
v 0.129291 1.037117 0.544147
v -0.166303 0.961661 0.467164
v -0.163858 0.947047 0.453533
v 0.143240 1.023024 0.527766
v -0.166652 0.979626 0.482474
v 0.155319 0.931471 0.442216
v 0.157470 0.937014 0.447663
v 0.151424 0.923297 0.434421
v 0.156211 0.934776 0.445865
v -0.097462 1.060963 0.569154
v -0.106106 1.056051 0.564661
v -0.110697 1.053081 0.562042
v -0.099686 1.059360 0.568249
v -0.112094 1.051875 0.561026
v 0.142995 0.910252 0.421360
v 0.138929 0.905119 0.416651
v 0.142901 0.910120 0.421566
v 0.146524 0.915253 0.426611
v 0.141754 0.909437 0.420855
v -0.072127 1.071397 0.579744
v -0.079329 1.068811 0.577203
v -0.090894 1.063992 0.572462
v -0.079279 1.068576 0.577307
v -0.086290 1.065744 0.574523
v -0.073211 1.070559 0.579381
v -0.086797 1.065113 0.573948
v -0.025993 0.849587 0.361734
v -0.017980 0.848791 0.361288
v -0.031546 0.850139 0.362739
v -0.013184 0.848947 0.361498
v 0.119836 0.886800 0.398310
v 0.127380 0.893152 0.404508
v 0.125021 0.891035 0.402808
v 0.129978 0.895565 0.407261
v 0.114671 0.882799 0.394809
v -0.037438 1.079931 0.588078
v -0.049576 1.077600 0.585842
v -0.057232 1.075797 0.584069
v -0.041779 1.078893 0.587447
v -0.053355 1.076474 0.585112
v -0.046692 0.852894 0.364739
v -0.037456 0.851074 0.363203
v -0.053397 0.854115 0.366528
v -0.043402 0.852110 0.364642
v 0.102331 0.874914 0.386627
v 0.095911 0.871269 0.383380
v -0.007394 1.082664 0.590696
v -0.017990 1.082081 0.590246
v -0.025993 1.081378 0.589554
v -0.018773 1.081760 0.590348
v -0.079329 0.862153 0.374086
v -0.074269 0.860181 0.372470
v -0.086290 0.864885 0.377106
v -0.086566 0.865927 0.378025
v -0.074044 0.860235 0.372639
v 0.065565 0.858690 0.370542
v 0.075554 0.862153 0.374086
v 0.082570 0.864987 0.376871
v 0.068306 0.859468 0.371782
v 0.079037 0.863424 0.375711
v 0.083028 0.865475 0.377730
v 0.014993 1.082414 0.589926
v 0.006173 1.082505 0.590662
v 0.022202 1.081135 0.589651
v 0.010187 1.082060 0.590602
v -0.106106 0.874914 0.386627
v -0.099750 0.871375 0.383150
v -0.112140 0.878558 0.390545
v -0.099686 0.871269 0.383380
v -0.117708 0.882344 0.394317
v -0.095635 0.869577 0.381768
v 0.045800 0.853364 0.365447
v 0.038003 0.851736 0.364182
v 0.051277 0.854483 0.366898
v 0.062176 0.858571 0.370623
v 0.046633 1.077569 0.585516
v 0.038029 1.079134 0.587349
v 0.053421 1.075557 0.584169
v 0.041915 1.078133 0.586742
v -0.128878 0.891154 0.402590
v -0.123612 0.886800 0.398310
v -0.133754 0.895565 0.407261
v -0.129973 0.892887 0.404727
v 0.012657 0.848864 0.360709
v 0.014215 0.848883 0.361043
v 0.022217 0.849587 0.361734
v 0.018223 0.849086 0.361584
v 0.007943 0.848496 0.361107
v 0.075554 1.068811 0.577203
v 0.065311 1.072496 0.580722
v 0.082515 1.065744 0.574523
v 0.071315 1.070151 0.578859
v 0.076798 1.067423 0.576076
v -0.146770 0.910252 0.421360
v -0.142796 0.905248 0.416442
v -0.150300 0.915253 0.426611
v -0.144729 0.907583 0.419114
v -0.141860 0.904748 0.416330
v 0.108439 1.052301 0.560966
v 0.102331 1.056051 0.564661
v 0.102319 1.055136 0.564156
v 0.091839 1.061012 0.569923
v -0.159095 0.931471 0.442216
v -0.156565 0.926011 0.436849
v -0.161142 0.936864 0.447852
v -0.157793 0.928559 0.439695
v 0.130064 1.035276 0.544243
v 0.125103 1.039810 0.548698
v 0.127562 1.037357 0.546630
v 0.119757 1.043946 0.553099
v -0.165971 0.959733 0.469994
v -0.165241 0.953079 0.463765
v -0.164391 0.948291 0.458747
v -0.164757 0.955335 0.466003
v 0.146621 1.015576 0.524880
v 0.142995 1.020712 0.529928
v 0.139021 1.025716 0.534846
v 0.140991 1.023020 0.532539
v 0.144094 1.018673 0.528346
v -0.164391 0.982674 0.492541
v -0.165377 0.976966 0.486931
v -0.166175 0.967596 0.477707
v -0.164855 0.979644 0.489906
v -0.165864 0.971060 0.481461
v -0.164445 0.975115 0.485198
v 0.152790 1.004953 0.514439
v 0.155007 0.999820 0.509812
v -0.156565 1.004953 0.514439
v -0.159574 0.998069 0.507993
v -0.162449 0.990368 0.500101
v -0.157099 1.003064 0.513047
v 0.161602 0.976966 0.486931
v 0.162133 0.967631 0.478184
v 0.160409 0.982893 0.493208
v -0.149236 1.017044 0.526644
v -0.150300 1.015376 0.525018
v -0.143795 1.023905 0.533531
v 0.161602 0.953998 0.464357
v 0.162195 0.959733 0.469994
v 0.160510 0.948134 0.458929
v 0.161870 0.956701 0.467355
v 0.158227 0.940870 0.451823
v -0.123612 1.044164 0.552978
v -0.130996 1.037974 0.546846
v -0.133839 1.035276 0.544243
v -0.128796 1.039594 0.548822
v -0.133754 1.035063 0.544369
v -0.123318 1.043781 0.552989
v 0.125508 1.037440 0.543132
v -0.160371 0.948071 0.453505
v -0.160563 0.980334 0.467318
v -0.162607 0.959096 0.466127
v 0.155678 0.993167 0.501901
v 0.142014 1.019524 0.525325
v 0.153480 1.000553 0.489750
v -0.156934 0.999202 0.506228
v -0.161799 0.984301 0.491945
v -0.150461 1.016531 0.505443
v -0.140120 1.026592 0.533512
v 0.152812 0.951523 0.439020
v 0.156762 0.962173 0.456718
v -0.128106 1.038243 0.545841
v -0.110723 1.059362 0.544994
v -0.125115 1.045447 0.538568
v 0.152423 0.935657 0.441066
v -0.102232 1.056905 0.563666
v 0.127399 0.911241 0.399414
v -0.067443 1.072247 0.578227
v -0.058210 1.082794 0.568021
v -0.005423 0.853251 0.360310
v -0.037509 0.866613 0.355544
v -0.022235 0.853117 0.361967
v 0.119358 0.888127 0.399653
v 0.122043 0.892271 0.401857
v -0.051755 1.076108 0.583557
v -0.045085 0.854882 0.365529
v 0.100161 0.876625 0.386836
v -0.018242 1.081342 0.587457
v -0.077743 0.864554 0.374388
v 0.054439 0.871086 0.359951
v 0.080489 0.879135 0.369316
v 0.013487 1.081410 0.587526
v -0.101940 0.876013 0.385453
v -0.109649 0.877316 0.389391
v 0.045570 0.856166 0.366141
v 0.044620 1.077064 0.583253
v -0.128783 0.894831 0.404365
v 0.015674 0.851042 0.362224
v 0.073973 1.068466 0.574804
v -0.150308 0.936774 0.424505
v -0.142481 0.919715 0.415000
v 0.098160 1.057208 0.563543
v -0.156980 0.931545 0.441963
v 0.049066 1.256084 0.180436
v -0.045198 1.273026 0.195765
v 0.041985 1.260883 0.180251
v -0.040380 1.273539 0.192691
v -0.006701 1.221660 0.145279
v -0.011485 1.220163 0.145133
v 0.033405 1.231946 0.155122
v 0.031758 1.238187 0.157945
v -0.006907 1.227109 0.147058
v 0.029267 1.229442 0.152927
v 0.020874 1.231393 0.151221
v 0.001917 1.227106 0.147055
v 0.032742 1.281823 0.204144
v 0.026327 1.282293 0.201294
v 0.036074 1.278735 0.201376
v 0.035872 1.274566 0.193652
v 0.040264 1.267063 0.186325
v -0.043777 1.267685 0.186938
v -0.145526 1.068260 0.434569
v -0.142959 1.079100 0.416248
v 0.142269 1.067042 0.433362
v 0.137297 1.083536 0.420601
v -0.154038 1.027081 0.445620
v -0.149136 1.054593 0.405674
v 0.127008 1.093617 0.453374
v -0.155580 1.005600 0.424501
v -0.149971 1.024852 0.385769
v -0.151717 1.040118 0.401055
v 0.122583 1.084364 0.480021
v 0.109182 1.110036 0.471567
v -0.142865 1.002824 0.366190
v 0.087502 1.124121 0.485386
v -0.130381 0.983891 0.347584
v 0.071730 1.092021 0.543382
v 0.088100 1.069966 0.556150
v 0.062374 1.134912 0.496003
v 0.011959 0.929732 0.298406
v 0.015705 0.947295 0.286708
v -0.125655 0.945579 0.365497
v -0.112963 0.967067 0.331043
v 0.036117 1.141878 0.502869
v 0.052792 1.088538 0.561523
v 0.037723 1.144074 0.498071
v 0.027077 0.865151 0.354853
v 0.047276 0.938869 0.301279
v -0.100960 0.907697 0.362217
v -0.115697 0.897498 0.386641
v -0.091274 0.952990 0.317201
v 0.013420 1.104636 0.555781
v 0.031950 1.087481 0.572956
v 0.005777 1.145115 0.506034
v 0.074755 0.946915 0.311233
v -0.084387 0.887130 0.363561
v -0.066147 0.942188 0.306597
v -0.007992 1.095423 0.568303
v -0.023512 1.144131 0.505074
v 0.089516 0.922490 0.342817
v 0.098344 0.959337 0.323440
v -0.064945 0.871703 0.362715
v -0.041482 0.939968 0.297463
v -0.030589 1.087447 0.574763
v -0.051981 1.139094 0.500122
v 0.108983 0.895401 0.384582
v 0.118088 0.974803 0.338645
v -0.018411 0.915113 0.311022
v -0.032043 0.934765 0.297519
v -0.078525 1.130188 0.491375
v 0.133222 0.992722 0.356259
v -0.093289 1.099031 0.516339
v -0.102113 1.117773 0.479164
v 0.142873 0.973566 0.393043
v 0.143160 1.012397 0.375595
v -0.118928 1.107177 0.461806
v 0.146179 1.034242 0.390099
v -0.135365 1.075224 0.468370
v -0.125943 1.099368 0.459291
v 0.149750 1.032506 0.426442
v 0.147941 1.038767 0.399733
v -0.109823 1.124395 0.350143
v -0.087850 1.140160 0.316010
v -0.079466 1.154753 0.316797
v 0.101954 1.134025 0.359612
v 0.076624 1.157667 0.333204
v 0.075749 1.154618 0.316669
v -0.112711 1.109009 0.335049
v -0.088670 1.128029 0.304083
v -0.078792 1.148455 0.300345
v 0.092363 1.147951 0.373282
v 0.067860 1.168076 0.343444
v 0.066289 1.168977 0.320507
v -0.111306 1.093580 0.319837
v -0.086154 1.116014 0.292268
v -0.078801 1.137644 0.289723
v 0.079166 1.160262 0.385391
v 0.056413 1.177068 0.352286
v 0.057877 1.177967 0.329353
v -0.105722 1.078581 0.305113
v -0.080407 1.104578 0.281035
v -0.075854 1.127061 0.279313
v 0.062855 1.170500 0.395462
v 0.042724 1.184298 0.359383
v 0.047161 1.185616 0.336870
v -0.096145 1.064701 0.291442
v -0.071641 1.094157 0.270801
v -0.070060 1.117070 0.269493
v 0.044045 1.178277 0.403098
v 0.027314 1.189484 0.364486
v 0.028373 1.192369 0.349583
v 0.015974 1.028270 0.255658
v 0.019295 1.071018 0.248050
v 0.005961 1.080330 0.243644
v -0.082938 1.052377 0.279331
v -0.060187 1.085159 0.261957
v -0.061649 1.108086 0.260659
v 0.023460 1.183285 0.408040
v 0.010790 1.192426 0.367375
v 0.020586 1.195760 0.346831
v 0.036976 1.032252 0.259575
v 0.035321 1.075127 0.252077
v 0.020511 1.090273 0.243161
v -0.066627 1.042130 0.269268
v -0.046498 1.077937 0.254853
v -0.050948 1.100439 0.253151
v 0.001933 1.185334 0.410041
v -0.006221 1.193011 0.367954
v 0.005732 1.197871 0.348916
v 0.056490 1.039097 0.266288
v 0.049937 1.081369 0.258232
v 0.034506 1.094401 0.247219
v -0.047840 1.034351 0.261632
v -0.033469 1.074555 0.250268
v -0.038349 1.094425 0.247245
v -0.019759 1.184347 0.409077
v -0.023073 1.191218 0.366193
v -0.009419 1.197878 0.348920
v 0.073762 1.048508 0.275545
v 0.062541 1.089539 0.266253
v 0.047105 1.100403 0.253112
v -0.025534 1.082564 0.245849
v -0.040753 1.180365 0.405146
v -0.039102 1.187117 0.362160
v -0.024282 1.195775 0.346855
v 0.088114 1.060146 0.286976
v 0.072677 1.099303 0.275849
v 0.057825 1.108039 0.260618
v -0.017162 1.070764 0.247137
v 0.002449 1.069223 0.246289
v -0.009933 1.080335 0.243659
v -0.060274 1.173529 0.398438
v -0.053706 1.180863 0.356010
v -0.038276 1.191649 0.342796
v 0.099034 1.073531 0.300173
v 0.079943 1.110296 0.286643
v 0.071558 1.118407 0.276882
v -0.077513 1.164133 0.389172
v -0.063894 1.174440 0.348450
v -0.050883 1.185648 0.336900
v 0.106032 1.088213 0.314560
v 0.082929 1.120809 0.295739
v 0.072055 1.126999 0.279258
v -0.064522 1.174637 0.336335
v 0.078812 1.132158 0.294587
v -0.074653 1.164741 0.339499
v -0.083720 1.151951 0.327591
v -0.073372 1.165212 0.327076
v 0.084546 1.132608 0.307919
v 0.082387 1.146222 0.321975
v 0.078833 1.143484 0.305722
v -0.066318 1.175195 0.303996
v -0.068063 1.173145 0.286026
v 0.067933 1.162520 0.291544
v -0.069464 1.162636 0.273635
v 0.057508 1.185087 0.300625
v 0.057290 1.187009 0.295068
v -0.067971 1.153249 0.264403
v 0.045192 1.197928 0.308317
v 0.049068 1.199419 0.295152
v -0.066757 1.145416 0.261617
v 0.039441 1.194512 0.325956
v -0.062364 1.133722 0.255590
v 0.028636 1.204548 0.319742
v -0.000295 1.094689 0.237961
v 0.012276 1.116218 0.228008
v -0.048968 1.128764 0.240344
v -0.056075 1.140554 0.243320
v 0.013301 1.209509 0.321767
v 0.023668 1.211602 0.312144
v 0.019798 1.114618 0.231356
v -0.041241 1.122854 0.236599
v 0.000104 1.210714 0.322956
v 0.032388 1.115033 0.237220
v -0.030387 1.125525 0.228141
v 0.046597 1.129766 0.241328
v 0.036105 1.129003 0.231969
v -0.023584 1.207156 0.322303
v -0.021135 1.210372 0.318036
v 0.056536 1.123379 0.256048
v -0.000891 1.115152 0.226962
v -0.005370 1.125332 0.220671
v -0.036159 1.201287 0.321997
v 0.059325 1.139112 0.255430
v -0.050375 1.196923 0.307333
v -0.039880 1.206296 0.307936
v 0.064289 1.151482 0.264740
v 0.059035 1.149930 0.251529
v -0.059301 1.188232 0.301094
v 0.065688 1.164057 0.275025
v -0.059923 1.193788 0.283662
v 0.062579 1.176826 0.277372
v -0.059543 1.215139 0.246445
v -0.059369 1.225341 0.232821
v 0.055707 1.215299 0.246558
v -0.062472 1.200920 0.244614
v 0.053663 1.214200 0.258315
v 0.052933 1.228292 0.241309
v -0.062472 1.192409 0.236249
v 0.047009 1.222528 0.265852
v 0.040142 1.254791 0.239897
v -0.058275 1.189779 0.217655
v 0.035547 1.238390 0.264933
v 0.034377 1.231538 0.274707
v -0.056920 1.178102 0.222186
v 0.024141 1.235913 0.279007
v 0.002826 1.161147 0.190942
v -0.050785 1.170801 0.215011
v -0.048480 1.166650 0.215125
v 0.016726 1.243068 0.275080
v 0.014444 1.160837 0.194048
v 0.017407 1.202277 0.157372
v -0.040512 1.171429 0.200395
v -0.038152 1.161792 0.206156
v 0.004079 1.239872 0.282899
v 0.005302 1.253503 0.266905
v 0.007557 1.286394 0.229498
v 0.024141 1.157416 0.201856
v 0.021281 1.172741 0.186572
v -0.027916 1.157416 0.201855
v -0.007855 1.239872 0.282899
v -0.013146 1.245307 0.275358
v 0.034377 1.161792 0.206156
v 0.037257 1.161336 0.209906
v -0.021252 1.150563 0.204300
v -0.022713 1.244881 0.271843
v 0.044176 1.176753 0.205595
v 0.047009 1.170801 0.215011
v -0.007691 1.159995 0.192230
v -0.027916 1.235913 0.279007
v 0.053144 1.178102 0.222186
v -0.038152 1.231537 0.274707
v -0.041032 1.227801 0.275221
v 0.055496 1.188876 0.221811
v -0.047950 1.231833 0.259750
v -0.050785 1.222528 0.265852
v 0.058696 1.192409 0.236249
v 0.057209 1.206239 0.220459
v 0.054445 1.239501 0.183401
v -0.056920 1.215228 0.258677
v 0.058696 1.200920 0.244614
v 0.057842 1.208185 0.238770
v -0.056606 1.258429 0.198935
v -0.058971 1.245874 0.194365
v -0.056167 1.257375 0.188205
v 0.049777 1.261301 0.209528
v 0.048516 1.263088 0.211284
v 0.047133 1.264829 0.212995
v 0.047550 1.269262 0.199926
v 0.043757 1.273319 0.198152
v -0.058971 1.241874 0.190434
v -0.056429 1.249729 0.180689
v 0.041779 1.275781 0.209633
v 0.041226 1.276602 0.207102
v 0.035643 1.278720 0.217066
v 0.033865 1.282509 0.208492
v -0.053552 1.226447 0.175271
v -0.052291 1.224660 0.173514
v -0.050909 1.222919 0.171804
v -0.053670 1.232037 0.171676
v -0.051325 1.235910 0.167145
v 0.027494 1.278835 0.226762
v 0.025053 1.279821 0.227731
v 0.022548 1.280720 0.228615
v 0.026228 1.286040 0.216416
v -0.045539 1.225866 0.160587
v -0.045204 1.226982 0.160302
v 0.013053 1.286975 0.226385
v 0.022264 1.211624 0.151943
v 0.009799 1.212605 0.146532
v 0.011400 1.214751 0.146349
v -0.039822 1.221481 0.156631
v 0.000917 1.284585 0.232413
v 0.006051 1.291969 0.218775
v 0.022548 1.207027 0.156184
v 0.025053 1.207927 0.157068
v 0.027494 1.208912 0.158037
v 0.021495 1.217327 0.148881
v -0.031270 1.208913 0.158037
v -0.028829 1.207927 0.157068
v -0.026323 1.207027 0.156184
v -0.030003 1.219132 0.150654
v -0.004692 1.284585 0.232413
v -0.005910 1.291503 0.221748
v 0.032932 1.219787 0.154594
v 0.031753 1.221853 0.153290
v -0.019966 1.210418 0.150155
v -0.020312 1.215863 0.147441
v 0.036958 1.229323 0.156216
v -0.005884 1.207819 0.148582
v -0.009380 1.206941 0.149461
v -0.006134 1.216233 0.144460
v -0.026323 1.280721 0.228615
v -0.028829 1.279821 0.227731
v -0.031270 1.278835 0.226762
v -0.025270 1.287844 0.218190
v 0.047133 1.222919 0.171804
v 0.048516 1.224660 0.173514
v 0.049777 1.226446 0.175271
v 0.046844 1.234230 0.165540
v 0.045695 1.233378 0.164618
v -0.036632 1.282390 0.215410
v -0.035539 1.283352 0.213736
v 0.052671 1.237400 0.177657
v 0.050202 1.236261 0.171078
v -0.043412 1.278073 0.210595
v -0.041061 1.280535 0.209002
v 0.055195 1.241874 0.190434
v 0.052209 1.246863 0.177911
v -0.050909 1.264829 0.212995
v -0.052291 1.263088 0.211284
v -0.053552 1.261301 0.209528
v -0.047759 1.273091 0.198259
v 0.055195 1.245874 0.194365
v 0.052735 1.254500 0.185416
v 0.137033 1.074980 0.370371
v 0.129701 1.079730 0.352417
v -0.119787 1.124405 0.418948
v -0.108580 1.138266 0.409944
v 0.124778 1.067811 0.333744
v -0.092488 1.152599 0.417084
v 0.117176 1.050548 0.316777
v -0.072722 1.163939 0.428223
v 0.123056 1.022482 0.327215
v 0.104996 1.034680 0.301175
v -0.070553 1.154794 0.457254
v -0.050233 1.172311 0.436451
v -0.024773 0.974141 0.271263
v -0.032360 0.991864 0.266051
v 0.088712 1.020807 0.287541
v -0.025887 1.177391 0.441451
v -0.052578 1.001788 0.268850
v 0.089277 0.991824 0.297073
v 0.068948 1.009467 0.276398
v -0.018594 1.166904 0.469156
v -0.000615 1.178988 0.443018
v -0.074835 1.010474 0.277386
v 0.046458 1.001095 0.268169
v 0.024602 1.177039 0.441099
v -0.088444 0.989126 0.294423
v -0.094284 1.022092 0.288801
v 0.028415 0.977695 0.271575
v 0.035916 1.163913 0.466210
v 0.048795 1.171620 0.435773
v -0.110183 1.036185 0.302655
v -0.001887 0.994751 0.262343
v 0.022327 1.004530 0.261298
v 0.071062 1.162930 0.427236
v -0.124015 1.018731 0.323519
v -0.121924 1.052225 0.318423
v 0.084661 1.146271 0.448880
v 0.090508 1.151319 0.415820
v -0.129048 1.069584 0.335485
v 0.106408 1.137223 0.401962
v -0.140994 1.055785 0.359943
v -0.131288 1.087605 0.353200
v 0.123955 1.113389 0.404945
v -0.139236 1.086744 0.382932
v 0.124291 1.104383 0.370110
v 0.113439 1.125794 0.380488
v -0.120739 1.121609 0.387035
v -0.124237 1.109283 0.364254
v -0.156144 1.016198 0.529875
v 0.161662 0.995302 0.511804
v 0.159424 1.006488 0.516226
v 0.149914 1.018524 0.533050
v 0.144504 1.025994 0.539252
v -0.170596 0.949020 0.467065
v -0.171764 0.949035 0.460807
v -0.163888 0.925787 0.444234
v -0.162584 0.922409 0.437442
v 0.104849 1.055719 0.571934
v -0.150962 0.903941 0.422751
v 0.077085 1.068761 0.584751
v 0.007805 0.840982 0.359660
v 0.023227 0.844483 0.356993
v -0.132300 0.884308 0.403461
v 0.044569 0.845250 0.364975
v 0.039381 0.844970 0.361968
v 0.040321 0.845723 0.360631
v -0.111980 0.869613 0.388271
v -0.107019 0.868292 0.381621
v 0.013611 1.082165 0.597925
v 0.009531 1.086727 0.596135
v 0.075532 0.853949 0.373527
v 0.093020 0.862172 0.378127
v -0.084526 0.855939 0.375480
v -0.087551 0.857972 0.373871
v -0.015698 1.082941 0.597946
v -0.026931 1.083821 0.596089
v 0.103757 0.867010 0.385712
v 0.112730 0.873225 0.389101
v -0.050036 0.845673 0.365488
v -0.048335 1.078215 0.593948
v -0.052019 1.079916 0.592480
v 0.127470 0.883281 0.402355
v 0.124577 0.881338 0.397890
v 0.130227 0.886927 0.400320
v -0.022386 0.841677 0.360772
v -0.010262 0.841840 0.358253
v 0.148253 0.905366 0.424163
v -0.110380 1.054689 0.570925
v -0.114667 1.056785 0.566711
v 0.163526 0.933032 0.445079
v -0.132575 1.037703 0.555170
v -0.133666 1.037645 0.554434
v -0.138974 1.035926 0.549014
v 0.166932 0.947465 0.464748
v 0.168580 0.957443 0.471876
v 0.055582 1.240345 0.196147
v -0.059352 1.236916 0.194858
v -0.059522 1.233417 0.196941
v -0.059336 1.241338 0.197605
v -0.062950 1.195023 0.241627
v 0.055567 1.239273 0.195366
v -0.059354 1.237138 0.194851
v -0.059425 1.234596 0.195826
v -0.059337 1.241419 0.197811
v 0.055572 1.240646 0.196473
v -0.059563 1.239024 0.203768
v 0.055571 1.239655 0.195591
v -0.059505 1.239670 0.203088
v -0.059352 1.236695 0.194876
v -0.062942 1.194885 0.241453
v 0.055561 1.241419 0.197811
v 0.055577 1.240499 0.196306
v 0.055569 1.239467 0.195474
v -0.059579 1.232748 0.197600
v 0.055569 1.240784 0.196647
v 0.055561 1.241337 0.197605
v -0.059342 1.238663 0.195102
v -0.062957 1.195170 0.241794
v -0.059353 1.236475 0.194905
v -0.059408 1.240766 0.201889
v 0.055804 1.232748 0.197600
v 0.055563 1.241490 0.198021
v 0.055746 1.233417 0.196942
v -0.059342 1.238870 0.195180
v -0.062958 1.195324 0.241953
v -0.059368 1.241227 0.201320
v -0.059355 1.236257 0.194945
v -0.062960 1.195247 0.241874
v -0.059344 1.238451 0.195034
v 0.055649 1.234596 0.195826
v 0.055565 1.241551 0.198234
v -0.059356 1.241368 0.201064
v 0.055578 1.236475 0.194905
v 0.055566 1.240913 0.196827
v 0.059182 1.195170 0.241793
v -0.062522 1.200506 0.242749
v -0.062471 1.201044 0.242300
v -0.059346 1.238237 0.194977
v -0.062366 1.202163 0.241247
v 0.055609 1.235157 0.195354
v -0.062626 1.199430 0.243150
v -0.062607 1.199626 0.243104
v -0.062586 1.199839 0.243043
v 0.055593 1.241227 0.201320
v -0.062566 1.200049 0.242971
v 0.055579 1.236257 0.194945
v 0.055568 1.241602 0.198450
v 0.055581 1.241367 0.201064
v 0.059183 1.195324 0.241953
v -0.059360 1.240265 0.196071
v 0.059185 1.195247 0.241873
v -0.059358 1.240183 0.195995
v -0.062546 1.200255 0.242890
v -0.059348 1.238020 0.194930
v 0.055597 1.235411 0.195210
v 0.055577 1.236695 0.194876
v 0.055633 1.240765 0.201889
v -0.059357 1.240345 0.196147
v 0.059175 1.195024 0.241627
v -0.059353 1.240014 0.195852
v 0.055570 1.238237 0.194977
v 0.055730 1.239670 0.203088
v 0.055577 1.236916 0.194858
v 0.055573 1.238020 0.194930
v -0.061222 1.214385 0.228991
v 0.059167 1.194886 0.241453
v -0.059349 1.239838 0.195717
v 0.055568 1.238451 0.195034
v 0.055578 1.237138 0.194851
v -0.059336 1.241246 0.197403
v 0.055787 1.239024 0.203768
v 0.059158 1.194756 0.241273
v -0.059346 1.239655 0.195591
v 0.055567 1.238662 0.195102
v -0.059337 1.241144 0.197205
v -0.059358 1.236041 0.194995
v -0.060281 1.227859 0.215279
v -0.059350 1.241446 0.200856
v -0.062952 1.195486 0.242104
v -0.060297 1.221431 0.208962
v 0.055566 1.238870 0.195180
v 0.055574 1.239838 0.195717
v -0.059362 1.235827 0.195057
v -0.062787 1.198107 0.243232
v -0.059339 1.241034 0.197013
v -0.059345 1.241513 0.200645
v -0.062945 1.195655 0.242248
v -0.059352 1.237801 0.194894
v 0.055578 1.240014 0.195852
v -0.059341 1.241571 0.200431
v -0.062937 1.195831 0.242383
v -0.059367 1.235617 0.195128
v -0.059356 1.237581 0.194869
v -0.059339 1.241617 0.200214
v 0.055582 1.240183 0.195995
v -0.062928 1.196013 0.242509
v -0.059356 1.237360 0.194854
v -0.059341 1.240913 0.196827
v 0.055566 1.241570 0.200431
v 0.059161 1.195831 0.242382
v -0.059358 1.237494 0.194863
v 0.056522 1.221432 0.208962
v 0.059152 1.196013 0.242508
v 0.055585 1.240264 0.196072
v 0.055563 1.241617 0.200214
v 0.055563 1.241033 0.197013
v 0.059170 1.195655 0.242247
v -0.059344 1.239467 0.195473
v -0.059373 1.235411 0.195210
v 0.055570 1.241513 0.200645
v -0.062628 1.199410 0.243154
v -0.062682 1.198972 0.243223
v -0.062655 1.199192 0.243194
v 0.055580 1.237359 0.194854
v -0.062763 1.198308 0.243245
v 0.055562 1.241144 0.197205
v -0.062736 1.198530 0.243249
v -0.062709 1.198751 0.243241
v 0.055591 1.235617 0.195128
v 0.055575 1.241445 0.200856
v -0.059343 1.239273 0.195366
v 0.059177 1.195486 0.242104
v 0.055581 1.237581 0.194869
v 0.055583 1.237494 0.194863
v 0.055561 1.241246 0.197403
v 0.055586 1.235827 0.195057
v -0.059342 1.239074 0.195268
v 0.055576 1.237801 0.194894
v 0.055582 1.236041 0.194996
v -0.059337 1.241653 0.199995
v -0.061239 1.207954 0.222670
v -0.062918 1.196202 0.242626
v -0.059344 1.240784 0.196647
v -0.059336 1.241679 0.199775
v 0.055566 1.239074 0.195268
v -0.062907 1.196395 0.242733
v 0.058847 1.194099 0.237671
v -0.059384 1.235157 0.195354
v -0.059336 1.241693 0.199553
v -0.059348 1.240646 0.196473
v 0.058806 1.194224 0.237246
v 0.058827 1.194156 0.237457
v -0.062895 1.196594 0.242831
v -0.059337 1.241697 0.199331
v 0.058787 1.194302 0.237038
v -0.059352 1.240499 0.196306
v -0.062882 1.196798 0.242920
v 0.058961 1.198530 0.243248
v 0.055561 1.241693 0.199553
v 0.058831 1.199626 0.243103
v -0.062671 1.194016 0.238107
v 0.059013 1.198087 0.243230
v 0.059011 1.198107 0.243232
v 0.055562 1.241696 0.199331
v 0.058810 1.199839 0.243042
v -0.062644 1.194052 0.237888
v 0.057463 1.207955 0.222671
v 0.059120 1.196594 0.242831
v 0.058987 1.198308 0.243245
v 0.055560 1.241678 0.199775
v -0.062698 1.193991 0.238327
v 0.058853 1.199410 0.243154
v 0.058850 1.199430 0.243149
v 0.059030 1.197866 0.243205
v 0.059107 1.196798 0.242919
v 0.055561 1.241653 0.199995
v 0.059131 1.196396 0.242733
v -0.062725 1.193976 0.238548
v 0.059047 1.197648 0.243169
v -0.062382 1.195912 0.235103
v 0.059142 1.196202 0.242625
v -0.062752 1.193973 0.238770
v -0.059340 1.241689 0.199110
v -0.062487 1.194878 0.236239
v 0.058950 1.193977 0.238548
v 0.058977 1.193973 0.238770
v -0.059343 1.241671 0.198889
v -0.062538 1.194438 0.236785
v -0.062788 1.198087 0.243231
v 0.058923 1.193991 0.238327
v -0.062823 1.197648 0.243169
v -0.062869 1.197005 0.242998
v -0.062806 1.197866 0.243205
v -0.062854 1.197217 0.243065
v -0.059347 1.241645 0.198694
v -0.059346 1.241642 0.198669
v -0.062839 1.197431 0.243123
v -0.062562 1.194302 0.237038
v 0.058896 1.194016 0.238107
v 0.058590 1.202163 0.241246
v 0.058869 1.194052 0.237888
v 0.058763 1.194439 0.236785
v -0.059343 1.241602 0.198450
v 0.058695 1.201044 0.242300
v 0.058880 1.199192 0.243194
v 0.058712 1.194878 0.236239
v -0.062776 1.193980 0.238992
v 0.055571 1.241642 0.198669
v -0.062768 1.193977 0.238899
v 0.058746 1.200506 0.242748
v 0.058907 1.198972 0.243223
v 0.058607 1.195912 0.235103
v 0.055568 1.241671 0.198889
v -0.062794 1.193999 0.239213
v 0.059063 1.197431 0.243122
v 0.055571 1.241645 0.198694
v 0.058934 1.198751 0.243241
v 0.058770 1.200255 0.242890
v 0.055564 1.241689 0.199110
v -0.062811 1.194028 0.239432
v 0.059079 1.197217 0.243065
v -0.062582 1.194224 0.237246
v -0.062828 1.194067 0.239651
v 0.059093 1.197006 0.242997
v -0.059340 1.241552 0.198234
v -0.062602 1.194156 0.237457
v 0.059036 1.194028 0.239432
v 0.059053 1.194068 0.239650
v -0.062623 1.194099 0.237671
v -0.062642 1.194056 0.237868
v -0.059338 1.241491 0.198021
v 0.059018 1.193999 0.239212
v 0.059000 1.193981 0.238991
v 0.058867 1.194057 0.237868
v 0.058790 1.200049 0.242971
v 0.058992 1.193978 0.238899
v 0.057447 1.214385 0.228991
v -0.062844 1.194118 0.239866
v -0.062859 1.194179 0.240080
v -0.062874 1.194250 0.240290
v 0.056506 1.227859 0.215279
v -0.062888 1.194332 0.240496
v 0.059099 1.194251 0.240289
v 0.059112 1.194332 0.240496
v 0.059084 1.194179 0.240080
v 0.059069 1.194118 0.239866
v -0.062900 1.194423 0.240698
v -0.062912 1.194525 0.240895
v -0.062923 1.194636 0.241087
v -0.062933 1.194756 0.241273
v 0.059148 1.194636 0.241087
v 0.059137 1.194525 0.240895
v 0.059125 1.194424 0.240698
v -0.050156 1.261862 0.218734
v 0.045833 1.215038 0.175580
v -0.053571 1.218733 0.264212
v -0.055540 1.216233 0.262022
v -0.055500 1.229532 0.243879
v -0.050074 1.261865 0.218940
v -0.053766 1.256049 0.215888
v -0.053348 1.219114 0.264267
v -0.055633 1.216167 0.261831
v -0.050242 1.261849 0.218530
v -0.053715 1.256291 0.215732
v 0.050995 1.206581 0.194366
v -0.053458 1.218922 0.264245
v 0.049567 1.172544 0.218317
v -0.054685 1.242674 0.229840
v -0.053837 1.255509 0.216381
v 0.051764 1.174671 0.221283
v 0.049675 1.172559 0.218511
v -0.050332 1.261826 0.218328
v 0.050319 1.218012 0.183117
v 0.051859 1.174858 0.221355
v 0.049462 1.172539 0.218120
v -0.054264 1.217699 0.263816
v -0.053951 1.254370 0.217536
v -0.054157 1.217845 0.263898
v 0.051666 1.174489 0.221202
v 0.049583 1.220869 0.179086
v 0.049360 1.172544 0.217922
v 0.049505 1.220888 0.178879
v 0.051565 1.174313 0.221112
v 0.048694 1.172946 0.216332
v 0.048700 1.172938 0.216351
v 0.049657 1.220840 0.179293
v -0.054008 1.253724 0.218216
v 0.048489 1.173658 0.215383
v 0.048367 1.174735 0.214289
v 0.048630 1.173040 0.216141
v 0.049261 1.172559 0.217723
v 0.048569 1.173193 0.215904
v 0.048896 1.172730 0.216907
v 0.048759 1.172862 0.216528
v 0.048828 1.172788 0.216726
v 0.045905 1.215487 0.175343
v 0.051463 1.174143 0.221013
v 0.049728 1.220801 0.179500
v 0.045864 1.215288 0.175431
v -0.056074 1.215958 0.260592
v 0.047311 1.187199 0.202271
v 0.045952 1.215689 0.175263
v -0.056134 1.215957 0.260377
v -0.049593 1.259152 0.223551
v -0.049551 1.259779 0.222853
v 0.049795 1.220751 0.179705
v -0.049497 1.260846 0.221626
v -0.049529 1.261445 0.220797
v -0.049498 1.261301 0.221050
v -0.054276 1.217682 0.263806
v -0.056011 1.215968 0.260806
v 0.046004 1.215893 0.175193
v -0.049617 1.261606 0.220393
v -0.049772 1.261763 0.219842
v -0.049728 1.261730 0.219983
v -0.049670 1.261673 0.220189
v -0.054037 1.218013 0.263980
v -0.049790 1.261778 0.219775
v -0.049570 1.261530 0.220597
v 0.046496 1.201012 0.188892
v -0.055944 1.215989 0.261017
v 0.046058 1.216100 0.175133
v -0.053919 1.218187 0.264053
v -0.049854 1.261814 0.219566
v 0.046011 1.215917 0.175186
v -0.055873 1.216020 0.261226
v -0.053548 1.256885 0.215483
v 0.045927 1.212574 0.177772
v -0.053801 1.218364 0.264116
v -0.049923 1.261841 0.219356
v -0.053485 1.257087 0.215419
v 0.049166 1.172585 0.217524
v -0.053608 1.256684 0.215556
v 0.051358 1.173979 0.220906
v -0.049996 1.261858 0.219148
v 0.049074 1.172621 0.217324
v -0.053663 1.256486 0.215639
v 0.051252 1.173823 0.220790
v 0.049859 1.220691 0.179909
v 0.048986 1.172668 0.217124
v 0.051145 1.173674 0.220666
v 0.049918 1.220621 0.180111
v 0.048903 1.172724 0.216925
v -0.050728 1.261639 0.217558
v -0.050624 1.261700 0.217745
v -0.050524 1.261752 0.217935
v 0.046117 1.216308 0.175084
v -0.050944 1.261488 0.217201
v -0.051168 1.261302 0.216867
v -0.051188 1.261284 0.216840
v 0.051036 1.173532 0.220535
v -0.052154 1.222219 0.263112
v -0.051055 1.261400 0.217031
v -0.052032 1.223294 0.262015
v -0.052296 1.221472 0.263743
v 0.049974 1.220542 0.180311
v -0.052234 1.221706 0.263585
v -0.050835 1.261568 0.217377
v -0.056287 1.216015 0.259729
v -0.052495 1.220913 0.264000
v -0.052428 1.221089 0.263928
v 0.052795 1.179005 0.220638
v 0.052735 1.180155 0.219616
v 0.046181 1.216517 0.175044
v -0.052359 1.221282 0.263840
v 0.052804 1.178456 0.221076
v -0.054607 1.217218 0.263464
v -0.056330 1.216055 0.259513
v 0.052783 1.178205 0.221217
v 0.052644 1.177392 0.221489
v 0.050025 1.220452 0.180507
v 0.052682 1.177584 0.221439
v 0.052721 1.177793 0.221375
v 0.052754 1.178000 0.221300
v -0.056240 1.215986 0.259945
v -0.054717 1.217077 0.263333
v 0.046249 1.216725 0.175014
v -0.054497 1.217366 0.263587
v -0.050976 1.235095 0.249346
v -0.056189 1.215967 0.260161
v 0.046322 1.216934 0.174993
v 0.051811 1.192772 0.207748
v -0.054386 1.217521 0.263701
v -0.053272 1.257704 0.215290
v -0.050161 1.248233 0.235304
v -0.053195 1.257911 0.215268
v -0.053346 1.257498 0.215323
v 0.050926 1.173398 0.220396
v -0.053417 1.257292 0.215366
v 0.050077 1.220300 0.180752
v 0.050816 1.173273 0.220250
v 0.050485 1.172952 0.219775
v 0.050483 1.172951 0.219773
v 0.050364 1.172865 0.219606
v 0.050705 1.173157 0.220097
v 0.050147 1.219817 0.181300
v 0.046400 1.217142 0.174983
v 0.050594 1.173049 0.219938
v -0.052576 1.220696 0.264075
v -0.052569 1.220714 0.264069
v -0.052748 1.220299 0.264185
v 0.050261 1.218681 0.182458
v -0.052660 1.220498 0.264135
v -0.053135 1.219505 0.264281
v -0.053033 1.219702 0.264273
v -0.052934 1.219901 0.264253
v 0.046482 1.217348 0.174982
v -0.052839 1.220100 0.264224
v -0.056444 1.216237 0.258882
v -0.055040 1.216698 0.262892
v -0.053685 1.218547 0.264169
v -0.056473 1.216317 0.258677
v -0.053240 1.219308 0.264279
v -0.055144 1.216588 0.262731
v -0.050426 1.261794 0.218130
v 0.046569 1.217552 0.174991
v -0.056410 1.216167 0.259090
v -0.054934 1.216817 0.263047
v 0.046659 1.217754 0.175010
v -0.056372 1.216106 0.259301
v -0.054826 1.216943 0.263194
v -0.056333 1.216059 0.259494
v -0.052944 1.258527 0.215265
v -0.055705 1.216122 0.261673
v -0.056485 1.216882 0.257866
v -0.056425 1.217885 0.256699
v -0.052856 1.258730 0.215285
v -0.056493 1.216454 0.258423
v -0.053030 1.258323 0.215255
v -0.053114 1.258117 0.215257
v -0.052148 1.260041 0.215695
v -0.052039 1.260208 0.215792
v -0.052364 1.259690 0.215531
v -0.052576 1.259320 0.215406
v -0.052599 1.259278 0.215395
v -0.052471 1.259507 0.215463
v -0.052257 1.259868 0.215608
v 0.050245 1.172789 0.219434
v 0.046753 1.217952 0.175039
v 0.050128 1.172723 0.219257
v 0.046850 1.218148 0.175078
v -0.055445 1.216309 0.262207
v 0.046951 1.218340 0.175127
v -0.055347 1.216393 0.262388
v 0.047055 1.218527 0.175185
v -0.055247 1.216486 0.262562
v -0.051383 1.261074 0.216552
v -0.051491 1.260948 0.216405
v -0.051276 1.261193 0.216706
v -0.051709 1.260673 0.216134
v -0.051600 1.260814 0.216266
v -0.051929 1.260370 0.215897
v -0.051819 1.260525 0.216011
v -0.052672 1.259127 0.215356
v 0.050012 1.172667 0.219076
v -0.052765 1.258930 0.215315
v 0.049897 1.172621 0.218891
v 0.049785 1.172585 0.218702
v 0.047161 1.218709 0.175252
v 0.047270 1.218887 0.175329
v -0.055798 1.216060 0.261432
v 0.051938 1.175021 0.221409
v 0.047382 1.219059 0.175415
v -0.055721 1.216110 0.261635
v 0.047488 1.219227 0.175512
v 0.047414 1.219106 0.175442
v 0.052500 1.176726 0.221593
v 0.052640 1.177372 0.221494
v 0.052551 1.176942 0.221570
v 0.048358 1.220321 0.176588
v 0.052444 1.176510 0.221606
v 0.048576 1.220510 0.176925
v -0.052502 1.220894 0.264007
v 0.048467 1.220421 0.176754
v 0.048683 1.220591 0.177101
v 0.048789 1.220662 0.177283
v 0.047594 1.219390 0.175619
v 0.047701 1.219546 0.175735
v 0.047809 1.219695 0.175859
v 0.052598 1.177158 0.221537
v 0.052385 1.176295 0.221610
v 0.047918 1.219837 0.175990
v 0.052321 1.176082 0.221603
v 0.052254 1.175870 0.221586
v 0.048888 1.220725 0.177471
v 0.048818 1.220678 0.177334
v 0.052183 1.175660 0.221559
v 0.048983 1.220779 0.177665
v 0.049075 1.220823 0.177861
v 0.049166 1.220857 0.178061
v 0.048028 1.219971 0.176129
v 0.048138 1.220096 0.176275
v 0.048248 1.220213 0.176428
v 0.052109 1.175453 0.221522
v 0.052031 1.175250 0.221475
v 0.051950 1.175050 0.221419
v 0.049255 1.220881 0.178263
v 0.045886 1.213262 0.177132
v 0.045832 1.214470 0.176044
v 0.049341 1.220893 0.178467
v 0.049424 1.220896 0.178672
v -0.034356 1.271619 0.232214
v -0.030133 1.234329 0.279222
v -0.034006 1.232548 0.277931
v -0.028232 1.276104 0.232541
v -0.030307 1.234193 0.279254
v 0.026288 1.157303 0.203337
v -0.034276 1.272131 0.231694
v -0.028080 1.276070 0.232698
v -0.027143 1.262269 0.249100
v -0.034455 1.270520 0.233409
v 0.026456 1.157264 0.203478
v 0.029986 1.158307 0.205200
v -0.028390 1.276131 0.232388
v 0.031263 1.190122 0.178189
v 0.030157 1.158447 0.205225
v 0.026125 1.157351 0.203193
v 0.032201 1.163180 0.202931
v 0.029811 1.158174 0.205167
v -0.026875 1.273028 0.237189
v 0.030812 1.201768 0.167150
v 0.029789 1.204952 0.163442
v 0.025968 1.157407 0.203045
v 0.029633 1.158047 0.205125
v 0.024613 1.160051 0.199856
v 0.032203 1.162017 0.203941
v 0.024881 1.158257 0.201612
v 0.029654 1.205013 0.163276
v 0.024801 1.158437 0.201400
v 0.024716 1.158931 0.200909
v 0.025270 1.157822 0.202254
v 0.025168 1.157913 0.202106
v 0.025064 1.158021 0.201941
v 0.031736 1.176065 0.191328
v 0.024969 1.158136 0.201776
v -0.034497 1.269892 0.234107
v 0.029916 1.204884 0.163610
v 0.029451 1.157930 0.205078
v 0.025817 1.157472 0.202894
v 0.032168 1.161471 0.204382
v 0.029505 1.157962 0.205090
v 0.023361 1.201514 0.161609
v -0.031406 1.233448 0.279234
v -0.034948 1.259057 0.245942
v 0.030037 1.204806 0.163779
v -0.034903 1.232599 0.276949
v -0.031597 1.233341 0.279197
v 0.023934 1.172843 0.188160
v 0.032112 1.161233 0.204536
v -0.035031 1.232636 0.276771
v -0.031218 1.233561 0.279262
v 0.023287 1.201335 0.161717
v -0.034768 1.232571 0.277124
v 0.030150 1.204723 0.163951
v 0.030109 1.204752 0.163888
v -0.028478 1.236386 0.278014
v 0.023444 1.201692 0.161507
v -0.035421 1.246162 0.260224
v -0.031031 1.233680 0.279281
v -0.028559 1.236178 0.278197
v -0.034627 1.232550 0.277295
v -0.027422 1.275784 0.233541
v -0.028393 1.236869 0.277511
v 0.023536 1.201870 0.161411
v 0.023466 1.186899 0.175021
v -0.030847 1.233804 0.279291
v -0.027313 1.275705 0.233718
v -0.034479 1.232538 0.277461
v 0.023636 1.202047 0.161322
v -0.028290 1.237902 0.276373
v -0.027539 1.275856 0.233367
v 0.029263 1.157824 0.205027
v 0.025672 1.157545 0.202741
v -0.033891 1.272946 0.231148
v -0.033938 1.272866 0.231191
v -0.035887 1.233794 0.274488
v -0.035853 1.233362 0.275042
v -0.035797 1.233212 0.275282
v -0.027663 1.275921 0.233195
v 0.029073 1.157726 0.204969
v -0.033833 1.273038 0.231096
v 0.025534 1.157626 0.202585
v 0.026808 1.157213 0.203747
v 0.026879 1.157208 0.203797
v 0.032045 1.161046 0.204636
v -0.034034 1.272694 0.231291
v -0.027795 1.275978 0.233026
v 0.028881 1.157636 0.204903
v 0.025404 1.157715 0.202428
v 0.031969 1.160858 0.204729
v -0.034122 1.272521 0.231400
v 0.030253 1.204633 0.164126
v 0.028688 1.157554 0.204830
v 0.025281 1.157812 0.202269
v 0.031885 1.160671 0.204816
v -0.035886 1.234784 0.273308
v -0.034202 1.272350 0.231516
v 0.030349 1.204535 0.164301
v -0.035692 1.233071 0.275565
v -0.035730 1.233116 0.275471
v -0.032175 1.233057 0.279032
v -0.035374 1.232793 0.276219
v 0.031924 1.160756 0.204775
v -0.032368 1.232976 0.278959
v -0.035473 1.232861 0.276031
v 0.023745 1.202222 0.161239
v 0.030437 1.204430 0.164475
v -0.031982 1.233145 0.279095
v -0.035267 1.232733 0.276405
v 0.031791 1.160487 0.204898
v 0.031799 1.160504 0.204890
v 0.023862 1.202395 0.161164
v 0.030517 1.204317 0.164648
v -0.031789 1.233240 0.279151
v -0.035153 1.232681 0.276589
v -0.028845 1.235690 0.278549
v 0.023986 1.202566 0.161097
v -0.027038 1.275427 0.234256
v -0.028947 1.235543 0.278644
v -0.028958 1.235528 0.278653
v -0.026964 1.275322 0.234436
v -0.028741 1.235852 0.278439
v 0.024118 1.202734 0.161036
v -0.027121 1.275526 0.234075
v 0.028495 1.157480 0.204750
v -0.028646 1.236015 0.278321
v -0.027213 1.275619 0.233896
v 0.028302 1.157415 0.204663
v -0.033471 1.273541 0.230856
v -0.033336 1.273706 0.230793
v -0.033598 1.273375 0.230928
v 0.028109 1.157358 0.204569
v 0.026630 1.157234 0.203615
v 0.030591 1.204142 0.164870
v 0.031692 1.160300 0.204968
v -0.033719 1.273207 0.231008
v 0.027917 1.157310 0.204469
v 0.030671 1.203631 0.165391
v 0.031585 1.160115 0.205031
v -0.032942 1.232774 0.278693
v -0.027611 1.249375 0.263382
v 0.030770 1.202455 0.166511
v -0.033131 1.232722 0.278588
v 0.031470 1.159932 0.205087
v 0.023182 1.199321 0.163430
v 0.023198 1.198622 0.164059
v 0.024257 1.202899 0.160984
v -0.032752 1.232834 0.278790
v 0.024403 1.203060 0.160939
v 0.024713 1.203370 0.160873
v 0.024555 1.203217 0.160902
v 0.025217 1.203795 0.160834
v 0.025046 1.203660 0.160839
v 0.024877 1.203518 0.160852
v 0.031349 1.159751 0.205135
v -0.035653 1.233024 0.275659
v -0.032561 1.232901 0.278879
v -0.029349 1.235061 0.278929
v -0.026860 1.273644 0.236480
v -0.035567 1.232939 0.275845
v -0.029494 1.234909 0.279004
v -0.029211 1.235215 0.278845
v -0.026862 1.274700 0.235243
v 0.027727 1.157271 0.204362
v -0.035481 1.232867 0.276014
v -0.029081 1.235371 0.278753
v -0.026901 1.275161 0.234673
v -0.030485 1.234061 0.279278
v 0.027538 1.157241 0.204249
v -0.030657 1.233940 0.279291
v 0.027351 1.157220 0.204131
v 0.031221 1.159574 0.205175
v -0.032897 1.274186 0.230656
v 0.027168 1.157207 0.204007
v -0.032740 1.274340 0.230628
v 0.031086 1.159399 0.205206
v -0.033049 1.274029 0.230692
v -0.033668 1.232596 0.278216
v 0.030944 1.159229 0.205230
v -0.033839 1.232568 0.278077
v -0.033196 1.273869 0.230738
v -0.033493 1.232632 0.278348
v 0.030797 1.159063 0.205245
v 0.023185 1.200540 0.162353
v 0.026987 1.157205 0.203879
v 0.023224 1.201102 0.161882
v -0.033316 1.232675 0.278474
v -0.029965 1.234469 0.279181
v -0.029802 1.234613 0.279130
v 0.025221 1.203798 0.160834
v -0.029645 1.234759 0.279072
v 0.025394 1.203936 0.160844
v -0.032240 1.274778 0.230599
v -0.032066 1.274915 0.230607
v 0.030644 1.158901 0.205253
v -0.032411 1.274636 0.230599
v -0.033279 1.232686 0.278498
v 0.026889 1.204798 0.161209
v 0.026696 1.204716 0.161136
v 0.027275 1.204938 0.161377
v 0.027662 1.205045 0.161574
v 0.027659 1.205044 0.161572
v 0.030487 1.158744 0.205252
v 0.027467 1.204995 0.161471
v -0.032578 1.274490 0.230609
v 0.027082 1.204872 0.161289
v 0.030324 1.158592 0.205243
v 0.025572 1.204068 0.160861
v -0.030666 1.233933 0.279292
v 0.025753 1.204193 0.160887
v -0.034327 1.232533 0.277623
v 0.025937 1.204312 0.160921
v -0.034169 1.232537 0.277780
v 0.026124 1.204424 0.160963
v -0.031526 1.275294 0.230688
v -0.031438 1.275349 0.230709
v 0.027843 1.205091 0.161686
v -0.031888 1.275047 0.230625
v -0.031338 1.275406 0.230729
v 0.026504 1.204626 0.161071
v 0.026313 1.204529 0.161013
v 0.028206 1.205158 0.161933
v -0.031708 1.275174 0.230652
v 0.028026 1.205129 0.161807
v 0.028384 1.205178 0.162064
v -0.029252 1.276134 0.231693
v -0.029074 1.276153 0.231824
v -0.029433 1.276106 0.231568
v -0.029617 1.276070 0.231450
v -0.029804 1.276026 0.231338
v 0.028558 1.205189 0.162201
v 0.028729 1.205190 0.162343
v 0.028895 1.205183 0.162489
v 0.029215 1.205142 0.162794
v 0.029367 1.205108 0.162952
v 0.029057 1.205167 0.162640
v -0.030761 1.275692 0.230896
v 0.029514 1.205065 0.163113
v -0.030568 1.275773 0.230968
v -0.030954 1.275603 0.230832
v -0.028991 1.276159 0.231890
v -0.028898 1.276162 0.231959
v -0.028723 1.276160 0.232096
v -0.028554 1.276149 0.232239
v -0.031147 1.275508 0.230776
v -0.027934 1.276028 0.232860
v -0.029993 1.275974 0.231234
v -0.030183 1.275915 0.231138
v -0.030375 1.275848 0.231049
v -0.002552 1.238814 0.284646
v 0.001615 1.280089 0.237518
v -0.002553 1.281219 0.236373
v 0.001469 1.239663 0.283463
v -0.005773 1.240089 0.282882
v -0.005669 1.239987 0.283012
v -0.002771 1.238834 0.284612
v -0.002332 1.281240 0.236357
v -0.005984 1.279443 0.238196
v 0.001752 1.279967 0.237643
v -0.005884 1.279579 0.238051
v 0.001316 1.280321 0.237284
v 0.001315 1.239569 0.283597
v -0.005883 1.240210 0.282730
v -0.002110 1.281255 0.236348
v -0.002988 1.238861 0.284570
v 0.001894 1.239987 0.283012
v 0.001998 1.240089 0.282882
v 0.002107 1.240210 0.282730
v 0.002207 1.240335 0.282574
v 0.001469 1.280208 0.237398
v 0.002506 1.242095 0.280498
v -0.002772 1.281190 0.236398
v 0.002297 1.240463 0.282415
v 0.002377 1.240640 0.282200
v 0.002447 1.241093 0.281667
v -0.005774 1.279711 0.237910
v 0.001154 1.239481 0.283725
v -0.005983 1.240335 0.282574
v -0.003203 1.238895 0.284520
v -0.006074 1.279305 0.238346
v 0.001880 1.279841 0.237774
v 0.001999 1.279711 0.237910
v 0.001104 1.239456 0.283761
v 0.000986 1.239394 0.283843
v -0.006073 1.240463 0.282415
v -0.001888 1.281262 0.236348
v -0.003414 1.238935 0.284462
v -0.001888 1.281262 0.236348
v 0.002108 1.279579 0.238051
v -0.001665 1.281255 0.236348
v 0.000811 1.239310 0.283953
v -0.005655 1.279841 0.237774
v 0.002632 1.253413 0.267350
v 0.002208 1.279443 0.238196
v -0.003621 1.238982 0.284396
v -0.001444 1.281240 0.236357
v -0.005527 1.279967 0.237643
v -0.006153 1.240640 0.282200
v -0.005390 1.280089 0.237518
v 0.000629 1.239233 0.284056
v -0.003824 1.239035 0.284322
v -0.001223 1.281219 0.236373
v -0.006222 1.241093 0.281667
v 0.002630 1.266218 0.252980
v 0.002298 1.279305 0.238346
v 0.000441 1.239161 0.284152
v -0.005245 1.280208 0.237398
v -0.004023 1.239095 0.284241
v 0.002378 1.279116 0.238555
v -0.006282 1.242095 0.280498
v 0.002448 1.278633 0.239104
v 0.000248 1.239095 0.284241
v -0.004216 1.239161 0.284152
v -0.001004 1.281190 0.236398
v 0.002507 1.277564 0.240329
v -0.000787 1.281154 0.236432
v -0.005092 1.280321 0.237284
v -0.006283 1.277564 0.240329
v 0.000049 1.239035 0.284322
v -0.000572 1.281111 0.236473
v -0.004404 1.239233 0.284056
v -0.004930 1.280431 0.237176
v -0.006223 1.278633 0.239104
v -0.004762 1.280535 0.237075
v -0.000154 1.238982 0.284396
v 0.002523 1.276946 0.241040
v -0.004586 1.239310 0.283953
v -0.004711 1.280564 0.237047
v -0.000361 1.281062 0.236522
v -0.006154 1.279116 0.238555
v -0.006298 1.276946 0.241040
v 0.001879 1.239973 0.283031
v -0.004587 1.280630 0.236976
v -0.000362 1.238935 0.284462
v -0.004761 1.239394 0.283843
v -0.000573 1.238895 0.284520
v 0.001751 1.239865 0.283180
v -0.004879 1.239456 0.283761
v -0.004930 1.239481 0.283725
v -0.000154 1.281006 0.236579
v -0.006405 1.266218 0.252980
v 0.001614 1.239762 0.283324
v 0.000050 1.280943 0.236644
v -0.004405 1.280717 0.236882
v -0.000787 1.238861 0.284570
v -0.005091 1.239569 0.283597
v 0.000248 1.280874 0.236716
v -0.004217 1.280798 0.236795
v -0.004024 1.280874 0.236716
v -0.005244 1.239663 0.283463
v -0.001004 1.238834 0.284612
v -0.001888 1.238794 0.284695
v -0.001888 1.238794 0.284695
v 0.000442 1.280798 0.236795
v -0.001665 1.238794 0.284687
v -0.003825 1.280943 0.236644
v -0.005389 1.239762 0.283324
v -0.001223 1.238814 0.284646
v -0.001444 1.238800 0.284671
v -0.005526 1.239865 0.283180
v 0.000630 1.280717 0.236882
v 0.000935 1.280564 0.237047
v -0.005654 1.239973 0.283031
v 0.000811 1.280630 0.236976
v -0.003622 1.281006 0.236579
v 0.000987 1.280535 0.237075
v -0.003414 1.281062 0.236522
v 0.001155 1.280431 0.237176
v -0.003203 1.281111 0.236473
v -0.002110 1.238794 0.284687
v -0.002989 1.281154 0.236432
v -0.002332 1.238800 0.284671
v -0.006408 1.253413 0.267350
v 0.029420 1.273869 0.230738
v 0.030393 1.232537 0.277780
v 0.023126 1.275161 0.234673
v -0.029447 1.157545 0.202741
v 0.031646 1.246163 0.260224
v 0.027072 1.233804 0.279291
v -0.027000 1.201102 0.161882
v 0.023189 1.275322 0.234436
v 0.029122 1.274186 0.230656
v -0.029310 1.157626 0.202585
v 0.030704 1.232538 0.277461
v -0.026958 1.199321 0.163430
v 0.026891 1.233933 0.279292
v 0.023086 1.274700 0.235243
v 0.029274 1.274029 0.230692
v 0.030551 1.232533 0.277623
v -0.029592 1.157472 0.202894
v -0.034720 1.159229 0.205230
v -0.026960 1.200540 0.162353
v 0.028964 1.274340 0.230628
v -0.031127 1.157219 0.204131
v -0.034572 1.159063 0.205245
v 0.023084 1.273644 0.236480
v -0.030943 1.157207 0.204007
v 0.031377 1.232681 0.276589
v -0.034861 1.159399 0.205206
v -0.026973 1.198622 0.164059
v -0.028388 1.160051 0.199856
v -0.027761 1.202566 0.161097
v -0.031313 1.157241 0.204249
v 0.031256 1.232636 0.276771
v -0.027893 1.202734 0.161036
v 0.030722 1.269892 0.234107
v 0.031492 1.232733 0.276405
v -0.034996 1.159574 0.205174
v 0.030680 1.270520 0.233409
v -0.028491 1.158931 0.200909
v 0.031954 1.233116 0.275471
v 0.031917 1.233071 0.275565
v 0.032021 1.233212 0.275282
v -0.027637 1.202395 0.161164
v 0.023100 1.273028 0.237189
v 0.032112 1.233794 0.274488
v 0.032078 1.233362 0.275042
v -0.031502 1.157271 0.204362
v 0.032110 1.234784 0.273308
v -0.034212 1.204430 0.164475
v 0.031598 1.232793 0.276219
v -0.028576 1.158437 0.201400
v -0.035124 1.159751 0.205135
v 0.030580 1.271619 0.232214
v -0.027520 1.202222 0.161239
v -0.031693 1.157310 0.204468
v -0.034292 1.204317 0.164648
v -0.034124 1.204535 0.164301
v -0.028657 1.158257 0.201611
v 0.031698 1.232861 0.276031
v 0.030501 1.272131 0.231694
v 0.025869 1.234759 0.279072
v -0.027412 1.202047 0.161322
v 0.029540 1.232675 0.278474
v 0.029504 1.232686 0.278498
v -0.034028 1.204633 0.164126
v 0.025718 1.234909 0.279004
v 0.029355 1.232722 0.278588
v 0.030426 1.272350 0.231516
v -0.029743 1.157407 0.203045
v 0.026027 1.234613 0.279131
v 0.029944 1.273207 0.231008
v 0.029718 1.232632 0.278349
v 0.031173 1.259057 0.245942
v -0.033925 1.204722 0.163951
v 0.030058 1.273038 0.231096
v -0.029900 1.157351 0.203193
v 0.026190 1.234469 0.279181
v 0.029893 1.232596 0.278216
v 0.029823 1.273375 0.230928
v 0.023438 1.275619 0.233896
v 0.023538 1.275705 0.233718
v -0.030063 1.157303 0.203337
v 0.026358 1.234329 0.279222
v 0.029695 1.273541 0.230856
v 0.030064 1.232568 0.278077
v 0.023346 1.275526 0.234076
v -0.030232 1.157264 0.203478
v -0.035246 1.159932 0.205087
v 0.029561 1.273706 0.230793
v -0.031885 1.157358 0.204569
v -0.027241 1.186899 0.175021
v 0.023263 1.275427 0.234256
v 0.030851 1.232550 0.277295
v -0.028744 1.158136 0.201776
v -0.035360 1.160115 0.205031
v -0.027311 1.201870 0.161411
v -0.032077 1.157414 0.204663
v 0.030992 1.232571 0.277124
v -0.028840 1.158021 0.201941
v -0.035467 1.160300 0.204968
v -0.027219 1.201692 0.161506
v -0.032271 1.157480 0.204750
v -0.033812 1.204806 0.163779
v 0.031127 1.232599 0.276949
v -0.035566 1.160487 0.204898
v -0.028944 1.157913 0.202106
v -0.027136 1.201514 0.161609
v -0.033885 1.204752 0.163888
v -0.032464 1.157554 0.204830
v 0.024618 1.236869 0.277511
v 0.024514 1.237902 0.276374
v -0.033692 1.204884 0.163610
v 0.025305 1.235371 0.278753
v 0.024703 1.236386 0.278014
v 0.024783 1.236178 0.278197
v -0.027062 1.201335 0.161717
v 0.025172 1.235543 0.278644
v 0.028785 1.232901 0.278879
v 0.025070 1.235690 0.278549
v 0.024966 1.235852 0.278439
v -0.029056 1.157812 0.202269
v 0.024870 1.236015 0.278321
v -0.029046 1.157822 0.202254
v 0.025182 1.235528 0.278653
v 0.028593 1.232976 0.278959
v -0.033564 1.204952 0.163442
v -0.030405 1.157234 0.203615
v 0.030346 1.272521 0.231400
v 0.025436 1.235215 0.278845
v 0.028977 1.232834 0.278790
v 0.031792 1.232939 0.275845
v -0.033429 1.205013 0.163276
v -0.030583 1.157213 0.203747
v 0.023835 1.249375 0.263382
v 0.025574 1.235061 0.278929
v 0.031706 1.232867 0.276014
v 0.029167 1.232774 0.278693
v 0.030258 1.272694 0.231291
v 0.023888 1.275921 0.233195
v -0.030762 1.157205 0.203879
v 0.031878 1.233024 0.275659
v 0.024019 1.275978 0.233026
v 0.030162 1.272867 0.231191
v -0.030655 1.157208 0.203798
v 0.023763 1.275856 0.233367
v 0.023367 1.262269 0.249100
v -0.032656 1.157636 0.204903
v -0.035660 1.160671 0.204816
v -0.027709 1.172842 0.188160
v 0.023646 1.275784 0.233541
v 0.030115 1.272946 0.231148
v -0.035575 1.160504 0.204890
v -0.032848 1.157726 0.204969
v 0.030231 1.232548 0.277931
v -0.035745 1.160858 0.204729
v -0.033038 1.157824 0.205027
v -0.029179 1.157715 0.202428
v -0.035700 1.160756 0.204775
v -0.033289 1.205065 0.163113
v 0.026028 1.276026 0.231338
v -0.035820 1.161046 0.204636
v -0.033226 1.157929 0.205077
v 0.025657 1.276106 0.231568
v -0.033142 1.205108 0.162952
v -0.029528 1.204193 0.160887
v 0.025841 1.276070 0.231450
v -0.035887 1.161233 0.204536
v 0.028013 1.233240 0.279151
v -0.029712 1.204312 0.160921
v 0.025476 1.276134 0.231693
v 0.027822 1.233341 0.279197
v -0.032990 1.205142 0.162794
v -0.029347 1.204068 0.160861
v 0.028206 1.233145 0.279096
v 0.025298 1.276153 0.231824
v -0.032833 1.205167 0.162640
v -0.029170 1.203936 0.160844
v 0.028399 1.233057 0.279032
v -0.031243 1.204995 0.161471
v 0.024456 1.276104 0.232541
v -0.031434 1.205044 0.161572
v 0.028113 1.275047 0.230625
v 0.024615 1.276131 0.232388
v -0.031050 1.204938 0.161377
v 0.028290 1.274915 0.230607
v 0.024304 1.276070 0.232698
v 0.027933 1.275174 0.230652
v -0.033409 1.158047 0.205125
v -0.030857 1.204872 0.161289
v -0.033280 1.157962 0.205090
v 0.024158 1.276028 0.232860
v 0.027750 1.275295 0.230688
v -0.033586 1.158174 0.205167
v -0.034587 1.201768 0.167150
v -0.034546 1.202455 0.166511
v -0.030664 1.204798 0.161209
v -0.034446 1.203631 0.165391
v -0.034367 1.204142 0.164870
v 0.027563 1.275406 0.230729
v -0.035944 1.161471 0.204382
v 0.026600 1.275848 0.231049
v -0.033761 1.158307 0.205200
v 0.027662 1.275349 0.230709
v 0.026793 1.275773 0.230968
v -0.032671 1.205183 0.162489
v -0.028996 1.203798 0.160834
v -0.035978 1.162017 0.203941
v 0.026408 1.275915 0.231138
v -0.033932 1.158447 0.205225
v -0.032504 1.205190 0.162343
v -0.028822 1.203660 0.160839
v -0.035976 1.163180 0.202931
v 0.027256 1.233680 0.279281
v 0.026217 1.275974 0.231234
v -0.028993 1.203795 0.160834
v -0.032333 1.205189 0.162201
v -0.028652 1.203518 0.160852
v 0.027442 1.233561 0.279262
v -0.032159 1.205178 0.162064
v -0.028488 1.203370 0.160873
v 0.027631 1.233448 0.279234
v -0.030471 1.204716 0.161136
v 0.025122 1.276162 0.231959
v 0.028802 1.274490 0.230609
v -0.031801 1.205128 0.161806
v -0.031437 1.205045 0.161574
v -0.030279 1.204626 0.161071
v 0.025216 1.276159 0.231890
v -0.031619 1.205091 0.161686
v -0.031982 1.205158 0.161933
v 0.024948 1.276160 0.232096
v -0.034099 1.158592 0.205243
v 0.028635 1.274636 0.230599
v -0.030088 1.204529 0.161013
v 0.024779 1.276149 0.232239
v -0.034262 1.158744 0.205252
v 0.028465 1.274778 0.230599
v -0.029899 1.204424 0.160963
v -0.034420 1.158901 0.205253
v 0.027371 1.275508 0.230776
v -0.028330 1.203217 0.160902
v 0.027179 1.275603 0.230832
v -0.035512 1.176065 0.191328
v 0.026531 1.234193 0.279254
v -0.028178 1.203060 0.160939
v 0.026986 1.275692 0.230896
v 0.026709 1.234061 0.279278
v -0.028032 1.202899 0.160984
v 0.026882 1.233940 0.279292
v -0.035038 1.190122 0.178189
v -0.055028 1.173823 0.220790
v 0.051945 1.216110 0.261635
v 0.045723 1.261301 0.221050
v 0.050026 1.218364 0.264116
v 0.047393 1.261302 0.216867
v -0.056530 1.178000 0.221300
v 0.045754 1.261445 0.220797
v 0.049339 1.258117 0.215257
v 0.049910 1.218547 0.264169
v -0.055238 1.174143 0.221013
v 0.052097 1.216020 0.261226
v 0.048584 1.221282 0.263840
v 0.047168 1.261488 0.217201
v 0.049169 1.258527 0.215265
v -0.056030 1.175870 0.221586
v 0.045722 1.260846 0.221626
v -0.055134 1.173979 0.220905
v 0.052023 1.216060 0.261432
v 0.048520 1.221472 0.263743
v 0.049255 1.258323 0.215256
v 0.047280 1.261400 0.217031
v 0.050611 1.217521 0.263701
v -0.054021 1.172789 0.219434
v 0.048653 1.221089 0.263929
v 0.045775 1.259779 0.222853
v -0.053903 1.172723 0.219257
v -0.055959 1.175660 0.221559
v 0.047059 1.261568 0.217377
v 0.049080 1.258730 0.215285
v 0.050500 1.217682 0.263806
v -0.054139 1.172865 0.219606
v -0.056097 1.176082 0.221603
v 0.050722 1.217366 0.263587
v 0.048720 1.220913 0.264000
v 0.048726 1.220894 0.264007
v 0.046953 1.261639 0.217558
v -0.050025 1.216725 0.175013
v 0.045817 1.259152 0.223551
v -0.054259 1.172950 0.219773
v -0.056160 1.176295 0.221610
v -0.050098 1.216934 0.174993
v -0.053749 1.220542 0.180311
v -0.052023 1.220213 0.176428
v 0.048801 1.220696 0.264075
v 0.048794 1.220714 0.264069
v -0.049956 1.216516 0.175044
v -0.053801 1.220452 0.180507
v 0.052558 1.216059 0.259494
v 0.052596 1.216106 0.259301
v -0.054369 1.173049 0.219938
v -0.052133 1.220321 0.176588
v 0.052635 1.216167 0.259090
v 0.052668 1.216237 0.258882
v 0.050832 1.217218 0.263464
v 0.052697 1.216317 0.258677
v 0.052649 1.217885 0.256699
v 0.052709 1.216882 0.257866
v -0.056220 1.176510 0.221606
v -0.053694 1.220621 0.180111
v 0.052718 1.216454 0.258423
v -0.051913 1.220096 0.176275
v -0.054260 1.172952 0.219775
v -0.049892 1.216308 0.175084
v -0.056579 1.178455 0.221076
v 0.051471 1.216486 0.262562
v 0.050942 1.217077 0.263333
v -0.056559 1.178204 0.221217
v 0.049258 1.219702 0.264273
v 0.051369 1.216588 0.262731
v -0.051803 1.219970 0.176129
v -0.053634 1.220691 0.179909
v -0.056571 1.179005 0.220638
v 0.049159 1.219901 0.264254
v -0.049834 1.216100 0.175133
v 0.051725 1.229532 0.243879
v 0.051572 1.216393 0.262388
v -0.055341 1.174313 0.221112
v 0.049360 1.219504 0.264281
v -0.051694 1.219837 0.175990
v -0.053571 1.220751 0.179705
v -0.056510 1.180155 0.219616
v 0.049642 1.257292 0.215366
v 0.051670 1.216309 0.262208
v -0.055441 1.174489 0.221202
v 0.049709 1.257087 0.215419
v 0.049465 1.219308 0.264280
v 0.047715 1.260948 0.216405
v 0.045894 1.261673 0.220189
v 0.049571 1.257498 0.215323
v 0.051765 1.216233 0.262022
v 0.047824 1.260814 0.216266
v 0.045953 1.261730 0.219983
v -0.055539 1.174671 0.221283
v 0.049573 1.219114 0.264268
v 0.050909 1.242674 0.229840
v 0.047607 1.261074 0.216552
v 0.045841 1.261606 0.220394
v 0.048257 1.223294 0.262015
v 0.049497 1.257704 0.215291
v -0.054480 1.173156 0.220097
v -0.055634 1.174858 0.221355
v -0.056275 1.176726 0.221593
v 0.047500 1.261193 0.216706
v 0.045795 1.261530 0.220597
v 0.048379 1.222219 0.263112
v 0.049419 1.257911 0.215268
v -0.054591 1.173273 0.220250
v 0.050143 1.218187 0.264053
v 0.051930 1.216122 0.261673
v -0.056326 1.176942 0.221570
v 0.047412 1.261284 0.216840
v 0.048458 1.221706 0.263585
v -0.049787 1.215917 0.175186
v -0.049780 1.215893 0.175193
v -0.054701 1.173398 0.220395
v 0.050262 1.218013 0.263981
v -0.056373 1.177157 0.221537
v -0.053503 1.220801 0.179499
v -0.051585 1.219695 0.175858
v -0.054811 1.173532 0.220534
v -0.049727 1.215689 0.175263
v 0.050381 1.217845 0.263898
v -0.056415 1.177372 0.221494
v -0.053432 1.220840 0.179293
v -0.051476 1.219546 0.175735
v 0.051051 1.216943 0.263194
v -0.049680 1.215487 0.175343
v 0.050489 1.217699 0.263816
v 0.048884 1.220498 0.264135
v -0.053358 1.220869 0.179086
v -0.051369 1.219390 0.175619
v 0.051158 1.216817 0.263047
v -0.049639 1.215288 0.175431
v -0.055726 1.175050 0.221418
v -0.055713 1.175021 0.221409
v 0.048972 1.220299 0.264185
v -0.053280 1.220888 0.178879
v -0.055586 1.192772 0.207748
v -0.051264 1.219227 0.175512
v 0.051264 1.216698 0.262892
v 0.049888 1.256486 0.215639
v -0.055806 1.175250 0.221475
v 0.049064 1.220100 0.264224
v 0.046147 1.261841 0.219356
v 0.049939 1.256291 0.215732
v 0.048154 1.260370 0.215897
v 0.049832 1.256684 0.215556
v 0.046220 1.261858 0.219148
v -0.055884 1.175453 0.221522
v 0.048264 1.260208 0.215792
v 0.046079 1.261814 0.219566
v 0.048044 1.260525 0.216011
v 0.049773 1.256885 0.215483
v -0.054920 1.173673 0.220666
v -0.056458 1.177584 0.221439
v 0.046015 1.261778 0.219775
v 0.047934 1.260673 0.216134
v -0.056419 1.177392 0.221489
v 0.052168 1.215989 0.261017
v 0.052235 1.215968 0.260806
v 0.049683 1.218922 0.264245
v 0.052299 1.215958 0.260592
v 0.047201 1.235095 0.249346
v 0.052512 1.216015 0.259729
v -0.056496 1.177793 0.221374
v 0.052554 1.216055 0.259513
v 0.045996 1.261763 0.219842
v 0.052358 1.215957 0.260377
v 0.052414 1.215966 0.260161
v 0.052465 1.215986 0.259945
v -0.049608 1.215038 0.175580
v -0.053200 1.220896 0.178672
v 0.049795 1.218732 0.264212
v -0.049607 1.214470 0.176044
v -0.053116 1.220893 0.178467
v -0.051190 1.219106 0.175442
v -0.051157 1.219058 0.175415
v -0.051046 1.218887 0.175329
v -0.053030 1.220880 0.178263
v -0.049661 1.213261 0.177132
v -0.052941 1.172585 0.217524
v -0.050937 1.218709 0.175252
v -0.052849 1.172621 0.217324
v -0.054771 1.206581 0.194366
v -0.052142 1.174735 0.214289
v -0.052942 1.220857 0.178061
v -0.053036 1.172559 0.217723
v -0.049703 1.212574 0.177771
v -0.050830 1.218527 0.175185
v -0.054094 1.218012 0.183117
v -0.052264 1.173658 0.215383
v 0.046467 1.261849 0.218530
v 0.050233 1.253724 0.218216
v 0.050175 1.254370 0.217536
v 0.046557 1.261826 0.218328
v 0.048589 1.259690 0.215531
v 0.046380 1.261862 0.218734
v -0.052344 1.173193 0.215904
v 0.048695 1.259507 0.215464
v 0.048481 1.259868 0.215608
v 0.050061 1.255509 0.216381
v 0.046298 1.261865 0.218940
v -0.052406 1.173040 0.216141
v 0.049991 1.256049 0.215888
v -0.050271 1.201012 0.188892
v 0.048373 1.260041 0.215695
v -0.052851 1.220823 0.177861
v -0.053135 1.172544 0.217922
v -0.051086 1.187199 0.202270
v -0.050726 1.218339 0.175127
v -0.052758 1.220779 0.177664
v -0.053237 1.172538 0.218120
v -0.050626 1.218148 0.175078
v -0.052663 1.220725 0.177471
v -0.053342 1.172544 0.218317
v -0.050528 1.217952 0.175039
v -0.052594 1.220678 0.177334
v -0.054037 1.218681 0.182458
v -0.052565 1.220661 0.177283
v -0.053450 1.172559 0.218511
v -0.052469 1.172945 0.216332
v 0.046849 1.261700 0.217745
v -0.050434 1.217753 0.175010
v -0.052534 1.172862 0.216528
v 0.051857 1.216167 0.261831
v -0.052476 1.172937 0.216351
v 0.048990 1.258930 0.215315
v 0.046748 1.261752 0.217935
v -0.052604 1.172788 0.216726
v 0.048897 1.259127 0.215356
v 0.046651 1.261794 0.218130
v -0.052671 1.172730 0.216907
v -0.052678 1.172724 0.216925
v 0.048823 1.259278 0.215395
v 0.048800 1.259320 0.215406
v -0.052458 1.220591 0.177101
v -0.053560 1.172585 0.218702
v -0.050344 1.217552 0.174991
v -0.052351 1.220510 0.176925
v -0.053673 1.172621 0.218891
v -0.050258 1.217347 0.174982
v -0.052242 1.220420 0.176753
v -0.053787 1.172667 0.219076
v -0.050176 1.217141 0.174982
v -0.052762 1.172668 0.217124
v -0.053923 1.219817 0.181300
v -0.053852 1.220300 0.180751
v 0.046386 1.248233 0.235304
v -0.005961 1.276695 0.174187
v -0.009898 1.274811 0.172337
v -0.010091 1.273033 0.170557
v -0.011312 1.271382 0.168936
v -0.010153 1.268389 0.165989
v -0.007818 1.264900 0.162560
v -0.006926 1.263049 0.160744
v 0.004013 1.264847 0.162508
v 0.006402 1.265182 0.162844
v 0.005811 1.266832 0.164458
v 0.001907 1.275623 0.173103
v -0.000207 1.276102 0.173575
v -0.002496 1.284839 0.201373
v -0.010267 1.284174 0.200656
v -0.036400 1.253512 0.170514
v 0.022923 1.277496 0.194393
v 0.010271 1.283259 0.199934
v -0.027639 1.277445 0.192942
v -0.037374 1.259134 0.175642
v -0.026539 1.241778 0.158184
v -0.002765 1.234468 0.151351
v 0.018901 1.280562 0.196004
v -0.008890 1.284817 0.187932
v -0.006881 1.280132 0.178466
v -0.006311 1.279265 0.177237
v -0.008689 1.278886 0.176944
v -0.011208 1.279109 0.177627
v -0.011557 1.277266 0.175271
v -0.012468 1.277486 0.175648
v -0.024759 1.273642 0.175627
v -0.024080 1.272813 0.174107
v -0.015772 1.269704 0.167538
v -0.015586 1.267244 0.165114
v -0.016406 1.263156 0.161667
v -0.009269 1.257930 0.156619
v -0.006096 1.258377 0.156707
v -0.003430 1.258023 0.156356
v -0.000265 1.257017 0.155634
v 0.004105 1.258499 0.156893
v 0.007714 1.258133 0.157023
v 0.007798 1.260430 0.158724
v 0.011610 1.263767 0.162003
v 0.014894 1.267514 0.166067
v 0.012584 1.269867 0.167830
v 0.013003 1.270336 0.168354
v 0.010962 1.276470 0.174882
v 0.009576 1.274943 0.172751
v 0.001284 1.279703 0.177722
v 0.000710 1.285233 0.188049
v -0.003815 1.283069 0.183153
v -0.005625 1.284292 0.185936
v -0.010186 1.283449 0.185096
v -0.018384 1.279930 0.181632
v -0.021615 1.277384 0.179130
v -0.025701 1.271201 0.173052
v -0.026399 1.267814 0.169723
v -0.026162 1.264386 0.166356
v -0.024990 1.261057 0.163085
v -0.022923 1.257963 0.160040
v -0.020061 1.255201 0.157331
v -0.016485 1.252897 0.155066
v -0.012356 1.251127 0.153331
v -0.007829 1.249996 0.152208
v -0.003088 1.249495 0.151716
v 0.001734 1.249655 0.151880
v 0.006405 1.250495 0.152704
v 0.010855 1.250882 0.153692
v 0.014637 1.254020 0.156172
v 0.017836 1.256557 0.158661
v 0.020312 1.259501 0.161557
v 0.021935 1.262734 0.164737
v 0.022622 1.266133 0.168070
v 0.022386 1.269565 0.171447
v 0.021209 1.272899 0.174725
v 0.019160 1.275982 0.177756
v 0.016281 1.278738 0.180459
v 0.012707 1.281044 0.182727
v 0.008590 1.282801 0.184455
v 0.003971 1.283992 0.185644
v -0.000231 1.284500 0.186216
v -0.002270 1.275014 0.172499
v -0.006167 1.274172 0.171672
v -0.008053 1.273108 0.170627
v -0.010588 1.272390 0.169925
v -0.011531 1.271115 0.168677
v -0.011519 1.270736 0.168299
v -0.010955 1.266259 0.163900
v -0.007475 1.264726 0.162388
v -0.003830 1.263487 0.161171
v -0.002103 1.262015 0.159730
v -0.001082 1.261991 0.159710
v 0.001932 1.263891 0.161567
v 0.006367 1.268365 0.165965
v 0.007887 1.270234 0.167806
v 0.005857 1.271403 0.168951
v 0.004726 1.272698 0.170223
v 0.003381 1.275197 0.172689
v 0.001095 1.275909 0.173388
v -0.000160 1.277054 0.174539
v -0.001186 1.275022 0.172508
v -0.008817 1.275680 0.173209
v -0.012819 1.260888 0.159228
v -0.010268 1.263685 0.161395
v -0.010237 1.265150 0.162814
v -0.013986 1.262784 0.160883
v 0.011417 1.262396 0.160824
v 0.007955 1.264633 0.162359
v 0.006104 1.262785 0.160570
v 0.009175 1.260983 0.159321
v 0.003911 1.278848 0.176742
v -0.017917 1.268693 0.167016
v -0.016587 1.271514 0.169537
v 0.001200 1.257550 0.156061
v -0.002646 1.260851 0.158638
v -0.000807 1.255390 0.154549
v 0.012959 1.273069 0.171316
v 0.009169 1.271461 0.169063
v -0.011133 1.257148 0.156278
v -0.008143 1.262080 0.159850
v 0.008472 1.265183 0.162910
v 0.001070 1.277306 0.174843
v -0.017151 1.266557 0.164800
v -0.013581 1.267894 0.165584
v 0.012738 1.276354 0.175153
v 0.008445 1.273350 0.170960
v -0.014952 1.276242 0.174642
v -0.011483 1.274106 0.171697
v -0.007889 1.258164 0.156665
v -0.006816 1.261351 0.159160
v 0.014169 1.264942 0.163541
v 0.008015 1.267852 0.165471
v -0.003857 1.277273 0.174789
v -0.018416 1.262769 0.161802
v -0.012967 1.264243 0.162089
v 0.004444 1.262191 0.159954
v -0.004984 1.257551 0.156062
v -0.003904 1.260978 0.158759
v -0.001987 1.270042 0.167615
v -0.004720 1.270212 0.167780
v -0.004238 1.269460 0.167041
v -0.003840 1.269091 0.166679
v -0.004290 1.267976 0.165583
v -0.004091 1.267556 0.165170
v -0.002823 1.267953 0.165559
v -0.002122 1.267423 0.165039
v -0.001157 1.266881 0.164507
v -0.000683 1.267341 0.164958
v -0.000174 1.267557 0.165171
v 0.000275 1.268235 0.165837
v 0.001004 1.268356 0.165956
v 0.002451 1.270058 0.167629
v -0.000514 1.269126 0.166712
v -0.000177 1.269821 0.167396
v -0.000268 1.270996 0.168551
v -0.000812 1.271185 0.168737
v -0.001059 1.270685 0.168245
v -0.005840 1.267425 0.165042
v -0.003736 1.267121 0.164742
v 0.001893 1.270948 0.168504
v -0.003599 1.272856 0.170380
v 0.000594 1.271204 0.168755
v -0.001835 1.265889 0.163531
v -0.007934 1.274663 0.172159
v -0.006622 1.272499 0.170028
v -0.000556 1.272779 0.170304
v -0.005059 1.270674 0.168235
v 0.001832 1.265153 0.162808
v 0.001928 1.266205 0.163842
v 0.000772 1.267787 0.165397
v -0.005956 1.269398 0.166981
v 0.004590 1.268017 0.165623
v -0.005750 1.267982 0.165588
v -0.010143 1.283273 0.201264
v -0.004461 1.280732 0.202012
v -0.008087 1.279304 0.200794
v -0.008356 1.280402 0.201624
v -0.016753 1.282508 0.199126
v -0.012115 1.281245 0.201386
v -0.011234 1.279919 0.201158
v -0.019977 1.279442 0.198771
v -0.020308 1.276871 0.198154
v -0.016726 1.269461 0.191344
v -0.027373 1.276203 0.194296
v -0.024506 1.277948 0.196317
v -0.022095 1.275832 0.197211
v -0.025546 1.273478 0.194931
v -0.028878 1.275323 0.193074
v -0.029455 1.270348 0.191742
v -0.031027 1.268544 0.189976
v -0.023425 1.262872 0.184865
v -0.036760 1.262547 0.180983
v -0.035470 1.266478 0.184852
v -0.034874 1.268754 0.185783
v -0.035266 1.264797 0.184833
v -0.034406 1.261824 0.183364
v -0.037287 1.261732 0.178714
v -0.036979 1.263302 0.180427
v -0.034678 1.260196 0.181842
v -0.035043 1.257210 0.178830
v -0.025176 1.256660 0.178757
v -0.037132 1.256862 0.175162
v -0.034075 1.252583 0.174430
v -0.034423 1.249266 0.166721
v -0.036010 1.252274 0.171202
v -0.033404 1.249753 0.171509
v -0.029455 1.244074 0.165918
v -0.032395 1.246253 0.164111
v -0.023751 1.239470 0.161491
v -0.018468 1.239341 0.161612
v -0.020308 1.237550 0.159506
v -0.012009 1.242181 0.164530
v -0.017083 1.236190 0.154649
v -0.018242 1.236622 0.158622
v -0.008750 1.234026 0.153197
v -0.007444 1.233521 0.154523
v -0.011497 1.234130 0.154698
v -0.008356 1.234019 0.156036
v -0.000364 1.233776 0.152272
v -0.002255 1.234179 0.151574
v -0.005361 1.234108 0.152022
v -0.006813 1.234437 0.151813
v -0.006033 1.233779 0.155879
v -0.001888 1.233564 0.155589
v 0.000893 1.240725 0.163101
v 0.006089 1.234442 0.152788
v 0.000723 1.233967 0.152092
v 0.004581 1.234019 0.156036
v 0.010787 1.235839 0.153248
v 0.009083 1.234692 0.154052
v 0.007595 1.235003 0.152636
v 0.008564 1.234729 0.156741
v 0.019022 1.238495 0.157342
v 0.017733 1.238317 0.155817
v 0.018765 1.237970 0.158342
v 0.016532 1.237550 0.159506
v 0.011299 1.243339 0.165665
v 0.020586 1.239642 0.157613
v 0.018359 1.238531 0.160549
v 0.021797 1.240848 0.162859
v 0.024942 1.242598 0.160806
v 0.025343 1.244079 0.166071
v 0.018672 1.249477 0.171701
v 0.028966 1.246663 0.164744
v 0.027775 1.246568 0.168379
v 0.031753 1.251116 0.169478
v 0.032045 1.253751 0.174404
v 0.031491 1.251083 0.171358
v 0.030630 1.252597 0.174296
v 0.033637 1.259369 0.176468
v 0.033553 1.257688 0.175738
v 0.033324 1.256258 0.173595
v 0.031232 1.255510 0.177167
v 0.020958 1.259106 0.181166
v 0.032979 1.264303 0.181318
v 0.033563 1.260497 0.177862
v 0.033609 1.260590 0.177602
v 0.030630 1.261824 0.183364
v 0.031256 1.268365 0.185517
v 0.032307 1.264926 0.183498
v 0.032305 1.266165 0.183276
v 0.030015 1.263366 0.184957
v 0.028744 1.266259 0.187724
v 0.027603 1.273506 0.190461
v 0.028915 1.270761 0.189398
v 0.025680 1.270348 0.191742
v 0.017185 1.266389 0.188320
v 0.026577 1.274317 0.191542
v 0.024304 1.271561 0.193013
v 0.021557 1.273931 0.195264
v 0.016349 1.276589 0.198025
v 0.010467 1.270907 0.192762
v 0.012375 1.282549 0.199454
v 0.013007 1.278372 0.199637
v 0.004409 1.283994 0.201343
v 0.009806 1.282419 0.200698
v 0.004581 1.280402 0.201624
v 0.001367 1.284375 0.201557
v 0.001629 1.280746 0.201969
v -0.004817 1.273229 0.195048
v 0.005866 1.284855 0.200023
v -0.000286 1.286239 0.199229
v -0.000321 1.286922 0.196960
v 0.007265 1.285686 0.197666
v 0.006269 1.286237 0.196296
v 0.007447 1.285880 0.193562
v 0.017660 1.281666 0.195683
v 0.014729 1.283795 0.193779
v 0.016339 1.282991 0.191516
v 0.013272 1.284160 0.191871
v 0.019391 1.281373 0.193409
v 0.024006 1.278015 0.191660
v 0.018239 1.282232 0.192342
v 0.021704 1.280075 0.189818
v 0.018513 1.281662 0.189416
v 0.026589 1.274964 0.190897
v 0.024453 1.276707 0.192968
v 0.026475 1.276328 0.188432
v 0.024743 1.277652 0.187750
v 0.025935 1.276464 0.186272
v 0.022971 1.278483 0.186291
v 0.031246 1.269289 0.183737
v 0.028700 1.272845 0.188667
v 0.028300 1.273653 0.183821
v 0.029098 1.272329 0.182204
v 0.026474 1.274744 0.182617
v 0.031749 1.268071 0.181096
v 0.032425 1.266445 0.180157
v 0.030691 1.269249 0.179497
v 0.031064 1.267844 0.177792
v 0.028886 1.270590 0.178534
v 0.033494 1.261565 0.177548
v 0.031826 1.264602 0.174924
v 0.031769 1.263162 0.173190
v 0.030116 1.266181 0.174200
v 0.033218 1.256904 0.172609
v 0.031671 1.259865 0.170268
v 0.031179 1.258482 0.168588
v 0.030116 1.261685 0.169781
v 0.031556 1.251383 0.167792
v 0.032719 1.254397 0.170645
v 0.031106 1.254602 0.166490
v 0.030229 1.255247 0.165737
v 0.029323 1.253968 0.164154
v 0.028886 1.257275 0.165447
v 0.027544 1.250932 0.161485
v 0.026265 1.249797 0.160056
v 0.026474 1.253121 0.161364
v 0.023285 1.241951 0.158635
v 0.024577 1.245969 0.158252
v 0.023746 1.247068 0.157694
v 0.022121 1.246127 0.156451
v 0.022971 1.249383 0.157690
v 0.019232 1.239592 0.156130
v 0.020655 1.240391 0.156744
v 0.018958 1.243810 0.154489
v 0.017061 1.243113 0.153488
v 0.018513 1.246204 0.154565
v 0.011113 1.236632 0.152728
v 0.009178 1.238337 0.151043
v 0.013355 1.241268 0.151994
v 0.011275 1.240856 0.151273
v 0.013272 1.243706 0.152110
v 0.003240 1.235665 0.150925
v 0.009234 1.235776 0.152514
v 0.007432 1.235897 0.151819
v 0.007172 1.239562 0.150316
v 0.004969 1.239451 0.149888
v 0.007447 1.241985 0.150419
v 0.002393 1.235118 0.151177
v 0.003074 1.234457 0.151697
v 0.004087 1.236108 0.150713
v 0.000646 1.238756 0.149514
v -0.001586 1.238949 0.149394
v 0.001264 1.241108 0.149557
v -0.005983 1.238867 0.149621
v -0.008147 1.239368 0.149805
v -0.005040 1.241108 0.149557
v -0.013270 1.235613 0.152678
v -0.015429 1.238256 0.152065
v -0.012443 1.239886 0.150633
v -0.014489 1.240691 0.151109
v -0.011223 1.241985 0.150419
v -0.017835 1.237191 0.153976
v -0.018517 1.241789 0.152514
v -0.020330 1.242871 0.153250
v -0.017047 1.243706 0.152110
v -0.023934 1.244521 0.155180
v -0.025477 1.245828 0.156157
v -0.022289 1.246204 0.154565
v -0.028521 1.247939 0.158549
v -0.026747 1.249383 0.157690
v -0.035220 1.251227 0.167571
v -0.032008 1.246326 0.163104
v -0.032147 1.249885 0.162200
v -0.032058 1.251923 0.162455
v -0.032198 1.254582 0.163593
v -0.030249 1.253121 0.161364
v -0.033799 1.254526 0.165111
v -0.034837 1.258056 0.168171
v -0.032661 1.257275 0.165447
v -0.037103 1.256647 0.172920
v -0.035604 1.260993 0.171378
v -0.035545 1.262738 0.172774
v -0.033891 1.261685 0.169781
v -0.036137 1.266667 0.181170
v -0.036888 1.264072 0.180562
v -0.036992 1.263411 0.178862
v -0.035454 1.265704 0.176013
v -0.034957 1.267428 0.177387
v -0.033891 1.266181 0.174200
v -0.036128 1.266458 0.182731
v -0.036288 1.266451 0.180544
v -0.033999 1.270336 0.180552
v -0.033097 1.271942 0.181822
v -0.032661 1.270590 0.178534
v -0.030214 1.275593 0.190189
v -0.032230 1.273010 0.189027
v -0.031327 1.274651 0.184797
v -0.030041 1.276110 0.185919
v -0.030249 1.274744 0.182617
v -0.025521 1.278745 0.194794
v -0.030476 1.275660 0.188807
v -0.026520 1.279015 0.192132
v -0.027504 1.278532 0.188612
v -0.025906 1.279770 0.189517
v -0.026747 1.278483 0.186291
v -0.021594 1.280948 0.196758
v -0.022716 1.281789 0.191805
v -0.020842 1.282790 0.192488
v -0.015278 1.283224 0.199298
v -0.016383 1.283664 0.197704
v -0.017132 1.284318 0.194298
v -0.017047 1.284160 0.191871
v -0.012264 1.285584 0.196997
v -0.013417 1.285508 0.195570
v -0.006970 1.286675 0.196716
v -0.005040 1.286757 0.194424
v 0.005054 1.284454 0.200802
v -0.020508 1.280946 0.197799
v -0.021630 1.280657 0.197070
v -0.030409 1.274820 0.191092
v -0.033992 1.248773 0.165678
v -0.022327 1.238775 0.156104
v -0.008811 1.234890 0.151882
v 0.005284 1.234696 0.152106
v 0.013155 1.236490 0.154009
v 0.026801 1.244800 0.161582
v 0.017161 1.281028 0.197429
v -0.001070 1.286664 0.192722
v -0.009551 1.286062 0.192647
v 0.002625 1.286511 0.193090
v -0.012901 1.285217 0.191301
v -0.017821 1.283398 0.189274
v -0.024982 1.279689 0.186848
v -0.028747 1.276195 0.183411
v -0.031496 1.272229 0.179510
v -0.033115 1.267945 0.175304
v -0.033525 1.263536 0.170968
v -0.032706 1.259120 0.166621
v -0.030732 1.254948 0.162529
v -0.027633 1.251108 0.158757
v -0.023541 1.247777 0.155484
v -0.018609 1.245078 0.152829
v -0.013069 1.243125 0.150911
v -0.007077 1.241970 0.149780
v -0.000897 1.241681 0.149491
v 0.005267 1.242261 0.150055
v 0.011129 1.243672 0.151444
v 0.016520 1.245879 0.153618
v 0.021208 1.248812 0.156496
v 0.024985 1.252326 0.159947
v 0.027734 1.256278 0.163840
v 0.029341 1.260562 0.168046
v 0.029756 1.264966 0.172382
v 0.028944 1.269361 0.176694
v 0.026963 1.273537 0.180799
v 0.023862 1.277379 0.184577
v 0.019758 1.280720 0.187855
v 0.014870 1.283403 0.190501
v 0.009280 1.285372 0.192430
v 0.002763 1.284663 0.201139
v 0.000049 1.285044 0.201092
v -0.018480 1.281928 0.198514
v -0.024640 1.279018 0.195594
v -0.027316 1.277254 0.193833
v -0.030116 1.274850 0.191710
v -0.032316 1.272549 0.189306
v -0.033899 1.270961 0.186891
v -0.033964 1.270248 0.187208
v -0.036065 1.266386 0.183367
v -0.037413 1.258825 0.175760
v -0.036999 1.255777 0.172826
v -0.035431 1.251211 0.168302
v -0.033653 1.248547 0.165091
v -0.031931 1.245965 0.163288
v -0.030022 1.243955 0.161362
v -0.028440 1.242791 0.159834
v -0.024821 1.240247 0.157346
v -0.024967 1.240301 0.157443
v -0.019114 1.237359 0.154694
v -0.015576 1.236222 0.153417
v -0.012723 1.235014 0.153271
v -0.010392 1.234811 0.152460
v -0.006293 1.234907 0.151337
v 0.000592 1.234063 0.151813
v 0.014137 1.237038 0.154145
v 0.014868 1.237485 0.154255
v 0.018862 1.239006 0.156241
v 0.023140 1.241482 0.158887
v 0.025354 1.243217 0.160524
v 0.028543 1.246430 0.163623
v 0.029542 1.247732 0.164818
v 0.030891 1.249747 0.166899
v 0.032082 1.251957 0.169485
v 0.032985 1.254731 0.171663
v 0.033609 1.258453 0.175187
v 0.033254 1.263412 0.180056
v 0.032539 1.265888 0.182284
v 0.031589 1.268125 0.184698
v 0.030232 1.270519 0.186923
v 0.030555 1.269590 0.186723
v 0.029008 1.272016 0.188745
v 0.025489 1.275625 0.192366
v 0.020908 1.279106 0.195418
v 0.020508 1.279018 0.195923
v 0.015822 1.281469 0.198064
v 0.013293 1.282673 0.198704
v 0.008702 1.283807 0.200150
v -0.004393 1.284843 0.201274
v -0.008031 1.284752 0.200715
v -0.007756 1.284551 0.200977
v -0.005385 1.286142 0.190879
v -0.012247 1.283653 0.200388
v -0.014794 1.283237 0.199545
v -0.006884 1.277645 0.175249
v -0.010906 1.285025 0.189318
v 0.005993 1.285520 0.190266
v 0.011357 1.284030 0.188797
v 0.016199 1.281833 0.186645
v 0.020341 1.279003 0.183860
v 0.023641 1.275644 0.180562
v 0.025946 1.271896 0.176874
v 0.027184 1.267914 0.172959
v 0.027313 1.263813 0.168930
v 0.026314 1.259776 0.164961
v 0.024233 1.255961 0.161212
v 0.021150 1.252510 0.157820
v 0.017167 1.249541 0.154904
v 0.012460 1.247194 0.152597
v 0.007214 1.245556 0.150983
v 0.001611 1.244667 0.150112
v -0.004121 1.244578 0.150025
v -0.009771 1.245288 0.150723
v -0.015128 1.246773 0.152183
v -0.019970 1.248973 0.154345
v -0.024119 1.251813 0.157133
v -0.027403 1.255153 0.160419
v -0.029715 1.258892 0.164095
v -0.030964 1.262897 0.168031
v -0.031085 1.267002 0.172062
v -0.030099 1.271018 0.176015
v -0.028016 1.274841 0.179773
v -0.024924 1.278300 0.183168
v -0.020956 1.281256 0.186076
v -0.015743 1.283212 0.186984
v 0.000171 1.286016 0.190303
v -0.006873 1.281009 0.179711
v -0.011825 1.282387 0.183324
v -0.015405 1.280795 0.181786
v -0.014876 1.279294 0.179002
v -0.017723 1.277254 0.176990
v -0.020602 1.274683 0.174487
v -0.017637 1.273941 0.172548
v -0.019915 1.272661 0.171830
v -0.020838 1.270085 0.169336
v -0.020958 1.267376 0.166673
v -0.020362 1.264773 0.164115
v -0.016934 1.260151 0.159486
v -0.014514 1.258038 0.157498
v -0.008019 1.255373 0.154874
v -0.004414 1.254765 0.154279
v 0.003042 1.255106 0.154615
v 0.009995 1.254640 0.155330
v 0.009746 1.257455 0.156926
v 0.012457 1.259269 0.158705
v 0.014674 1.261458 0.160860
v 0.017715 1.263716 0.163685
v 0.018500 1.266529 0.166447
v 0.017189 1.269196 0.168463
v 0.016577 1.271810 0.171031
v 0.015116 1.274227 0.173319
v 0.010636 1.278526 0.177596
v 0.007656 1.279969 0.178962
v 0.004268 1.281194 0.180256
v 0.000639 1.281692 0.180656
v -0.013076 1.262334 0.160463
v -0.010012 1.265014 0.162680
v 0.003909 1.277305 0.174901
v -0.002015 1.259923 0.157819
v -0.000535 1.261925 0.159651
v 0.007977 1.270877 0.168450
v 0.007779 1.270905 0.168471
v 0.006821 1.265512 0.163173
v -0.011953 1.269209 0.166805
v 0.001062 1.259963 0.157899
v 0.000614 1.262292 0.160001
v 0.010530 1.273415 0.171237
v -0.009666 1.273791 0.171314
v -0.008996 1.259898 0.158070
v -0.006030 1.262580 0.160289
v 0.012620 1.264678 0.162959
v 0.009405 1.267407 0.165074
v -0.003672 1.279170 0.177011
v -0.003403 1.279640 0.177529
v -0.003643 1.276164 0.173640
v -0.002169 1.277287 0.174784
v -0.013104 1.266991 0.164679
v 0.005565 1.260041 0.158211
v 0.002584 1.262595 0.160310
v 0.006190 1.273412 0.170935
v -0.014683 1.273778 0.171711
v -0.012585 1.272596 0.170200
v 0.012630 1.267483 0.165514
v 0.007970 1.268098 0.165709
v -0.004692 1.275980 0.173460
v -0.011080 1.266014 0.163670
v 0.004478 1.263457 0.161157
v 0.006766 1.276429 0.174139
v 0.004592 1.274520 0.172023
v 0.006498 1.276942 0.174557
v -0.014608 1.271485 0.169218
v 0.009930 1.269084 0.166754
v 0.003644 1.269573 0.167153
v 0.001984 1.269388 0.166971
v -0.005728 1.266516 0.164148
v -0.005395 1.265755 0.163400
v 0.002829 1.270884 0.168440
v -0.006136 1.263950 0.161626
v -0.004080 1.265358 0.163009
v -0.003476 1.266511 0.164142
v -0.003609 1.267341 0.164959
v -0.002561 1.271737 0.169279
v -0.001611 1.271249 0.168799
v 0.002603 1.271852 0.169392
v 0.000549 1.270356 0.167922
v -0.002625 1.266177 0.163815
v -0.002778 1.267002 0.164625
v -0.002269 1.272304 0.169837
v 0.002591 1.272567 0.170095
v -0.004146 1.271855 0.169395
v -0.004528 1.273154 0.170673
v -0.003142 1.271247 0.168797
v 0.001085 1.271716 0.169259
v 0.000322 1.271938 0.169477
v -0.000209 1.271036 0.168590
v -0.001238 1.266042 0.163683
v -0.001624 1.266552 0.164183
v -0.005411 1.272084 0.169621
v -0.004809 1.271059 0.168613
v -0.003306 1.271047 0.168600
v -0.003978 1.270934 0.168490
v 0.000571 1.273211 0.170729
v -0.000675 1.271342 0.168891
v 0.000405 1.263385 0.161071
v -0.003290 1.270215 0.167784
v -0.001406 1.271990 0.169528
v -0.001167 1.267320 0.164937
v -0.006112 1.271227 0.168778
v -0.005725 1.270478 0.168042
v 0.001078 1.265607 0.163254
v -0.000121 1.267273 0.164891
v -0.007053 1.270132 0.167702
v -0.005540 1.269706 0.167283
v 0.002292 1.266943 0.164567
v 0.000295 1.267535 0.165149
v -0.010048 1.269674 0.167252
v 0.005590 1.266417 0.164051
v -0.007821 1.268464 0.166062
v -0.006383 1.268801 0.166393
v 0.001051 1.268123 0.165727
v 0.002159 1.268344 0.165944
v -0.007745 1.267824 0.165433
v -0.005581 1.268567 0.166164
v 0.002393 1.268702 0.166296
v 0.002011 1.268774 0.166367
v 0.001644 1.268919 0.166510
v -0.007815 1.266934 0.164559
v -0.004735 1.268278 0.165879
v -0.002107 1.269183 0.166769
v -0.003549 1.269002 0.166591
v -0.001835 1.268935 0.166525
v -0.001106 1.269474 0.167056
v -0.004210 1.284016 0.201875
v -0.002340 1.284077 0.202058
v -0.007764 1.282975 0.201862
v -0.005123 1.282524 0.202336
v -0.005071 1.281764 0.202307
v -0.002473 1.280628 0.201959
v -0.008040 1.277070 0.198730
v -0.003635 1.277202 0.198866
v -0.012419 1.282322 0.201060
v -0.011795 1.280817 0.201417
v -0.012245 1.280415 0.201238
v -0.009883 1.280602 0.201659
v -0.017272 1.281183 0.199655
v -0.018327 1.280086 0.199436
v -0.017165 1.279428 0.199906
v -0.021295 1.277076 0.198071
v -0.015622 1.278424 0.199806
v -0.016739 1.277769 0.199232
v -0.017318 1.273523 0.195261
v -0.022785 1.279020 0.197180
v -0.023927 1.276981 0.196897
v -0.023544 1.276339 0.197014
v -0.023792 1.275839 0.196742
v -0.021382 1.274237 0.195876
v -0.027976 1.275515 0.194030
v -0.032114 1.270551 0.190166
v -0.028722 1.273551 0.193524
v -0.028159 1.273066 0.193755
v -0.028968 1.271707 0.192767
v -0.028792 1.270459 0.191990
v -0.023371 1.269626 0.191428
v -0.032621 1.271360 0.189378
v -0.033273 1.269570 0.188651
v -0.033858 1.268541 0.187679
v -0.031995 1.269000 0.189798
v -0.031944 1.268484 0.189536
v -0.026109 1.268106 0.189920
v -0.035264 1.265357 0.184964
v -0.034635 1.264304 0.185183
v -0.035164 1.261517 0.182779
v -0.032500 1.265789 0.187374
v -0.032873 1.264215 0.185910
v -0.029158 1.260901 0.182856
v -0.036719 1.256472 0.176355
v -0.036398 1.260274 0.180474
v -0.036033 1.259559 0.180335
v -0.035653 1.259393 0.180575
v -0.032713 1.259246 0.181143
v -0.037133 1.259045 0.177953
v -0.036575 1.254137 0.173164
v -0.035786 1.254854 0.175891
v -0.036422 1.257150 0.177470
v -0.034860 1.252102 0.173526
v -0.034706 1.256252 0.178013
v -0.034301 1.253329 0.175123
v -0.029188 1.253223 0.175309
v -0.033205 1.247093 0.167145
v -0.035053 1.250683 0.171046
v -0.034474 1.250090 0.171034
v -0.034149 1.250035 0.171380
v -0.031612 1.250765 0.172806
v -0.033792 1.248023 0.166791
v -0.032275 1.245852 0.165290
v -0.029595 1.242945 0.163060
v -0.031771 1.245804 0.166999
v -0.033417 1.247789 0.168276
v -0.029540 1.243509 0.165080
v -0.031717 1.247352 0.169267
v -0.029489 1.244635 0.166616
v -0.026396 1.246791 0.168976
v -0.029807 1.243454 0.162008
v -0.027303 1.241136 0.160374
v -0.030045 1.243585 0.164148
v -0.027731 1.241786 0.163272
v -0.023200 1.244450 0.166696
v -0.026518 1.241084 0.158845
v -0.019345 1.236541 0.156734
v -0.023845 1.238757 0.159328
v -0.026234 1.240293 0.161309
v -0.026155 1.240999 0.162909
v -0.017419 1.239758 0.162059
v -0.021888 1.242140 0.164396
v -0.020142 1.237231 0.156096
v -0.024334 1.239222 0.158017
v -0.016034 1.235517 0.154876
v -0.013776 1.234823 0.154469
v -0.017980 1.236047 0.157417
v -0.017393 1.235927 0.157512
v -0.019335 1.236772 0.158583
v -0.013827 1.235369 0.153511
v -0.011955 1.234290 0.155643
v -0.007695 1.233616 0.155356
v -0.013366 1.235198 0.157320
v -0.011869 1.235015 0.157211
v -0.007377 1.237554 0.159909
v -0.005454 1.233628 0.152788
v -0.002843 1.233393 0.153124
v -0.004572 1.233249 0.153927
v -0.004689 1.233330 0.154958
v -0.005052 1.235061 0.157370
v 0.007137 1.234050 0.154290
v 0.002447 1.233507 0.153357
v 0.001864 1.233347 0.154756
v -0.000904 1.233230 0.153960
v 0.005467 1.233835 0.155572
v -0.000716 1.233738 0.155885
v 0.003838 1.234149 0.156302
v 0.000835 1.237285 0.159641
v 0.008642 1.234366 0.155577
v 0.008449 1.234399 0.156009
v 0.004262 1.236994 0.159343
v 0.013184 1.236160 0.154593
v 0.013320 1.235979 0.154910
v 0.014555 1.236213 0.156323
v 0.013371 1.235747 0.156970
v 0.017523 1.237631 0.159302
v 0.011794 1.235850 0.157961
v 0.013006 1.236470 0.158640
v 0.013528 1.240479 0.162783
v 0.022508 1.240406 0.159665
v 0.024339 1.241658 0.161798
v 0.019766 1.238696 0.160014
v 0.018137 1.237782 0.158440
v 0.020009 1.238975 0.160514
v 0.017717 1.239943 0.162170
v 0.026861 1.244187 0.162462
v 0.028341 1.245649 0.165689
v 0.024384 1.242014 0.163234
v 0.023226 1.240940 0.161548
v 0.026633 1.244435 0.165988
v 0.024835 1.243524 0.165485
v 0.021218 1.245971 0.168181
v 0.031162 1.249925 0.169312
v 0.028220 1.246045 0.167243
v 0.028232 1.246348 0.167756
v 0.025341 1.246498 0.168612
v 0.030410 1.248476 0.167567
v 0.032517 1.253127 0.172171
v 0.030706 1.250350 0.171430
v 0.031393 1.253199 0.174603
v 0.028911 1.249019 0.170905
v 0.030093 1.252128 0.173974
v 0.024669 1.251276 0.173395
v 0.032944 1.259694 0.179523
v 0.032658 1.255970 0.176258
v 0.031876 1.255427 0.176679
v 0.026429 1.253413 0.175480
v 0.032917 1.261698 0.180866
v 0.032008 1.260186 0.181134
v 0.032645 1.258561 0.178861
v 0.031087 1.262597 0.183841
v 0.030936 1.257981 0.179713
v 0.030557 1.258988 0.180773
v 0.025767 1.258925 0.180912
v 0.032588 1.265173 0.182613
v 0.029424 1.269083 0.188753
v 0.031277 1.265104 0.185221
v 0.030703 1.265114 0.185804
v 0.030372 1.264793 0.185883
v 0.026185 1.261404 0.183335
v 0.030068 1.269415 0.187727
v 0.028000 1.269233 0.190026
v 0.029632 1.267947 0.188084
v 0.025764 1.271196 0.192292
v 0.027989 1.266882 0.188462
v 0.027045 1.267750 0.189385
v 0.021317 1.268009 0.189842
v 0.026436 1.273548 0.192127
v 0.026964 1.273341 0.191414
v 0.021145 1.276785 0.196326
v 0.024879 1.273614 0.193582
v 0.024199 1.273438 0.193982
v 0.023960 1.273028 0.193979
v 0.022106 1.271035 0.192729
v 0.022701 1.277265 0.194820
v 0.018278 1.279126 0.197738
v 0.015579 1.279634 0.199125
v 0.019439 1.276497 0.197167
v 0.021818 1.275777 0.195785
v 0.016226 1.277691 0.198676
v 0.020453 1.274315 0.195768
v 0.017222 1.276220 0.197620
v 0.013541 1.273525 0.195262
v 0.017208 1.280417 0.197765
v 0.012261 1.281549 0.200098
v 0.013728 1.279349 0.199792
v 0.016463 1.278730 0.198688
v 0.013613 1.278889 0.199743
v 0.012855 1.276499 0.198099
v 0.003310 1.283159 0.201971
v 0.008124 1.281567 0.201403
v 0.007634 1.280875 0.201469
v 0.003925 1.281089 0.202015
v 0.009503 1.279116 0.200486
v 0.005155 1.279950 0.201318
v 0.006179 1.275967 0.197661
v -0.000187 1.282650 0.202324
v 0.001717 1.281895 0.202322
v 0.000910 1.281487 0.202294
v 0.001980 1.279477 0.200951
v 0.003264 1.276908 0.198588
v -0.000468 1.285606 0.200327
v 0.003263 1.285680 0.199532
v 0.001461 1.286817 0.197274
v 0.002024 1.286731 0.197093
v 0.001735 1.286848 0.195513
v 0.003639 1.286592 0.194798
v 0.009611 1.284844 0.198017
v 0.008550 1.285724 0.196101
v 0.007367 1.286038 0.194882
v 0.012929 1.283301 0.198069
v 0.015409 1.282858 0.196335
v 0.011996 1.284859 0.195753
v 0.012231 1.284308 0.196586
v 0.014688 1.283823 0.194238
v 0.012283 1.284755 0.194411
v 0.012852 1.284463 0.192990
v 0.020566 1.279665 0.195015
v 0.020903 1.280077 0.193812
v 0.023003 1.279292 0.190608
v 0.020175 1.281111 0.191578
v 0.018846 1.281780 0.190696
v 0.024140 1.277293 0.192683
v 0.025428 1.276587 0.190958
v 0.027198 1.275509 0.186866
v 0.023487 1.278542 0.187509
v 0.028333 1.273506 0.188412
v 0.029846 1.271743 0.185657
v 0.029176 1.273046 0.186009
v 0.028560 1.273643 0.185324
v 0.027150 1.274724 0.183757
v 0.031939 1.267803 0.182380
v 0.030827 1.269812 0.181106
v 0.030884 1.269256 0.179913
v 0.029701 1.270471 0.179580
v 0.033021 1.264320 0.179165
v 0.032975 1.263623 0.177076
v 0.032148 1.264939 0.175750
v 0.032083 1.264560 0.175307
v 0.031037 1.265938 0.175116
v 0.033389 1.259390 0.174338
v 0.032928 1.257183 0.171518
v 0.032466 1.259634 0.171547
v 0.033301 1.260432 0.174386
v 0.031972 1.259791 0.170624
v 0.031110 1.261306 0.170564
v 0.032400 1.254505 0.169534
v 0.031063 1.251913 0.166272
v 0.030587 1.251421 0.165577
v 0.030554 1.255142 0.166041
v 0.029917 1.256754 0.166091
v 0.027244 1.245562 0.161762
v 0.028335 1.248107 0.162440
v 0.028957 1.249409 0.163102
v 0.029691 1.252435 0.163880
v 0.027900 1.250770 0.161752
v 0.027501 1.252443 0.161862
v 0.024299 1.243982 0.158600
v 0.024090 1.246851 0.157897
v 0.023963 1.248577 0.158059
v 0.022380 1.242489 0.157305
v 0.020256 1.241890 0.155710
v 0.021972 1.244576 0.156148
v 0.019290 1.243542 0.154643
v 0.019410 1.245259 0.154794
v 0.015353 1.239183 0.153392
v 0.013760 1.240418 0.152229
v 0.016975 1.239819 0.154129
v 0.013671 1.240971 0.152103
v 0.014060 1.242645 0.152227
v 0.008191 1.237316 0.151220
v 0.007455 1.239209 0.150387
v 0.008088 1.240821 0.150437
v 0.000857 1.237820 0.149663
v 0.000884 1.238357 0.149551
v 0.001727 1.239869 0.149498
v -0.001873 1.235151 0.150789
v -0.003851 1.236504 0.150078
v -0.005805 1.238438 0.149630
v -0.004761 1.239812 0.149447
v -0.010038 1.235749 0.151546
v -0.008701 1.237248 0.150285
v -0.009560 1.236517 0.150879
v -0.012339 1.239453 0.150621
v -0.011155 1.240667 0.150287
v -0.016054 1.236589 0.153282
v -0.021830 1.240670 0.154438
v -0.016159 1.238417 0.152181
v -0.018014 1.241022 0.152263
v -0.018458 1.241353 0.152484
v -0.017184 1.242395 0.151983
v -0.022811 1.239813 0.155775
v -0.025525 1.242252 0.156850
v -0.024186 1.243594 0.155343
v -0.022007 1.241162 0.154518
v -0.023946 1.244063 0.155149
v -0.022612 1.244920 0.154465
v -0.031738 1.246343 0.162541
v -0.027899 1.243710 0.158608
v -0.028656 1.245817 0.158648
v -0.028816 1.247162 0.158711
v -0.027249 1.248157 0.157642
v -0.033494 1.250184 0.164083
v -0.030844 1.245881 0.161333
v -0.034069 1.253152 0.164913
v -0.032215 1.251488 0.162460
v -0.030651 1.250444 0.160687
v -0.030460 1.251943 0.161036
v -0.035106 1.251800 0.167085
v -0.036603 1.254883 0.170873
v -0.035521 1.254274 0.167510
v -0.035915 1.257807 0.169480
v -0.034854 1.254328 0.166556
v -0.033479 1.256243 0.165592
v -0.036944 1.257427 0.172522
v -0.036943 1.258249 0.172057
v -0.036246 1.259633 0.171554
v -0.034815 1.260768 0.170038
v -0.037272 1.260391 0.175574
v -0.036732 1.263751 0.177194
v -0.035932 1.264921 0.175753
v -0.035741 1.265377 0.176099
v -0.034886 1.265416 0.174604
v -0.035908 1.267227 0.182169
v -0.034891 1.269412 0.184461
v -0.033588 1.272023 0.183458
v -0.034335 1.270025 0.180677
v -0.033697 1.269956 0.179074
v -0.033925 1.270868 0.186556
v -0.033738 1.271854 0.185254
v -0.032944 1.272893 0.185395
v -0.030283 1.276246 0.187604
v -0.031280 1.274252 0.183296
v -0.028067 1.278163 0.189306
v -0.029079 1.277239 0.189101
v -0.027721 1.278142 0.187112
v -0.022939 1.281028 0.194779
v -0.026067 1.279465 0.192501
v -0.023211 1.281504 0.192583
v -0.023063 1.281630 0.192086
v -0.023089 1.281497 0.190333
v -0.020786 1.282603 0.190764
v -0.021058 1.281448 0.196681
v -0.019297 1.283008 0.195875
v -0.017495 1.284127 0.195041
v -0.017127 1.284333 0.193043
v -0.015148 1.284921 0.193162
v -0.008682 1.284996 0.200292
v -0.010835 1.285327 0.198755
v -0.011220 1.285964 0.196331
v -0.011117 1.286052 0.194734
v -0.009081 1.286356 0.194568
v -0.006202 1.285420 0.200159
v -0.003627 1.285510 0.200400
v -0.005267 1.286539 0.198007
v -0.005701 1.286427 0.198355
v -0.004660 1.286811 0.197173
v -0.005520 1.286836 0.195661
v -0.002507 1.286931 0.195231
v -0.001888 1.256923 0.179122
v 0.002422 1.258200 0.180395
v -0.015345 1.248527 0.170824
v -0.013472 1.260492 0.182600
v 0.000051 1.271559 0.154860
v 0.002234 1.272405 0.155578
v 0.003568 1.266054 0.163947
v 0.004312 1.267693 0.164035
v 0.004567 1.272778 0.159694
v 0.004953 1.275803 0.160201
v 0.004785 1.276776 0.161085
v 0.004572 1.278583 0.160282
v 0.003531 1.279151 0.162472
v 0.003039 1.272696 0.169821
v 0.000512 1.280158 0.164625
v -0.003644 1.280329 0.164754
v -0.004961 1.281249 0.163082
v -0.005929 1.281059 0.162420
v -0.007872 1.278791 0.161622
v -0.008341 1.277295 0.161650
v -0.008705 1.274060 0.160505
v -0.008558 1.274515 0.159034
v -0.006544 1.265037 0.163774
v -0.006444 1.271947 0.156547
v -0.003689 1.265239 0.161235
v -0.001883 1.264186 0.161983
v -0.001066 1.264007 0.162244
v -0.001319 1.263563 0.162884
v -0.001724 1.263587 0.162743
v -0.001203 1.263592 0.163058
v -0.001022 1.263682 0.163228
v -0.000420 1.272570 0.153694
v -0.001775 1.271822 0.154222
v -0.001888 1.272654 0.153455
v -0.001055 1.272910 0.153398
v -0.001350 1.273217 0.153453
v -0.000668 1.273502 0.153695
v -0.001882 1.274028 0.154180
v 0.000672 1.264383 0.162506
v 0.000715 1.264201 0.162752
v 0.000737 1.263989 0.162962
v 0.000625 1.263934 0.163336
v 0.000476 1.263933 0.163452
v -0.000510 1.263722 0.163243
v 0.000405 1.271791 0.154804
v 0.000243 1.273030 0.153636
v -0.000061 1.273380 0.153622
v 0.000996 1.264044 0.163203
v 0.001274 1.264239 0.163772
v -0.000156 1.265177 0.164769
v 0.001775 1.272783 0.154751
v 0.001455 1.269110 0.158168
v 0.000927 1.273171 0.153821
v 0.001706 1.273510 0.154125
v 0.000267 1.273372 0.153643
v 0.000660 1.275227 0.155348
v 0.002496 1.266398 0.161955
v 0.002492 1.265355 0.163064
v 0.002937 1.265720 0.163289
v 0.002140 1.264535 0.163690
v 0.002296 1.264757 0.164281
v 0.000486 1.264735 0.164323
v 0.003134 1.272271 0.156845
v 0.002487 1.274036 0.154505
v 0.002771 1.274103 0.154710
v 0.002091 1.274196 0.154414
v 0.002432 1.274682 0.154855
v 0.003744 1.265788 0.164735
v 0.003153 1.265405 0.164919
v 0.001222 1.265859 0.165440
v 0.003820 1.274169 0.156209
v 0.003296 1.273705 0.155668
v 0.003049 1.274849 0.155066
v 0.002270 1.276626 0.156723
v 0.003889 1.265920 0.165051
v 0.003808 1.266145 0.165646
v 0.002154 1.265612 0.165184
v 0.004463 1.275086 0.157041
v 0.004130 1.274415 0.156706
v 0.003812 1.274979 0.155571
v 0.003304 1.274953 0.155199
v 0.004575 1.267800 0.164896
v 0.004450 1.266767 0.165878
v 0.004321 1.267120 0.166604
v 0.002234 1.266793 0.166357
v 0.004805 1.275846 0.157971
v 0.004711 1.274541 0.158577
v 0.004676 1.276596 0.157053
v 0.004680 1.276523 0.157085
v 0.004294 1.276412 0.156624
v 0.004939 1.269314 0.165938
v 0.004525 1.268173 0.167633
v 0.003205 1.266940 0.166490
v 0.004925 1.277250 0.158235
v 0.004898 1.275926 0.158622
v 0.004564 1.277353 0.157549
v 0.004832 1.268628 0.167710
v 0.004445 1.268743 0.168198
v 0.002587 1.268118 0.167660
v 0.004889 1.277625 0.159395
v 0.004743 1.278232 0.158631
v 0.004743 1.278392 0.158921
v 0.004552 1.278610 0.158885
v 0.004478 1.278172 0.158322
v 0.004112 1.278678 0.158783
v 0.004387 1.278647 0.158800
v 0.001771 1.278745 0.158800
v 0.004781 1.270136 0.167819
v 0.004638 1.269543 0.168613
v 0.004223 1.269562 0.168990
v 0.003450 1.268351 0.167878
v 0.004218 1.279596 0.160250
v 0.004177 1.279173 0.159302
v 0.003951 1.279627 0.159764
v 0.002727 1.269658 0.169166
v 0.003744 1.280168 0.160840
v 0.004126 1.277522 0.162846
v 0.004299 1.279510 0.160027
v 0.003796 1.279844 0.159965
v 0.003129 1.280211 0.160281
v 0.001759 1.279645 0.159691
v 0.003666 1.271763 0.169686
v 0.003016 1.274396 0.168177
v 0.003511 1.271245 0.170281
v 0.003022 1.271131 0.170535
v 0.001476 1.270287 0.169792
v 0.002902 1.280900 0.161560
v 0.002787 1.281050 0.161539
v 0.003070 1.280637 0.160745
v 0.002436 1.280882 0.160950
v 0.002636 1.280983 0.161097
v 0.002046 1.271774 0.171178
v 0.002363 1.280125 0.163181
v 0.002006 1.281485 0.161964
v 0.002029 1.281354 0.161446
v -0.000286 1.280706 0.160732
v 0.001468 1.273506 0.170736
v 0.000792 1.273315 0.171388
v 0.001555 1.272499 0.171519
v 0.000481 1.272216 0.171643
v 0.000747 1.281476 0.163127
v 0.000793 1.279891 0.164785
v 0.001113 1.281896 0.162233
v 0.000848 1.281956 0.162426
v 0.001003 1.281819 0.161900
v 0.000176 1.282093 0.162197
v 0.000372 1.272897 0.171909
v -0.000228 1.272585 0.171975
v 0.000260 1.272541 0.171900
v -0.000498 1.271217 0.170705
v -0.000566 1.282222 0.162859
v -0.000823 1.280951 0.164328
v -0.000192 1.281787 0.163259
v -0.000117 1.282204 0.162654
v -0.000487 1.274498 0.170794
v -0.001441 1.272729 0.172117
v -0.000686 1.271759 0.171229
v -0.001451 1.281899 0.163444
v -0.001740 1.282381 0.162828
v -0.001888 1.282379 0.162589
v -0.001471 1.282301 0.162370
v -0.001888 1.282319 0.162410
v -0.002845 1.275961 0.169451
v -0.001691 1.273936 0.171570
v -0.002217 1.273170 0.172177
v -0.002441 1.272813 0.172162
v -0.003094 1.272504 0.171921
v -0.002793 1.271994 0.171459
v -0.003209 1.282222 0.162859
v -0.003219 1.281568 0.163595
v -0.002463 1.282247 0.163061
v -0.003033 1.282300 0.162767
v -0.002472 1.282306 0.162396
v -0.003718 1.280654 0.160681
v -0.003916 1.273754 0.171304
v -0.003546 1.273031 0.172037
v -0.003695 1.272680 0.172005
v -0.004774 1.281820 0.162573
v -0.003781 1.282098 0.162164
v -0.003768 1.282193 0.162350
v -0.004563 1.281682 0.161733
v -0.004904 1.275256 0.169241
v -0.005386 1.273023 0.171100
v -0.005021 1.272155 0.171552
v -0.004661 1.272356 0.171719
v -0.004614 1.281979 0.162453
v -0.005043 1.281717 0.161803
v -0.006209 1.273006 0.170313
v -0.006530 1.271571 0.170842
v -0.006047 1.271642 0.171048
v -0.004399 1.271372 0.170850
v -0.006677 1.280900 0.161560
v -0.006547 1.281048 0.161516
v -0.005525 1.281530 0.161627
v -0.006696 1.272091 0.170591
v -0.007336 1.272524 0.169145
v -0.006881 1.271594 0.170628
v -0.007049 1.270875 0.170295
v -0.007729 1.279948 0.160599
v -0.007668 1.275470 0.165542
v -0.007159 1.280464 0.161345
v -0.006859 1.278502 0.163898
v -0.007386 1.280339 0.160836
v -0.006669 1.280778 0.160881
v -0.005533 1.280469 0.160509
v -0.007659 1.270845 0.169890
v -0.007797 1.269971 0.169400
v -0.005480 1.270050 0.169558
v -0.005962 1.270674 0.170160
v -0.008302 1.278832 0.160179
v -0.008078 1.279378 0.160378
v -0.007901 1.279723 0.160213
v -0.007467 1.279983 0.160102
v -0.008225 1.269988 0.169049
v -0.008039 1.269389 0.168834
v -0.008589 1.277538 0.160029
v -0.008610 1.275452 0.162189
v -0.008439 1.278767 0.159562
v -0.008432 1.278772 0.159327
v -0.008327 1.278610 0.158885
v -0.007990 1.279114 0.159247
v -0.007886 1.278679 0.158784
v -0.008163 1.278647 0.158800
v -0.006268 1.278341 0.158410
v -0.008612 1.270213 0.167526
v -0.008685 1.269073 0.167567
v -0.008544 1.269083 0.168156
v -0.008273 1.268360 0.167822
v -0.005014 1.267999 0.167557
v -0.006948 1.269393 0.168901
v -0.008731 1.275637 0.160281
v -0.008682 1.277321 0.159388
v -0.008646 1.270091 0.164146
v -0.008184 1.267332 0.166807
v -0.008521 1.276744 0.157287
v -0.008548 1.276754 0.157363
v -0.008241 1.277265 0.157433
v -0.006026 1.276485 0.156584
v -0.008477 1.267534 0.165673
v -0.008364 1.267223 0.165569
v -0.008412 1.267205 0.166309
v -0.007943 1.266761 0.166251
v -0.006247 1.267674 0.167224
v -0.007253 1.267945 0.167477
v -0.008475 1.275935 0.157180
v -0.008319 1.271828 0.160476
v -0.008271 1.276066 0.156624
v -0.008118 1.275870 0.156353
v -0.007918 1.276342 0.156505
v -0.007370 1.275884 0.156034
v -0.007813 1.266361 0.164686
v -0.007963 1.266319 0.165444
v -0.007406 1.265908 0.165413
v -0.006646 1.266537 0.166096
v -0.008038 1.274461 0.157018
v -0.007560 1.274989 0.155560
v -0.007555 1.275632 0.155835
v -0.007606 1.275533 0.155776
v -0.007121 1.265378 0.164317
v -0.006530 1.264949 0.164334
v -0.006665 1.265174 0.164691
v -0.006712 1.273023 0.155829
v -0.006989 1.273858 0.155418
v -0.007271 1.272827 0.156917
v -0.006754 1.274258 0.154842
v -0.006754 1.274191 0.154862
v -0.006910 1.274958 0.155160
v -0.006584 1.274671 0.154876
v -0.006016 1.265713 0.162401
v -0.006399 1.264819 0.163966
v -0.005813 1.264609 0.164137
v -0.005687 1.272258 0.155402
v -0.006134 1.273649 0.154520
v -0.005838 1.273838 0.154276
v -0.005763 1.273647 0.154257
v -0.006049 1.274302 0.154518
v -0.005440 1.275104 0.155235
v -0.004709 1.264861 0.162172
v -0.005326 1.264254 0.163414
v -0.004701 1.264106 0.163641
v -0.005179 1.264254 0.163753
v -0.004692 1.265827 0.165410
v -0.004480 1.273022 0.153816
v -0.004257 1.271299 0.155322
v -0.004732 1.271341 0.155563
v -0.004888 1.273286 0.153889
v -0.004400 1.273370 0.153735
v -0.004787 1.273739 0.153947
v -0.003876 1.273674 0.153862
v -0.004336 1.273541 0.153782
v -0.003387 1.263763 0.163305
v -0.004218 1.264762 0.164349
v -0.003293 1.271654 0.154590
v -0.003654 1.272507 0.153869
v -0.003709 1.272652 0.153736
v -0.003341 1.272884 0.153497
v -0.003617 1.273386 0.153614
v -0.002613 1.265468 0.160712
v -0.002726 1.264384 0.161863
v -0.002329 1.263638 0.163167
v -0.003135 1.264418 0.164010
v -0.002017 1.270295 0.155750
v -0.002444 1.272695 0.153429
v -0.002667 1.273234 0.153472
v 0.000857 1.267257 0.159647
v 0.004432 1.272446 0.167095
v 0.003885 1.273232 0.167780
v 0.001900 1.274630 0.169247
v -0.000408 1.278285 0.166945
v -0.001395 1.275335 0.170146
v -0.004228 1.279113 0.165759
v -0.007493 1.271385 0.158789
v -0.002463 1.271676 0.154387
v 0.001387 1.264584 0.162768
v 0.002828 1.269736 0.158977
v 0.003985 1.268865 0.161951
v 0.004231 1.268684 0.162727
v 0.004827 1.271166 0.162598
v 0.004927 1.270997 0.163777
v 0.004972 1.273928 0.162009
v 0.004926 1.269573 0.167091
v 0.004810 1.274936 0.162920
v 0.004465 1.276784 0.162578
v 0.004207 1.272030 0.168202
v 0.003446 1.275177 0.166694
v 0.003183 1.278244 0.164003
v 0.002564 1.275935 0.167209
v 0.001067 1.273772 0.170799
v 0.000108 1.273351 0.171727
v -0.001911 1.279678 0.165743
v -0.003060 1.279769 0.165506
v -0.005290 1.275756 0.168462
v -0.005967 1.275297 0.168273
v -0.006246 1.277980 0.165247
v -0.007132 1.275747 0.166271
v -0.007509 1.271835 0.169501
v -0.008296 1.273005 0.166243
v -0.008494 1.271185 0.167189
v -0.008724 1.271647 0.165005
v -0.008735 1.269781 0.166019
v -0.008686 1.269874 0.164809
v -0.008486 1.270571 0.162603
v -0.008241 1.269295 0.162862
v -0.007707 1.268474 0.162199
v -0.007151 1.270328 0.159187
v -0.006290 1.267657 0.160708
v -0.005572 1.265948 0.161700
v -0.004358 1.264480 0.162286
v -0.004977 1.269554 0.157547
v -0.003148 1.269933 0.156273
v 0.000132 1.265124 0.161448
v -0.000511 1.267077 0.159207
v -0.002378 1.274829 0.154954
v -0.003190 1.277670 0.157729
v -0.002873 1.279430 0.159465
v 0.000248 1.276875 0.156954
v -0.001324 1.272130 0.153922
v -0.000910 1.271490 0.154638
v -0.000853 1.263774 0.162547
v -0.001325 1.263616 0.162689
v -0.000486 1.263667 0.163097
v -0.001107 1.264323 0.163915
v -0.001088 1.272751 0.153435
v -0.001286 1.273016 0.153394
v -0.001804 1.273237 0.153462
v -0.001059 1.274010 0.154165
v -0.001888 1.273748 0.153915
v -0.000086 1.263768 0.162869
v -0.000263 1.263719 0.162954
v 0.000326 1.264126 0.163697
v -0.000060 1.272858 0.153607
v 0.000021 1.273198 0.153567
v -0.000411 1.273209 0.153506
v -0.000381 1.273648 0.153829
v 0.001314 1.264353 0.162995
v 0.000385 1.263846 0.163134
v 0.001403 1.264186 0.163528
v 0.001292 1.264172 0.163650
v 0.001276 1.264501 0.164068
v 0.000988 1.272962 0.153991
v 0.001396 1.273308 0.154007
v 0.001275 1.273643 0.153957
v 0.001063 1.273777 0.153990
v 0.000450 1.274266 0.154419
v 0.002840 1.264978 0.163894
v 0.002783 1.265204 0.163626
v 0.002326 1.264648 0.163704
v 0.002096 1.264514 0.163736
v 0.002469 1.264726 0.164055
v 0.002333 1.264690 0.164159
v 0.002101 1.264942 0.164501
v 0.002509 1.273772 0.154585
v 0.002395 1.273777 0.154484
v 0.001804 1.273733 0.154141
v 0.001441 1.273872 0.154091
v 0.001790 1.275025 0.155163
v 0.001254 1.274402 0.154559
v 0.003246 1.265276 0.164337
v 0.003067 1.265142 0.164353
v 0.003354 1.265396 0.164718
v 0.003219 1.265344 0.164802
v 0.002972 1.265616 0.165164
v 0.003383 1.274455 0.155177
v 0.003427 1.274553 0.155210
v 0.003203 1.274716 0.155055
v 0.002870 1.274564 0.154837
v 0.002544 1.274901 0.155061
v 0.002471 1.275533 0.155662
v 0.004167 1.266265 0.165218
v 0.003848 1.265893 0.165091
v 0.004044 1.266182 0.165491
v 0.003901 1.266101 0.165546
v 0.003569 1.266318 0.165853
v 0.004040 1.275120 0.155886
v 0.003951 1.275534 0.155859
v 0.003692 1.275642 0.155823
v 0.002997 1.276110 0.156231
v 0.004781 1.267442 0.166313
v 0.004783 1.267839 0.166004
v 0.004558 1.266952 0.165969
v 0.004408 1.266738 0.165922
v 0.004508 1.267053 0.166347
v 0.004323 1.266848 0.166280
v 0.003985 1.267149 0.166670
v 0.004639 1.276083 0.156872
v 0.004525 1.275971 0.156612
v 0.004294 1.276218 0.156473
v 0.004039 1.276221 0.156389
v 0.004277 1.276766 0.156925
v 0.003704 1.276539 0.156663
v 0.004862 1.268447 0.165969
v 0.004828 1.267836 0.166855
v 0.004727 1.267645 0.166813
v 0.004722 1.267959 0.167237
v 0.004604 1.267721 0.167106
v 0.004139 1.267915 0.167423
v 0.004866 1.276925 0.157681
v 0.004857 1.277167 0.157778
v 0.004643 1.276845 0.157176
v 0.004077 1.277592 0.157703
v 0.004920 1.268904 0.167265
v 0.004838 1.269353 0.168186
v 0.004859 1.268827 0.167811
v 0.004791 1.268579 0.167731
v 0.004686 1.268882 0.168144
v 0.004574 1.268760 0.168158
v 0.004089 1.268792 0.168285
v 0.004833 1.278003 0.159249
v 0.004866 1.278015 0.158753
v 0.004838 1.278076 0.158694
v 0.004668 1.278131 0.158420
v 0.004503 1.277550 0.157707
v 0.003497 1.278298 0.158382
v 0.004530 1.270545 0.168576
v 0.004619 1.269758 0.168726
v 0.004599 1.269504 0.168640
v 0.004396 1.269787 0.169033
v 0.004303 1.269644 0.169029
v 0.003822 1.269777 0.169245
v 0.004601 1.278934 0.159579
v 0.004545 1.279036 0.159616
v 0.004273 1.279400 0.159675
v 0.004429 1.278916 0.159130
v 0.003892 1.278910 0.159001
v 0.004108 1.270745 0.169628
v 0.004150 1.270594 0.169566
v 0.004157 1.270384 0.169505
v 0.003869 1.270632 0.169862
v 0.003919 1.270372 0.169710
v 0.003733 1.270376 0.169795
v 0.003382 1.270054 0.169536
v 0.004057 1.279837 0.160505
v 0.003029 1.279443 0.159506
v 0.003282 1.271804 0.170308
v 0.003413 1.271431 0.170368
v 0.003483 1.271186 0.170293
v 0.003116 1.271386 0.170605
v 0.003065 1.271230 0.170586
v 0.002670 1.271316 0.170741
v 0.003296 1.270852 0.170273
v 0.003659 1.279917 0.161437
v 0.003255 1.280676 0.161226
v 0.003800 1.280119 0.160456
v 0.003284 1.280540 0.160696
v 0.002146 1.280436 0.160484
v 0.002427 1.272207 0.171066
v 0.002397 1.272509 0.170852
v 0.002523 1.272077 0.171023
v 0.002603 1.271879 0.170974
v 0.002165 1.272032 0.171235
v 0.002145 1.271857 0.171205
v 0.002205 1.271275 0.170733
v 0.003028 1.280284 0.162125
v 0.002351 1.281283 0.161907
v 0.002522 1.281173 0.161782
v 0.002291 1.281329 0.161554
v 0.002165 1.281354 0.161470
v 0.002946 1.280891 0.161088
v 0.001669 1.281209 0.161258
v 0.001367 1.272699 0.171564
v 0.001550 1.272436 0.171522
v 0.001066 1.272515 0.171717
v 0.001283 1.272307 0.171614
v 0.001311 1.272061 0.171492
v 0.000442 1.271708 0.171173
v 0.001382 1.281729 0.162392
v 0.001247 1.281823 0.162050
v 0.000392 1.282087 0.162246
v 0.000449 1.281271 0.161303
v 0.000086 1.273098 0.171944
v 0.000177 1.273023 0.171938
v 0.000365 1.272835 0.171915
v -0.000155 1.272848 0.172043
v -0.000112 1.272681 0.172015
v -0.000283 1.272327 0.171759
v 0.000179 1.282090 0.162754
v -0.000059 1.282186 0.162711
v 0.000030 1.282192 0.162407
v -0.000084 1.282198 0.162363
v -0.000270 1.282121 0.162188
v -0.000046 1.281509 0.161538
v -0.001315 1.273313 0.172107
v -0.001074 1.273209 0.172134
v -0.000907 1.273062 0.172138
v -0.001425 1.273003 0.172193
v -0.001381 1.272845 0.172175
v -0.001569 1.272476 0.171906
v -0.001320 1.282300 0.162965
v -0.001322 1.282341 0.162885
v -0.001049 1.282354 0.162592
v -0.000838 1.282259 0.162351
v -0.001180 1.281733 0.161760
v -0.002566 1.273471 0.171947
v -0.003139 1.273631 0.171684
v -0.002216 1.273108 0.172183
v -0.002733 1.272976 0.172167
v -0.002121 1.272413 0.171854
v -0.002589 1.282324 0.162914
v -0.002103 1.282351 0.162913
v -0.002878 1.282343 0.162691
v -0.002286 1.282375 0.162530
v -0.002143 1.281743 0.161769
v -0.003157 1.273229 0.172084
v -0.004361 1.273302 0.171513
v -0.003763 1.273065 0.171978
v -0.003513 1.272971 0.172048
v -0.003992 1.272773 0.171964
v -0.003997 1.272422 0.171828
v -0.003649 1.272570 0.171964
v -0.004187 1.281377 0.163407
v -0.003936 1.281156 0.163781
v -0.003894 1.282132 0.162729
v -0.003981 1.282129 0.162656
v -0.003715 1.282184 0.162318
v -0.003385 1.282160 0.162229
v -0.003266 1.281612 0.161639
v -0.004963 1.272839 0.171584
v -0.004946 1.272722 0.171657
v -0.004747 1.272656 0.171738
v -0.005247 1.272390 0.171566
v -0.005053 1.272271 0.171612
v -0.004397 1.272029 0.171475
v -0.005178 1.281734 0.162353
v -0.004959 1.281812 0.162410
v -0.004997 1.281839 0.162055
v -0.005053 1.281795 0.161969
v -0.004656 1.281143 0.161178
v -0.006064 1.272273 0.171135
v -0.005871 1.272176 0.171266
v -0.006108 1.271751 0.171099
v -0.005915 1.271384 0.170832
v -0.006559 1.280262 0.162481
v -0.006260 1.281216 0.161777
v -0.005974 1.281408 0.161793
v -0.006109 1.281276 0.161459
v -0.005873 1.280650 0.160698
v -0.007218 1.271477 0.170313
v -0.006451 1.272005 0.170923
v -0.006389 1.271829 0.170979
v -0.007131 1.271179 0.170400
v -0.006878 1.271191 0.170550
v -0.006779 1.270709 0.170170
v -0.007162 1.280557 0.161174
v -0.006825 1.280831 0.161421
v -0.007265 1.280460 0.160843
v -0.006841 1.280744 0.160902
v -0.006653 1.280333 0.160396
v -0.007872 1.271308 0.169209
v -0.008139 1.270723 0.168946
v -0.007623 1.270797 0.169911
v -0.007819 1.270399 0.169632
v -0.007607 1.270481 0.169820
v -0.007331 1.270053 0.169524
v -0.007900 1.279756 0.160391
v -0.007596 1.279997 0.160191
v -0.007292 1.280126 0.160230
v -0.008156 1.270356 0.169264
v -0.008378 1.269820 0.168775
v -0.008184 1.269952 0.169080
v -0.008283 1.269522 0.168774
v -0.008147 1.269485 0.168872
v -0.007764 1.269198 0.168685
v -0.008098 1.279190 0.159406
v -0.008081 1.279449 0.159926
v -0.007950 1.279208 0.159352
v -0.007407 1.278597 0.158680
v -0.006943 1.279045 0.159114
v -0.007484 1.279429 0.159512
v -0.008661 1.268894 0.167760
v -0.008614 1.268970 0.167953
v -0.008502 1.269045 0.168189
v -0.008501 1.268621 0.167883
v -0.008353 1.268696 0.168098
v -0.007913 1.268404 0.167904
v -0.008646 1.277954 0.158583
v -0.008572 1.278320 0.158955
v -0.008568 1.277849 0.158278
v -0.008364 1.278348 0.158574
v -0.007913 1.277761 0.157874
v -0.007232 1.277965 0.158052
v -0.008585 1.267661 0.166298
v -0.008633 1.268052 0.167070
v -0.008567 1.268111 0.167271
v -0.008461 1.267687 0.166968
v -0.008394 1.267840 0.167224
v -0.007863 1.267588 0.167102
v -0.008638 1.276081 0.158202
v -0.008686 1.277056 0.157989
v -0.008641 1.277152 0.157830
v -0.008376 1.277203 0.157452
v -0.008289 1.277971 0.158132
v -0.007162 1.277190 0.157290
v -0.008364 1.267013 0.166016
v -0.008374 1.267186 0.166362
v -0.008166 1.266778 0.166076
v -0.008080 1.266795 0.166227
v -0.007603 1.266789 0.166316
v -0.008418 1.276128 0.156894
v -0.008336 1.276061 0.156711
v -0.008405 1.276742 0.157103
v -0.008218 1.276945 0.157134
v -0.007247 1.276714 0.156827
v -0.007838 1.266143 0.165056
v -0.007908 1.266220 0.165245
v -0.007933 1.266306 0.165497
v -0.007615 1.265899 0.165188
v -0.007564 1.265953 0.165402
v -0.007083 1.265974 0.165516
v -0.007587 1.274369 0.156019
v -0.007945 1.275250 0.156066
v -0.007812 1.275191 0.155861
v -0.007359 1.275076 0.155395
v -0.007811 1.275802 0.156055
v -0.006521 1.275841 0.155966
v -0.007259 1.265504 0.164709
v -0.006836 1.265208 0.164669
v -0.006535 1.265364 0.164909
v -0.007202 1.274447 0.155247
v -0.007401 1.274711 0.155403
v -0.006668 1.274433 0.154793
v -0.006402 1.274937 0.155100
v -0.006099 1.264677 0.163636
v -0.006896 1.265177 0.164214
v -0.006812 1.265109 0.164371
v -0.005949 1.264553 0.163886
v -0.006110 1.264682 0.164119
v -0.005911 1.265386 0.164957
v -0.005178 1.265048 0.164627
v -0.005855 1.273261 0.154600
v -0.006106 1.273753 0.154445
v -0.005172 1.274745 0.154888
v -0.005477 1.264616 0.163036
v -0.005005 1.264182 0.163118
v -0.005166 1.264202 0.163265
v -0.005326 1.264254 0.163481
v -0.004844 1.264058 0.163402
v -0.004857 1.264091 0.163572
v -0.004488 1.264287 0.163857
v -0.005022 1.273213 0.153965
v -0.005241 1.273746 0.154037
v -0.005280 1.273909 0.154134
v -0.004808 1.274375 0.154528
v -0.003770 1.263829 0.162779
v -0.004000 1.263835 0.162920
v -0.004141 1.263855 0.163088
v -0.003634 1.263729 0.163077
v -0.003821 1.263794 0.163282
v -0.003433 1.264010 0.163585
v -0.004526 1.272631 0.154171
v -0.003756 1.272890 0.153595
v -0.004038 1.273087 0.153615
v -0.003689 1.273238 0.153560
v -0.004642 1.273460 0.153785
v -0.003222 1.274063 0.154218
v -0.002457 1.263655 0.162611
v -0.002709 1.263629 0.162720
v -0.002869 1.263628 0.162864
v -0.002420 1.263578 0.162955
v -0.002610 1.263607 0.163063
v -0.002176 1.263833 0.163406
v -0.002054 1.264333 0.163930
v -0.002998 1.272753 0.153479
v -0.002216 1.272848 0.153392
v -0.002438 1.273035 0.153391
v -0.001888 1.268144 0.167706
v -0.001191 1.267970 0.167539
v -0.002935 1.269464 0.168999
v 0.068102 1.164658 0.276456
v 0.067948 1.157433 0.271653
v 0.057277 1.151804 0.262163
v 0.057616 1.167730 0.234042
v 0.065886 1.194210 0.263741
v 0.059098 1.175579 0.278078
v 0.057217 1.173935 0.278152
v 0.056512 1.175418 0.277601
v 0.056412 1.179585 0.276498
v 0.056257 1.176122 0.276439
v 0.069952 1.174155 0.278123
v 0.070216 1.176469 0.277903
v 0.071251 1.175641 0.277537
v 0.071460 1.176376 0.276456
v 0.071439 1.174590 0.276855
v 0.071489 1.177734 0.275283
v 0.057799 1.169531 0.277786
v 0.056261 1.171203 0.276554
v 0.056201 1.172553 0.270453
v 0.069427 1.171704 0.278094
v 0.071159 1.171201 0.277690
v 0.071408 1.171783 0.276965
v 0.058797 1.164595 0.276569
v 0.056261 1.167191 0.275762
v 0.056207 1.171248 0.272679
v 0.069924 1.165301 0.276641
v 0.066983 1.165852 0.276931
v 0.070752 1.167426 0.277334
v 0.071085 1.166088 0.276749
v 0.071404 1.167341 0.276260
v 0.071504 1.166539 0.273378
v 0.071524 1.165262 0.267890
v 0.057514 1.162930 0.275629
v 0.056261 1.163401 0.274197
v 0.070180 1.162925 0.275628
v 0.071158 1.162950 0.275240
v 0.071317 1.160357 0.273224
v 0.071455 1.164276 0.274703
v 0.060237 1.160498 0.274216
v 0.057318 1.159919 0.273773
v 0.056261 1.160003 0.271938
v 0.056200 1.165711 0.268366
v 0.056210 1.166018 0.271849
v 0.069529 1.157890 0.272057
v 0.064199 1.159070 0.273212
v 0.071167 1.159873 0.273270
v 0.071114 1.157943 0.271774
v 0.071460 1.160825 0.272627
v 0.058063 1.156815 0.270950
v 0.056261 1.157093 0.269041
v 0.069331 1.155319 0.269189
v 0.071462 1.157788 0.269839
v 0.071425 1.156685 0.269051
v 0.057023 1.153671 0.266541
v 0.056261 1.154800 0.265623
v 0.056287 1.155399 0.267067
v 0.056200 1.161453 0.264529
v 0.056210 1.160403 0.267864
v 0.070334 1.153297 0.265935
v 0.069143 1.153241 0.265950
v 0.071061 1.153453 0.265881
v 0.071460 1.155294 0.266572
v 0.071489 1.154942 0.263969
v 0.071524 1.159005 0.258698
v 0.059285 1.152150 0.263356
v 0.056261 1.153233 0.261857
v 0.056287 1.153534 0.263368
v 0.071211 1.152622 0.263347
v 0.071460 1.152965 0.261125
v 0.071425 1.152853 0.261717
v 0.056261 1.152423 0.257835
v 0.056287 1.152420 0.259363
v 0.056200 1.158987 0.259352
v 0.056210 1.156740 0.262030
v 0.069852 1.150988 0.258124
v 0.071085 1.151087 0.257176
v 0.071460 1.152516 0.258899
v 0.071409 1.151889 0.255693
v 0.056261 1.152416 0.253725
v 0.070573 1.150999 0.253509
v 0.071159 1.151283 0.253696
v 0.071316 1.152149 0.250532
v 0.071462 1.152341 0.254798
v 0.057115 1.151387 0.251022
v 0.056261 1.153206 0.249711
v 0.056287 1.152619 0.251122
v 0.056200 1.158689 0.253625
v 0.056210 1.155587 0.255241
v 0.068506 1.152241 0.247830
v 0.070185 1.151537 0.249924
v 0.067486 1.151581 0.249715
v 0.071085 1.152224 0.248590
v 0.071460 1.152889 0.250714
v 0.071524 1.161081 0.247773
v 0.059190 1.152700 0.246775
v 0.057539 1.153526 0.245106
v 0.056261 1.154770 0.245912
v 0.070191 1.153339 0.245443
v 0.071210 1.153277 0.246548
v 0.071462 1.154288 0.246880
v 0.071425 1.154596 0.245556
v 0.060015 1.157110 0.239993
v 0.056261 1.157039 0.242504
v 0.056287 1.155948 0.243593
v 0.056200 1.160606 0.248220
v 0.056210 1.157122 0.248528
v 0.069924 1.156955 0.240415
v 0.069085 1.155392 0.242165
v 0.071167 1.155708 0.242374
v 0.071460 1.156357 0.243316
v 0.056261 1.159953 0.239583
v 0.070195 1.158798 0.238611
v 0.071157 1.157728 0.239989
v 0.071462 1.159142 0.240289
v 0.071442 1.160177 0.239091
v 0.058531 1.160154 0.237548
v 0.057047 1.160606 0.237176
v 0.056261 1.163349 0.237309
v 0.056287 1.161914 0.237903
v 0.056200 1.164442 0.243962
v 0.056210 1.161107 0.242912
v 0.068920 1.163786 0.235412
v 0.066956 1.162876 0.235777
v 0.071201 1.161712 0.237010
v 0.071042 1.164046 0.235526
v 0.071465 1.162248 0.237939
v 0.071504 1.165491 0.238536
v 0.071524 1.170274 0.241514
v 0.058163 1.165675 0.234660
v 0.056261 1.167113 0.235743
v 0.056287 1.165601 0.236043
v 0.069727 1.162453 0.235872
v 0.069459 1.166094 0.234502
v 0.071211 1.165625 0.235130
v 0.071455 1.166138 0.236004
v 0.071425 1.167249 0.235365
v 0.059002 1.170813 0.233413
v 0.056261 1.171155 0.234930
v 0.056200 1.169619 0.241495
v 0.056210 1.166940 0.239249
v 0.070638 1.170721 0.233482
v 0.069416 1.170367 0.233518
v 0.071085 1.171794 0.233596
v 0.071460 1.170085 0.235024
v 0.057526 1.175080 0.233415
v 0.056261 1.175257 0.234926
v 0.056287 1.173716 0.234621
v 0.070050 1.176258 0.233554
v 0.068333 1.174212 0.233347
v 0.071211 1.174084 0.233788
v 0.071462 1.174183 0.234851
v 0.071425 1.175511 0.234626
v 0.063330 1.177661 0.233698
v 0.056261 1.179261 0.235715
v 0.056195 1.176427 0.243580
v 0.056210 1.173728 0.238097
v 0.070222 1.179079 0.234158
v 0.068190 1.179075 0.234083
v 0.071085 1.180374 0.234731
v 0.071460 1.178233 0.235392
v 0.071409 1.181428 0.236036
v 0.071524 1.181198 0.243589
v 0.057488 1.180197 0.234461
v 0.056261 1.183066 0.237284
v 0.056287 1.181760 0.236414
v 0.068533 1.182196 0.235210
v 0.071158 1.183509 0.236238
v 0.071317 1.186109 0.238257
v 0.071462 1.182107 0.236807
v 0.057405 1.187747 0.238692
v 0.056261 1.186457 0.239541
v 0.056200 1.180748 0.243114
v 0.056210 1.180442 0.239631
v 0.068811 1.187852 0.238711
v 0.071085 1.187867 0.239061
v 0.071460 1.185634 0.238850
v 0.057385 1.190507 0.241505
v 0.056261 1.189365 0.242434
v 0.056287 1.188506 0.241151
v 0.071462 1.188663 0.241628
v 0.056261 1.191656 0.245848
v 0.056287 1.191058 0.244409
v 0.056200 1.185008 0.246950
v 0.056210 1.186060 0.243617
v 0.069852 1.192868 0.245025
v 0.067948 1.191591 0.242679
v 0.071159 1.192616 0.245246
v 0.071460 1.191159 0.244895
v 0.071524 1.187459 0.252783
v 0.057487 1.193202 0.245615
v 0.057863 1.194273 0.248150
v 0.058449 1.194903 0.250079
v 0.056261 1.193233 0.249636
v 0.070263 1.194741 0.249501
v 0.071202 1.193845 0.248093
v 0.071042 1.194848 0.250674
v 0.071462 1.192888 0.248608
v 0.071425 1.193607 0.249761
v 0.062591 1.195710 0.254186
v 0.056261 1.194038 0.253658
v 0.056287 1.194040 0.252099
v 0.056193 1.185280 0.255985
v 0.056210 1.189722 0.249448
v 0.068140 1.195668 0.255029
v 0.069360 1.195366 0.252121
v 0.071159 1.195155 0.253451
v 0.071460 1.193942 0.252570
v 0.057043 1.195522 0.257431
v 0.057799 1.195277 0.259440
v 0.056261 1.194047 0.257743
v 0.069867 1.195510 0.257737
v 0.067326 1.195568 0.258104
v 0.071201 1.195203 0.256567
v 0.071043 1.195139 0.259343
v 0.071462 1.194120 0.256681
v 0.071425 1.194345 0.258024
v 0.063666 1.195205 0.260476
v 0.056261 1.193253 0.261779
v 0.056287 1.193851 0.260335
v 0.056200 1.187773 0.257854
v 0.056210 1.190874 0.256235
v 0.070623 1.194849 0.261523
v 0.071159 1.194366 0.261998
v 0.071460 1.193577 0.260751
v 0.071420 1.193422 0.262351
v 0.071489 1.191981 0.262852
v 0.071524 1.185382 0.263707
v 0.057779 1.194346 0.263307
v 0.056261 1.191696 0.265556
v 0.071047 1.192090 0.267438
v 0.070729 1.193021 0.266167
v 0.071202 1.193214 0.264909
v 0.071452 1.192095 0.264946
v 0.059186 1.192541 0.267165
v 0.056261 1.189417 0.268981
v 0.056287 1.190515 0.267884
v 0.056200 1.185857 0.263258
v 0.056210 1.189340 0.262952
v 0.070716 1.189953 0.270551
v 0.071000 1.190865 0.269339
v 0.068094 1.191367 0.268922
v 0.071167 1.190750 0.269111
v 0.071460 1.190107 0.268159
v 0.059395 1.189171 0.271497
v 0.056261 1.186520 0.271887
v 0.069924 1.186204 0.273946
v 0.071140 1.188532 0.271635
v 0.071355 1.185713 0.273256
v 0.071462 1.187339 0.271174
v 0.071442 1.186280 0.272393
v 0.058048 1.184930 0.274816
v 0.056261 1.183105 0.274175
v 0.056287 1.184559 0.273571
v 0.056200 1.182017 0.267518
v 0.056210 1.185354 0.268569
v 0.070240 1.183535 0.275628
v 0.071167 1.184305 0.274795
v 0.071465 1.184209 0.273543
v 0.071436 1.182926 0.274507
v 0.071524 1.176189 0.269966
v 0.059073 1.182762 0.276046
v 0.056657 1.179272 0.277063
v 0.056272 1.179756 0.275693
v 0.056201 1.178235 0.269592
v 0.070685 1.181754 0.276444
v 0.069786 1.180487 0.276961
v 0.071194 1.180656 0.276463
v 0.071451 1.180326 0.275507
v 0.060609 1.178360 0.277584
v 0.065267 1.178268 0.277606
v 0.062275 1.174457 0.278151
v 0.061208 1.183902 0.275507
v 0.066039 1.181294 0.276706
v 0.061316 1.165274 0.276712
v 0.067283 1.161338 0.274763
v 0.064320 1.154669 0.268369
v 0.069223 1.152179 0.263495
v 0.065122 1.150809 0.253728
v 0.061316 1.152259 0.247783
v 0.066538 1.168081 0.233891
v 0.059888 1.185548 0.237002
v 0.063861 1.188614 0.239402
v 0.060031 1.188245 0.239082
v 0.063861 1.193695 0.246533
v 0.065870 1.186154 0.274103
v 0.066831 1.178201 0.277629
v 0.062835 1.167512 0.277466
v 0.070905 1.155852 0.269746
v 0.060458 1.156508 0.270789
v 0.058647 1.153441 0.266318
v 0.067195 1.152902 0.265227
v 0.065536 1.151726 0.262301
v 0.060531 1.151088 0.259612
v 0.062264 1.150722 0.257202
v 0.068214 1.150864 0.257769
v 0.059596 1.151095 0.251936
v 0.057436 1.151666 0.249627
v 0.063167 1.153220 0.245513
v 0.063610 1.155130 0.242339
v 0.065988 1.156833 0.240401
v 0.058832 1.161581 0.236511
v 0.067053 1.160013 0.237610
v 0.058031 1.162898 0.235870
v 0.063108 1.166410 0.234318
v 0.067067 1.172325 0.233282
v 0.066407 1.173657 0.233313
v 0.060297 1.175539 0.233381
v 0.060830 1.181109 0.234724
v 0.057324 1.183442 0.235815
v 0.063024 1.182501 0.235194
v 0.070129 1.184334 0.236281
v 0.065991 1.185349 0.236831
v 0.058845 1.186796 0.237810
v 0.066390 1.190383 0.241205
v 0.063606 1.191519 0.242716
v 0.062479 1.192379 0.243980
v 0.060482 1.193694 0.246544
v 0.065924 1.194569 0.248659
v 0.062236 1.194963 0.250140
v 0.060819 1.195461 0.258905
v 0.062136 1.194632 0.262590
v 0.068960 1.193303 0.265865
v 0.063861 1.192365 0.267484
v 0.058778 1.190733 0.269800
v 0.061341 1.189182 0.271516
v 0.064871 1.188388 0.272322
v 0.060591 1.186498 0.273831
v 0.060344 1.171506 0.278137
v 0.068092 1.169597 0.277891
v 0.071539 1.175246 0.258569
v 0.071535 1.179351 0.251379
v 0.071535 1.168868 0.249619
v 0.071535 1.167110 0.260101
v 0.056695 1.175099 0.277877
v 0.056579 1.176973 0.277541
v 0.056385 1.175891 0.277185
v 0.056259 1.172981 0.276695
v 0.056213 1.174939 0.273593
v 0.071020 1.176444 0.277774
v 0.071339 1.176109 0.277155
v 0.071510 1.176476 0.273635
v 0.056569 1.171252 0.277738
v 0.056395 1.169973 0.277254
v 0.056308 1.171392 0.276987
v 0.056230 1.171021 0.275400
v 0.070810 1.170504 0.277893
v 0.071027 1.171220 0.277908
v 0.071345 1.172001 0.277331
v 0.071407 1.171490 0.277009
v 0.071513 1.170938 0.273219
v 0.071496 1.173826 0.275565
v 0.057354 1.169526 0.277777
v 0.056774 1.169336 0.277738
v 0.057244 1.165768 0.276782
v 0.056603 1.167600 0.277126
v 0.056486 1.165915 0.276357
v 0.056308 1.167280 0.276220
v 0.056230 1.167231 0.274592
v 0.070983 1.165502 0.276656
v 0.071316 1.168001 0.276817
v 0.071464 1.169657 0.276295
v 0.071481 1.168517 0.275817
v 0.071511 1.167366 0.272764
v 0.056780 1.165025 0.276526
v 0.056569 1.162987 0.275308
v 0.056402 1.163923 0.275314
v 0.056308 1.163400 0.274667
v 0.056230 1.163668 0.273059
v 0.071279 1.164278 0.275609
v 0.071405 1.163762 0.274831
v 0.071499 1.163896 0.272904
v 0.056989 1.159183 0.273076
v 0.056672 1.159182 0.272947
v 0.056635 1.161691 0.274756
v 0.056414 1.159595 0.272667
v 0.056308 1.159892 0.272382
v 0.056230 1.160473 0.270860
v 0.070859 1.159140 0.273019
v 0.070585 1.160764 0.274247
v 0.070952 1.162515 0.275308
v 0.071392 1.161188 0.273447
v 0.071470 1.161421 0.272822
v 0.071511 1.161757 0.269288
v 0.057177 1.155586 0.269473
v 0.056569 1.156279 0.269900
v 0.056370 1.157186 0.270155
v 0.056230 1.157769 0.268082
v 0.071071 1.156902 0.270785
v 0.071392 1.157349 0.270203
v 0.071405 1.157170 0.269746
v 0.071497 1.158897 0.269195
v 0.071513 1.159249 0.266477
v 0.056776 1.154924 0.268545
v 0.056569 1.153842 0.266318
v 0.056369 1.154683 0.266746
v 0.056230 1.155659 0.264830
v 0.070982 1.152976 0.265066
v 0.071320 1.154694 0.267010
v 0.071470 1.155781 0.266998
v 0.071510 1.157262 0.263888
v 0.056776 1.152778 0.264730
v 0.056569 1.152147 0.262322
v 0.056370 1.152891 0.262917
v 0.056230 1.154223 0.261227
v 0.070747 1.151638 0.261430
v 0.071359 1.152935 0.263075
v 0.071419 1.153433 0.263550
v 0.071499 1.154495 0.261281
v 0.057246 1.150946 0.257691
v 0.056673 1.151129 0.257976
v 0.056635 1.151623 0.261022
v 0.056414 1.151620 0.258073
v 0.056308 1.152034 0.258083
v 0.056230 1.153517 0.257410
v 0.070982 1.150949 0.256607
v 0.071042 1.151613 0.260805
v 0.071320 1.151791 0.259052
v 0.071511 1.155538 0.257206
v 0.057799 1.150880 0.255315
v 0.056965 1.150987 0.254220
v 0.056569 1.151233 0.253762
v 0.056370 1.151693 0.254589
v 0.056230 1.153571 0.253534
v 0.070486 1.150905 0.255926
v 0.071279 1.151449 0.255085
v 0.071497 1.153583 0.255118
v 0.071513 1.155752 0.253447
v 0.056672 1.151958 0.249342
v 0.056635 1.151246 0.252355
v 0.056414 1.152374 0.249624
v 0.056308 1.152750 0.249786
v 0.056230 1.154379 0.249740
v 0.070982 1.152314 0.248010
v 0.070974 1.151171 0.252696
v 0.071392 1.152263 0.251390
v 0.071470 1.152927 0.251376
v 0.071511 1.156324 0.250323
v 0.056672 1.153614 0.245317
v 0.056569 1.153668 0.245487
v 0.056370 1.153774 0.246433
v 0.056230 1.155911 0.246176
v 0.070745 1.153939 0.244493
v 0.071392 1.153792 0.246600
v 0.071406 1.154146 0.246262
v 0.071497 1.155315 0.247646
v 0.071513 1.157960 0.246931
v 0.056987 1.154307 0.243790
v 0.057144 1.156485 0.240992
v 0.056603 1.155633 0.242346
v 0.056414 1.156303 0.242104
v 0.056308 1.156592 0.242399
v 0.056230 1.158110 0.242983
v 0.071042 1.154367 0.244028
v 0.071320 1.155725 0.242927
v 0.071470 1.156148 0.243931
v 0.071511 1.159683 0.244266
v 0.056775 1.157101 0.240283
v 0.056569 1.159074 0.238786
v 0.056369 1.158819 0.239696
v 0.056230 1.160888 0.240278
v 0.070910 1.159793 0.237953
v 0.071063 1.158416 0.239186
v 0.070924 1.156505 0.240983
v 0.071392 1.158765 0.239861
v 0.071405 1.159212 0.239688
v 0.071497 1.159777 0.241406
v 0.071513 1.162493 0.241759
v 0.056775 1.160422 0.237436
v 0.056569 1.162649 0.236353
v 0.056369 1.162222 0.237194
v 0.056230 1.164147 0.238166
v 0.070982 1.163911 0.235482
v 0.071348 1.162777 0.236857
v 0.071510 1.165084 0.239769
v 0.056966 1.166116 0.234610
v 0.056672 1.166729 0.234499
v 0.056635 1.163836 0.235578
v 0.056415 1.166718 0.235000
v 0.056308 1.166804 0.235406
v 0.056230 1.167751 0.236731
v 0.070832 1.167561 0.234169
v 0.071359 1.165895 0.235443
v 0.071419 1.165420 0.235944
v 0.071499 1.167695 0.237003
v 0.057362 1.171868 0.233369
v 0.056569 1.170880 0.233779
v 0.056370 1.170152 0.234392
v 0.056230 1.171554 0.236029
v 0.070982 1.172369 0.233458
v 0.071042 1.168179 0.234119
v 0.071320 1.169914 0.234301
v 0.071470 1.169504 0.235311
v 0.071511 1.171764 0.238048
v 0.056988 1.175279 0.233521
v 0.056775 1.177122 0.233741
v 0.056636 1.172268 0.233516
v 0.056414 1.175152 0.234090
v 0.056308 1.175069 0.234492
v 0.056230 1.175440 0.236080
v 0.070833 1.176243 0.233641
v 0.071392 1.174230 0.234282
v 0.071405 1.174670 0.234477
v 0.071497 1.173851 0.236092
v 0.071513 1.175524 0.238261
v 0.056569 1.179467 0.234551
v 0.056370 1.178561 0.234840
v 0.056230 1.179231 0.236888
v 0.070983 1.180956 0.234822
v 0.071043 1.176835 0.233832
v 0.071321 1.178378 0.234667
v 0.071470 1.177609 0.235440
v 0.071511 1.178647 0.238833
v 0.056967 1.183152 0.235773
v 0.056672 1.183660 0.236126
v 0.056635 1.180840 0.234838
v 0.056414 1.183300 0.236478
v 0.056308 1.183064 0.236815
v 0.056230 1.182792 0.238421
v 0.070372 1.181479 0.234976
v 0.071279 1.182177 0.235869
v 0.071497 1.181326 0.237825
v 0.071513 1.182039 0.240469
v 0.056965 1.186856 0.238092
v 0.056569 1.187094 0.238547
v 0.056370 1.186156 0.238474
v 0.056230 1.185988 0.240620
v 0.070983 1.188378 0.239376
v 0.070954 1.184224 0.236344
v 0.071393 1.185271 0.238032
v 0.071470 1.185045 0.238660
v 0.071511 1.184706 0.242193
v 0.056775 1.188690 0.239611
v 0.056569 1.190182 0.241580
v 0.056370 1.189272 0.241322
v 0.056230 1.188692 0.243397
v 0.070809 1.189663 0.240646
v 0.071392 1.189109 0.241273
v 0.071405 1.189295 0.241738
v 0.071497 1.187566 0.242287
v 0.071513 1.187212 0.245003
v 0.056966 1.192567 0.244640
v 0.056672 1.192799 0.245225
v 0.056634 1.191167 0.242584
v 0.056414 1.192307 0.245321
v 0.056308 1.191920 0.245466
v 0.056230 1.190802 0.246650
v 0.070964 1.191237 0.242559
v 0.071143 1.190510 0.241871
v 0.071316 1.191829 0.244527
v 0.071393 1.191128 0.243983
v 0.071470 1.190678 0.244477
v 0.071511 1.189016 0.247614
v 0.056673 1.194474 0.249241
v 0.056569 1.194313 0.249152
v 0.056369 1.193568 0.248560
v 0.056230 1.192239 0.250256
v 0.070982 1.194915 0.250539
v 0.070207 1.193511 0.246297
v 0.070975 1.193264 0.246015
v 0.071393 1.193437 0.248456
v 0.071405 1.193429 0.248947
v 0.071497 1.191623 0.248795
v 0.071513 1.190258 0.251172
v 0.056988 1.195063 0.250811
v 0.057236 1.195526 0.254582
v 0.056603 1.195145 0.252764
v 0.056413 1.194840 0.253412
v 0.056308 1.194430 0.253402
v 0.056230 1.192944 0.254068
v 0.071316 1.194703 0.252494
v 0.071370 1.194486 0.252680
v 0.071470 1.193663 0.252025
v 0.071511 1.190924 0.254273
v 0.056775 1.195566 0.255268
v 0.056569 1.195229 0.257722
v 0.056369 1.194767 0.256888
v 0.056230 1.192891 0.257950
v 0.070983 1.195254 0.259235
v 0.070937 1.195488 0.254335
v 0.071393 1.194686 0.256744
v 0.071405 1.194493 0.257194
v 0.071497 1.192880 0.256361
v 0.071513 1.190709 0.258035
v 0.056964 1.194749 0.261576
v 0.056673 1.194507 0.262129
v 0.056635 1.195216 0.259121
v 0.056415 1.194090 0.261858
v 0.056308 1.193710 0.261692
v 0.056230 1.192083 0.261742
v 0.071315 1.194310 0.260969
v 0.071370 1.194035 0.261053
v 0.071470 1.193530 0.260122
v 0.071510 1.190285 0.261272
v 0.057799 1.193717 0.264686
v 0.057056 1.192890 0.266328
v 0.056569 1.192796 0.265991
v 0.056369 1.192688 0.265042
v 0.056230 1.190547 0.265308
v 0.070861 1.193911 0.264160
v 0.071042 1.194019 0.263540
v 0.071346 1.192333 0.265806
v 0.071460 1.191896 0.265486
v 0.071499 1.190394 0.265075
v 0.057359 1.189343 0.271426
v 0.056672 1.190434 0.269794
v 0.056635 1.192248 0.267278
v 0.056414 1.190163 0.269369
v 0.056308 1.189872 0.269080
v 0.056230 1.188350 0.268499
v 0.071315 1.190706 0.268637
v 0.071370 1.190432 0.268596
v 0.071511 1.186779 0.267214
v 0.056985 1.187489 0.272903
v 0.056569 1.187388 0.272693
v 0.056402 1.187764 0.271822
v 0.056230 1.185571 0.271203
v 0.069732 1.188276 0.272342
v 0.071019 1.188619 0.271725
v 0.071236 1.188034 0.271898
v 0.071409 1.188298 0.270855
v 0.071497 1.186684 0.270073
v 0.071512 1.183967 0.269724
v 0.056987 1.183870 0.275353
v 0.056672 1.183751 0.275305
v 0.056635 1.186378 0.273683
v 0.056361 1.185766 0.273373
v 0.056309 1.183961 0.274161
v 0.056230 1.182319 0.273314
v 0.070924 1.186752 0.273480
v 0.071275 1.185093 0.274125
v 0.071370 1.184210 0.274193
v 0.071511 1.181357 0.271525
v 0.056858 1.178580 0.277474
v 0.056694 1.179273 0.277143
v 0.056521 1.181567 0.276092
v 0.056339 1.180383 0.275951
v 0.056315 1.178683 0.276374
v 0.056238 1.178116 0.275297
v 0.056211 1.178267 0.272969
v 0.071023 1.178547 0.277362
v 0.071014 1.183846 0.275315
v 0.071345 1.179618 0.276369
v 0.071444 1.179258 0.276007
v 0.071463 1.179186 0.275703
v 0.071495 1.181015 0.273919
v 0.071513 1.177800 0.272766
v 0.056184 1.173231 0.255740
v 0.056182 1.170850 0.256811
v -0.069223 1.179985 0.277203
v -0.060097 1.175964 0.276946
v -0.074876 1.179175 0.277094
v -0.063314 1.172087 0.278217
v -0.060530 1.173079 0.278050
v -0.075170 1.174721 0.277047
v -0.074816 1.169157 0.277590
v -0.060091 1.164124 0.275035
v -0.060537 1.166742 0.277105
v -0.060091 1.160525 0.272881
v -0.075108 1.164170 0.275423
v -0.075149 1.161788 0.274066
v -0.060091 1.154887 0.266700
v -0.060423 1.155358 0.268840
v -0.075170 1.156335 0.268808
v -0.060091 1.153148 0.262946
v -0.060363 1.153332 0.265302
v -0.075150 1.155656 0.268299
v -0.074898 1.153739 0.266209
v -0.060090 1.152130 0.258891
v -0.075150 1.153545 0.264628
v -0.074849 1.151843 0.261531
v -0.060078 1.151961 0.254337
v -0.075108 1.151830 0.259141
v -0.060495 1.151157 0.252955
v -0.075150 1.151640 0.256422
v -0.074815 1.151379 0.251674
v -0.074910 1.153932 0.244932
v -0.066623 1.157556 0.239601
v -0.060091 1.158914 0.239875
v -0.075149 1.154903 0.244304
v -0.060090 1.162246 0.237451
v -0.075108 1.158508 0.239842
v -0.075150 1.160675 0.238165
v -0.075149 1.164342 0.236051
v -0.060091 1.174313 0.234398
v -0.060418 1.173898 0.233544
v -0.075149 1.168359 0.234692
v -0.074893 1.170861 0.233733
v -0.064653 1.178743 0.233965
v -0.060090 1.178398 0.235040
v -0.075149 1.172560 0.234145
v -0.074889 1.175843 0.233761
v -0.060439 1.179579 0.234464
v -0.075063 1.178879 0.234674
v -0.074859 1.181470 0.235133
v -0.060090 1.185938 0.238601
v -0.075149 1.180865 0.235531
v -0.074850 1.184256 0.236520
v -0.060424 1.188208 0.239407
v -0.075108 1.185958 0.238203
v -0.075148 1.188032 0.239999
v -0.060499 1.193076 0.245660
v -0.075108 1.191696 0.244401
v -0.074898 1.192726 0.245276
v -0.064682 1.195082 0.250611
v -0.075149 1.192924 0.246857
v -0.074850 1.194622 0.249965
v -0.066242 1.195499 0.252302
v -0.075108 1.194631 0.252338
v -0.074849 1.195338 0.254238
v -0.060091 1.193948 0.260975
v -0.060385 1.195244 0.258219
v -0.060091 1.192522 0.264856
v -0.074967 1.194867 0.260329
v -0.060091 1.190375 0.268440
v -0.075270 1.190405 0.265677
v -0.075149 1.193437 0.263382
v -0.060090 1.187566 0.271541
v -0.060424 1.189565 0.270716
v -0.075150 1.191553 0.267181
v -0.063879 1.186308 0.273969
v -0.060078 1.183895 0.274197
v -0.064674 1.182520 0.276173
v -0.060464 1.183168 0.275605
v -0.074918 1.183504 0.275320
v -0.061121 1.176043 0.277955
v -0.060240 1.175532 0.277503
v -0.060405 1.177100 0.277552
v -0.060063 1.175940 0.276743
v -0.060000 1.177575 0.275032
v -0.074607 1.173211 0.278059
v -0.071322 1.176563 0.277928
v -0.073699 1.178249 0.277524
v -0.075171 1.171976 0.277113
v -0.075037 1.176522 0.277369
v -0.074868 1.175015 0.277821
v -0.075217 1.176030 0.276680
v -0.075258 1.173840 0.275987
v -0.060891 1.171840 0.278090
v -0.060310 1.172267 0.277724
v -0.060295 1.168126 0.277120
v -0.060043 1.171540 0.276639
v -0.060132 1.173000 0.277275
v -0.060008 1.169706 0.275454
v -0.074763 1.170837 0.277885
v -0.073278 1.170491 0.277970
v -0.075182 1.171792 0.276996
v -0.075225 1.171193 0.276655
v -0.063458 1.167300 0.277418
v -0.060252 1.165481 0.276167
v -0.060034 1.167447 0.275819
v -0.060094 1.167663 0.276315
v -0.060008 1.165926 0.274387
v -0.059979 1.170015 0.271348
v -0.074765 1.166570 0.276994
v -0.073699 1.165301 0.276641
v -0.075148 1.170413 0.277124
v -0.075293 1.170503 0.271994
v -0.060878 1.163038 0.275630
v -0.064913 1.161863 0.275120
v -0.061608 1.160950 0.274428
v -0.060034 1.163639 0.274303
v -0.060008 1.162433 0.272606
v -0.074788 1.160996 0.274262
v -0.075190 1.166334 0.275891
v -0.075226 1.165641 0.275429
v -0.060815 1.157954 0.271964
v -0.060034 1.160219 0.272090
v -0.060008 1.159344 0.270169
v -0.074636 1.157630 0.271674
v -0.074334 1.159059 0.273013
v -0.074873 1.159266 0.272935
v -0.075061 1.157757 0.271055
v -0.075190 1.162539 0.274161
v -0.075288 1.164274 0.270882
v -0.062606 1.156735 0.270952
v -0.060171 1.157075 0.270245
v -0.060253 1.155436 0.268418
v -0.060034 1.157273 0.269229
v -0.060008 1.156799 0.267187
v -0.074362 1.155495 0.269280
v -0.072872 1.155234 0.269086
v -0.074792 1.155942 0.269762
v -0.074910 1.155852 0.269425
v -0.075190 1.159153 0.271722
v -0.075226 1.158684 0.271027
v -0.075288 1.161492 0.268845
v -0.061232 1.152840 0.264989
v -0.060316 1.154144 0.266691
v -0.060034 1.154940 0.265844
v -0.060008 1.154883 0.263764
v -0.074650 1.153288 0.265760
v -0.073436 1.154380 0.267791
v -0.075190 1.156305 0.268668
v -0.075288 1.159162 0.266302
v -0.061984 1.152544 0.264291
v -0.061832 1.151582 0.261409
v -0.060369 1.152073 0.262202
v -0.060034 1.153325 0.262096
v -0.060008 1.153669 0.260026
v -0.074527 1.151387 0.260649
v -0.075190 1.154113 0.265129
v -0.075226 1.153940 0.264293
v -0.075288 1.157372 0.263355
v -0.064006 1.151388 0.260887
v -0.062044 1.150844 0.255949
v -0.060315 1.151408 0.258552
v -0.060034 1.152468 0.258090
v -0.060008 1.153209 0.256133
v -0.074495 1.150832 0.256169
v -0.072820 1.151476 0.261179
v -0.074878 1.151280 0.258585
v -0.074918 1.151209 0.257728
v -0.075190 1.152645 0.261206
v -0.075288 1.156192 0.260116
v -0.060387 1.151744 0.250293
v -0.060034 1.152409 0.253989
v -0.060094 1.151965 0.254285
v -0.060008 1.153518 0.252214
v -0.074764 1.151086 0.253348
v -0.073818 1.151097 0.252344
v -0.075190 1.151974 0.257078
v -0.075226 1.152136 0.256264
v -0.075288 1.155664 0.256705
v -0.063140 1.151533 0.250079
v -0.060711 1.153161 0.245891
v -0.060315 1.151993 0.249987
v -0.060387 1.153213 0.246217
v -0.060034 1.153150 0.249959
v -0.060008 1.154583 0.248439
v -0.074764 1.151979 0.249071
v -0.073634 1.151517 0.250364
v -0.074901 1.152279 0.248654
v -0.075140 1.151844 0.252826
v -0.075225 1.153112 0.249672
v -0.075288 1.155814 0.253262
v -0.061820 1.153561 0.245023
v -0.060316 1.153518 0.245963
v -0.060387 1.155456 0.242494
v -0.060034 1.154662 0.246155
v -0.060008 1.156367 0.244940
v -0.074790 1.153440 0.245582
v -0.074508 1.152931 0.246316
v -0.075183 1.153597 0.247239
v -0.075190 1.154808 0.245052
v -0.075288 1.156633 0.249910
v -0.062965 1.154844 0.242942
v -0.060199 1.156027 0.242396
v -0.060252 1.157323 0.240764
v -0.060034 1.156890 0.242715
v -0.060008 1.158796 0.241859
v -0.072461 1.153696 0.244649
v -0.074873 1.156036 0.241775
v -0.075221 1.155309 0.244531
v -0.061321 1.160738 0.237174
v -0.060293 1.159187 0.238842
v -0.060370 1.159161 0.238667
v -0.060034 1.159762 0.239765
v -0.060008 1.161781 0.239311
v -0.073315 1.159407 0.238119
v -0.074961 1.159869 0.238255
v -0.075190 1.157250 0.241660
v -0.075288 1.160127 0.244002
v -0.062965 1.161141 0.236880
v -0.064317 1.163657 0.235427
v -0.060316 1.162284 0.236651
v -0.060386 1.165829 0.234845
v -0.060034 1.163124 0.237452
v -0.060008 1.165210 0.237390
v -0.074665 1.163303 0.235760
v -0.073483 1.163418 0.235631
v -0.074859 1.161999 0.236639
v -0.074918 1.162963 0.236156
v -0.075190 1.160304 0.238811
v -0.075226 1.161079 0.238489
v -0.075190 1.163860 0.236615
v -0.075288 1.162649 0.241636
v -0.060315 1.166210 0.234887
v -0.060387 1.170025 0.233806
v -0.060034 1.166865 0.235839
v -0.060008 1.168946 0.236178
v -0.074909 1.167226 0.234450
v -0.075288 1.165605 0.239842
v -0.060199 1.170487 0.234139
v -0.060252 1.172574 0.233901
v -0.060034 1.170897 0.234975
v -0.060008 1.172839 0.235718
v -0.074618 1.173801 0.233425
v -0.072740 1.167257 0.234101
v -0.075206 1.167662 0.235275
v -0.075288 1.168853 0.238659
v -0.062652 1.178060 0.233811
v -0.060292 1.175234 0.233860
v -0.060369 1.175358 0.233720
v -0.060034 1.174993 0.234919
v -0.060008 1.176757 0.236027
v -0.074875 1.176184 0.233667
v -0.074207 1.175751 0.233529
v -0.074925 1.174180 0.233662
v -0.075190 1.171885 0.234484
v -0.075226 1.172709 0.234644
v -0.075288 1.172267 0.238134
v -0.060316 1.178979 0.234500
v -0.060390 1.182802 0.235739
v -0.060034 1.179008 0.235659
v -0.060008 1.180536 0.237093
v -0.074743 1.179946 0.234496
v -0.075190 1.176057 0.234630
v -0.075288 1.175721 0.238285
v -0.060959 1.185066 0.236823
v -0.060316 1.183020 0.236032
v -0.060034 1.182827 0.237178
v -0.060008 1.184033 0.238877
v -0.074846 1.186130 0.237693
v -0.075190 1.180124 0.235587
v -0.075226 1.180822 0.236051
v -0.075288 1.179080 0.239106
v -0.063378 1.186024 0.237336
v -0.060367 1.185857 0.237567
v -0.060387 1.189699 0.240902
v -0.060034 1.186234 0.239383
v -0.060008 1.187115 0.241308
v -0.074869 1.188421 0.239596
v -0.073699 1.188556 0.239465
v -0.075190 1.183915 0.237316
v -0.075288 1.182212 0.240566
v -0.065739 1.189086 0.239808
v -0.063199 1.191162 0.242291
v -0.061575 1.191436 0.242767
v -0.060315 1.189811 0.241275
v -0.060387 1.192277 0.244399
v -0.060034 1.189184 0.242244
v -0.060008 1.189662 0.244292
v -0.074666 1.190887 0.242100
v -0.074873 1.190282 0.241598
v -0.075190 1.187299 0.239750
v -0.075226 1.187775 0.240450
v -0.075288 1.185001 0.242609
v -0.067692 1.193314 0.245572
v -0.060316 1.192314 0.244786
v -0.060387 1.194125 0.248334
v -0.060034 1.191515 0.245626
v -0.060008 1.191581 0.247721
v -0.074674 1.193150 0.245700
v -0.075190 1.190156 0.242812
v -0.075288 1.187333 0.245158
v -0.060316 1.194084 0.248717
v -0.060386 1.195167 0.252554
v -0.060034 1.193137 0.249388
v -0.060008 1.192791 0.251449
v -0.074643 1.194705 0.249626
v -0.073699 1.195015 0.250722
v -0.075190 1.192356 0.246368
v -0.075226 1.192520 0.247186
v -0.075288 1.189130 0.248114
v -0.062046 1.195460 0.252564
v -0.060316 1.195055 0.252928
v -0.060387 1.195368 0.256897
v -0.060034 1.193993 0.253394
v -0.060008 1.193253 0.255347
v -0.075190 1.193817 0.250279
v -0.075225 1.194140 0.253655
v -0.075288 1.190311 0.251362
v -0.062965 1.195629 0.256166
v -0.060495 1.194769 0.261614
v -0.060252 1.194775 0.259358
v -0.060034 1.194053 0.257484
v -0.060008 1.192944 0.259259
v -0.074820 1.195406 0.257749
v -0.071966 1.195647 0.255709
v -0.074929 1.195294 0.256773
v -0.075140 1.194773 0.254423
v -0.075288 1.190836 0.254777
v -0.060986 1.193896 0.264178
v -0.060316 1.194470 0.261489
v -0.060034 1.193311 0.261523
v -0.060008 1.191878 0.263040
v -0.074788 1.193785 0.264126
v -0.074382 1.194577 0.262311
v -0.074878 1.194595 0.261526
v -0.074918 1.194338 0.262326
v -0.075190 1.194342 0.258558
v -0.075226 1.194023 0.259345
v -0.075288 1.190685 0.258232
v -0.062965 1.192784 0.266674
v -0.060958 1.192150 0.267572
v -0.060034 1.191804 0.265312
v -0.060008 1.190095 0.266541
v -0.073482 1.192497 0.267116
v -0.074791 1.192800 0.266351
v -0.074910 1.192533 0.266545
v -0.075184 1.192727 0.264254
v -0.075211 1.193180 0.262985
v -0.075288 1.189865 0.261589
v -0.060034 1.189570 0.268764
v -0.060008 1.187665 0.269620
v -0.074788 1.189018 0.271346
v -0.073699 1.189506 0.271065
v -0.072326 1.190282 0.270298
v -0.074879 1.190747 0.269269
v -0.074918 1.190213 0.269902
v -0.075215 1.191651 0.266190
v -0.075225 1.189493 0.269048
v -0.063496 1.189703 0.270973
v -0.060316 1.187696 0.272322
v -0.060034 1.186703 0.271712
v -0.060008 1.184681 0.272169
v -0.074619 1.186684 0.273560
v -0.074878 1.187776 0.272423
v -0.075064 1.186308 0.273203
v -0.074918 1.187128 0.272939
v -0.075140 1.189395 0.270041
v -0.075213 1.186507 0.272228
v -0.061160 1.184533 0.275043
v -0.061707 1.180940 0.276791
v -0.060401 1.184865 0.274626
v -0.060365 1.181391 0.276294
v -0.060034 1.183331 0.274032
v -0.060008 1.181253 0.274089
v -0.074607 1.182949 0.275851
v -0.073438 1.183425 0.275670
v -0.074878 1.184255 0.274932
v -0.075184 1.184712 0.273651
v -0.075212 1.183647 0.274104
v -0.075216 1.180103 0.275665
v -0.075183 1.180025 0.275930
v -0.069955 1.174790 0.278147
v -0.068638 1.183264 0.275834
v -0.072301 1.166664 0.277193
v -0.065992 1.165804 0.276917
v -0.070982 1.161520 0.274878
v -0.073735 1.162341 0.275339
v -0.066209 1.158334 0.272530
v -0.063582 1.155488 0.269476
v -0.067118 1.151796 0.262503
v -0.064618 1.151028 0.252490
v -0.071085 1.153051 0.245796
v -0.064451 1.154084 0.244045
v -0.067638 1.156696 0.240557
v -0.071745 1.160581 0.237229
v -0.070940 1.163765 0.235402
v -0.071620 1.169806 0.233478
v -0.070229 1.175594 0.233396
v -0.072504 1.181186 0.234759
v -0.065951 1.184509 0.236316
v -0.070297 1.188298 0.239078
v -0.071554 1.193271 0.245650
v -0.066594 1.195650 0.254662
v -0.068117 1.192889 0.266651
v -0.066223 1.163686 0.276079
v -0.072417 1.160104 0.273943
v -0.072018 1.157405 0.271649
v -0.072743 1.153707 0.266847
v -0.069054 1.152920 0.265323
v -0.071852 1.152195 0.263498
v -0.065064 1.150888 0.258054
v -0.073697 1.150972 0.258629
v -0.068955 1.150756 0.255205
v -0.070873 1.151425 0.250334
v -0.072861 1.152584 0.247009
v -0.061349 1.156326 0.240985
v -0.068581 1.156272 0.240950
v -0.066229 1.159752 0.237791
v -0.069992 1.161225 0.236756
v -0.067703 1.165274 0.234743
v -0.065345 1.167365 0.234063
v -0.070696 1.170640 0.233409
v -0.064810 1.172659 0.233265
v -0.073130 1.179345 0.234168
v -0.069948 1.183381 0.235699
v -0.068954 1.186543 0.237641
v -0.065091 1.190838 0.241842
v -0.073238 1.190564 0.241533
v -0.065915 1.191855 0.243180
v -0.067073 1.194286 0.247940
v -0.071986 1.194571 0.248816
v -0.065086 1.195593 0.257877
v -0.070826 1.195669 0.256288
v -0.067481 1.195148 0.260652
v -0.072435 1.195252 0.260069
v -0.069549 1.195157 0.260789
v -0.070044 1.193836 0.264688
v -0.064052 1.191375 0.268935
v -0.067823 1.190240 0.270460
v -0.073458 1.187570 0.272968
v -0.067791 1.185190 0.274751
v -0.069242 1.170144 0.277991
v -0.075297 1.179168 0.269399
v -0.075311 1.180959 0.258164
v -0.075299 1.186519 0.261259
v -0.075299 1.187618 0.255752
v -0.075299 1.186531 0.250247
v -0.075299 1.183414 0.245575
v -0.075311 1.174465 0.248385
v -0.075299 1.178750 0.242452
v -0.075299 1.173245 0.241351
v -0.075299 1.167737 0.242442
v -0.075298 1.163091 0.245123
v -0.075294 1.158866 0.247218
v -0.075308 1.163563 0.257966
v -0.075297 1.158575 0.253085
v -0.075297 1.158677 0.258898
v -0.075297 1.160991 0.264228
v -0.075297 1.165169 0.268264
v -0.075314 1.173384 0.260822
v -0.075297 1.173485 0.270632
v -0.067334 1.177093 0.277865
v -0.060559 1.177253 0.277682
v -0.060024 1.176110 0.276388
v -0.059993 1.174399 0.274729
v -0.074566 1.175696 0.277948
v -0.075154 1.176532 0.276936
v -0.075267 1.178514 0.274947
v -0.075267 1.174669 0.275607
v -0.075288 1.176751 0.272975
v -0.060590 1.169537 0.277797
v -0.060454 1.171831 0.277892
v -0.060116 1.169226 0.276834
v -0.060010 1.172137 0.275675
v -0.059991 1.170284 0.274027
v -0.074903 1.171771 0.277801
v -0.075288 1.173321 0.273332
v -0.061896 1.168442 0.277613
v -0.060454 1.167523 0.277190
v -0.060191 1.165631 0.276066
v -0.059985 1.167571 0.272436
v -0.059991 1.166773 0.273100
v -0.074144 1.169526 0.277777
v -0.074987 1.168090 0.277100
v -0.075125 1.167385 0.276523
v -0.075263 1.169899 0.275580
v -0.075271 1.170568 0.275184
v -0.075290 1.167616 0.272076
v -0.060494 1.163689 0.275845
v -0.060399 1.160772 0.274112
v -0.060169 1.162406 0.274447
v -0.059985 1.164421 0.271010
v -0.059991 1.163510 0.271507
v -0.074136 1.165306 0.276635
v -0.074807 1.163190 0.275584
v -0.074816 1.164975 0.276376
v -0.074962 1.163450 0.275446
v -0.075263 1.166092 0.274549
v -0.075267 1.163385 0.273057
v -0.060652 1.159367 0.273229
v -0.060455 1.160630 0.274007
v -0.060282 1.162542 0.274935
v -0.060168 1.158971 0.271978
v -0.059986 1.161611 0.269000
v -0.059991 1.160622 0.269309
v -0.074998 1.160244 0.273427
v -0.075267 1.160197 0.270803
v -0.060770 1.156060 0.269992
v -0.060430 1.157075 0.270971
v -0.060242 1.158013 0.271389
v -0.060118 1.156578 0.269255
v -0.059985 1.159249 0.266477
v -0.059991 1.158216 0.266587
v -0.074962 1.156654 0.270203
v -0.075267 1.157508 0.267971
v -0.061811 1.154592 0.268124
v -0.060493 1.153817 0.266598
v -0.060117 1.154265 0.265751
v -0.059985 1.157423 0.263543
v -0.059991 1.156388 0.263450
v -0.074849 1.154264 0.267194
v -0.075267 1.155424 0.264669
v -0.060561 1.151987 0.262449
v -0.060242 1.153176 0.264358
v -0.060169 1.152353 0.261325
v -0.059985 1.156205 0.260311
v -0.059991 1.155208 0.260016
v -0.074926 1.152497 0.263362
v -0.075065 1.152616 0.262673
v -0.075267 1.154025 0.261024
v -0.060501 1.151102 0.258526
v -0.060454 1.151230 0.258686
v -0.060282 1.152099 0.261754
v -0.060168 1.151666 0.257144
v -0.059985 1.155639 0.256898
v -0.059991 1.154721 0.256417
v -0.075267 1.153363 0.257179
v -0.060952 1.150995 0.253163
v -0.060505 1.151035 0.254276
v -0.060242 1.151405 0.256035
v -0.060254 1.151427 0.253737
v -0.059985 1.155752 0.253447
v -0.059991 1.154944 0.252794
v -0.074848 1.151095 0.254748
v -0.074963 1.151284 0.254241
v -0.075267 1.153465 0.253270
v -0.061744 1.151967 0.248571
v -0.060474 1.151833 0.249603
v -0.060091 1.152510 0.250509
v -0.060118 1.152741 0.249407
v -0.059985 1.156535 0.250080
v -0.059991 1.155871 0.249283
v -0.074987 1.151870 0.250606
v -0.075125 1.152449 0.249893
v -0.060471 1.153441 0.245553
v -0.060091 1.153923 0.246581
v -0.060117 1.154374 0.245527
v -0.059985 1.157960 0.246931
v -0.059991 1.157463 0.246020
v -0.074962 1.153522 0.245966
v -0.075263 1.154421 0.248603
v -0.075271 1.154680 0.249333
v -0.060566 1.156616 0.240765
v -0.060091 1.156088 0.242981
v -0.059985 1.159972 0.244121
v -0.059991 1.159663 0.243130
v -0.073944 1.155843 0.241652
v -0.074170 1.156688 0.240604
v -0.074794 1.155019 0.243064
v -0.074962 1.155817 0.242298
v -0.075065 1.156010 0.242458
v -0.075263 1.156174 0.245072
v -0.075267 1.158192 0.242575
v -0.060122 1.160336 0.238552
v -0.059985 1.162493 0.241759
v -0.059991 1.162383 0.240725
v -0.074601 1.160004 0.237788
v -0.074803 1.158525 0.239050
v -0.074962 1.158768 0.239163
v -0.075267 1.160996 0.240021
v -0.060915 1.163409 0.235704
v -0.060471 1.162437 0.236275
v -0.060532 1.159948 0.237763
v -0.060168 1.163692 0.236348
v -0.059985 1.165428 0.239932
v -0.059991 1.165522 0.238899
v -0.075267 1.164304 0.237933
v -0.060680 1.165947 0.234604
v -0.060471 1.166437 0.234544
v -0.060091 1.166051 0.235613
v -0.060117 1.167123 0.235183
v -0.059985 1.168662 0.238712
v -0.059991 1.168955 0.237718
v -0.074905 1.166176 0.234790
v -0.075267 1.168043 0.236439
v -0.061886 1.169278 0.233701
v -0.060762 1.170909 0.233548
v -0.060091 1.170127 0.234597
v -0.059985 1.172069 0.238149
v -0.059991 1.172553 0.237229
v -0.074020 1.167579 0.234094
v -0.074566 1.168193 0.233936
v -0.075267 1.171793 0.235873
v -0.061069 1.173580 0.233404
v -0.060759 1.174685 0.233381
v -0.060121 1.176284 0.234472
v -0.059985 1.175524 0.238261
v -0.059991 1.176178 0.237453
v -0.075064 1.174699 0.234039
v -0.075267 1.175701 0.235974
v -0.060169 1.180202 0.235282
v -0.059985 1.178892 0.239045
v -0.059991 1.179689 0.238380
v -0.075267 1.179509 0.236835
v -0.062643 1.182132 0.235139
v -0.061012 1.181220 0.234796
v -0.060091 1.182395 0.236436
v -0.060118 1.183444 0.236881
v -0.059985 1.182039 0.240469
v -0.059991 1.182950 0.239973
v -0.074341 1.184050 0.236183
v -0.074990 1.182995 0.236086
v -0.075267 1.183078 0.238425
v -0.060775 1.188979 0.239767
v -0.060549 1.186181 0.237612
v -0.060241 1.185107 0.237428
v -0.060169 1.187501 0.239509
v -0.059986 1.184851 0.242480
v -0.059991 1.185841 0.242172
v -0.074253 1.186187 0.237510
v -0.074963 1.186670 0.238325
v -0.075267 1.186265 0.240677
v -0.060471 1.190216 0.241355
v -0.060091 1.189085 0.241410
v -0.060118 1.189882 0.242224
v -0.059985 1.187210 0.245002
v -0.059991 1.188246 0.244893
v -0.073989 1.188174 0.239084
v -0.074963 1.189807 0.241279
v -0.075065 1.189621 0.241446
v -0.075267 1.188953 0.243509
v -0.060891 1.192536 0.244521
v -0.060091 1.191573 0.244774
v -0.060118 1.192202 0.245738
v -0.059986 1.189040 0.247937
v -0.059991 1.190073 0.248031
v -0.074847 1.192194 0.244278
v -0.075267 1.191038 0.246812
v -0.061124 1.194472 0.248651
v -0.060471 1.194429 0.248953
v -0.060091 1.193364 0.248577
v -0.060118 1.193784 0.249617
v -0.059985 1.190258 0.251172
v -0.059991 1.191253 0.251464
v -0.074926 1.193967 0.248124
v -0.075066 1.193843 0.248810
v -0.075267 1.192437 0.250457
v -0.060755 1.195346 0.252314
v -0.060472 1.195346 0.253221
v -0.060091 1.194377 0.252648
v -0.060117 1.194584 0.253751
v -0.059985 1.190821 0.254580
v -0.059991 1.191741 0.255063
v -0.073543 1.195499 0.253337
v -0.074848 1.195138 0.252418
v -0.074962 1.195050 0.252929
v -0.075267 1.193099 0.254306
v -0.060975 1.195484 0.257897
v -0.060091 1.194575 0.256823
v -0.060117 1.194562 0.257959
v -0.059985 1.190709 0.258035
v -0.059991 1.191517 0.258687
v -0.075126 1.194751 0.257415
v -0.075267 1.192997 0.258204
v -0.062448 1.194317 0.263344
v -0.060427 1.194572 0.261810
v -0.060117 1.193718 0.262076
v -0.059985 1.189927 0.261400
v -0.059991 1.190591 0.262198
v -0.074681 1.195683 0.256234
v -0.075267 1.192136 0.262014
v -0.060480 1.193306 0.265415
v -0.060242 1.193513 0.263812
v -0.060168 1.191930 0.266572
v -0.059985 1.188502 0.264549
v -0.059991 1.188998 0.265461
v -0.073682 1.193329 0.265593
v -0.074962 1.192937 0.265521
v -0.075281 1.189603 0.263868
v -0.061846 1.191633 0.268466
v -0.060635 1.190998 0.269297
v -0.060401 1.191209 0.268734
v -0.060242 1.191540 0.267626
v -0.060168 1.189469 0.269999
v -0.059985 1.186490 0.267358
v -0.059991 1.186800 0.268349
v -0.074340 1.190958 0.269360
v -0.075291 1.186703 0.266220
v -0.061277 1.187370 0.273134
v -0.060505 1.187601 0.272733
v -0.060242 1.188872 0.270967
v -0.060168 1.186372 0.272895
v -0.059986 1.183967 0.269724
v -0.059991 1.184078 0.270754
v -0.075263 1.187877 0.269531
v -0.075273 1.187301 0.269270
v -0.060243 1.185604 0.273725
v -0.060073 1.182592 0.274852
v -0.059984 1.179948 0.271773
v -0.060001 1.180571 0.273842
v -0.075159 1.183832 0.274417
v -0.075267 1.182162 0.273546
v -0.075288 1.183081 0.270317
v -0.060565 1.180427 0.276838
v -0.060363 1.179831 0.276833
v -0.060207 1.181160 0.275962
v -0.060118 1.179621 0.276216
v -0.060042 1.177743 0.276199
v -0.073699 1.179312 0.277252
v -0.074482 1.180346 0.276872
v -0.074979 1.180406 0.276502
v -0.075087 1.179517 0.276553
v -0.075247 1.182761 0.274224
v -0.075288 1.180048 0.271958
v -0.059976 1.175436 0.270304
v -0.059975 1.168322 0.269592
v -0.059975 1.163393 0.266656
v -0.059975 1.159964 0.262060
v -0.059975 1.158556 0.256504
v -0.059975 1.159380 0.250831
v -0.059975 1.162314 0.245904
v -0.059975 1.166909 0.242475
v -0.059959 1.174463 0.252492
v -0.059975 1.172468 0.241064
v -0.059975 1.178142 0.241890
v -0.059975 1.183068 0.244825
v -0.059975 1.186497 0.249419
v -0.059963 1.180256 0.258406
v -0.059975 1.187905 0.254974
v -0.059975 1.187081 0.260651
v -0.059975 1.184148 0.265577
v -0.059976 1.180840 0.268350
v -0.059957 1.170850 0.256811
v 0.089643 1.163772 0.268803
v 0.089664 1.161647 0.266750
v 0.089664 1.159725 0.264287
v 0.089664 1.158318 0.261483
v 0.089664 1.158630 0.249248
v 0.089664 1.160175 0.246525
v 0.089664 1.162219 0.244161
v 0.089804 1.167190 0.242313
v 0.089643 1.182688 0.242677
v 0.089664 1.184815 0.244729
v 0.089664 1.186736 0.247197
v 0.089664 1.188146 0.250006
v 0.089664 1.188978 0.253027
v 0.089718 1.188735 0.255357
v 0.089718 1.188513 0.258398
v 0.089506 1.189811 0.260694
v 0.089719 1.182160 0.268419
v 0.090359 1.167250 0.260596
v 0.090234 1.164343 0.260266
v 0.090278 1.164080 0.256009
v 0.090438 1.167892 0.252816
v 0.090368 1.167717 0.250564
v 0.090259 1.178259 0.247748
v 0.090348 1.179950 0.259921
v 0.090361 1.178720 0.261132
v 0.082297 1.179327 0.277316
v 0.081029 1.178209 0.277352
v 0.089035 1.176756 0.275325
v 0.081420 1.174856 0.278046
v 0.081422 1.166199 0.276972
v 0.081419 1.151672 0.261692
v 0.082621 1.152207 0.247911
v 0.088328 1.152387 0.247830
v 0.088328 1.157003 0.240454
v 0.081417 1.167283 0.234180
v 0.082721 1.171886 0.233329
v 0.083135 1.178384 0.233879
v 0.088328 1.188517 0.239513
v 0.086671 1.191790 0.243136
v 0.081840 1.194942 0.250280
v 0.087052 1.195077 0.250707
v 0.088328 1.194956 0.250737
v 0.082540 1.195498 0.258470
v 0.086628 1.195267 0.259962
v 0.081418 1.194461 0.262776
v 0.081028 1.192032 0.267503
v 0.081029 1.189377 0.270944
v 0.089982 1.166662 0.267015
v 0.089890 1.164078 0.266264
v 0.089921 1.162959 0.264700
v 0.089890 1.160740 0.261946
v 0.089966 1.160476 0.259183
v 0.089910 1.159508 0.256849
v 0.089986 1.160305 0.256979
v 0.089883 1.159272 0.254399
v 0.090017 1.160609 0.254467
v 0.089921 1.160079 0.252169
v 0.090012 1.161944 0.249871
v 0.089890 1.162713 0.246571
v 0.089994 1.165367 0.245516
v 0.089914 1.166101 0.244041
v 0.089804 1.168202 0.241901
v 0.089890 1.182389 0.245213
v 0.089890 1.184284 0.247227
v 0.089890 1.185732 0.249536
v 0.089890 1.186702 0.252100
v 0.089890 1.187150 0.254790
v 0.089921 1.186830 0.256673
v 0.089890 1.186452 0.260203
v 0.089994 1.184412 0.262172
v 0.089883 1.184101 0.264597
v 0.090013 1.182912 0.263992
v 0.089890 1.181732 0.266809
v 0.090354 1.167094 0.260590
v 0.090399 1.168038 0.260270
v 0.090399 1.166371 0.255113
v 0.090444 1.167620 0.253827
v 0.090399 1.179369 0.252608
v 0.090447 1.178086 0.252449
v 0.090441 1.178913 0.253839
v 0.090433 1.179394 0.255218
v 0.090447 1.179081 0.256138
v 0.090447 1.178893 0.257264
v 0.090452 1.178254 0.258428
v 0.090399 1.178687 0.259950
v 0.090400 1.177366 0.261249
v 0.090302 1.167914 0.248886
v 0.090157 1.164898 0.248629
v 0.089998 1.185159 0.260266
v 0.090230 1.182240 0.259713
v 0.090264 1.177942 0.263758
v 0.089914 1.179723 0.267802
v 0.090149 1.166080 0.264171
v 0.090083 1.177687 0.244804
v 0.090192 1.164908 0.262051
v 0.089998 1.162841 0.263143
v 0.089819 1.180574 0.243005
v 0.090070 1.181041 0.246651
v 0.090070 1.182663 0.248345
v 0.090070 1.183924 0.250330
v 0.090070 1.184778 0.252528
v 0.090079 1.162062 0.251735
v 0.090070 1.185184 0.254842
v 0.090079 1.184969 0.257483
v 0.090389 1.179783 0.252740
v 0.090397 1.179855 0.258246
v 0.090493 1.176836 0.257952
v 0.090461 1.177310 0.259280
v 0.081458 1.177417 0.277735
v 0.080969 1.176984 0.277459
v 0.080872 1.178059 0.276700
v 0.080933 1.174346 0.277598
v 0.080872 1.173877 0.277239
v 0.080819 1.175477 0.276580
v 0.080831 1.176865 0.276549
v 0.080796 1.177466 0.274124
v 0.080804 1.173833 0.275813
v 0.087620 1.175015 0.278080
v 0.088322 1.176766 0.277769
v 0.088424 1.177798 0.277448
v 0.088525 1.178703 0.277034
v 0.088992 1.176778 0.275534
v 0.081913 1.171164 0.278067
v 0.081237 1.171177 0.277999
v 0.080872 1.169671 0.276952
v 0.080823 1.171651 0.276676
v 0.080804 1.169905 0.275545
v 0.080786 1.172621 0.270338
v 0.080788 1.173122 0.271676
v 0.086909 1.169076 0.277810
v 0.086844 1.172225 0.278151
v 0.080872 1.165601 0.275850
v 0.080823 1.167604 0.275968
v 0.080831 1.168624 0.276355
v 0.080804 1.166107 0.274517
v 0.080789 1.170972 0.272643
v 0.088083 1.164279 0.276243
v 0.086913 1.164068 0.276280
v 0.088418 1.168490 0.277413
v 0.088557 1.164459 0.275836
v 0.088624 1.166155 0.276293
v 0.088992 1.167974 0.275150
v 0.081771 1.163369 0.275892
v 0.080872 1.161824 0.273975
v 0.080823 1.163765 0.274480
v 0.080831 1.164686 0.275058
v 0.080804 1.162580 0.272765
v 0.080791 1.167784 0.272423
v 0.087746 1.163717 0.276015
v 0.088350 1.165959 0.276832
v 0.088386 1.163359 0.275683
v 0.088538 1.161591 0.274349
v 0.088864 1.162221 0.273341
v 0.089227 1.163577 0.272038
v 0.081631 1.159189 0.273153
v 0.082017 1.158029 0.272200
v 0.081270 1.158781 0.272755
v 0.080872 1.158486 0.271399
v 0.080823 1.160303 0.272284
v 0.080831 1.161077 0.273016
v 0.080804 1.159463 0.270359
v 0.080786 1.165828 0.268281
v 0.080791 1.164633 0.271040
v 0.088011 1.157392 0.271554
v 0.085885 1.157547 0.271849
v 0.086970 1.159904 0.273782
v 0.088499 1.158127 0.271786
v 0.088718 1.159761 0.272417
v 0.081751 1.155707 0.269674
v 0.081213 1.155082 0.268672
v 0.081044 1.155893 0.269640
v 0.080934 1.155673 0.268807
v 0.080872 1.155714 0.268222
v 0.080823 1.157320 0.269439
v 0.080831 1.157940 0.270310
v 0.080804 1.156875 0.267393
v 0.080791 1.161813 0.269070
v 0.086482 1.155237 0.269151
v 0.087766 1.156674 0.270821
v 0.088418 1.155817 0.269485
v 0.088500 1.155284 0.268527
v 0.088699 1.156745 0.269544
v 0.088586 1.155816 0.268976
v 0.088748 1.156455 0.268915
v 0.082154 1.153508 0.266413
v 0.080972 1.154434 0.267261
v 0.080872 1.153616 0.264565
v 0.080823 1.154944 0.266057
v 0.080831 1.155396 0.267060
v 0.080804 1.154917 0.263980
v 0.080786 1.161591 0.264494
v 0.080791 1.159432 0.266585
v 0.088081 1.152397 0.263895
v 0.087754 1.154048 0.267299
v 0.088351 1.153705 0.266474
v 0.088499 1.153133 0.264781
v 0.088700 1.154363 0.266047
v 0.088624 1.153691 0.265265
v 0.088727 1.153463 0.263965
v 0.089288 1.158011 0.266381
v 0.089008 1.155203 0.264502
v 0.080978 1.152506 0.263302
v 0.080872 1.152271 0.260568
v 0.080823 1.153284 0.262294
v 0.080831 1.153533 0.263363
v 0.080804 1.153711 0.260464
v 0.080791 1.157582 0.263685
v 0.087914 1.151435 0.260885
v 0.087757 1.152162 0.263337
v 0.087620 1.152554 0.264369
v 0.088478 1.151717 0.260696
v 0.088698 1.152707 0.262164
v 0.089282 1.156195 0.263222
v 0.082319 1.151068 0.259081
v 0.080979 1.151427 0.259112
v 0.080872 1.151732 0.256387
v 0.080823 1.152391 0.258297
v 0.080831 1.152420 0.259355
v 0.080804 1.153165 0.256563
v 0.080786 1.159128 0.259374
v 0.080791 1.156394 0.260215
v 0.087168 1.150871 0.257511
v 0.086750 1.151065 0.259211
v 0.088422 1.151079 0.256999
v 0.088700 1.151856 0.258043
v 0.088623 1.151530 0.257064
v 0.088864 1.152479 0.256364
v 0.089177 1.154019 0.257375
v 0.082167 1.150842 0.257053
v 0.081283 1.150944 0.253922
v 0.080978 1.151189 0.254792
v 0.080872 1.152019 0.252180
v 0.080823 1.152293 0.254189
v 0.080831 1.152114 0.255238
v 0.080804 1.153389 0.252632
v 0.080791 1.155843 0.256842
v 0.087365 1.151206 0.251532
v 0.088068 1.150941 0.253794
v 0.084859 1.150860 0.253224
v 0.088422 1.151260 0.252644
v 0.088698 1.151810 0.253825
v 0.088746 1.152048 0.253174
v 0.089089 1.153804 0.253111
v 0.082304 1.151346 0.250952
v 0.080978 1.151797 0.250514
v 0.081012 1.152510 0.247874
v 0.080872 1.153121 0.248110
v 0.080823 1.153002 0.250115
v 0.080831 1.152620 0.251121
v 0.080804 1.154377 0.248820
v 0.080786 1.158811 0.253700
v 0.080791 1.155963 0.253431
v 0.087908 1.151734 0.249383
v 0.088387 1.151742 0.249961
v 0.088478 1.152589 0.247908
v 0.088700 1.152603 0.249679
v 0.088864 1.153820 0.248375
v 0.089230 1.154918 0.251287
v 0.081740 1.152345 0.247675
v 0.081350 1.153675 0.244911
v 0.080872 1.154996 0.244333
v 0.080823 1.154495 0.246267
v 0.080831 1.153913 0.247194
v 0.080804 1.156088 0.245278
v 0.080791 1.156746 0.250105
v 0.086548 1.153886 0.244372
v 0.088067 1.153378 0.245419
v 0.086740 1.153146 0.245715
v 0.088490 1.153968 0.244958
v 0.088638 1.153984 0.245703
v 0.080978 1.155434 0.242701
v 0.080872 1.157572 0.240995
v 0.080823 1.156695 0.242801
v 0.080831 1.155953 0.243588
v 0.080804 1.158458 0.242135
v 0.080786 1.160691 0.248335
v 0.080791 1.158162 0.246997
v 0.087571 1.154464 0.243502
v 0.088387 1.155601 0.242163
v 0.088478 1.157158 0.240605
v 0.088644 1.157432 0.240871
v 0.088734 1.156840 0.242002
v 0.089288 1.157572 0.245758
v 0.081346 1.157780 0.239608
v 0.081356 1.159317 0.238243
v 0.080978 1.158323 0.239477
v 0.080872 1.160749 0.238224
v 0.080823 1.159540 0.239823
v 0.080831 1.158662 0.240444
v 0.080804 1.161397 0.239514
v 0.080791 1.160156 0.244225
v 0.088418 1.159485 0.238326
v 0.088498 1.160443 0.237789
v 0.088698 1.159430 0.239248
v 0.089369 1.160769 0.242549
v 0.081353 1.161617 0.236647
v 0.080978 1.161786 0.236878
v 0.080872 1.164406 0.236125
v 0.080823 1.162906 0.237461
v 0.080831 1.161914 0.237904
v 0.080804 1.164791 0.237516
v 0.080786 1.164477 0.244100
v 0.080791 1.162654 0.241896
v 0.088018 1.164672 0.235059
v 0.087659 1.160678 0.237187
v 0.088499 1.164189 0.235643
v 0.088698 1.162920 0.236869
v 0.088585 1.163633 0.236082
v 0.082689 1.165033 0.234855
v 0.080978 1.165684 0.235009
v 0.080872 1.168402 0.234780
v 0.080823 1.166658 0.235801
v 0.080831 1.165609 0.236041
v 0.080804 1.168507 0.236220
v 0.080791 1.165559 0.240099
v 0.088297 1.168560 0.233932
v 0.087764 1.168205 0.233926
v 0.087749 1.165622 0.234675
v 0.088663 1.167328 0.234932
v 0.088775 1.168475 0.235094
v 0.089151 1.165653 0.237971
v 0.080978 1.169879 0.233935
v 0.080872 1.172584 0.234241
v 0.080823 1.170695 0.234897
v 0.080831 1.169601 0.234930
v 0.080804 1.172409 0.235674
v 0.080786 1.169597 0.241637
v 0.080791 1.168759 0.238902
v 0.087764 1.172558 0.233365
v 0.086331 1.172004 0.233328
v 0.087032 1.169929 0.233558
v 0.081356 1.174189 0.233412
v 0.081213 1.176919 0.233763
v 0.081044 1.175661 0.233651
v 0.080978 1.174192 0.233700
v 0.080823 1.174812 0.234804
v 0.080831 1.173723 0.234622
v 0.080804 1.176557 0.235934
v 0.080791 1.172127 0.238354
v 0.088306 1.176758 0.233724
v 0.087631 1.176919 0.233646
v 0.087625 1.174770 0.233372
v 0.088596 1.176756 0.234220
v 0.088428 1.176756 0.233849
v 0.088672 1.176757 0.234435
v 0.081411 1.176570 0.233619
v 0.081724 1.179701 0.234317
v 0.080979 1.178459 0.234306
v 0.080961 1.180869 0.235093
v 0.080872 1.180861 0.235630
v 0.080823 1.178849 0.235510
v 0.080831 1.177835 0.235125
v 0.080804 1.180355 0.236964
v 0.080786 1.175271 0.241320
v 0.080791 1.175317 0.238315
v 0.088390 1.178849 0.234214
v 0.088418 1.180073 0.234637
v 0.088478 1.181062 0.235098
v 0.089131 1.178144 0.236989
v 0.081721 1.181783 0.235060
v 0.082304 1.183192 0.235674
v 0.081109 1.184685 0.236663
v 0.080823 1.182703 0.237003
v 0.080831 1.181766 0.236418
v 0.080804 1.183880 0.238714
v 0.080791 1.178679 0.239057
v 0.088018 1.185695 0.237150
v 0.085597 1.185708 0.237044
v 0.086817 1.184352 0.236236
v 0.087622 1.181753 0.235019
v 0.088657 1.181578 0.235770
v 0.088864 1.184241 0.238139
v 0.089108 1.180380 0.237528
v 0.081514 1.186786 0.237938
v 0.081344 1.187938 0.238914
v 0.081044 1.187530 0.238730
v 0.080933 1.187882 0.239484
v 0.080872 1.187976 0.240081
v 0.080823 1.186155 0.239193
v 0.080831 1.185384 0.238463
v 0.080804 1.186998 0.241120
v 0.080786 1.180633 0.243199
v 0.080791 1.181828 0.240439
v 0.087727 1.186560 0.237738
v 0.088422 1.187995 0.239177
v 0.088541 1.187323 0.238892
v 0.088717 1.185386 0.238017
v 0.088625 1.187644 0.239471
v 0.088728 1.188349 0.240584
v 0.080972 1.189406 0.240758
v 0.080872 1.190747 0.243258
v 0.080823 1.189143 0.242042
v 0.080831 1.188514 0.241159
v 0.080804 1.189584 0.244085
v 0.080791 1.184649 0.242410
v 0.087920 1.191790 0.243188
v 0.088098 1.190026 0.240936
v 0.088351 1.190291 0.241406
v 0.088478 1.191210 0.242928
v 0.088698 1.189726 0.241942
v 0.089113 1.187869 0.242883
v 0.081284 1.192587 0.244583
v 0.081722 1.193355 0.245952
v 0.081213 1.193553 0.246597
v 0.081044 1.192952 0.245498
v 0.080978 1.192081 0.244277
v 0.080823 1.191505 0.245403
v 0.080831 1.191061 0.244416
v 0.080804 1.191545 0.247501
v 0.080786 1.184869 0.246984
v 0.080791 1.187027 0.244895
v 0.087621 1.193397 0.245978
v 0.088102 1.192609 0.244528
v 0.088422 1.193213 0.246095
v 0.088538 1.192700 0.245559
v 0.088697 1.192108 0.245433
v 0.081259 1.194619 0.249289
v 0.081044 1.194567 0.249527
v 0.080978 1.193958 0.248182
v 0.080933 1.194448 0.250375
v 0.080872 1.194191 0.250912
v 0.080823 1.193170 0.249167
v 0.080831 1.192930 0.248119
v 0.080804 1.192800 0.251232
v 0.080791 1.188880 0.247795
v 0.087615 1.194916 0.250104
v 0.088073 1.194422 0.248493
v 0.088478 1.194745 0.250784
v 0.088645 1.194370 0.250872
v 0.089288 1.190230 0.248270
v 0.088979 1.192817 0.250816
v 0.082139 1.195536 0.253427
v 0.080972 1.195006 0.252293
v 0.080872 1.194730 0.255093
v 0.080823 1.194069 0.253188
v 0.080831 1.194040 0.252107
v 0.080804 1.193304 0.255136
v 0.080786 1.187335 0.252106
v 0.080791 1.190129 0.251001
v 0.088422 1.195384 0.254498
v 0.088540 1.195111 0.253790
v 0.088626 1.194923 0.254419
v 0.088864 1.193982 0.255116
v 0.089281 1.191401 0.251719
v 0.089326 1.191539 0.255105
v 0.080978 1.195272 0.256700
v 0.080872 1.194443 0.259300
v 0.080823 1.194167 0.257309
v 0.080831 1.194347 0.256221
v 0.080804 1.193036 0.259066
v 0.080791 1.190729 0.254387
v 0.088118 1.195599 0.256442
v 0.088453 1.195339 0.257064
v 0.088351 1.195430 0.257663
v 0.088500 1.194963 0.259388
v 0.088656 1.194877 0.255803
v 0.088699 1.194646 0.257649
v 0.088864 1.193705 0.259176
v 0.089266 1.191610 0.259024
v 0.080952 1.194413 0.261715
v 0.080872 1.193341 0.263370
v 0.080823 1.193460 0.261364
v 0.080831 1.193848 0.260340
v 0.080804 1.192008 0.262863
v 0.080786 1.187651 0.257780
v 0.080791 1.190657 0.257826
v 0.087643 1.195226 0.259983
v 0.088499 1.193834 0.263555
v 0.088699 1.193863 0.261792
v 0.088622 1.193787 0.262828
v 0.088864 1.192642 0.263105
v 0.089054 1.192322 0.261014
v 0.081636 1.193052 0.266110
v 0.081213 1.192124 0.267558
v 0.081008 1.193067 0.265598
v 0.080934 1.192029 0.266951
v 0.080823 1.191973 0.265202
v 0.080831 1.192552 0.264276
v 0.080804 1.190256 0.266391
v 0.080791 1.189914 0.261187
v 0.087650 1.192504 0.267155
v 0.087449 1.192824 0.266648
v 0.088418 1.192594 0.266568
v 0.088497 1.191918 0.267427
v 0.088698 1.192289 0.265705
v 0.088586 1.192130 0.266753
v 0.088747 1.191816 0.266220
v 0.089192 1.189693 0.265353
v 0.082304 1.190968 0.269425
v 0.081213 1.189455 0.271017
v 0.080823 1.189772 0.268669
v 0.080831 1.190508 0.267893
v 0.080804 1.187851 0.269506
v 0.080786 1.185772 0.263143
v 0.080791 1.188531 0.264337
v 0.087900 1.189454 0.271182
v 0.086995 1.191276 0.269059
v 0.088499 1.189274 0.270847
v 0.088699 1.189981 0.269221
v 0.088626 1.189502 0.270145
v 0.088727 1.188387 0.270863
v 0.089114 1.188700 0.267576
v 0.080823 1.186935 0.271645
v 0.080831 1.187808 0.271027
v 0.080804 1.184887 0.272093
v 0.080791 1.186561 0.267158
v 0.088423 1.186582 0.273459
v 0.088490 1.186905 0.273069
v 0.088697 1.187028 0.272240
v 0.089172 1.186653 0.269452
v 0.081311 1.184641 0.274947
v 0.080872 1.182055 0.275355
v 0.080823 1.183545 0.274027
v 0.080831 1.184557 0.273571
v 0.080804 1.181469 0.274056
v 0.080786 1.181984 0.267379
v 0.080791 1.184076 0.269537
v 0.088118 1.185072 0.274730
v 0.087218 1.186229 0.274019
v 0.088705 1.182448 0.275189
v 0.088684 1.182649 0.275125
v 0.089193 1.181577 0.272872
v 0.080823 1.179804 0.275680
v 0.080831 1.180847 0.275442
v 0.080786 1.178253 0.269459
v 0.080791 1.181177 0.271389
v 0.086859 1.178892 0.277444
v 0.088119 1.181148 0.276672
v 0.086949 1.180810 0.276853
v 0.088440 1.179905 0.276870
v 0.088700 1.179740 0.276228
v 0.089127 1.180403 0.273805
v 0.085970 1.178268 0.277605
v 0.082734 1.183281 0.275796
v 0.085241 1.182053 0.276382
v 0.089302 1.177423 0.273643
v 0.085484 1.168953 0.277775
v 0.085362 1.160847 0.274465
v 0.083383 1.161335 0.274757
v 0.084086 1.157054 0.271324
v 0.083857 1.157450 0.271702
v 0.087447 1.154743 0.268415
v 0.082935 1.154299 0.267852
v 0.083902 1.152767 0.264946
v 0.082693 1.154883 0.242828
v 0.084874 1.160639 0.237147
v 0.084167 1.163936 0.235300
v 0.083881 1.167766 0.233969
v 0.083383 1.172556 0.233319
v 0.082889 1.181484 0.234882
v 0.085602 1.188927 0.239692
v 0.085970 1.191504 0.242719
v 0.084363 1.192185 0.243677
v 0.084676 1.193697 0.246532
v 0.085514 1.195223 0.251245
v 0.084676 1.195663 0.255065
v 0.083383 1.194203 0.263697
v 0.085355 1.191964 0.268104
v 0.082008 1.192274 0.267548
v 0.081596 1.188046 0.272571
v 0.082924 1.185605 0.274452
v 0.089456 1.167423 0.272293
v 0.089312 1.168462 0.273434
v 0.089637 1.166457 0.270459
v 0.089584 1.157125 0.260083
v 0.089570 1.156492 0.256799
v 0.089570 1.156606 0.253507
v 0.089533 1.163312 0.241862
v 0.089583 1.166729 0.240363
v 0.089551 1.168560 0.239616
v 0.089589 1.177535 0.239845
v 0.089739 1.179412 0.241576
v 0.089329 1.180637 0.238913
v 0.089626 1.189467 0.256427
v 0.089627 1.189020 0.259571
v 0.089597 1.188203 0.262887
v 0.089626 1.187966 0.262590
v 0.089564 1.186538 0.265991
v 0.089627 1.186346 0.265329
v 0.089627 1.184230 0.267698
v 0.086234 1.151659 0.249422
v 0.084305 1.152081 0.248207
v 0.089596 1.181693 0.270014
v 0.089310 1.184525 0.270241
v 0.089626 1.181670 0.269627
v 0.084801 1.179666 0.277297
v 0.084011 1.176284 0.277995
v 0.083763 1.174478 0.278147
v 0.086175 1.174250 0.278163
v 0.082323 1.184571 0.236382
v 0.084505 1.190735 0.269836
v 0.082343 1.190643 0.269852
v 0.086795 1.189989 0.270653
v 0.085352 1.154345 0.267867
v 0.085919 1.152995 0.265507
v 0.084776 1.165483 0.234662
v 0.084000 1.195486 0.252694
v 0.084513 1.195659 0.254740
v 0.086938 1.195671 0.255244
v 0.085795 1.166997 0.277336
v 0.081936 1.167232 0.277338
v 0.084589 1.165562 0.276840
v 0.085970 1.152668 0.246761
v 0.083234 1.153357 0.245254
v 0.083376 1.187658 0.238522
v 0.083858 1.188247 0.239060
v 0.084809 1.188802 0.271930
v 0.087639 1.187743 0.272837
v 0.083303 1.187527 0.273073
v 0.085849 1.151814 0.262565
v 0.081975 1.151945 0.262771
v 0.084534 1.151419 0.261051
v 0.082510 1.170280 0.233501
v 0.085432 1.169246 0.233653
v 0.084372 1.195585 0.258206
v 0.085970 1.195616 0.257267
v 0.085407 1.163733 0.276082
v 0.082679 1.162839 0.275647
v 0.087506 1.161353 0.274756
v 0.085625 1.155098 0.242490
v 0.087820 1.156539 0.240774
v 0.083023 1.156521 0.240751
v 0.086723 1.156498 0.240796
v 0.081585 1.190284 0.241206
v 0.084872 1.190220 0.241048
v 0.082794 1.191087 0.242163
v 0.085163 1.185250 0.274718
v 0.086349 1.183029 0.275932
v 0.083008 1.150988 0.258785
v 0.084303 1.175322 0.233340
v 0.085129 1.175811 0.233433
v 0.082567 1.194893 0.261600
v 0.087833 1.194823 0.261738
v 0.085326 1.194407 0.263192
v 0.082667 1.159130 0.273209
v 0.084694 1.157650 0.239558
v 0.087599 1.158736 0.238625
v 0.082706 1.158817 0.238520
v 0.086279 1.159954 0.237645
v 0.082493 1.192094 0.243637
v 0.086592 1.193211 0.245504
v 0.083195 1.193614 0.246346
v 0.084750 1.150787 0.256494
v 0.084816 1.150774 0.255323
v 0.083377 1.150892 0.253671
v 0.086365 1.151010 0.252580
v 0.085377 1.177999 0.233808
v 0.083151 1.180076 0.234368
v 0.084090 1.181851 0.234976
v 0.084246 1.193634 0.265112
v 0.085619 1.193106 0.266173
v 0.082931 1.192456 0.267303
v 0.085306 1.155957 0.270080
v 0.082392 1.162046 0.236296
v 0.087029 1.162454 0.236073
v 0.086392 1.163430 0.235549
v 0.085836 1.194410 0.248228
v 0.083869 1.194970 0.250157
v 0.089550 1.178762 0.271692
v 0.089627 1.178801 0.271003
v 0.084501 1.172272 0.278189
v 0.084134 1.170050 0.277961
v 0.090373 1.179909 0.259050
v 0.090005 1.166698 0.244702
v 0.090181 1.181283 0.262628
v 0.090362 1.179482 0.260158
v 0.090169 1.180689 0.263548
v 0.090097 1.167843 0.266037
v 0.090074 1.179556 0.265851
v 0.090052 1.165945 0.265519
v 0.090249 1.167322 0.263240
v 0.089997 1.177942 0.267723
v 0.090058 1.178966 0.245065
v 0.090253 1.177841 0.247461
v 0.090058 1.162535 0.261436
v 0.090300 1.178872 0.249126
v 0.090376 1.177847 0.249981
v 0.090058 1.161628 0.259232
v 0.090256 1.164296 0.258743
v 0.090367 1.165901 0.257664
v 0.090318 1.179482 0.250033
v 0.090076 1.161564 0.258025
v 0.090256 1.163888 0.256947
v 0.090418 1.166741 0.256905
v 0.090307 1.180472 0.250984
v 0.090076 1.161345 0.255697
v 0.090362 1.165578 0.255516
v 0.090256 1.182160 0.252735
v 0.090237 1.164028 0.252606
v 0.090349 1.165463 0.254249
v 0.090302 1.181856 0.254434
v 0.090362 1.180779 0.254483
v 0.090152 1.163414 0.250795
v 0.090349 1.165905 0.252754
v 0.090237 1.182865 0.257001
v 0.090349 1.181139 0.255669
v 0.089998 1.162760 0.248452
v 0.090234 1.164501 0.250879
v 0.090160 1.183585 0.258978
v 0.089998 1.185694 0.258466
v 0.090349 1.181002 0.257214
v 0.090461 1.168051 0.257299
v 0.090441 1.168008 0.258628
v 0.090439 1.177836 0.251819
v 0.090461 1.177019 0.251869
v 0.090412 1.178714 0.251732
v 0.090492 1.176953 0.253721
v 0.090493 1.176783 0.253460
v 0.090461 1.167804 0.255812
v 0.090488 1.177486 0.254225
v 0.090492 1.177493 0.255592
v 0.090478 1.177848 0.257496
v 0.090492 1.177401 0.256566
v 0.090493 1.177081 0.257475
v 0.090461 1.176942 0.259674
v 0.081085 1.175564 0.277889
v 0.081028 1.175575 0.277821
v 0.081063 1.176635 0.277732
v 0.080882 1.175885 0.277196
v 0.080853 1.177206 0.276739
v 0.080826 1.173486 0.276811
v 0.080793 1.175128 0.273590
v 0.087681 1.177539 0.277723
v 0.088267 1.176756 0.277769
v 0.088643 1.176763 0.277181
v 0.088725 1.176758 0.276867
v 0.088790 1.177489 0.276432
v 0.088864 1.176893 0.276175
v 0.081085 1.171199 0.277919
v 0.081028 1.171242 0.277856
v 0.081042 1.172809 0.277925
v 0.081000 1.171872 0.277838
v 0.080882 1.171648 0.277301
v 0.080933 1.170070 0.277395
v 0.080853 1.173028 0.277112
v 0.080801 1.171285 0.275351
v 0.087826 1.172262 0.278105
v 0.081083 1.166918 0.277097
v 0.081272 1.168405 0.277522
v 0.081029 1.166948 0.277039
v 0.081042 1.168489 0.277416
v 0.081000 1.167589 0.277148
v 0.080882 1.167465 0.276577
v 0.080933 1.165898 0.276360
v 0.080853 1.168863 0.276662
v 0.080801 1.167498 0.274595
v 0.087840 1.167931 0.277489
v 0.088423 1.167315 0.277142
v 0.088597 1.167532 0.276786
v 0.088720 1.166035 0.275922
v 0.088770 1.166922 0.276017
v 0.088919 1.166486 0.275095
v 0.081081 1.162292 0.275148
v 0.081266 1.162051 0.275052
v 0.081276 1.164251 0.276164
v 0.081042 1.164351 0.276074
v 0.081000 1.163524 0.275638
v 0.080882 1.163495 0.275044
v 0.080994 1.163103 0.275476
v 0.080853 1.164873 0.275410
v 0.080801 1.163931 0.273113
v 0.088308 1.162074 0.275072
v 0.088325 1.162962 0.275526
v 0.088458 1.165270 0.276402
v 0.088577 1.162738 0.274939
v 0.088682 1.163553 0.275020
v 0.088759 1.164025 0.274922
v 0.089006 1.163427 0.273245
v 0.081123 1.159635 0.273430
v 0.080997 1.159216 0.272885
v 0.080940 1.160716 0.273720
v 0.080882 1.159930 0.272781
v 0.080928 1.158731 0.272100
v 0.080853 1.161193 0.273400
v 0.080801 1.160719 0.270965
v 0.088259 1.159546 0.273400
v 0.088323 1.158611 0.272595
v 0.088377 1.159741 0.273447
v 0.088518 1.159395 0.272846
v 0.088471 1.160145 0.273579
v 0.088593 1.160639 0.273581
v 0.088685 1.161213 0.273642
v 0.088842 1.160081 0.272009
v 0.088944 1.161196 0.272175
v 0.081235 1.156141 0.270072
v 0.081121 1.157114 0.271111
v 0.081008 1.156542 0.270306
v 0.080940 1.157449 0.270933
v 0.080882 1.156868 0.269869
v 0.080854 1.157974 0.270709
v 0.080801 1.157989 0.268233
v 0.088142 1.156682 0.270765
v 0.088309 1.155516 0.269318
v 0.088326 1.156169 0.270088
v 0.088395 1.156659 0.270574
v 0.088593 1.157399 0.270779
v 0.088589 1.158331 0.271720
v 0.088708 1.158061 0.270938
v 0.088847 1.157250 0.269197
v 0.089234 1.160121 0.269329
v 0.081322 1.153072 0.265338
v 0.081061 1.153636 0.266280
v 0.081120 1.154423 0.267667
v 0.081007 1.153603 0.266033
v 0.080909 1.154078 0.266109
v 0.080855 1.154809 0.266659
v 0.080801 1.155845 0.265020
v 0.088145 1.154073 0.267252
v 0.088250 1.153094 0.265481
v 0.088347 1.154194 0.267303
v 0.088516 1.153903 0.266262
v 0.088454 1.154112 0.266917
v 0.088586 1.154754 0.267401
v 0.088775 1.155092 0.266772
v 0.088791 1.155243 0.266808
v 0.088961 1.156410 0.267131
v 0.081272 1.152437 0.263825
v 0.081061 1.151955 0.262250
v 0.081042 1.152573 0.263840
v 0.081007 1.151965 0.261988
v 0.080940 1.152836 0.263737
v 0.080908 1.152423 0.262173
v 0.080855 1.153032 0.262858
v 0.080802 1.154254 0.261267
v 0.088321 1.151727 0.261707
v 0.088325 1.151982 0.262479
v 0.088378 1.152176 0.262961
v 0.088504 1.152241 0.262558
v 0.088585 1.152836 0.263584
v 0.088765 1.152715 0.261338
v 0.088801 1.153421 0.262948
v 0.081322 1.150934 0.256900
v 0.081274 1.151261 0.259620
v 0.081061 1.151094 0.257980
v 0.081042 1.151390 0.259654
v 0.081007 1.151159 0.257753
v 0.080940 1.151668 0.259604
v 0.080909 1.151568 0.257992
v 0.080855 1.152033 0.258783
v 0.080802 1.153540 0.257455
v 0.088143 1.151125 0.259048
v 0.088325 1.151072 0.258185
v 0.088546 1.151430 0.258225
v 0.088395 1.151210 0.258862
v 0.088561 1.151772 0.260135
v 0.088724 1.152164 0.259774
v 0.088793 1.152384 0.259082
v 0.088920 1.152773 0.256912
v 0.088940 1.153079 0.258845
v 0.081169 1.151093 0.253010
v 0.081029 1.151117 0.253723
v 0.081042 1.151046 0.255318
v 0.081007 1.151193 0.253375
v 0.080940 1.151328 0.255323
v 0.080908 1.151547 0.253724
v 0.080855 1.151847 0.254580
v 0.080802 1.153584 0.253580
v 0.088044 1.150855 0.255456
v 0.088326 1.151022 0.253818
v 0.088296 1.150892 0.256247
v 0.088482 1.151146 0.254752
v 0.088556 1.151455 0.253122
v 0.088583 1.151381 0.255173
v 0.088708 1.151755 0.255764
v 0.088847 1.152416 0.253961
v 0.088960 1.152910 0.255875
v 0.081235 1.151764 0.249568
v 0.081036 1.151817 0.249867
v 0.080940 1.151830 0.251058
v 0.080908 1.152356 0.249527
v 0.080856 1.152481 0.250429
v 0.080802 1.154383 0.249790
v 0.088311 1.151439 0.250850
v 0.088262 1.151908 0.249121
v 0.088501 1.151779 0.250582
v 0.088575 1.152128 0.250025
v 0.088724 1.152223 0.251406
v 0.088800 1.152751 0.250730
v 0.088920 1.153884 0.248992
v 0.081061 1.153589 0.245287
v 0.081119 1.152864 0.246731
v 0.080997 1.153604 0.245495
v 0.080940 1.153155 0.246973
v 0.080908 1.153970 0.245575
v 0.080855 1.153920 0.246482
v 0.080802 1.155905 0.246227
v 0.088094 1.152925 0.246376
v 0.088325 1.153443 0.245475
v 0.088395 1.153188 0.246099
v 0.088551 1.152893 0.247544
v 0.088588 1.152758 0.248096
v 0.088739 1.154347 0.245780
v 0.088709 1.153389 0.247536
v 0.088841 1.154708 0.246012
v 0.089234 1.155658 0.248827
v 0.081363 1.156460 0.240977
v 0.081274 1.154951 0.242949
v 0.081061 1.155995 0.241669
v 0.081042 1.155020 0.243064
v 0.081007 1.156200 0.241557
v 0.080940 1.155251 0.243225
v 0.080909 1.156327 0.242006
v 0.080855 1.156099 0.242889
v 0.080802 1.158094 0.243030
v 0.088313 1.155014 0.242815
v 0.088326 1.155824 0.241814
v 0.088400 1.154432 0.243857
v 0.088595 1.155396 0.243151
v 0.088576 1.156444 0.241702
v 0.088567 1.154661 0.244117
v 0.088708 1.155363 0.243826
v 0.088848 1.156914 0.242702
v 0.088962 1.156274 0.244566
v 0.081061 1.159077 0.238573
v 0.081042 1.157842 0.239755
v 0.081007 1.159309 0.238493
v 0.080940 1.158038 0.239958
v 0.080908 1.159327 0.238976
v 0.080855 1.158935 0.239795
v 0.080802 1.160864 0.240321
v 0.088144 1.158190 0.239207
v 0.088270 1.160230 0.237568
v 0.088325 1.158876 0.238685
v 0.088395 1.158401 0.239164
v 0.088550 1.157584 0.240375
v 0.088616 1.160133 0.238364
v 0.088571 1.159198 0.238944
v 0.088597 1.158109 0.240032
v 0.088762 1.158837 0.240076
v 0.088921 1.160887 0.239390
v 0.089022 1.160452 0.240242
v 0.081323 1.163634 0.235580
v 0.081061 1.162700 0.236141
v 0.081042 1.161257 0.237060
v 0.081007 1.162940 0.236110
v 0.080940 1.161409 0.237297
v 0.080909 1.162863 0.236583
v 0.080855 1.162316 0.237315
v 0.080802 1.164112 0.238203
v 0.088303 1.162055 0.236420
v 0.088321 1.163172 0.235819
v 0.088377 1.162030 0.236504
v 0.088453 1.162049 0.236622
v 0.088595 1.161576 0.237278
v 0.088597 1.161464 0.237384
v 0.088727 1.161303 0.237960
v 0.088792 1.162185 0.237744
v 0.088765 1.163734 0.236716
v 0.081272 1.165143 0.234948
v 0.081061 1.166716 0.234466
v 0.081042 1.165131 0.235083
v 0.081007 1.166951 0.234484
v 0.080940 1.165234 0.235345
v 0.080909 1.166791 0.234932
v 0.080855 1.166127 0.235537
v 0.080802 1.167709 0.236761
v 0.087843 1.167532 0.234062
v 0.088359 1.166862 0.234387
v 0.088292 1.165806 0.234690
v 0.088465 1.166456 0.234665
v 0.088584 1.165385 0.235341
v 0.088758 1.165854 0.235772
v 0.088923 1.168560 0.235773
v 0.081323 1.172074 0.233442
v 0.081274 1.169352 0.233769
v 0.081061 1.170999 0.233602
v 0.081042 1.169317 0.233899
v 0.081007 1.171244 0.233665
v 0.080940 1.169366 0.234177
v 0.080909 1.170978 0.234075
v 0.080855 1.170205 0.234540
v 0.080802 1.171510 0.236051
v 0.088023 1.171399 0.233455
v 0.087831 1.169840 0.233612
v 0.081042 1.173653 0.233555
v 0.080992 1.175581 0.233722
v 0.080916 1.174516 0.233968
v 0.080855 1.174385 0.234355
v 0.080801 1.175176 0.236129
v 0.081120 1.178092 0.234006
v 0.081048 1.179879 0.234536
v 0.080940 1.177912 0.234340
v 0.080892 1.178520 0.234704
v 0.080855 1.178538 0.234993
v 0.080801 1.178964 0.236885
v 0.088003 1.178485 0.233985
v 0.088221 1.181141 0.234794
v 0.088325 1.179423 0.234325
v 0.088517 1.179456 0.234634
v 0.088506 1.177431 0.234115
v 0.088651 1.179101 0.234844
v 0.088672 1.178795 0.234860
v 0.088738 1.179298 0.235268
v 0.088822 1.179126 0.235564
v 0.081387 1.181087 0.234782
v 0.081049 1.184148 0.236346
v 0.081042 1.182110 0.235406
v 0.081008 1.183083 0.235902
v 0.080916 1.182759 0.236122
v 0.080927 1.184257 0.236867
v 0.080855 1.182490 0.236429
v 0.080801 1.182531 0.238365
v 0.088097 1.182201 0.235251
v 0.088348 1.184147 0.236283
v 0.088325 1.183509 0.235959
v 0.088378 1.183004 0.235741
v 0.088576 1.183719 0.236533
v 0.088452 1.182919 0.235822
v 0.088579 1.181969 0.235686
v 0.088745 1.182676 0.236599
v 0.088728 1.181377 0.235958
v 0.089174 1.184693 0.240296
v 0.089042 1.182757 0.238297
v 0.081236 1.187195 0.238348
v 0.081121 1.186032 0.237515
v 0.081008 1.186757 0.238200
v 0.080940 1.185746 0.237760
v 0.080892 1.186166 0.238328
v 0.080855 1.186080 0.238606
v 0.080801 1.185743 0.240515
v 0.087979 1.188198 0.239094
v 0.088325 1.187157 0.238332
v 0.088293 1.186608 0.237872
v 0.088451 1.186622 0.238094
v 0.088560 1.185299 0.237457
v 0.088761 1.185782 0.238560
v 0.089007 1.186258 0.240488
v 0.081267 1.190947 0.242172
v 0.081061 1.190395 0.241582
v 0.081121 1.189348 0.240370
v 0.081007 1.190465 0.241803
v 0.080908 1.189997 0.241840
v 0.080855 1.189174 0.241439
v 0.080801 1.188475 0.243248
v 0.088293 1.189829 0.240816
v 0.088505 1.190005 0.241402
v 0.088585 1.189080 0.240695
v 0.088766 1.190038 0.242719
v 0.088800 1.188777 0.241502
v 0.081236 1.192789 0.245019
v 0.081042 1.191911 0.243766
v 0.080992 1.192845 0.245463
v 0.080915 1.192042 0.244709
v 0.080855 1.191656 0.244824
v 0.080801 1.190618 0.246463
v 0.088326 1.192755 0.244980
v 0.088332 1.191835 0.243439
v 0.088453 1.192354 0.244568
v 0.088560 1.191378 0.243467
v 0.088724 1.191155 0.243957
v 0.088792 1.191221 0.244684
v 0.088921 1.191680 0.246829
v 0.089233 1.188746 0.244966
v 0.081234 1.194503 0.249034
v 0.081158 1.194029 0.247685
v 0.081022 1.194366 0.249043
v 0.080940 1.193626 0.247743
v 0.080892 1.193657 0.248451
v 0.080855 1.193433 0.248627
v 0.080801 1.192093 0.250032
v 0.088313 1.194069 0.247708
v 0.088325 1.194477 0.248988
v 0.088377 1.194281 0.248502
v 0.088505 1.194214 0.248911
v 0.088593 1.193612 0.247898
v 0.088587 1.193114 0.246668
v 0.088740 1.193311 0.248401
v 0.088796 1.192887 0.248053
v 0.088960 1.191951 0.247842
v 0.081322 1.195527 0.254562
v 0.081061 1.195369 0.253511
v 0.081120 1.195170 0.251910
v 0.081007 1.195304 0.253738
v 0.080908 1.194894 0.253500
v 0.080855 1.194433 0.252711
v 0.080801 1.192844 0.253820
v 0.088006 1.195340 0.252263
v 0.088299 1.195501 0.253978
v 0.088324 1.195387 0.253274
v 0.088395 1.195252 0.252621
v 0.088561 1.194692 0.251353
v 0.088744 1.194396 0.252964
v 0.088727 1.194207 0.251520
v 0.088919 1.193692 0.254556
v 0.088864 1.193821 0.253085
v 0.081170 1.195370 0.258458
v 0.081373 1.195561 0.257012
v 0.081042 1.195415 0.256162
v 0.081020 1.195325 0.257842
v 0.080940 1.195133 0.256157
v 0.080908 1.194914 0.257768
v 0.080856 1.194619 0.256899
v 0.080801 1.192842 0.257683
v 0.088308 1.195359 0.258662
v 0.088292 1.195520 0.256925
v 0.088633 1.194945 0.257122
v 0.088762 1.194484 0.256644
v 0.089045 1.193010 0.257664
v 0.081083 1.194592 0.262043
v 0.081372 1.194889 0.261322
v 0.081042 1.194907 0.260482
v 0.081020 1.194487 0.262128
v 0.080940 1.194631 0.260422
v 0.080908 1.194243 0.261419
v 0.080855 1.193976 0.261057
v 0.080801 1.192086 0.261473
v 0.088303 1.194796 0.261492
v 0.088321 1.194427 0.262722
v 0.088377 1.194751 0.261428
v 0.088516 1.194340 0.261964
v 0.088452 1.194654 0.261366
v 0.088587 1.194540 0.260554
v 0.088725 1.194234 0.260081
v 0.088791 1.193777 0.260640
v 0.088917 1.192594 0.262487
v 0.081145 1.193380 0.265302
v 0.081042 1.193565 0.264619
v 0.080916 1.192857 0.265251
v 0.080855 1.192544 0.264999
v 0.080801 1.190603 0.265042
v 0.088146 1.193450 0.265266
v 0.087958 1.193958 0.264196
v 0.088269 1.192199 0.267549
v 0.088325 1.193020 0.266004
v 0.088395 1.193274 0.265381
v 0.088585 1.193201 0.264615
v 0.088707 1.193081 0.263935
v 0.088846 1.191785 0.265344
v 0.089084 1.190678 0.264812
v 0.081383 1.190071 0.270437
v 0.081120 1.191455 0.268543
v 0.081028 1.190730 0.269395
v 0.080940 1.191211 0.268255
v 0.080892 1.190641 0.268677
v 0.080934 1.189473 0.270411
v 0.080855 1.190359 0.268597
v 0.080801 1.188456 0.268252
v 0.088304 1.190952 0.269309
v 0.088322 1.190148 0.270295
v 0.088377 1.190942 0.269224
v 0.088518 1.190344 0.269568
v 0.088453 1.190878 0.269122
v 0.088585 1.191080 0.268349
v 0.088774 1.190370 0.268276
v 0.088800 1.190221 0.268220
v 0.088919 1.188527 0.269382
v 0.081135 1.187177 0.273130
v 0.081273 1.188659 0.271855
v 0.081029 1.187441 0.272803
v 0.081015 1.188030 0.272246
v 0.080940 1.188424 0.271522
v 0.080892 1.187785 0.271820
v 0.080933 1.186298 0.273298
v 0.080856 1.187528 0.271687
v 0.080801 1.185723 0.270984
v 0.088144 1.188263 0.272281
v 0.088325 1.187595 0.272788
v 0.088395 1.188067 0.272311
v 0.088585 1.188280 0.271586
v 0.088740 1.186864 0.272165
v 0.088841 1.186620 0.271816
v 0.088945 1.186980 0.270758
v 0.081171 1.183248 0.275670
v 0.081029 1.183845 0.275244
v 0.081015 1.184531 0.274813
v 0.080940 1.185053 0.274183
v 0.080892 1.184363 0.274357
v 0.080933 1.182630 0.275506
v 0.080855 1.184149 0.274162
v 0.080801 1.182509 0.273125
v 0.088246 1.185872 0.274196
v 0.088277 1.183073 0.275804
v 0.088326 1.183973 0.275274
v 0.088399 1.184076 0.275173
v 0.088454 1.184412 0.274856
v 0.088593 1.184895 0.274201
v 0.088555 1.183163 0.275297
v 0.088587 1.186014 0.273468
v 0.088744 1.184497 0.273885
v 0.088847 1.183318 0.274035
v 0.088961 1.184621 0.272558
v 0.081234 1.179934 0.277013
v 0.081191 1.180472 0.276869
v 0.081042 1.181331 0.276397
v 0.081000 1.180154 0.276769
v 0.080914 1.179893 0.276515
v 0.080855 1.180337 0.275942
v 0.080805 1.178248 0.275233
v 0.080791 1.177353 0.273202
v 0.088105 1.178949 0.277354
v 0.088351 1.179961 0.276982
v 0.088339 1.180732 0.276747
v 0.088581 1.179724 0.276607
v 0.088560 1.181682 0.275951
v 0.088625 1.180756 0.276131
v 0.088792 1.179363 0.275946
v 0.088963 1.179770 0.274942
v 0.080778 1.173231 0.255740
v 0.080780 1.171455 0.260419
v 0.080780 1.168552 0.253965
v 0.080780 1.175006 0.251060
v 0.080780 1.177910 0.257515
v 0.090300 1.176756 0.247795
v 0.090136 1.176756 0.266217
v 0.090165 1.176756 0.265838
v 0.090496 1.176756 0.253900
v 0.090495 1.176756 0.253717
v 0.090342 1.176756 0.248639
v 0.090496 1.176756 0.253946
v 0.090235 1.176756 0.264731
v 0.090495 1.176756 0.253691
v 0.090493 1.176756 0.253477
v 0.090381 1.176756 0.249436
v 0.089978 1.176756 0.268210
v 0.089804 1.176756 0.270031
v 0.090399 1.176756 0.249821
v 0.089998 1.176756 0.268000
v 0.090491 1.176756 0.253228
v 0.089164 1.168561 0.274332
v 0.090493 1.176756 0.253411
v 0.089370 1.168561 0.273078
v 0.090300 1.176756 0.263685
v 0.090493 1.176756 0.253471
v 0.089383 1.168561 0.272985
v 0.090306 1.176756 0.263576
v 0.089589 1.168561 0.271527
v 0.090497 1.176756 0.254094
v 0.089998 1.176756 0.243483
v 0.090498 1.176756 0.254154
v 0.090105 1.176756 0.244867
v 0.088992 1.168561 0.275294
v 0.090480 1.168561 0.255421
v 0.090480 1.168561 0.255189
v 0.089926 1.176756 0.242722
v 0.090481 1.168561 0.255653
v 0.089683 1.176756 0.271043
v 0.089752 1.168561 0.270143
v 0.089804 1.176756 0.241450
v 0.090165 1.176756 0.245643
v 0.090414 1.176756 0.261240
v 0.090399 1.176756 0.261659
v 0.090216 1.176756 0.246448
v 0.088026 1.174596 0.278094
v 0.089804 1.168561 0.269700
v 0.090434 1.176756 0.260687
v 0.090481 1.168561 0.255881
v 0.088026 1.169531 0.277785
v 0.089958 1.168561 0.268049
v 0.090292 1.176756 0.247667
v 0.090491 1.176756 0.258191
v 0.090493 1.176756 0.258075
v 0.090388 1.168561 0.250386
v 0.090399 1.168561 0.250675
v 0.090494 1.176756 0.257945
v 0.090480 1.168561 0.254956
v 0.090364 1.168561 0.249824
v 0.090336 1.168561 0.249186
v 0.090499 1.176756 0.254658
v 0.090499 1.176756 0.254554
v 0.090482 1.176756 0.258749
v 0.090477 1.176756 0.259060
v 0.090500 1.176756 0.254750
v 0.090399 1.168561 0.260806
v 0.088418 1.168561 0.234058
v 0.090499 1.176756 0.254467
v 0.090403 1.168561 0.260700
v 0.090498 1.176756 0.254352
v 0.088474 1.168561 0.234155
v 0.088538 1.168561 0.234298
v 0.088026 1.168561 0.277598
v 0.090498 1.176756 0.254276
v 0.088595 1.168561 0.234437
v 0.088653 1.168561 0.234611
v 0.088343 1.168552 0.277550
v 0.090500 1.176756 0.254832
v 0.090501 1.176756 0.254928
v 0.090086 1.168561 0.266434
v 0.090476 1.168561 0.254475
v 0.090165 1.168561 0.265363
v 0.090475 1.168561 0.254225
v 0.090178 1.168561 0.265147
v 0.088577 1.168561 0.277088
v 0.090478 1.168561 0.254720
v 0.090253 1.168561 0.247602
v 0.090241 1.168561 0.264091
v 0.090462 1.176756 0.259782
v 0.090461 1.176756 0.259837
v 0.088708 1.168561 0.234794
v 0.088597 1.168561 0.277038
v 0.090193 1.168561 0.246589
v 0.090470 1.176756 0.259401
v 0.088775 1.168561 0.235077
v 0.090300 1.168561 0.248409
v 0.089486 1.168561 0.239220
v 0.088478 1.168561 0.277317
v 0.088856 1.168561 0.235468
v 0.090449 1.176756 0.260207
v 0.089998 1.168561 0.267609
v 0.089164 1.168561 0.237148
v 0.088493 1.168561 0.277289
v 0.090302 1.168561 0.248455
v 0.090439 1.168561 0.259426
v 0.088025 1.173974 0.233391
v 0.090448 1.168561 0.259068
v 0.088017 1.175122 0.233447
v 0.090428 1.168561 0.259814
v 0.090472 1.168561 0.253968
v 0.090165 1.168561 0.246119
v 0.088653 1.168561 0.276872
v 0.089804 1.168561 0.241778
v 0.090292 1.168561 0.263206
v 0.090109 1.168561 0.245360
v 0.090501 1.176756 0.255356
v 0.090501 1.176756 0.255285
v 0.090416 1.168561 0.260236
v 0.088026 1.172559 0.233397
v 0.089370 1.168561 0.238406
v 0.090501 1.176756 0.255468
v 0.088667 1.168561 0.276847
v 0.090501 1.176756 0.255169
v 0.090501 1.176756 0.255101
v 0.088775 1.168561 0.276402
v 0.088418 1.176756 0.233840
v 0.088864 1.168561 0.275964
v 0.088158 1.176756 0.233686
v 0.090501 1.176756 0.254991
v 0.090389 1.176756 0.261884
v 0.088026 1.176756 0.233670
v 0.090352 1.176756 0.262648
v 0.090502 1.176756 0.255523
v 0.090410 1.176756 0.250104
v 0.090502 1.176756 0.255634
v 0.090466 1.168561 0.253422
v 0.090463 1.168561 0.253128
v 0.090462 1.168561 0.258420
v 0.090470 1.168561 0.253702
v 0.089812 1.168561 0.241862
v 0.090466 1.168561 0.258122
v 0.090461 1.168561 0.258461
v 0.089994 1.168561 0.243830
v 0.090457 1.168561 0.252819
v 0.090461 1.168561 0.253015
v 0.088653 1.176756 0.234388
v 0.090000 1.168561 0.243882
v 0.088538 1.176756 0.234078
v 0.089585 1.176756 0.239625
v 0.089589 1.176756 0.239654
v 0.090455 1.168561 0.258734
v 0.088992 1.176756 0.235946
v 0.089164 1.176756 0.236898
v 0.090300 1.168561 0.263070
v 0.089370 1.176756 0.238138
v 0.090329 1.168561 0.262449
v 0.090501 1.176756 0.256049
v 0.090501 1.176756 0.255981
v 0.090501 1.176756 0.256162
v 0.090358 1.168561 0.261793
v 0.090501 1.176756 0.255857
v 0.090502 1.176756 0.255800
v 0.090469 1.168561 0.257841
v 0.090383 1.168561 0.261215
v 0.090460 1.176756 0.251608
v 0.088747 1.176756 0.234735
v 0.090461 1.176756 0.251640
v 0.090502 1.176756 0.255677
v 0.090446 1.176756 0.251171
v 0.090429 1.176756 0.250675
v 0.090501 1.176756 0.256223
v 0.090502 1.176756 0.256332
v 0.090431 1.168561 0.251756
v 0.090419 1.168561 0.251343
v 0.090441 1.168561 0.252137
v 0.090468 1.176756 0.251996
v 0.090474 1.168561 0.257311
v 0.090449 1.168561 0.252490
v 0.088775 1.176756 0.234849
v 0.088864 1.168561 0.235511
v 0.088026 1.176756 0.277807
v 0.090476 1.168561 0.257059
v 0.090472 1.168561 0.257572
v 0.088864 1.176756 0.235283
v 0.088026 1.170372 0.233570
v 0.088478 1.176756 0.277528
v 0.088618 1.176756 0.277195
v 0.088026 1.169288 0.233737
v 0.088992 1.176756 0.275537
v 0.089015 1.176756 0.275411
v 0.088709 1.176756 0.276900
v 0.090499 1.176756 0.256796
v 0.090499 1.176756 0.256695
v 0.088026 1.168561 0.233886
v 0.088864 1.176756 0.276196
v 0.090499 1.176756 0.256889
v 0.089370 1.176756 0.273342
v 0.090500 1.176756 0.256586
v 0.090501 1.176756 0.256505
v 0.090478 1.168561 0.256816
v 0.089589 1.176756 0.271823
v 0.088025 1.170327 0.277924
v 0.090480 1.176756 0.252665
v 0.090486 1.176756 0.252960
v 0.090501 1.176756 0.256389
v 0.090475 1.176756 0.252345
v 0.090495 1.176756 0.257678
v 0.090496 1.176756 0.257490
v 0.090480 1.168561 0.256342
v 0.090499 1.176756 0.256994
v 0.090495 1.176756 0.257716
v 0.090497 1.176756 0.257431
v 0.090498 1.176756 0.257274
v 0.090499 1.176756 0.257078
v 0.090486 1.176756 0.258460
v 0.090479 1.168561 0.256578
v 0.090498 1.176756 0.257195
v 0.090406 1.168561 0.250889
v 0.090481 1.168561 0.256109
v 0.090494 1.176756 0.257929
v -0.093582 1.168561 0.269696
v -0.093446 1.162620 0.267553
v -0.093420 1.160768 0.265954
v -0.093420 1.159021 0.263338
v -0.093420 1.157813 0.260416
v -0.093446 1.159580 0.247633
v -0.093446 1.163725 0.243023
v -0.093445 1.165950 0.241561
v -0.093507 1.177605 0.240978
v -0.093398 1.180857 0.241358
v -0.093420 1.183459 0.243289
v -0.093420 1.185686 0.245519
v -0.093420 1.187441 0.248148
v -0.093420 1.188647 0.251062
v -0.093420 1.189264 0.254156
v -0.093420 1.189267 0.257321
v -0.093446 1.186885 0.263843
v -0.093446 1.182743 0.268450
v -0.094238 1.178374 0.253586
v -0.094158 1.180474 0.256261
v -0.094079 1.181894 0.256519
v -0.094101 1.178581 0.262157
v -0.086885 1.178362 0.277590
v -0.086914 1.173375 0.278198
v -0.084628 1.167443 0.276368
v -0.084633 1.163999 0.275100
v -0.084803 1.165366 0.276476
v -0.092766 1.168559 0.275416
v -0.090507 1.165255 0.276702
v -0.092442 1.166457 0.276268
v -0.092203 1.165364 0.276470
v -0.086673 1.161681 0.274971
v -0.084634 1.160394 0.272926
v -0.084758 1.161993 0.274742
v -0.092574 1.163260 0.274358
v -0.092384 1.162058 0.274435
v -0.092192 1.162298 0.275073
v -0.086302 1.158264 0.272431
v -0.084625 1.159497 0.272115
v -0.092573 1.159813 0.272052
v -0.092201 1.158029 0.271884
v -0.084566 1.159312 0.265658
v -0.084634 1.155511 0.267779
v -0.084803 1.155173 0.268611
v -0.092383 1.155754 0.268743
v -0.092192 1.155727 0.269411
v -0.084803 1.153006 0.264836
v -0.092202 1.153010 0.264838
v -0.084804 1.151619 0.260718
v -0.092202 1.151624 0.260719
v -0.084628 1.151870 0.254090
v -0.084803 1.151064 0.256407
v -0.092444 1.151674 0.257349
v -0.092203 1.151068 0.256410
v -0.084634 1.152438 0.250465
v -0.084756 1.151472 0.252088
v -0.092202 1.151363 0.252070
v -0.092202 1.152497 0.247878
v -0.085684 1.153880 0.244461
v -0.084800 1.153986 0.244671
v -0.092573 1.154612 0.245765
v -0.087896 1.155859 0.241449
v -0.084607 1.157843 0.241243
v -0.084795 1.156937 0.240705
v -0.092339 1.156541 0.241542
v -0.092202 1.157087 0.240540
v -0.086789 1.160016 0.237612
v -0.084804 1.160357 0.237682
v -0.092192 1.159566 0.238231
v -0.084566 1.166219 0.240154
v -0.084634 1.164889 0.236008
v -0.084803 1.164128 0.235518
v -0.092202 1.164134 0.235518
v -0.084803 1.168253 0.234130
v -0.092169 1.167164 0.234346
v -0.086798 1.172314 0.233325
v -0.084804 1.172568 0.233573
v -0.084628 1.179023 0.235114
v -0.084804 1.176902 0.233869
v -0.087526 1.180787 0.234574
v -0.084633 1.182466 0.236383
v -0.089674 1.180773 0.234588
v -0.092407 1.180285 0.235202
v -0.092202 1.181099 0.235010
v -0.084634 1.186065 0.238555
v -0.084834 1.184983 0.236852
v -0.092657 1.183853 0.237993
v -0.084626 1.186960 0.239360
v -0.092657 1.187120 0.240412
v -0.084566 1.187150 0.245822
v -0.086306 1.192227 0.243800
v -0.084634 1.190959 0.243716
v -0.092658 1.189830 0.243407
v -0.092202 1.191289 0.242873
v -0.084803 1.193455 0.246640
v -0.092658 1.191923 0.246893
v -0.092201 1.193455 0.246644
v -0.086980 1.195085 0.250616
v -0.092657 1.193292 0.250698
v -0.092190 1.194494 0.249256
v -0.086913 1.195663 0.254972
v -0.092657 1.193888 0.254702
v -0.086274 1.195445 0.258760
v -0.084628 1.193855 0.261535
v -0.092391 1.194773 0.258817
v -0.092202 1.195099 0.259409
v -0.086551 1.194503 0.262867
v -0.084634 1.192595 0.264968
v -0.084803 1.193964 0.263607
v -0.092574 1.193437 0.261881
v -0.092202 1.193963 0.263607
v -0.086787 1.192424 0.267362
v -0.084634 1.190413 0.268579
v -0.084753 1.192195 0.267022
v -0.092574 1.191850 0.265708
v -0.092202 1.192029 0.267499
v -0.084626 1.189612 0.269471
v -0.084803 1.189376 0.270943
v -0.092573 1.189547 0.269154
v -0.092201 1.189374 0.270943
v -0.084565 1.182835 0.269277
v -0.088280 1.187868 0.272853
v -0.084634 1.185255 0.273468
v -0.092575 1.186610 0.272075
v -0.092191 1.187362 0.272900
v -0.084628 1.179873 0.276109
v -0.084799 1.183259 0.275539
v -0.092667 1.182162 0.274344
v -0.092202 1.182329 0.275961
v -0.093679 1.166126 0.267625
v -0.093579 1.167339 0.269233
v -0.093579 1.164820 0.267824
v -0.093646 1.163129 0.265629
v -0.093741 1.162206 0.263022
v -0.093579 1.160836 0.263685
v -0.093753 1.160949 0.260193
v -0.093579 1.159524 0.261115
v -0.093682 1.159575 0.257668
v -0.093493 1.157818 0.254133
v -0.093579 1.158510 0.255460
v -0.093493 1.158431 0.251153
v -0.093579 1.158848 0.252594
v -0.093579 1.159738 0.249848
v -0.093665 1.161676 0.247914
v -0.093579 1.161147 0.247329
v -0.093579 1.163020 0.245133
v -0.093665 1.165562 0.244082
v -0.093579 1.165285 0.243345
v -0.093581 1.176756 0.241458
v -0.093658 1.178963 0.242843
v -0.093579 1.183838 0.245529
v -0.093741 1.184265 0.248471
v -0.093579 1.185626 0.247795
v -0.093754 1.185508 0.251288
v -0.093579 1.186938 0.250365
v -0.093710 1.186438 0.252604
v -0.093754 1.186278 0.256322
v -0.093579 1.187951 0.256020
v -0.093754 1.185913 0.258861
v -0.093579 1.187614 0.258886
v -0.093579 1.186723 0.261632
v -0.093665 1.184801 0.263546
v -0.093579 1.185315 0.264151
v -0.093579 1.183442 0.266347
v -0.093665 1.180897 0.267397
v -0.093579 1.181176 0.268135
v -0.094164 1.167610 0.260170
v -0.094151 1.166376 0.258582
v -0.094226 1.167842 0.257781
v -0.094219 1.167642 0.253528
v -0.094154 1.167613 0.251009
v -0.094065 1.166823 0.249453
v -0.094175 1.177618 0.250419
v -0.094151 1.178729 0.250781
v -0.094199 1.178787 0.252414
v -0.094158 1.180107 0.253394
v -0.094155 1.180484 0.254789
v -0.094212 1.179000 0.257870
v -0.094127 1.179979 0.259747
v -0.094175 1.179476 0.258648
v -0.094175 1.178469 0.260224
v -0.094191 1.177575 0.260787
v -0.093850 1.182781 0.262861
v -0.093646 1.186446 0.260743
v -0.093948 1.182937 0.260170
v -0.093773 1.167996 0.244106
v -0.093940 1.181019 0.263074
v -0.093646 1.183514 0.265436
v -0.093940 1.179439 0.264452
v -0.093940 1.167557 0.264810
v -0.094137 1.168031 0.261413
v -0.093886 1.162361 0.259314
v -0.093646 1.159100 0.256149
v -0.093646 1.159294 0.253396
v -0.093940 1.163228 0.251945
v -0.093646 1.160010 0.250735
v -0.094237 1.177014 0.251871
v -0.094227 1.167523 0.255386
v -0.094252 1.178192 0.254941
v -0.094209 1.167758 0.252694
v -0.084819 1.178370 0.277379
v -0.085502 1.177604 0.277687
v -0.084996 1.175157 0.278011
v -0.085489 1.174566 0.278078
v -0.084737 1.175042 0.277697
v -0.084706 1.177683 0.277152
v -0.084663 1.175006 0.277311
v -0.084617 1.173060 0.277031
v -0.084598 1.175345 0.276639
v -0.084578 1.177660 0.275252
v -0.084582 1.177778 0.275479
v -0.084608 1.176115 0.276742
v -0.084566 1.177482 0.272683
v -0.091702 1.178843 0.277424
v -0.092204 1.177650 0.277471
v -0.092466 1.177491 0.276842
v -0.092805 1.177099 0.275291
v -0.086079 1.172805 0.278138
v -0.085384 1.171556 0.278053
v -0.085373 1.169531 0.277786
v -0.085027 1.168361 0.277524
v -0.084663 1.170764 0.277242
v -0.084616 1.168980 0.276605
v -0.084598 1.171230 0.276648
v -0.084563 1.172654 0.271083
v -0.091539 1.169526 0.277817
v -0.091270 1.173913 0.278153
v -0.087418 1.169966 0.278037
v -0.086232 1.166406 0.277099
v -0.085373 1.165301 0.276641
v -0.084755 1.168590 0.277326
v -0.084606 1.166809 0.275863
v -0.084598 1.167195 0.275859
v -0.084566 1.170677 0.273020
v -0.091885 1.165848 0.276842
v -0.092193 1.168490 0.277413
v -0.092318 1.166564 0.276663
v -0.092216 1.166384 0.276829
v -0.092482 1.166047 0.276014
v -0.086079 1.164266 0.276270
v -0.085103 1.162069 0.275093
v -0.084771 1.163412 0.275577
v -0.084602 1.163868 0.274590
v -0.084600 1.163767 0.274616
v -0.091423 1.161821 0.275018
v -0.092172 1.163340 0.275652
v -0.086684 1.160673 0.274329
v -0.085506 1.158838 0.272902
v -0.084808 1.160235 0.273751
v -0.084787 1.158041 0.271878
v -0.084591 1.159823 0.271806
v -0.084563 1.163949 0.267866
v -0.090379 1.158536 0.272712
v -0.092172 1.159644 0.273339
v -0.084771 1.156269 0.269966
v -0.084616 1.155470 0.267487
v -0.084568 1.159859 0.267405
v -0.090997 1.155674 0.269694
v -0.092172 1.156476 0.270356
v -0.092561 1.156955 0.269280
v -0.086490 1.154476 0.268093
v -0.084765 1.153583 0.265951
v -0.084676 1.153841 0.265546
v -0.084616 1.153521 0.263803
v -0.084598 1.154734 0.265693
v -0.084564 1.159920 0.264503
v -0.091390 1.153064 0.265502
v -0.092173 1.153948 0.266807
v -0.086489 1.152423 0.264187
v -0.084782 1.152237 0.262797
v -0.084663 1.152418 0.261684
v -0.084616 1.152329 0.259805
v -0.084598 1.153152 0.261905
v -0.084566 1.157443 0.263215
v -0.091646 1.151827 0.262365
v -0.090591 1.152357 0.263939
v -0.092425 1.152446 0.261935
v -0.086526 1.151176 0.259975
v -0.085504 1.150851 0.255748
v -0.084679 1.151421 0.255886
v -0.084616 1.151936 0.255649
v -0.084598 1.152334 0.257868
v -0.084563 1.158071 0.258169
v -0.091626 1.150943 0.258059
v -0.090103 1.151330 0.260694
v -0.092196 1.151145 0.258111
v -0.092321 1.151355 0.257592
v -0.092432 1.151777 0.258678
v -0.092560 1.152172 0.257962
v -0.085367 1.151017 0.252604
v -0.085710 1.151156 0.251943
v -0.084606 1.152240 0.253380
v -0.084598 1.152322 0.253747
v -0.084566 1.155783 0.256604
v -0.091462 1.150926 0.253667
v -0.092197 1.151107 0.253769
v -0.092429 1.151670 0.253519
v -0.086529 1.151898 0.248784
v -0.085523 1.152548 0.247190
v -0.084966 1.152567 0.247315
v -0.084747 1.152090 0.249491
v -0.084701 1.152811 0.247995
v -0.084602 1.152915 0.250234
v -0.084612 1.152885 0.249651
v -0.084582 1.154292 0.248554
v -0.084566 1.156451 0.251323
v -0.092180 1.151811 0.249815
v -0.084737 1.153510 0.245959
v -0.084798 1.152737 0.247192
v -0.084679 1.154816 0.244221
v -0.084596 1.154583 0.246145
v -0.084621 1.154146 0.246262
v -0.084571 1.157237 0.245735
v -0.084564 1.159465 0.247128
v -0.092028 1.154016 0.244348
v -0.090828 1.153664 0.244798
v -0.090941 1.152050 0.248303
v -0.092111 1.152753 0.246942
v -0.092138 1.153768 0.244906
v -0.092337 1.154096 0.245054
v -0.092269 1.153692 0.245440
v -0.092451 1.153893 0.246129
v -0.086311 1.155185 0.242401
v -0.084714 1.155728 0.242520
v -0.084703 1.157973 0.240071
v -0.084603 1.156632 0.242771
v -0.084578 1.158708 0.241977
v -0.084563 1.161555 0.245150
v -0.091539 1.156933 0.240394
v -0.090735 1.156408 0.240909
v -0.092136 1.155359 0.242437
v -0.092267 1.156784 0.241041
v -0.092560 1.156770 0.242422
v -0.086299 1.157302 0.239965
v -0.086650 1.159125 0.238295
v -0.085495 1.160784 0.237143
v -0.084782 1.158667 0.239054
v -0.084771 1.161836 0.236762
v -0.084591 1.160109 0.239440
v -0.084622 1.159211 0.239689
v -0.084618 1.161605 0.237890
v -0.084578 1.161672 0.239410
v -0.084563 1.163388 0.244082
v -0.091866 1.159168 0.238331
v -0.091539 1.160240 0.237510
v -0.090828 1.159341 0.238143
v -0.092173 1.158621 0.238981
v -0.092425 1.159548 0.238915
v -0.086767 1.162552 0.235986
v -0.085568 1.164515 0.235123
v -0.084771 1.165763 0.234900
v -0.084616 1.165159 0.236035
v -0.084597 1.163107 0.237343
v -0.084568 1.164399 0.240350
v -0.091980 1.162399 0.236157
v -0.091539 1.164046 0.235325
v -0.090828 1.163041 0.235771
v -0.092172 1.162165 0.236455
v -0.092452 1.162489 0.237012
v -0.085501 1.168855 0.233793
v -0.084676 1.167403 0.234807
v -0.084616 1.169168 0.234837
v -0.084598 1.167059 0.235664
v -0.084564 1.167233 0.240976
v -0.091458 1.167620 0.234051
v -0.091563 1.165939 0.234558
v -0.092351 1.168561 0.234386
v -0.092459 1.166823 0.235132
v -0.092550 1.168475 0.235094
v -0.092483 1.168561 0.234794
v -0.092909 1.166651 0.237537
v -0.086670 1.171187 0.233398
v -0.084663 1.171458 0.234168
v -0.084616 1.173324 0.234445
v -0.084598 1.171116 0.234842
v -0.084566 1.168980 0.238797
v -0.091796 1.173063 0.233372
v -0.090563 1.171999 0.233340
v -0.086736 1.175856 0.233456
v -0.085584 1.177443 0.233755
v -0.084679 1.177346 0.234323
v -0.084616 1.177484 0.234875
v -0.084598 1.175229 0.234832
v -0.084563 1.173808 0.240397
v -0.091539 1.176936 0.233663
v -0.092398 1.176809 0.234300
v -0.085384 1.179232 0.234184
v -0.085092 1.181507 0.235007
v -0.084606 1.179660 0.235620
v -0.084598 1.179259 0.235619
v -0.084566 1.175785 0.238460
v -0.091913 1.180051 0.234439
v -0.091069 1.178395 0.233915
v -0.092180 1.179148 0.234318
v -0.092927 1.178112 0.237097
v -0.086079 1.182196 0.235210
v -0.086079 1.183192 0.235674
v -0.085502 1.185664 0.237133
v -0.085026 1.186553 0.237803
v -0.084747 1.183470 0.236216
v -0.084700 1.184814 0.237229
v -0.084602 1.182601 0.236893
v -0.084600 1.182692 0.236863
v -0.091912 1.184081 0.236182
v -0.092173 1.183120 0.235827
v -0.092270 1.183468 0.236174
v -0.092406 1.181926 0.235843
v -0.092507 1.183104 0.236702
v -0.085216 1.188921 0.239796
v -0.084751 1.189036 0.240336
v -0.084591 1.186633 0.239670
v -0.084563 1.182515 0.243615
v -0.091256 1.188138 0.239001
v -0.091307 1.185480 0.236976
v -0.092174 1.186807 0.238134
v -0.092372 1.188178 0.239866
v -0.092269 1.187090 0.238545
v -0.092411 1.185558 0.237864
v -0.092453 1.187277 0.239340
v -0.086463 1.190203 0.241022
v -0.086079 1.190113 0.241014
v -0.085478 1.191777 0.243225
v -0.084616 1.190982 0.243979
v -0.084568 1.186603 0.244077
v -0.091847 1.191755 0.243208
v -0.090980 1.190482 0.241420
v -0.092372 1.190988 0.243087
v -0.092427 1.189797 0.241756
v -0.086485 1.193652 0.246450
v -0.085369 1.194092 0.247665
v -0.084788 1.191664 0.243421
v -0.084676 1.192625 0.245939
v -0.084616 1.192938 0.247677
v -0.084598 1.191721 0.245777
v -0.084564 1.186541 0.246977
v -0.092372 1.193115 0.246794
v -0.092271 1.192612 0.245162
v -0.092453 1.192479 0.245956
v -0.085501 1.194764 0.249624
v -0.084916 1.194939 0.250743
v -0.084782 1.194224 0.248683
v -0.084664 1.194046 0.249796
v -0.084616 1.194133 0.251676
v -0.084598 1.193310 0.249575
v -0.084566 1.189020 0.248265
v -0.091913 1.194732 0.249579
v -0.091539 1.195045 0.250715
v -0.090344 1.194557 0.248722
v -0.092372 1.194478 0.250845
v -0.092272 1.194301 0.249145
v -0.092426 1.193891 0.249163
v -0.086998 1.195244 0.251284
v -0.085308 1.195410 0.252879
v -0.085501 1.195569 0.254405
v -0.084758 1.194858 0.251311
v -0.084663 1.194805 0.253969
v -0.084616 1.194526 0.255828
v -0.084598 1.194127 0.253619
v -0.084563 1.188391 0.253312
v -0.092173 1.195281 0.252892
v -0.092372 1.195025 0.255085
v -0.092270 1.195186 0.253373
v -0.092453 1.194760 0.254089
v -0.086079 1.195629 0.256166
v -0.084907 1.195483 0.257256
v -0.085118 1.195390 0.258625
v -0.084778 1.195360 0.256733
v -0.084680 1.194655 0.259846
v -0.084616 1.194095 0.259993
v -0.084598 1.194141 0.257722
v -0.084566 1.190677 0.254873
v -0.091934 1.195260 0.259437
v -0.091267 1.195403 0.259001
v -0.091583 1.195693 0.255610
v -0.091388 1.195636 0.255688
v -0.092179 1.195394 0.257380
v -0.086315 1.195386 0.259267
v -0.084759 1.194909 0.259918
v -0.084606 1.193352 0.262167
v -0.084598 1.193350 0.261776
v -0.084563 1.188166 0.259298
v -0.091539 1.194160 0.263681
v -0.092021 1.194877 0.261321
v -0.090554 1.195138 0.260543
v -0.092172 1.194690 0.261556
v -0.092452 1.194069 0.261383
v -0.086275 1.193775 0.264699
v -0.085089 1.191635 0.268398
v -0.084602 1.192088 0.265090
v -0.084600 1.192100 0.265219
v -0.084566 1.189680 0.261618
v -0.091453 1.192536 0.267097
v -0.092425 1.192310 0.266048
v -0.087343 1.191951 0.268145
v -0.085128 1.190905 0.269486
v -0.086568 1.190469 0.270092
v -0.085699 1.189299 0.271340
v -0.084783 1.190763 0.269280
v -0.084771 1.188101 0.272139
v -0.084591 1.189285 0.269161
v -0.084563 1.185356 0.265022
v -0.091821 1.189845 0.270717
v -0.090828 1.191631 0.268547
v -0.092338 1.189911 0.269953
v -0.092269 1.189674 0.270437
v -0.085311 1.187927 0.272596
v -0.086124 1.188158 0.272488
v -0.085093 1.185395 0.274475
v -0.084616 1.184989 0.273493
v -0.084568 1.184894 0.269112
v -0.091859 1.187049 0.273337
v -0.090828 1.188779 0.271891
v -0.092341 1.186825 0.272922
v -0.092273 1.187462 0.272615
v -0.086079 1.185320 0.274600
v -0.086079 1.183414 0.275694
v -0.086006 1.181909 0.276430
v -0.084750 1.185581 0.274016
v -0.084745 1.181140 0.276318
v -0.084676 1.183039 0.275132
v -0.084616 1.181303 0.275444
v -0.084598 1.183176 0.274241
v -0.091913 1.183470 0.275625
v -0.091539 1.182415 0.276155
v -0.090750 1.185727 0.274362
v -0.092179 1.184179 0.275081
v -0.092436 1.184145 0.274430
v -0.085449 1.180285 0.276989
v -0.084620 1.179018 0.276212
v -0.092275 1.180776 0.276481
v -0.092153 1.179523 0.277104
v -0.092495 1.180878 0.275770
v -0.092767 1.178701 0.275091
v -0.087641 1.178292 0.277601
v -0.089036 1.174813 0.278150
v -0.089153 1.182454 0.276201
v -0.093364 1.176928 0.271788
v -0.093040 1.182224 0.272078
v -0.089912 1.169443 0.277867
v -0.087726 1.168375 0.277664
v -0.089531 1.166665 0.277239
v -0.090397 1.161711 0.274993
v -0.093038 1.164640 0.272306
v -0.087861 1.159253 0.273340
v -0.089729 1.154945 0.268784
v -0.093039 1.158962 0.267753
v -0.092777 1.157241 0.267884
v -0.090295 1.152959 0.265361
v -0.089770 1.152518 0.264462
v -0.093040 1.156897 0.264737
v -0.088314 1.151419 0.261053
v -0.093039 1.155451 0.261384
v -0.088385 1.150802 0.256705
v -0.093040 1.154698 0.257801
v -0.092775 1.153180 0.256948
v -0.087506 1.151272 0.251064
v -0.093041 1.154653 0.254160
v -0.090425 1.152117 0.248155
v -0.093040 1.155320 0.250548
v -0.089745 1.154208 0.243841
v -0.090081 1.153734 0.244609
v -0.088451 1.156892 0.240355
v -0.093040 1.158666 0.244093
v -0.092777 1.158200 0.242431
v -0.089745 1.160210 0.237467
v -0.093040 1.164238 0.239400
v -0.088451 1.168193 0.233871
v -0.086580 1.167596 0.234027
v -0.088451 1.176945 0.233607
v -0.087902 1.184682 0.236407
v -0.086619 1.184592 0.236398
v -0.093037 1.181826 0.239172
v -0.088939 1.188045 0.238855
v -0.093040 1.184878 0.241173
v -0.087158 1.191498 0.242723
v -0.093039 1.187502 0.243721
v -0.089987 1.193590 0.246293
v -0.090184 1.193062 0.245160
v -0.093040 1.189559 0.246733
v -0.089204 1.195102 0.250706
v -0.093040 1.191006 0.250096
v -0.087677 1.195660 0.255046
v -0.093040 1.191765 0.253673
v -0.093041 1.191806 0.257337
v -0.093039 1.191146 0.260937
v -0.090458 1.189880 0.270776
v -0.093040 1.187788 0.267400
v -0.090257 1.186562 0.273792
v -0.089867 1.181894 0.276478
v -0.091261 1.180238 0.277050
v -0.093105 1.167774 0.273137
v -0.093360 1.167763 0.271311
v -0.093116 1.165162 0.272013
v -0.093367 1.164657 0.269885
v -0.093125 1.161859 0.269842
v -0.093117 1.159552 0.267676
v -0.093118 1.157486 0.264772
v -0.093117 1.156024 0.261529
v -0.093115 1.155216 0.258073
v -0.093367 1.156709 0.256475
v -0.093219 1.155820 0.253350
v -0.093219 1.156621 0.249999
v -0.093125 1.157185 0.247328
v -0.093116 1.158853 0.244643
v -0.093367 1.161023 0.244580
v -0.092950 1.160648 0.241321
v -0.093124 1.161622 0.241826
v -0.093118 1.164194 0.239998
v -0.092944 1.167238 0.237486
v -0.093284 1.167311 0.239740
v -0.093364 1.167979 0.240132
v -0.093115 1.178435 0.238330
v -0.093364 1.177535 0.239845
v -0.093206 1.180713 0.239783
v -0.093117 1.184315 0.241360
v -0.093116 1.186913 0.243801
v -0.093117 1.188979 0.246704
v -0.093117 1.190438 0.249951
v -0.093117 1.191235 0.253414
v -0.093117 1.191347 0.256971
v -0.093116 1.190756 0.260499
v -0.093367 1.188779 0.261389
v -0.093126 1.189275 0.264143
v -0.093117 1.187606 0.266833
v -0.093367 1.185437 0.266900
v -0.092949 1.185813 0.270168
v -0.093125 1.184836 0.269653
v -0.090716 1.151256 0.251167
v -0.087772 1.152081 0.248225
v -0.093117 1.182264 0.271487
v -0.093401 1.180933 0.270053
v -0.088224 1.177040 0.277876
v -0.090973 1.174992 0.278100
v -0.091084 1.182749 0.235400
v -0.091335 1.154155 0.267561
v -0.087158 1.153251 0.265936
v -0.088277 1.165344 0.234709
v -0.090184 1.195351 0.251871
v -0.090709 1.195521 0.253096
v -0.090601 1.195630 0.254543
v -0.089015 1.152778 0.246437
v -0.088862 1.186856 0.237873
v -0.089748 1.190053 0.270653
v -0.091491 1.187614 0.272951
v -0.087158 1.151646 0.261842
v -0.089460 1.169519 0.233590
v -0.089898 1.168122 0.233879
v -0.089353 1.195669 0.256890
v -0.088059 1.163838 0.276133
v -0.087435 1.155087 0.242527
v -0.089991 1.156852 0.240342
v -0.087228 1.189800 0.240605
v -0.089796 1.189942 0.240736
v -0.090329 1.191282 0.242415
v -0.086961 1.184903 0.274912
v -0.089575 1.183813 0.275536
v -0.086305 1.150852 0.257096
v -0.089920 1.150884 0.258077
v -0.090494 1.174596 0.233333
v -0.089745 1.173657 0.233307
v -0.088781 1.195183 0.260504
v -0.090670 1.194562 0.262709
v -0.088869 1.194355 0.263334
v -0.090726 1.159899 0.273780
v -0.090217 1.158748 0.238546
v -0.089237 1.192111 0.243606
v -0.087158 1.193211 0.245544
v -0.089365 1.150786 0.254990
v -0.088120 1.150888 0.253510
v -0.088534 1.179019 0.234031
v -0.089900 1.176860 0.233586
v -0.087614 1.193439 0.265576
v -0.091428 1.193182 0.265988
v -0.086525 1.156692 0.270895
v -0.089413 1.157343 0.271596
v -0.090712 1.156641 0.270839
v -0.087158 1.155624 0.269638
v -0.089745 1.161122 0.236850
v -0.088340 1.163478 0.235517
v -0.089863 1.162802 0.235809
v -0.087992 1.194147 0.247551
v -0.090792 1.194321 0.248109
v -0.093068 1.178870 0.273339
v -0.093413 1.178638 0.270986
v -0.089056 1.171169 0.278095
v -0.093621 1.163678 0.244912
v -0.093878 1.165636 0.247039
v -0.094074 1.168039 0.248729
v -0.093621 1.186197 0.262091
v -0.093773 1.167432 0.244376
v -0.093889 1.167376 0.245959
v -0.094017 1.180806 0.261710
v -0.094141 1.179388 0.260172
v -0.093621 1.182782 0.266569
v -0.093878 1.180824 0.264445
v -0.093940 1.168220 0.265194
v -0.093760 1.179033 0.267407
v -0.094037 1.177898 0.263821
v -0.093616 1.164588 0.267401
v -0.094017 1.167342 0.263390
v -0.093779 1.177867 0.267671
v -0.093839 1.164453 0.264047
v -0.093675 1.181023 0.244279
v -0.093856 1.178389 0.245085
v -0.094053 1.178273 0.248097
v -0.093960 1.164579 0.261776
v -0.094036 1.165101 0.260359
v -0.093701 1.183013 0.246319
v -0.093877 1.180292 0.246594
v -0.094085 1.178007 0.248557
v -0.093772 1.160858 0.258915
v -0.094036 1.164353 0.258684
v -0.093844 1.182568 0.248216
v -0.094018 1.180275 0.249157
v -0.093841 1.161058 0.256184
v -0.093940 1.162700 0.257627
v -0.094132 1.165471 0.256184
v -0.094141 1.165738 0.256945
v -0.093878 1.183255 0.250005
v -0.094022 1.181886 0.251637
v -0.093866 1.161552 0.254785
v -0.094132 1.165533 0.254652
v -0.094128 1.165395 0.255697
v -0.093772 1.185608 0.252579
v -0.093946 1.183552 0.252848
v -0.093769 1.160598 0.253135
v -0.094017 1.163956 0.253109
v -0.094141 1.165853 0.253969
v -0.093877 1.184690 0.254258
v -0.093620 1.160258 0.249398
v -0.093933 1.163217 0.251482
v -0.094012 1.165072 0.250431
v -0.093960 1.183778 0.255527
v -0.093729 1.162697 0.247501
v -0.094071 1.166296 0.250186
v -0.093832 1.185031 0.258515
v -0.093993 1.182974 0.258012
v -0.094128 1.180834 0.257624
v -0.094237 1.168378 0.258139
v -0.094219 1.177534 0.251576
v -0.094228 1.167569 0.256502
v -0.094268 1.176991 0.253823
v -0.094268 1.176876 0.253648
v -0.094268 1.176783 0.253460
v -0.094257 1.177714 0.254081
v -0.094250 1.178294 0.255772
v -0.094268 1.177422 0.255282
v -0.094268 1.177432 0.256032
v -0.094251 1.178134 0.256798
v -0.094259 1.177668 0.257415
v -0.094237 1.177830 0.258621
v -0.094268 1.176934 0.257783
v -0.094224 1.177041 0.260132
v -0.084780 1.175500 0.277819
v -0.084799 1.174185 0.277928
v -0.084651 1.176209 0.277128
v -0.084579 1.173835 0.275802
v -0.084575 1.174997 0.275198
v -0.084568 1.174700 0.273599
v -0.091413 1.177148 0.277793
v -0.092095 1.176757 0.277752
v -0.092551 1.176757 0.276650
v -0.084780 1.171152 0.277838
v -0.084878 1.169593 0.277706
v -0.084679 1.171762 0.277431
v -0.084579 1.169907 0.275534
v -0.084575 1.171165 0.275170
v -0.091789 1.171534 0.278062
v -0.084841 1.167722 0.277270
v -0.084905 1.166132 0.276855
v -0.084768 1.166619 0.276873
v -0.084702 1.168702 0.277169
v -0.084579 1.166109 0.274506
v -0.084575 1.167414 0.274394
v -0.084568 1.167752 0.272802
v -0.091816 1.167657 0.277409
v -0.092088 1.166648 0.277065
v -0.092350 1.167498 0.276838
v -0.092278 1.168561 0.277267
v -0.092816 1.168032 0.274921
v -0.085070 1.163372 0.275783
v -0.084827 1.163304 0.275621
v -0.084663 1.163263 0.274980
v -0.084579 1.162585 0.272755
v -0.084575 1.163884 0.272898
v -0.084566 1.165624 0.271336
v -0.091162 1.162662 0.275523
v -0.091774 1.164568 0.276376
v -0.092124 1.162802 0.275453
v -0.092302 1.163102 0.275278
v -0.092372 1.164505 0.275722
v -0.092466 1.163257 0.274844
v -0.092741 1.165553 0.274518
v -0.085418 1.159908 0.273710
v -0.084988 1.160500 0.274030
v -0.084906 1.158588 0.272527
v -0.084743 1.160068 0.273409
v -0.084695 1.161368 0.274051
v -0.084695 1.158813 0.272116
v -0.084586 1.159682 0.271397
v -0.084574 1.159429 0.269459
v -0.091912 1.158904 0.272906
v -0.092048 1.157715 0.271812
v -0.092029 1.160712 0.274232
v -0.092249 1.159817 0.273312
v -0.092330 1.158916 0.272360
v -0.092372 1.160775 0.273636
v -0.092458 1.159254 0.272164
v -0.092497 1.160315 0.272876
v -0.092737 1.162035 0.272683
v -0.092640 1.161370 0.272780
v -0.085421 1.156659 0.270766
v -0.085036 1.155506 0.269289
v -0.084838 1.156644 0.270546
v -0.084698 1.157193 0.270557
v -0.084697 1.154957 0.267772
v -0.084620 1.157222 0.269847
v -0.084598 1.157869 0.269983
v -0.084590 1.157280 0.269252
v -0.091603 1.156016 0.270050
v -0.092010 1.155241 0.269011
v -0.092303 1.156400 0.269916
v -0.092372 1.157523 0.270862
v -0.092467 1.156719 0.269585
v -0.092501 1.158136 0.270912
v -0.092822 1.159847 0.270457
v -0.092640 1.158274 0.270138
v -0.085373 1.154398 0.267817
v -0.084838 1.154078 0.267030
v -0.085035 1.153207 0.265580
v -0.084716 1.154788 0.267562
v -0.084582 1.156250 0.266636
v -0.084579 1.154927 0.263977
v -0.084575 1.155930 0.264819
v -0.092058 1.153282 0.265758
v -0.092080 1.154424 0.267721
v -0.092248 1.154111 0.266842
v -0.092330 1.153647 0.265621
v -0.092372 1.154874 0.267507
v -0.092460 1.154036 0.265561
v -0.092495 1.154741 0.266643
v -0.092535 1.154787 0.266327
v -0.092727 1.155242 0.265274
v -0.092640 1.155752 0.266944
v -0.085370 1.152403 0.263908
v -0.084837 1.152249 0.263093
v -0.085037 1.151671 0.261481
v -0.084699 1.152115 0.261312
v -0.084650 1.152832 0.262821
v -0.084579 1.153671 0.260246
v -0.084575 1.154491 0.261269
v -0.084568 1.156002 0.260665
v -0.092059 1.151714 0.261682
v -0.092132 1.152231 0.263199
v -0.092208 1.152059 0.262315
v -0.092299 1.152247 0.262398
v -0.092372 1.152932 0.263699
v -0.092504 1.152762 0.262017
v -0.092500 1.153478 0.263987
v -0.092742 1.154524 0.263577
v -0.085371 1.151210 0.259687
v -0.084837 1.151217 0.258851
v -0.084770 1.151340 0.259027
v -0.084699 1.151435 0.257075
v -0.084650 1.151842 0.258707
v -0.084579 1.153168 0.256347
v -0.084575 1.153770 0.257505
v -0.092084 1.151001 0.257608
v -0.092079 1.151271 0.259614
v -0.092297 1.151514 0.259212
v -0.092547 1.152491 0.260298
v -0.092739 1.153342 0.259792
v -0.092640 1.152795 0.259402
v -0.084926 1.150928 0.256177
v -0.084847 1.151179 0.252939
v -0.084769 1.151121 0.254697
v -0.084699 1.151590 0.252806
v -0.084578 1.153538 0.252207
v -0.084575 1.153801 0.253675
v -0.084568 1.155428 0.253697
v -0.092059 1.151077 0.253004
v -0.092028 1.150900 0.255612
v -0.092253 1.151157 0.255320
v -0.092344 1.151380 0.254340
v -0.092426 1.151887 0.251651
v -0.092535 1.151970 0.254827
v -0.092728 1.152978 0.253678
v -0.092640 1.152474 0.255345
v -0.084963 1.151707 0.249903
v -0.084812 1.151783 0.249996
v -0.084720 1.151699 0.251575
v -0.084663 1.152414 0.249729
v -0.084576 1.154625 0.248680
v -0.091599 1.151459 0.250425
v -0.092066 1.152021 0.248794
v -0.092079 1.151460 0.250913
v -0.092331 1.152396 0.248888
v -0.092313 1.151849 0.250737
v -0.092504 1.152721 0.249595
v -0.092501 1.152227 0.251626
v -0.092741 1.153315 0.251874
v -0.085208 1.153729 0.244741
v -0.084827 1.153344 0.245828
v -0.084656 1.153795 0.246317
v -0.084631 1.155043 0.244362
v -0.084578 1.155322 0.247274
v -0.084570 1.157379 0.246476
v -0.091877 1.153175 0.245849
v -0.092372 1.153249 0.247014
v -0.092458 1.154391 0.245239
v -0.092546 1.153453 0.248007
v -0.092738 1.154432 0.248062
v -0.092640 1.154205 0.247432
v -0.084964 1.155903 0.241682
v -0.084812 1.155605 0.242235
v -0.084635 1.156714 0.242048
v -0.084582 1.156666 0.244222
v -0.084588 1.157728 0.241985
v -0.084570 1.159491 0.243562
v -0.091844 1.155035 0.242723
v -0.092064 1.156078 0.241449
v -0.092298 1.155423 0.242838
v -0.092372 1.155335 0.243284
v -0.092467 1.156436 0.242239
v -0.092501 1.155408 0.243891
v -0.092823 1.156186 0.245485
v -0.092640 1.156191 0.243880
v -0.085448 1.157799 0.239526
v -0.084988 1.157776 0.239686
v -0.085140 1.160726 0.237186
v -0.084821 1.158633 0.238996
v -0.084679 1.158167 0.240092
v -0.084695 1.159981 0.238407
v -0.084650 1.159075 0.239492
v -0.084593 1.160685 0.239062
v -0.084574 1.162464 0.239530
v -0.091814 1.157079 0.240250
v -0.092125 1.159010 0.238562
v -0.092304 1.159049 0.238916
v -0.092372 1.158109 0.240032
v -0.092535 1.158846 0.240060
v -0.092731 1.160390 0.239966
v -0.092640 1.158832 0.240783
v -0.085037 1.163398 0.235713
v -0.084837 1.161934 0.236592
v -0.084716 1.161409 0.237297
v -0.084680 1.162879 0.236602
v -0.084649 1.162497 0.237055
v -0.084589 1.163537 0.237344
v -0.092049 1.163715 0.235523
v -0.092080 1.161249 0.236934
v -0.092250 1.162129 0.236624
v -0.092329 1.163347 0.236155
v -0.092372 1.161464 0.237384
v -0.092503 1.163081 0.236886
v -0.092457 1.160268 0.238476
v -0.092741 1.161883 0.238925
v -0.085408 1.165703 0.234677
v -0.084838 1.165893 0.234753
v -0.085037 1.167489 0.234181
v -0.084716 1.165234 0.235345
v -0.084679 1.166288 0.235135
v -0.084582 1.165857 0.236960
v -0.084579 1.168726 0.236180
v -0.084575 1.167704 0.236999
v -0.091953 1.166629 0.234399
v -0.092145 1.165671 0.234808
v -0.092288 1.166737 0.234674
v -0.092372 1.165271 0.235441
v -0.092546 1.164718 0.236284
v -0.092508 1.166508 0.235440
v -0.092741 1.165388 0.237033
v -0.085403 1.169955 0.233614
v -0.084837 1.170112 0.233728
v -0.085110 1.172525 0.233407
v -0.084769 1.169951 0.233849
v -0.084699 1.171905 0.233941
v -0.084651 1.170252 0.234351
v -0.084579 1.172627 0.235678
v -0.084575 1.171464 0.236282
v -0.084568 1.171762 0.237881
v -0.091663 1.170368 0.233533
v -0.085735 1.174621 0.233366
v -0.084837 1.174473 0.233543
v -0.084769 1.174287 0.233630
v -0.084698 1.176167 0.234104
v -0.084650 1.174496 0.234183
v -0.084579 1.176555 0.235946
v -0.084575 1.175298 0.236311
v -0.091521 1.175183 0.233430
v -0.084925 1.177161 0.233782
v -0.084847 1.180290 0.234662
v -0.084769 1.178578 0.234261
v -0.084699 1.180335 0.235090
v -0.084579 1.180352 0.236974
v -0.084575 1.179047 0.237086
v -0.084568 1.178710 0.238678
v -0.092082 1.180017 0.234488
v -0.092156 1.177691 0.233922
v -0.092262 1.180054 0.234739
v -0.092314 1.178237 0.234361
v -0.092452 1.179875 0.235200
v -0.092490 1.178589 0.234949
v -0.092669 1.179719 0.236149
v -0.084877 1.183689 0.236033
v -0.084802 1.182820 0.235713
v -0.084720 1.181507 0.235430
v -0.084663 1.183197 0.236499
v -0.084579 1.183875 0.238723
v -0.084575 1.182574 0.238580
v -0.084566 1.180838 0.240144
v -0.092082 1.184043 0.236227
v -0.092021 1.182911 0.235592
v -0.092372 1.182551 0.235984
v -0.092522 1.183385 0.236971
v -0.092739 1.180899 0.236944
v -0.092640 1.181539 0.236714
v -0.084805 1.186698 0.238094
v -0.084847 1.187811 0.238962
v -0.084743 1.186392 0.238072
v -0.084679 1.185639 0.237913
v -0.084695 1.187643 0.239358
v -0.084586 1.186782 0.240086
v -0.084574 1.187033 0.242022
v -0.092082 1.187628 0.238699
v -0.092115 1.185697 0.237243
v -0.092329 1.186620 0.238373
v -0.092484 1.185488 0.238129
v -0.092539 1.186208 0.238914
v -0.092741 1.184432 0.238827
v -0.084866 1.189585 0.240665
v -0.084781 1.190455 0.241795
v -0.084905 1.190865 0.242128
v -0.084698 1.189255 0.240908
v -0.084710 1.191019 0.242957
v -0.084620 1.189245 0.241642
v -0.084598 1.188596 0.241501
v -0.084590 1.189173 0.242217
v -0.091948 1.190166 0.241139
v -0.091665 1.188170 0.239030
v -0.092131 1.190466 0.241603
v -0.092159 1.188907 0.239957
v -0.092253 1.189136 0.240429
v -0.092266 1.190195 0.241608
v -0.092484 1.188689 0.240859
v -0.092522 1.189800 0.242295
v -0.092742 1.187510 0.241339
v -0.085422 1.192418 0.244239
v -0.084988 1.191992 0.243714
v -0.084792 1.192597 0.244899
v -0.084909 1.193195 0.245851
v -0.084678 1.192085 0.244921
v -0.084582 1.190211 0.244844
v -0.084579 1.191536 0.247506
v -0.084575 1.190531 0.246661
v -0.091497 1.193120 0.245422
v -0.092131 1.192892 0.245237
v -0.092116 1.191980 0.243721
v -0.092366 1.192120 0.244765
v -0.092484 1.191295 0.244161
v -0.092540 1.191660 0.245171
v -0.092740 1.190058 0.244400
v -0.084837 1.194219 0.248405
v -0.084716 1.193626 0.247743
v -0.084699 1.194346 0.250176
v -0.084650 1.193628 0.248664
v -0.084579 1.192789 0.251234
v -0.084575 1.191973 0.250215
v -0.084568 1.190461 0.250818
v -0.092082 1.194674 0.249586
v -0.092030 1.193910 0.247311
v -0.092326 1.194020 0.248742
v -0.092484 1.193207 0.247907
v -0.092521 1.193682 0.249640
v -0.092740 1.191936 0.247882
v -0.084916 1.195496 0.255057
v -0.084807 1.195256 0.252960
v -0.084720 1.194716 0.251348
v -0.084699 1.195027 0.254407
v -0.084650 1.194616 0.252763
v -0.084579 1.193293 0.255137
v -0.084575 1.192689 0.253972
v -0.092082 1.195463 0.253891
v -0.092022 1.195363 0.252602
v -0.092366 1.194881 0.252824
v -0.092484 1.194351 0.251955
v -0.092540 1.194302 0.253028
v -0.092741 1.193108 0.251689
v -0.084915 1.195203 0.259428
v -0.084720 1.195161 0.255623
v -0.084699 1.194867 0.258687
v -0.084650 1.194783 0.257006
v -0.084579 1.193025 0.259063
v -0.084575 1.192662 0.257807
v -0.084568 1.191033 0.257786
v -0.092082 1.195397 0.258263
v -0.092136 1.195512 0.255882
v -0.092263 1.195157 0.258339
v -0.092314 1.195175 0.256479
v -0.092459 1.194648 0.258238
v -0.092444 1.194815 0.256751
v -0.092536 1.194447 0.257189
v -0.092740 1.193523 0.255652
v -0.085418 1.194930 0.261171
v -0.085037 1.194351 0.262933
v -0.084822 1.194676 0.261536
v -0.084789 1.194551 0.261774
v -0.084720 1.194763 0.259896
v -0.084699 1.193875 0.262864
v -0.084579 1.191997 0.262858
v -0.084575 1.191885 0.261557
v -0.092034 1.194504 0.262555
v -0.092249 1.194598 0.261416
v -0.092330 1.194067 0.262593
v -0.092372 1.194531 0.260400
v -0.092459 1.193751 0.262367
v -0.092547 1.194134 0.259482
v -0.092737 1.193170 0.259610
v -0.092640 1.193512 0.260177
v -0.085159 1.193655 0.264819
v -0.084852 1.192487 0.266849
v -0.084855 1.192908 0.266146
v -0.084766 1.193222 0.265232
v -0.084663 1.192470 0.265699
v -0.084579 1.190246 0.266386
v -0.084575 1.190389 0.265087
v -0.084568 1.188896 0.264442
v -0.092062 1.192197 0.267577
v -0.092132 1.193353 0.265316
v -0.092209 1.192849 0.266065
v -0.092302 1.192774 0.265859
v -0.092372 1.193213 0.264466
v -0.092428 1.191376 0.267689
v -0.092501 1.193022 0.263881
v -0.092740 1.192020 0.263416
v -0.092640 1.192257 0.264048
v -0.084838 1.190996 0.269107
v -0.084743 1.190895 0.268909
v -0.084682 1.191371 0.267725
v -0.084695 1.189610 0.270151
v -0.084586 1.188891 0.269287
v -0.084574 1.186951 0.269540
v -0.091709 1.192499 0.267173
v -0.092092 1.190880 0.269403
v -0.092256 1.191039 0.268814
v -0.092458 1.189656 0.269715
v -0.092500 1.191069 0.267574
v -0.092823 1.190273 0.265997
v -0.092640 1.190270 0.267600
v -0.084837 1.188043 0.272319
v -0.084915 1.186163 0.273883
v -0.084699 1.188053 0.271774
v -0.084695 1.186483 0.273073
v -0.084620 1.187326 0.271755
v -0.084598 1.187468 0.271107
v -0.084590 1.186740 0.271691
v -0.092082 1.187128 0.273191
v -0.092091 1.189265 0.271248
v -0.092372 1.188352 0.271448
v -0.092459 1.186616 0.272649
v -0.092496 1.187528 0.271744
v -0.092737 1.187667 0.270023
v -0.092640 1.187629 0.270697
v -0.085037 1.183063 0.275768
v -0.084821 1.184286 0.275007
v -0.084679 1.184046 0.274600
v -0.084582 1.184127 0.272720
v -0.084575 1.181401 0.273795
v -0.084578 1.183044 0.272839
v -0.084566 1.180707 0.271528
v -0.092015 1.184576 0.275007
v -0.092330 1.183164 0.275297
v -0.092297 1.184750 0.274477
v -0.092543 1.183670 0.274300
v -0.092536 1.183807 0.274184
v -0.092640 1.184435 0.273218
v -0.085331 1.180882 0.276746
v -0.084838 1.180571 0.276727
v -0.084988 1.179293 0.277184
v -0.084686 1.180380 0.276317
v -0.084716 1.179190 0.276820
v -0.084598 1.180153 0.275562
v -0.084582 1.180605 0.274520
v -0.084575 1.178758 0.274481
v -0.091960 1.181881 0.276427
v -0.092108 1.180161 0.276940
v -0.092253 1.181290 0.276294
v -0.092300 1.178704 0.277034
v -0.092314 1.178716 0.277033
v -0.092411 1.180610 0.276151
v -0.092520 1.179963 0.275986
v -0.092606 1.180236 0.275502
v -0.092798 1.182732 0.273438
v -0.084554 1.173231 0.255740
v -0.084562 1.161271 0.264556
v -0.084557 1.163954 0.252222
v -0.084563 1.159277 0.249337
v -0.084562 1.166916 0.242291
v -0.084557 1.176750 0.246463
v -0.084562 1.185189 0.246920
v -0.084557 1.182508 0.259259
v -0.084562 1.182047 0.267700
v -0.084557 1.169710 0.265016
v -0.094075 1.176756 0.247795
v -0.093911 1.176756 0.266217
v -0.093940 1.176756 0.265838
v -0.094271 1.176756 0.253900
v -0.094270 1.176756 0.253717
v -0.094118 1.176756 0.248639
v -0.094272 1.176756 0.253946
v -0.094010 1.176756 0.264731
v -0.094270 1.176756 0.253691
v -0.094269 1.176756 0.253477
v -0.094157 1.176756 0.249436
v -0.093753 1.176756 0.268210
v -0.093483 1.176756 0.270935
v -0.094175 1.176756 0.249821
v -0.093773 1.176756 0.268000
v -0.094266 1.176756 0.253228
v -0.092940 1.168561 0.274332
v -0.094268 1.176756 0.253411
v -0.093145 1.168561 0.273078
v -0.094075 1.176756 0.263685
v -0.094269 1.176756 0.253471
v -0.093158 1.168561 0.272985
v -0.094081 1.176756 0.263576
v -0.093364 1.168561 0.271527
v -0.094273 1.176756 0.254094
v -0.093773 1.176756 0.243483
v -0.094273 1.176756 0.254154
v -0.093881 1.176756 0.244867
v -0.092767 1.168561 0.275294
v -0.094256 1.168561 0.255421
v -0.094255 1.168561 0.255189
v -0.094256 1.168561 0.255653
v -0.093458 1.176756 0.271043
v -0.093528 1.168561 0.270143
v -0.093579 1.176756 0.241450
v -0.091801 1.172781 0.278119
v -0.093940 1.176756 0.245643
v -0.094190 1.176756 0.261240
v -0.094175 1.176756 0.261659
v -0.093991 1.176756 0.246448
v -0.093579 1.168561 0.269700
v -0.094209 1.176756 0.260687
v -0.094257 1.168561 0.255881
v -0.091801 1.170081 0.277874
v -0.094067 1.176756 0.247667
v -0.094266 1.176756 0.258191
v -0.094268 1.176756 0.258075
v -0.094163 1.168561 0.250386
v -0.094175 1.168561 0.250675
v -0.094269 1.176756 0.257945
v -0.094255 1.168561 0.254956
v -0.094139 1.168561 0.249824
v -0.094111 1.168561 0.249186
v -0.094274 1.176756 0.254658
v -0.094274 1.176756 0.254554
v -0.094257 1.176756 0.258749
v -0.094252 1.176756 0.259060
v -0.094275 1.176756 0.254750
v -0.094175 1.168561 0.260806
v -0.094274 1.176756 0.254467
v -0.094178 1.168561 0.260700
v -0.094274 1.176756 0.254352
v -0.091801 1.168561 0.277598
v -0.094274 1.176756 0.254276
v -0.092428 1.168561 0.234611
v -0.092096 1.168561 0.277537
v -0.094276 1.176756 0.254832
v -0.094276 1.176756 0.254928
v -0.093861 1.168561 0.266434
v -0.094252 1.168561 0.254475
v -0.093940 1.168561 0.265363
v -0.094250 1.168561 0.254225
v -0.093953 1.168561 0.265147
v -0.092352 1.168561 0.277088
v -0.094253 1.168561 0.254720
v -0.094029 1.168561 0.247602
v -0.094016 1.168561 0.264091
v -0.094238 1.176756 0.259782
v -0.094237 1.176756 0.259837
v -0.092372 1.168561 0.277038
v -0.093969 1.168561 0.246589
v -0.094245 1.176756 0.259401
v -0.092550 1.168561 0.235077
v -0.094075 1.168561 0.248409
v -0.093261 1.168561 0.239220
v -0.093364 1.168561 0.239952
v -0.092253 1.168561 0.277317
v -0.092631 1.168561 0.235468
v -0.094225 1.176756 0.260207
v -0.092767 1.168561 0.236184
v -0.093773 1.168561 0.267609
v -0.092940 1.168561 0.237148
v -0.094078 1.168561 0.248455
v -0.094214 1.168561 0.259426
v -0.091801 1.174752 0.233438
v -0.094223 1.168561 0.259068
v -0.091801 1.175844 0.233540
v -0.094204 1.168561 0.259814
v -0.094248 1.168561 0.253968
v -0.093940 1.168561 0.246119
v -0.092428 1.168561 0.276872
v -0.093579 1.168561 0.241778
v -0.094068 1.168561 0.263206
v -0.093885 1.168561 0.245360
v -0.094276 1.176756 0.255356
v -0.094276 1.176756 0.255285
v -0.094192 1.168561 0.260236
v -0.091801 1.172559 0.233397
v -0.093145 1.168561 0.238406
v -0.094277 1.176756 0.255468
v -0.092484 1.168561 0.276680
v -0.094276 1.176756 0.255169
v -0.094276 1.176756 0.255101
v -0.092550 1.168561 0.276402
v -0.092038 1.176756 0.233708
v -0.092193 1.176756 0.233840
v -0.094277 1.176756 0.254991
v -0.094164 1.176756 0.261884
v -0.091801 1.176756 0.233670
v -0.094127 1.176756 0.262648
v -0.094277 1.176756 0.255523
v -0.094185 1.176756 0.250104
v -0.094278 1.176756 0.255634
v -0.094242 1.168561 0.253422
v -0.092253 1.176756 0.233949
v -0.094238 1.168561 0.253128
v -0.094237 1.168561 0.258420
v -0.094245 1.168561 0.253702
v -0.093579 1.168561 0.241779
v -0.094241 1.168561 0.258122
v -0.094237 1.168561 0.258461
v -0.092372 1.176756 0.234225
v -0.093770 1.168561 0.243830
v -0.094233 1.168561 0.252819
v -0.094237 1.168561 0.253015
v -0.092428 1.176756 0.234388
v -0.093773 1.168561 0.243868
v -0.092313 1.176756 0.234078
v -0.093360 1.176756 0.239625
v -0.093364 1.176756 0.239654
v -0.094231 1.168561 0.258734
v -0.092767 1.176756 0.235946
v -0.092940 1.176756 0.236898
v -0.094075 1.168561 0.263070
v -0.092484 1.176756 0.234576
v -0.093145 1.176756 0.238138
v -0.094104 1.168561 0.262449
v -0.094276 1.176756 0.256049
v -0.094276 1.176756 0.255981
v -0.094277 1.176756 0.256162
v -0.094133 1.168561 0.261793
v -0.094277 1.176756 0.255857
v -0.094277 1.176756 0.255800
v -0.094244 1.168561 0.257841
v -0.094158 1.168561 0.261215
v -0.094236 1.176756 0.251608
v -0.092523 1.176756 0.234735
v -0.094237 1.176756 0.251640
v -0.094278 1.176756 0.255677
v -0.094221 1.176756 0.251171
v -0.094205 1.176756 0.250675
v -0.094277 1.176756 0.256223
v -0.094277 1.176756 0.256332
v -0.094206 1.168561 0.251756
v -0.094195 1.168561 0.251343
v -0.094216 1.168561 0.252137
v -0.094244 1.176756 0.251996
v -0.091801 1.175811 0.277951
v -0.094249 1.168561 0.257311
v -0.094225 1.168561 0.252490
v -0.092550 1.176756 0.234849
v -0.092640 1.168561 0.235511
v -0.091801 1.176756 0.277807
v -0.094251 1.168561 0.257059
v -0.094247 1.168561 0.257572
v -0.092640 1.176756 0.235283
v -0.091801 1.170372 0.233570
v -0.091801 1.171463 0.233457
v -0.092253 1.176756 0.277528
v -0.092437 1.176757 0.277088
v -0.091801 1.169288 0.233737
v -0.092767 1.176756 0.275537
v -0.092790 1.176756 0.275411
v -0.092484 1.176756 0.276900
v -0.092940 1.176756 0.274585
v -0.094275 1.176756 0.256796
v -0.094275 1.176756 0.256695
v -0.091801 1.168561 0.233886
v -0.092640 1.176756 0.276196
v -0.094275 1.176756 0.256889
v -0.093145 1.176756 0.273342
v -0.092111 1.168561 0.233945
v -0.094276 1.176756 0.256586
v -0.094276 1.176756 0.256505
v -0.094253 1.168561 0.256816
v -0.093364 1.176756 0.271823
v -0.094256 1.176756 0.252665
v -0.092293 1.176756 0.277454
v -0.094261 1.176756 0.252960
v -0.094277 1.176756 0.256389
v -0.094250 1.176756 0.252345
v -0.094271 1.176756 0.257678
v -0.094271 1.176756 0.257490
v -0.094255 1.168561 0.256342
v -0.094274 1.176756 0.256994
v -0.094271 1.176756 0.257716
v -0.094272 1.176756 0.257431
v -0.094273 1.176756 0.257274
v -0.094274 1.176756 0.257078
v -0.094262 1.176756 0.258460
v -0.094254 1.168561 0.256578
v -0.094274 1.176756 0.257195
v -0.094181 1.168561 0.250889
v -0.094256 1.168561 0.256109
v -0.094269 1.176756 0.257929
v 0.071640 1.179322 0.277317
v 0.071190 1.178210 0.277354
v 0.073779 1.178209 0.277352
v 0.071171 1.172882 0.277816
v 0.071171 1.169579 0.277499
v 0.071484 1.165721 0.276831
v 0.071171 1.164466 0.276005
v 0.073324 1.165284 0.276686
v 0.071555 1.161818 0.275039
v 0.071171 1.160675 0.273901
v 0.071171 1.157370 0.271099
v 0.073421 1.157472 0.271667
v 0.071171 1.154679 0.267710
v 0.073178 1.154690 0.268356
v 0.071558 1.152789 0.264922
v 0.071171 1.152704 0.263872
v 0.071171 1.151510 0.259699
v 0.071719 1.150812 0.255836
v 0.071171 1.151154 0.255404
v 0.071171 1.151472 0.252088
v 0.072926 1.151352 0.250677
v 0.071486 1.152132 0.248248
v 0.071171 1.152966 0.246976
v 0.071564 1.154240 0.243842
v 0.071171 1.155067 0.243188
v 0.071171 1.157869 0.239881
v 0.071171 1.161264 0.237186
v 0.071171 1.165101 0.235213
v 0.073749 1.165302 0.234909
v 0.071684 1.167666 0.234027
v 0.071171 1.168278 0.234240
v 0.071799 1.171889 0.233328
v 0.071171 1.172567 0.233687
v 0.073779 1.172567 0.233571
v 0.071171 1.177873 0.234155
v 0.073324 1.176939 0.233646
v 0.071171 1.181998 0.235477
v 0.073144 1.181647 0.234947
v 0.071171 1.184932 0.237035
v 0.071683 1.188186 0.239045
v 0.071171 1.189082 0.240371
v 0.071361 1.190882 0.241993
v 0.071171 1.191199 0.242936
v 0.071684 1.193443 0.246051
v 0.071171 1.193352 0.246688
v 0.071163 1.194640 0.250613
v 0.071683 1.195612 0.254520
v 0.071171 1.195284 0.255077
v 0.071361 1.195433 0.258499
v 0.071171 1.194990 0.259392
v 0.073214 1.193807 0.264664
v 0.073556 1.192109 0.267780
v 0.073778 1.188708 0.271661
v 0.071171 1.186034 0.273708
v 0.073751 1.181400 0.276477
v 0.071281 1.177460 0.277651
v 0.071480 1.177619 0.277726
v 0.071438 1.175036 0.278052
v 0.071245 1.175138 0.277964
v 0.071168 1.177477 0.277374
v 0.071134 1.178992 0.276602
v 0.071118 1.175952 0.276840
v 0.071117 1.177501 0.276589
v 0.071102 1.177737 0.275298
v 0.071102 1.173833 0.275802
v 0.071094 1.176873 0.269184
v 0.073638 1.174843 0.278041
v 0.073517 1.177166 0.277782
v 0.073787 1.176341 0.277677
v 0.073798 1.174975 0.277734
v 0.073859 1.173182 0.276707
v 0.073859 1.177936 0.276164
v 0.073873 1.173547 0.270367
v 0.071331 1.170708 0.277959
v 0.071106 1.171319 0.276547
v 0.071110 1.173567 0.276785
v 0.071094 1.172816 0.269800
v 0.073663 1.170479 0.277909
v 0.073562 1.172165 0.278085
v 0.073378 1.173688 0.278149
v 0.073786 1.171721 0.277846
v 0.073870 1.170108 0.274345
v 0.073861 1.169779 0.276330
v 0.071408 1.166935 0.277206
v 0.071245 1.166489 0.277001
v 0.071168 1.168094 0.277179
v 0.071109 1.167566 0.275935
v 0.071111 1.168658 0.276325
v 0.071096 1.170015 0.271348
v 0.073593 1.165862 0.276877
v 0.073559 1.167833 0.277449
v 0.073455 1.168931 0.277721
v 0.073786 1.167442 0.277128
v 0.073867 1.166157 0.274385
v 0.073854 1.166699 0.275941
v 0.073873 1.167926 0.269375
v 0.072100 1.164031 0.276224
v 0.071153 1.162015 0.274542
v 0.071109 1.163735 0.274440
v 0.071111 1.164726 0.275036
v 0.071094 1.168789 0.268942
v 0.071096 1.167032 0.270421
v 0.073259 1.161897 0.275081
v 0.073677 1.163275 0.275746
v 0.073296 1.163648 0.276005
v 0.073786 1.163378 0.275587
v 0.073867 1.162657 0.272646
v 0.073854 1.162886 0.274280
v 0.071406 1.159202 0.273164
v 0.071593 1.158314 0.272473
v 0.071109 1.160279 0.272239
v 0.071111 1.161119 0.273001
v 0.071094 1.165075 0.267199
v 0.071098 1.161871 0.269729
v 0.073661 1.158620 0.272639
v 0.073682 1.160124 0.273838
v 0.073525 1.160793 0.274345
v 0.073786 1.159699 0.273285
v 0.073867 1.159559 0.270256
v 0.073854 1.159461 0.271901
v 0.073873 1.163112 0.266305
v 0.071405 1.156075 0.270094
v 0.071109 1.157307 0.269390
v 0.071111 1.157987 0.270308
v 0.071094 1.162995 0.265388
v 0.071098 1.159361 0.267243
v 0.073562 1.156691 0.270801
v 0.073786 1.156536 0.270310
v 0.073867 1.156989 0.267311
v 0.073854 1.156571 0.268901
v 0.071405 1.153607 0.266477
v 0.071109 1.154941 0.266006
v 0.071111 1.155440 0.267062
v 0.071094 1.161310 0.263206
v 0.071098 1.157383 0.264317
v 0.073606 1.152867 0.265042
v 0.073682 1.154199 0.267450
v 0.073343 1.153959 0.267274
v 0.073787 1.154011 0.266765
v 0.073867 1.155045 0.263922
v 0.073854 1.154329 0.265412
v 0.073873 1.159839 0.261629
v 0.071406 1.151887 0.262437
v 0.071443 1.151584 0.261422
v 0.071245 1.151807 0.261948
v 0.071109 1.153292 0.262251
v 0.071111 1.153576 0.263372
v 0.071094 1.160082 0.260737
v 0.071098 1.156014 0.261059
v 0.073562 1.152176 0.263295
v 0.073525 1.152555 0.264306
v 0.073786 1.152228 0.262801
v 0.073867 1.153799 0.260216
v 0.073854 1.152805 0.261536
v 0.071441 1.150919 0.257552
v 0.071245 1.151007 0.257645
v 0.071109 1.152407 0.258249
v 0.071111 1.152460 0.259375
v 0.071094 1.159361 0.258076
v 0.071098 1.155307 0.257600
v 0.073673 1.150990 0.257863
v 0.073145 1.150808 0.256587
v 0.073288 1.151056 0.259031
v 0.073867 1.153299 0.256342
v 0.073854 1.152069 0.257439
v 0.073873 1.158604 0.256056
v 0.071354 1.150926 0.253771
v 0.071109 1.152319 0.254125
v 0.071111 1.152150 0.255264
v 0.071094 1.159171 0.255325
v 0.071098 1.155289 0.254067
v 0.073592 1.151053 0.252695
v 0.073503 1.150839 0.255236
v 0.073786 1.151124 0.254236
v 0.073867 1.153565 0.252438
v 0.073854 1.152142 0.253290
v 0.071194 1.152485 0.247869
v 0.071167 1.151792 0.250606
v 0.071109 1.153034 0.250080
v 0.071111 1.152651 0.251148
v 0.071094 1.159522 0.252590
v 0.071098 1.155961 0.250596
v 0.073394 1.152061 0.248375
v 0.073683 1.151686 0.249760
v 0.073786 1.151843 0.249950
v 0.073867 1.154587 0.248664
v 0.073854 1.153032 0.249201
v 0.073873 1.159596 0.250436
v 0.071408 1.153405 0.245379
v 0.071109 1.154528 0.246244
v 0.071111 1.153937 0.247227
v 0.071094 1.160400 0.249975
v 0.071098 1.157295 0.247328
v 0.073677 1.153226 0.245783
v 0.073463 1.153156 0.245782
v 0.073786 1.153385 0.245885
v 0.073867 1.156325 0.245165
v 0.073854 1.154691 0.245394
v 0.071406 1.155803 0.241716
v 0.071696 1.157205 0.240017
v 0.071109 1.156741 0.242777
v 0.071111 1.155969 0.243628
v 0.071094 1.161772 0.247585
v 0.071098 1.159242 0.244381
v 0.073681 1.155132 0.242634
v 0.073524 1.154625 0.243303
v 0.073786 1.155689 0.242202
v 0.073859 1.158439 0.240881
v 0.073873 1.162664 0.245622
v 0.071404 1.158883 0.238579
v 0.071109 1.159600 0.239799
v 0.071111 1.158664 0.240491
v 0.071094 1.163583 0.245506
v 0.071098 1.161727 0.241870
v 0.073666 1.161064 0.237005
v 0.073324 1.159351 0.238156
v 0.073719 1.158708 0.238794
v 0.073080 1.158810 0.238512
v 0.073870 1.162283 0.240376
v 0.073861 1.161113 0.238738
v 0.071407 1.162492 0.236117
v 0.071441 1.163448 0.235612
v 0.071109 1.162957 0.237455
v 0.071111 1.161919 0.237944
v 0.071094 1.165765 0.243818
v 0.071098 1.164654 0.239893
v 0.073668 1.162366 0.236218
v 0.073475 1.162080 0.236304
v 0.073802 1.163045 0.236185
v 0.073840 1.164406 0.236125
v 0.073867 1.165051 0.237553
v 0.073854 1.163558 0.236841
v 0.073873 1.167341 0.242348
v 0.071644 1.165053 0.234884
v 0.071109 1.166707 0.235807
v 0.071111 1.165597 0.236085
v 0.071094 1.168234 0.242592
v 0.071098 1.167912 0.238523
v 0.073407 1.168195 0.233899
v 0.073668 1.166384 0.234472
v 0.072972 1.164649 0.234977
v 0.073812 1.165903 0.235037
v 0.073859 1.168526 0.235316
v 0.071667 1.169872 0.233578
v 0.071167 1.169793 0.233965
v 0.071109 1.170743 0.234913
v 0.071111 1.169584 0.234970
v 0.071094 1.170896 0.241868
v 0.071098 1.171371 0.237816
v 0.073388 1.172372 0.233341
v 0.073564 1.169912 0.233619
v 0.073809 1.169922 0.234000
v 0.073798 1.171486 0.233746
v 0.073859 1.173281 0.234773
v 0.073873 1.172914 0.241113
v 0.071865 1.175127 0.233356
v 0.071303 1.174436 0.233430
v 0.071194 1.176903 0.233857
v 0.071167 1.174102 0.233713
v 0.071109 1.174854 0.234829
v 0.071111 1.173697 0.234658
v 0.071094 1.173646 0.241680
v 0.071098 1.174904 0.237798
v 0.073651 1.176180 0.233590
v 0.073634 1.173078 0.233357
v 0.073802 1.174916 0.233758
v 0.073870 1.176353 0.237135
v 0.073861 1.176684 0.235150
v 0.071438 1.180094 0.234433
v 0.071109 1.178888 0.235543
v 0.071111 1.177801 0.235154
v 0.071094 1.176381 0.242031
v 0.071098 1.178372 0.238469
v 0.073713 1.181136 0.234905
v 0.073523 1.178463 0.233980
v 0.073867 1.180305 0.237095
v 0.073854 1.179765 0.235539
v 0.073873 1.178536 0.242107
v 0.071322 1.182231 0.235289
v 0.071330 1.184070 0.236181
v 0.071109 1.182734 0.237043
v 0.071111 1.181729 0.236441
v 0.071094 1.178994 0.242910
v 0.071098 1.181644 0.239805
v 0.073689 1.184379 0.236410
v 0.073786 1.183086 0.235895
v 0.073859 1.184927 0.238339
v 0.071167 1.186180 0.237898
v 0.071109 1.186177 0.239238
v 0.071111 1.185343 0.238478
v 0.071094 1.181388 0.244281
v 0.071098 1.184591 0.241751
v 0.073601 1.187026 0.238123
v 0.073525 1.185673 0.237138
v 0.073786 1.186763 0.238194
v 0.073870 1.186164 0.242005
v 0.073861 1.187546 0.240542
v 0.073873 1.183349 0.245173
v 0.071109 1.189151 0.242084
v 0.071111 1.188466 0.241164
v 0.071094 1.183466 0.246092
v 0.071098 1.187102 0.244239
v 0.073694 1.190967 0.242208
v 0.073640 1.188905 0.239779
v 0.073786 1.189926 0.241170
v 0.073867 1.189470 0.244168
v 0.073854 1.189890 0.242577
v 0.071644 1.192091 0.243650
v 0.071168 1.192021 0.244209
v 0.071109 1.191513 0.245461
v 0.071111 1.191016 0.244413
v 0.071094 1.185152 0.248274
v 0.071098 1.189079 0.247163
v 0.073684 1.192371 0.244180
v 0.073472 1.192669 0.244593
v 0.073786 1.192447 0.244707
v 0.073867 1.191416 0.247559
v 0.073854 1.192136 0.246080
v 0.073873 1.186623 0.249851
v 0.071591 1.194658 0.249123
v 0.071194 1.194853 0.250759
v 0.071167 1.193916 0.248121
v 0.071109 1.193167 0.249225
v 0.071111 1.192885 0.248101
v 0.071094 1.186379 0.250743
v 0.071098 1.190447 0.250420
v 0.073689 1.194785 0.249965
v 0.073379 1.195036 0.250540
v 0.073681 1.194183 0.247973
v 0.073786 1.194234 0.248678
v 0.073867 1.192663 0.251263
v 0.073854 1.193655 0.249944
v 0.071644 1.195282 0.251788
v 0.071170 1.195036 0.252385
v 0.071153 1.195094 0.254612
v 0.071109 1.194054 0.253240
v 0.071111 1.194000 0.252089
v 0.071094 1.187101 0.253404
v 0.071098 1.191155 0.253881
v 0.073690 1.195496 0.254263
v 0.073619 1.195608 0.255440
v 0.073798 1.195225 0.253995
v 0.073867 1.193164 0.255140
v 0.073854 1.194395 0.254045
v 0.073873 1.187856 0.255423
v 0.071378 1.195628 0.255901
v 0.071167 1.195259 0.256612
v 0.071109 1.194143 0.257347
v 0.071111 1.194311 0.256213
v 0.071094 1.187291 0.256156
v 0.071098 1.191172 0.257414
v 0.073649 1.195144 0.260123
v 0.073669 1.195499 0.257550
v 0.073406 1.195606 0.257131
v 0.073867 1.192896 0.259041
v 0.073854 1.194319 0.258209
v 0.071332 1.194523 0.262575
v 0.071167 1.194662 0.260904
v 0.071109 1.193426 0.261405
v 0.071111 1.193818 0.260310
v 0.071094 1.186939 0.258890
v 0.071098 1.190502 0.260881
v 0.073510 1.194932 0.261245
v 0.073786 1.194619 0.261533
v 0.073867 1.191875 0.262812
v 0.073854 1.193432 0.262275
v 0.073873 1.186865 0.261045
v 0.071688 1.193306 0.265730
v 0.071128 1.191466 0.267147
v 0.071109 1.191940 0.265220
v 0.071111 1.192529 0.264238
v 0.071094 1.186061 0.261504
v 0.071098 1.189166 0.264153
v 0.073859 1.190635 0.267431
v 0.071269 1.190357 0.270094
v 0.071170 1.191016 0.268793
v 0.071168 1.189282 0.270849
v 0.071128 1.188890 0.270485
v 0.071109 1.189723 0.268698
v 0.071111 1.190495 0.267848
v 0.071094 1.184690 0.263896
v 0.071098 1.187220 0.267100
v 0.073561 1.189137 0.271464
v 0.073006 1.189885 0.270796
v 0.073324 1.190968 0.269425
v 0.073785 1.190233 0.269962
v 0.073870 1.186966 0.268673
v 0.073861 1.188432 0.270052
v 0.073873 1.183797 0.265858
v 0.072038 1.188783 0.271934
v 0.071564 1.186915 0.273500
v 0.071432 1.186687 0.273617
v 0.071167 1.188182 0.271940
v 0.071109 1.186874 0.271669
v 0.071111 1.187803 0.270981
v 0.071094 1.182879 0.265975
v 0.071096 1.184422 0.267085
v 0.073281 1.188299 0.272340
v 0.073802 1.187987 0.272138
v 0.073867 1.184803 0.271979
v 0.073854 1.186397 0.272397
v 0.071407 1.183966 0.275366
v 0.071504 1.182983 0.275902
v 0.071246 1.183488 0.275547
v 0.071194 1.184286 0.275009
v 0.071166 1.181996 0.275955
v 0.071109 1.183494 0.274031
v 0.071111 1.184554 0.273530
v 0.071109 1.181830 0.274854
v 0.073393 1.181803 0.276457
v 0.073668 1.184100 0.275260
v 0.073476 1.184365 0.275185
v 0.073802 1.183425 0.275290
v 0.073867 1.181413 0.273926
v 0.073854 1.182906 0.274637
v 0.073873 1.179121 0.269131
v 0.071181 1.180172 0.276781
v 0.071110 1.180021 0.275647
v 0.071130 1.180600 0.276037
v 0.073649 1.180354 0.276945
v 0.073812 1.180562 0.276441
v 0.072484 1.169517 0.277871
v 0.072026 1.165274 0.276712
v 0.072942 1.161335 0.274757
v 0.072027 1.161335 0.274757
v 0.072942 1.152775 0.264943
v 0.072362 1.152210 0.263656
v 0.072484 1.151100 0.252026
v 0.072027 1.151109 0.252027
v 0.072181 1.152879 0.246238
v 0.072863 1.160281 0.237391
v 0.072817 1.164677 0.234993
v 0.072231 1.168193 0.233874
v 0.072430 1.174365 0.233294
v 0.072628 1.185983 0.237250
v 0.072222 1.188628 0.239416
v 0.072209 1.191506 0.242720
v 0.072214 1.195097 0.250703
v 0.072318 1.195441 0.258992
v 0.072897 1.189142 0.271560
v 0.072490 1.185749 0.274378
v 0.072335 1.180572 0.276971
v 0.072484 1.178548 0.277549
v 0.072935 1.177705 0.277759
v 0.072073 1.168240 0.277639
v 0.072541 1.165789 0.276939
v 0.072315 1.161954 0.275148
v 0.072557 1.158863 0.273044
v 0.072124 1.156695 0.270913
v 0.071683 1.155761 0.269844
v 0.072203 1.154327 0.267847
v 0.072214 1.152992 0.265438
v 0.072484 1.151416 0.261189
v 0.072612 1.151322 0.260664
v 0.072252 1.151068 0.259302
v 0.071494 1.150879 0.257748
v 0.072776 1.150820 0.256974
v 0.072907 1.150798 0.254729
v 0.072096 1.150944 0.252942
v 0.071663 1.151431 0.250531
v 0.072511 1.151900 0.248720
v 0.073260 1.152498 0.247216
v 0.072141 1.153998 0.244177
v 0.073172 1.154024 0.244165
v 0.073045 1.155660 0.241738
v 0.072485 1.156695 0.240558
v 0.072942 1.157674 0.239580
v 0.071879 1.159962 0.237652
v 0.071842 1.162555 0.235984
v 0.071813 1.165132 0.234777
v 0.071294 1.166576 0.234382
v 0.072777 1.167641 0.234003
v 0.073009 1.168790 0.233723
v 0.071942 1.170183 0.233495
v 0.072485 1.172258 0.233311
v 0.072726 1.176448 0.233529
v 0.072062 1.178034 0.233808
v 0.072275 1.180068 0.234310
v 0.072507 1.180914 0.234646
v 0.071742 1.183601 0.235827
v 0.073491 1.183520 0.235830
v 0.073092 1.184856 0.236554
v 0.072861 1.187394 0.238287
v 0.071271 1.187380 0.238424
v 0.071729 1.190075 0.240920
v 0.073096 1.189338 0.240128
v 0.073011 1.191171 0.242235
v 0.072290 1.192610 0.244379
v 0.071295 1.192877 0.245040
v 0.073402 1.193660 0.246526
v 0.072150 1.194159 0.247528
v 0.073016 1.194150 0.247611
v 0.072492 1.195111 0.250695
v 0.072974 1.195556 0.253189
v 0.071311 1.195480 0.253301
v 0.072484 1.195660 0.254794
v 0.071945 1.195643 0.257097
v 0.073239 1.195425 0.258908
v 0.073129 1.195015 0.261184
v 0.071812 1.194805 0.261989
v 0.072484 1.194314 0.263449
v 0.073013 1.193447 0.265535
v 0.071807 1.192296 0.267579
v 0.072341 1.191379 0.268952
v 0.072987 1.191286 0.269055
v 0.071639 1.190335 0.270245
v 0.073247 1.187026 0.273427
v 0.071835 1.183898 0.275500
v 0.072730 1.182937 0.275976
v 0.072513 1.171205 0.278124
v 0.072776 1.170014 0.277952
v 0.073876 1.174897 0.262970
v 0.073875 1.182012 0.261232
v 0.073875 1.183323 0.253414
v 0.073875 1.178725 0.246961
v 0.073875 1.170904 0.245647
v 0.073875 1.164450 0.250247
v 0.073875 1.163139 0.258066
v 0.073875 1.167738 0.264520
v 0.071968 1.175315 0.278135
v 0.072159 1.173371 0.278211
v 0.071199 1.176032 0.277785
v 0.071158 1.176097 0.277517
v 0.071153 1.174345 0.277607
v 0.071126 1.175632 0.277088
v 0.071106 1.177119 0.276183
v 0.071098 1.175090 0.273664
v 0.073737 1.176839 0.277739
v 0.073821 1.177200 0.277209
v 0.073833 1.175408 0.277301
v 0.073851 1.175958 0.276857
v 0.073859 1.176517 0.276429
v 0.073863 1.174192 0.276446
v 0.073868 1.175609 0.275188
v 0.073872 1.174625 0.272994
v 0.071225 1.171218 0.277935
v 0.071321 1.172748 0.278079
v 0.071198 1.171675 0.277907
v 0.071155 1.172814 0.277643
v 0.071136 1.172150 0.277394
v 0.071153 1.170067 0.277403
v 0.071123 1.172062 0.277146
v 0.071105 1.173267 0.276494
v 0.071098 1.171558 0.273682
v 0.073741 1.171877 0.277977
v 0.073824 1.172751 0.277531
v 0.073788 1.173743 0.277897
v 0.073834 1.172443 0.277429
v 0.073851 1.171793 0.276984
v 0.073863 1.170188 0.276260
v 0.073870 1.170294 0.274154
v 0.073872 1.171233 0.272934
v 0.071321 1.168389 0.277553
v 0.071199 1.167366 0.277174
v 0.071135 1.167943 0.276764
v 0.071153 1.165908 0.276373
v 0.071123 1.167909 0.276506
v 0.071102 1.166597 0.274679
v 0.071098 1.167661 0.273072
v 0.073741 1.167570 0.277287
v 0.073828 1.168557 0.276982
v 0.073788 1.169411 0.277571
v 0.073834 1.168226 0.276858
v 0.073851 1.167669 0.276293
v 0.073859 1.168350 0.276112
v 0.073861 1.167454 0.275785
v 0.073868 1.167984 0.274618
v 0.073872 1.167916 0.272214
v 0.071245 1.162472 0.275279
v 0.071289 1.164247 0.276168
v 0.071198 1.163300 0.275619
v 0.071155 1.164464 0.275816
v 0.071135 1.163935 0.275326
v 0.071123 1.163954 0.275067
v 0.071102 1.163033 0.273022
v 0.071098 1.164386 0.271651
v 0.073741 1.163457 0.275760
v 0.073828 1.164494 0.275659
v 0.073788 1.165229 0.276407
v 0.073833 1.163058 0.274873
v 0.073851 1.163770 0.274815
v 0.073859 1.164481 0.274774
v 0.073861 1.163653 0.274272
v 0.073868 1.164399 0.273229
v 0.073872 1.164803 0.270860
v 0.071246 1.158864 0.272802
v 0.071321 1.160412 0.274041
v 0.071198 1.159613 0.273300
v 0.071155 1.160716 0.273720
v 0.071135 1.160304 0.273142
v 0.071153 1.158564 0.271995
v 0.071123 1.160355 0.272882
v 0.071102 1.159857 0.270699
v 0.073741 1.159749 0.273476
v 0.073824 1.160727 0.273592
v 0.073788 1.161345 0.274445
v 0.073833 1.159527 0.272527
v 0.073851 1.160225 0.272597
v 0.073859 1.160938 0.272703
v 0.073861 1.160220 0.272045
v 0.073868 1.161159 0.271171
v 0.073872 1.162015 0.268927
v 0.071245 1.155810 0.269670
v 0.071321 1.157092 0.271193
v 0.071199 1.156439 0.270296
v 0.071155 1.157449 0.270933
v 0.071135 1.157153 0.270284
v 0.071153 1.155665 0.268811
v 0.071123 1.157266 0.270051
v 0.071102 1.157192 0.267800
v 0.073531 1.155217 0.269100
v 0.073741 1.156542 0.270499
v 0.073824 1.157480 0.270804
v 0.073788 1.157930 0.271772
v 0.073833 1.156515 0.269530
v 0.073851 1.157183 0.269734
v 0.073859 1.157866 0.269981
v 0.073861 1.157280 0.269185
v 0.073868 1.158380 0.268521
v 0.073872 1.159659 0.266484
v 0.071245 1.153431 0.266012
v 0.071322 1.154387 0.267747
v 0.071199 1.153928 0.266751
v 0.071155 1.154788 0.267562
v 0.071135 1.154627 0.266872
v 0.071153 1.153457 0.265142
v 0.071123 1.154777 0.266649
v 0.071102 1.155149 0.264442
v 0.073741 1.153981 0.266955
v 0.073824 1.154845 0.267447
v 0.073788 1.155096 0.268478
v 0.073833 1.154144 0.265998
v 0.073851 1.154765 0.266343
v 0.073859 1.155372 0.266689
v 0.073861 1.154969 0.265824
v 0.073868 1.156173 0.265380
v 0.073872 1.157823 0.263630
v 0.071322 1.152408 0.263845
v 0.071198 1.152155 0.262784
v 0.071155 1.152836 0.263737
v 0.071136 1.152810 0.263023
v 0.071153 1.152003 0.261110
v 0.071123 1.153006 0.262850
v 0.071102 1.153799 0.260748
v 0.073632 1.151501 0.261023
v 0.073741 1.152169 0.263002
v 0.073824 1.152915 0.263635
v 0.073788 1.152956 0.264689
v 0.073833 1.152509 0.262079
v 0.073851 1.153049 0.262527
v 0.073859 1.153583 0.263006
v 0.073861 1.153349 0.262057
v 0.073868 1.154621 0.261865
v 0.073872 1.156581 0.260474
v 0.071288 1.151255 0.259619
v 0.071198 1.151185 0.258538
v 0.071155 1.151668 0.259604
v 0.071136 1.151781 0.258901
v 0.071153 1.151365 0.256855
v 0.071123 1.152010 0.258773
v 0.071102 1.153195 0.256863
v 0.073762 1.151178 0.258590
v 0.073786 1.151255 0.258585
v 0.073824 1.151763 0.259508
v 0.073769 1.151249 0.259349
v 0.073833 1.151669 0.257916
v 0.073851 1.152114 0.258460
v 0.073859 1.152546 0.259054
v 0.073861 1.152501 0.258071
v 0.073868 1.153782 0.258116
v 0.073872 1.155976 0.257133
v 0.071224 1.151036 0.253728
v 0.071289 1.151098 0.252839
v 0.071288 1.150920 0.255255
v 0.071198 1.151064 0.254173
v 0.071155 1.151328 0.255323
v 0.071135 1.151577 0.254661
v 0.071153 1.151565 0.252578
v 0.071123 1.151826 0.254565
v 0.071102 1.153362 0.252926
v 0.073741 1.150994 0.254387
v 0.073824 1.151439 0.255263
v 0.073788 1.151074 0.256253
v 0.073833 1.151658 0.253666
v 0.073851 1.151988 0.254286
v 0.073859 1.152297 0.254942
v 0.073861 1.152446 0.253964
v 0.073868 1.153694 0.254276
v 0.073872 1.156037 0.253741
v 0.071285 1.151958 0.248967
v 0.071287 1.151447 0.250901
v 0.071198 1.151797 0.249876
v 0.071135 1.152206 0.250453
v 0.071153 1.152597 0.248418
v 0.071123 1.152464 0.250411
v 0.071102 1.154293 0.249104
v 0.073741 1.151685 0.250073
v 0.073824 1.151953 0.251015
v 0.073788 1.151400 0.251919
v 0.073833 1.152478 0.249499
v 0.073851 1.152679 0.250176
v 0.073859 1.152852 0.250888
v 0.073861 1.153195 0.249933
v 0.073868 1.154355 0.250489
v 0.073872 1.156757 0.250425
v 0.071245 1.153696 0.244974
v 0.071350 1.152719 0.246826
v 0.071198 1.153349 0.245816
v 0.071155 1.153155 0.246973
v 0.071136 1.153637 0.246457
v 0.071153 1.154435 0.244509
v 0.071123 1.153910 0.246457
v 0.071102 1.155949 0.245541
v 0.073741 1.153202 0.245985
v 0.073824 1.153288 0.246949
v 0.073788 1.152563 0.247740
v 0.073833 1.154100 0.245564
v 0.073851 1.154161 0.246270
v 0.073859 1.154200 0.246984
v 0.073861 1.154701 0.246160
v 0.073868 1.155739 0.246911
v 0.073872 1.158111 0.247313
v 0.071245 1.156169 0.241374
v 0.071322 1.154929 0.242921
v 0.071198 1.155663 0.242131
v 0.071155 1.155251 0.243225
v 0.071135 1.155824 0.242817
v 0.071153 1.156976 0.241072
v 0.071123 1.156093 0.242862
v 0.071102 1.158270 0.242366
v 0.073640 1.156426 0.241006
v 0.073741 1.155496 0.242257
v 0.073824 1.155374 0.243243
v 0.073788 1.154525 0.243854
v 0.073833 1.156455 0.242024
v 0.073851 1.156377 0.242729
v 0.073859 1.156265 0.243451
v 0.073863 1.157903 0.241786
v 0.073868 1.157799 0.243668
v 0.073872 1.160044 0.244525
v 0.071245 1.159296 0.238324
v 0.071322 1.157777 0.239602
v 0.071198 1.158666 0.238957
v 0.071155 1.158038 0.239958
v 0.071135 1.158688 0.239668
v 0.071153 1.160158 0.238177
v 0.071123 1.158933 0.239766
v 0.071102 1.161168 0.239704
v 0.073575 1.157727 0.239635
v 0.073786 1.158661 0.239045
v 0.073824 1.158156 0.240000
v 0.073769 1.158018 0.239467
v 0.073834 1.158446 0.239853
v 0.073851 1.159223 0.239703
v 0.073863 1.160866 0.239083
v 0.073870 1.162287 0.240643
v 0.073872 1.162486 0.242169
v 0.071245 1.162974 0.235933
v 0.071347 1.160321 0.237467
v 0.071198 1.162224 0.236436
v 0.071155 1.161409 0.237297
v 0.071135 1.162100 0.237135
v 0.071153 1.163824 0.235969
v 0.071123 1.162311 0.237293
v 0.071102 1.164533 0.237656
v 0.073770 1.162132 0.236489
v 0.073828 1.161512 0.237415
v 0.073788 1.160492 0.237605
v 0.073834 1.161828 0.237272
v 0.073851 1.162636 0.237272
v 0.073859 1.162277 0.237883
v 0.073861 1.163137 0.237483
v 0.073868 1.163592 0.238683
v 0.073872 1.165341 0.240333
v 0.071224 1.166588 0.234468
v 0.071198 1.166202 0.234659
v 0.071155 1.165234 0.235345
v 0.071136 1.165933 0.235321
v 0.071153 1.167867 0.234513
v 0.071123 1.166126 0.235515
v 0.071102 1.168225 0.236308
v 0.073561 1.164549 0.235127
v 0.073772 1.166698 0.234487
v 0.073791 1.166509 0.234633
v 0.073841 1.166681 0.235207
v 0.073851 1.166447 0.235558
v 0.073859 1.165973 0.236089
v 0.073863 1.168246 0.235621
v 0.073868 1.167108 0.237129
v 0.073872 1.168499 0.239089
v 0.071225 1.170884 0.233577
v 0.071317 1.172056 0.233434
v 0.071288 1.169353 0.233764
v 0.071198 1.170431 0.233696
v 0.071136 1.170052 0.234292
v 0.071153 1.172118 0.233873
v 0.071123 1.170213 0.234516
v 0.071102 1.172113 0.235704
v 0.073737 1.169611 0.233743
v 0.073782 1.170137 0.233785
v 0.073826 1.170822 0.234118
v 0.073842 1.170625 0.234365
v 0.073851 1.170504 0.234623
v 0.073859 1.169941 0.235052
v 0.073863 1.172269 0.235034
v 0.073868 1.170852 0.236292
v 0.073872 1.171836 0.238486
v 0.071355 1.176591 0.233614
v 0.071198 1.174781 0.233572
v 0.071136 1.174300 0.234084
v 0.071153 1.176398 0.234077
v 0.071123 1.174403 0.234334
v 0.071102 1.176045 0.235871
v 0.073741 1.174596 0.233503
v 0.073782 1.174483 0.233604
v 0.073825 1.173473 0.233950
v 0.073833 1.175299 0.234170
v 0.073851 1.174668 0.234496
v 0.073863 1.176273 0.235220
v 0.073870 1.176167 0.237326
v 0.073872 1.175229 0.238546
v 0.071245 1.179971 0.234478
v 0.071321 1.178073 0.233927
v 0.071199 1.179090 0.234304
v 0.071155 1.177912 0.234340
v 0.071135 1.178517 0.234714
v 0.071153 1.180577 0.235115
v 0.071123 1.178556 0.234975
v 0.071102 1.179864 0.236801
v 0.073778 1.178834 0.234191
v 0.073721 1.180157 0.234516
v 0.073786 1.179021 0.234352
v 0.073824 1.177959 0.234465
v 0.073834 1.178227 0.234621
v 0.073851 1.178794 0.235187
v 0.073859 1.178115 0.235369
v 0.073861 1.178994 0.235691
v 0.073868 1.178478 0.236862
v 0.073872 1.178546 0.239267
v 0.071225 1.183591 0.236008
v 0.071198 1.183168 0.235864
v 0.071155 1.181997 0.235664
v 0.071135 1.182520 0.236150
v 0.071153 1.184442 0.236937
v 0.071123 1.182511 0.236415
v 0.071102 1.183432 0.238460
v 0.073741 1.183002 0.235719
v 0.073828 1.181960 0.235816
v 0.073788 1.181229 0.235071
v 0.073833 1.183408 0.236609
v 0.073851 1.182692 0.236666
v 0.073859 1.181988 0.236710
v 0.073863 1.183936 0.237990
v 0.073868 1.182062 0.238250
v 0.073872 1.181658 0.240619
v 0.071272 1.187163 0.238317
v 0.071323 1.186041 0.237432
v 0.071198 1.186847 0.238178
v 0.071136 1.186159 0.238334
v 0.071153 1.187888 0.239478
v 0.071123 1.186103 0.238597
v 0.071102 1.186605 0.240781
v 0.073741 1.186717 0.238008
v 0.073824 1.185733 0.237884
v 0.073788 1.185117 0.237035
v 0.073834 1.185930 0.238138
v 0.073851 1.186230 0.238877
v 0.073863 1.187153 0.240364
v 0.073870 1.185903 0.242061
v 0.073872 1.184447 0.242553
v 0.071225 1.190347 0.241467
v 0.071289 1.189351 0.240308
v 0.071198 1.190013 0.241174
v 0.071155 1.189013 0.240547
v 0.071135 1.189300 0.241187
v 0.071153 1.190784 0.242655
v 0.071123 1.189201 0.241437
v 0.071102 1.189268 0.243679
v 0.073738 1.189981 0.241041
v 0.073828 1.188914 0.240668
v 0.073788 1.188536 0.239712
v 0.073834 1.189118 0.240954
v 0.073851 1.189281 0.241750
v 0.073859 1.188598 0.241503
v 0.073861 1.189169 0.242281
v 0.073868 1.188082 0.242960
v 0.073872 1.186801 0.244995
v 0.071224 1.192802 0.245081
v 0.071198 1.192534 0.244731
v 0.071135 1.191833 0.244606
v 0.071153 1.193005 0.246339
v 0.071123 1.191677 0.244816
v 0.071102 1.191311 0.247036
v 0.073741 1.192471 0.244510
v 0.073828 1.191552 0.244015
v 0.073788 1.191371 0.243008
v 0.073833 1.192321 0.245485
v 0.073851 1.191699 0.245144
v 0.073859 1.191083 0.244780
v 0.073861 1.191485 0.245642
v 0.073868 1.190288 0.246103
v 0.073872 1.188639 0.247849
v 0.071314 1.194880 0.250249
v 0.071289 1.194029 0.247650
v 0.071226 1.194396 0.248788
v 0.071187 1.194332 0.248921
v 0.071135 1.193646 0.248452
v 0.071123 1.193456 0.248629
v 0.071102 1.192663 0.250735
v 0.073741 1.194299 0.248496
v 0.073824 1.193544 0.247838
v 0.073788 1.193504 0.246785
v 0.073833 1.193952 0.249405
v 0.073851 1.193412 0.248953
v 0.073859 1.192877 0.248468
v 0.073861 1.193107 0.249408
v 0.073868 1.191843 0.249616
v 0.073872 1.189882 0.251008
v 0.071225 1.195393 0.253385
v 0.071198 1.195277 0.252958
v 0.071155 1.194794 0.251876
v 0.071135 1.194674 0.252564
v 0.071123 1.194456 0.252721
v 0.071102 1.193267 0.254622
v 0.073658 1.195334 0.252496
v 0.073773 1.195261 0.252865
v 0.073824 1.194693 0.251955
v 0.073788 1.194860 0.250910
v 0.073833 1.194792 0.253570
v 0.073851 1.194348 0.253012
v 0.073859 1.193920 0.252455
v 0.073861 1.193959 0.253396
v 0.073868 1.192678 0.253362
v 0.073872 1.190485 0.254345
v 0.071224 1.195428 0.257730
v 0.071288 1.195541 0.256231
v 0.071199 1.195398 0.257306
v 0.071135 1.194879 0.256819
v 0.071153 1.194894 0.258909
v 0.071123 1.194639 0.256913
v 0.071102 1.193100 0.258550
v 0.073770 1.195401 0.257304
v 0.073824 1.195019 0.256212
v 0.073784 1.195419 0.256055
v 0.073834 1.194799 0.257815
v 0.073851 1.194474 0.257193
v 0.073859 1.194164 0.256539
v 0.073861 1.194018 0.257491
v 0.073868 1.192769 0.257205
v 0.073872 1.190425 0.257739
v 0.071224 1.194609 0.262034
v 0.071351 1.195089 0.260471
v 0.071193 1.194630 0.261726
v 0.071187 1.194564 0.261795
v 0.071136 1.194260 0.261020
v 0.071153 1.193857 0.263086
v 0.071123 1.193994 0.261073
v 0.071102 1.192170 0.262371
v 0.073646 1.194368 0.262987
v 0.073741 1.194773 0.261420
v 0.073824 1.194510 0.260464
v 0.073788 1.195061 0.259560
v 0.073833 1.193980 0.261986
v 0.073851 1.193785 0.261299
v 0.073859 1.193603 0.260621
v 0.073861 1.193278 0.261508
v 0.073868 1.192110 0.260985
v 0.073872 1.189705 0.261055
v 0.071393 1.193717 0.264686
v 0.071348 1.192449 0.267162
v 0.071206 1.192769 0.266377
v 0.071231 1.193268 0.265499
v 0.071179 1.192894 0.265953
v 0.071155 1.193307 0.264507
v 0.071135 1.192822 0.265018
v 0.071152 1.192105 0.266801
v 0.071123 1.192558 0.265017
v 0.071102 1.190510 0.265942
v 0.073741 1.193255 0.265504
v 0.073683 1.192737 0.266579
v 0.073786 1.193074 0.265601
v 0.073824 1.193184 0.264511
v 0.073769 1.193600 0.264767
v 0.073833 1.192364 0.265911
v 0.073851 1.192298 0.265216
v 0.073859 1.192259 0.264502
v 0.073863 1.190979 0.266445
v 0.073868 1.190719 0.264571
v 0.073872 1.188352 0.264167
v 0.071287 1.191509 0.268541
v 0.071194 1.191442 0.268416
v 0.071217 1.190720 0.269525
v 0.071155 1.191211 0.268255
v 0.071143 1.190150 0.269463
v 0.071123 1.190375 0.268613
v 0.071102 1.188189 0.269116
v 0.073731 1.190534 0.269816
v 0.073782 1.190939 0.269082
v 0.073824 1.191079 0.268250
v 0.073788 1.191938 0.267622
v 0.073834 1.190829 0.268439
v 0.073851 1.190095 0.268738
v 0.073863 1.188608 0.269664
v 0.073870 1.186910 0.268411
v 0.073872 1.186418 0.266956
v 0.071245 1.187160 0.273160
v 0.071288 1.188663 0.271859
v 0.071198 1.187793 0.272525
v 0.071143 1.187550 0.272146
v 0.071153 1.186309 0.273300
v 0.071123 1.187533 0.271709
v 0.071102 1.185292 0.271777
v 0.071097 1.183665 0.269634
v 0.073698 1.188174 0.272303
v 0.073740 1.187165 0.273136
v 0.073828 1.188292 0.271433
v 0.073834 1.188020 0.271626
v 0.073851 1.187229 0.271784
v 0.073859 1.187470 0.271105
v 0.073861 1.186686 0.271681
v 0.073868 1.186010 0.270591
v 0.073872 1.183975 0.269314
v 0.071321 1.185239 0.274583
v 0.071155 1.185053 0.274183
v 0.071135 1.184358 0.274347
v 0.071152 1.182779 0.275422
v 0.071123 1.184149 0.274187
v 0.071102 1.183409 0.272924
v 0.071098 1.181352 0.272027
v 0.073650 1.185362 0.274506
v 0.073770 1.184336 0.274988
v 0.073828 1.184943 0.274069
v 0.073788 1.185965 0.273878
v 0.073833 1.183492 0.274828
v 0.073851 1.183823 0.274210
v 0.073859 1.184181 0.273598
v 0.073861 1.183315 0.274002
v 0.073868 1.182871 0.272797
v 0.073872 1.181121 0.271147
v 0.071338 1.180627 0.276855
v 0.071226 1.180189 0.276903
v 0.071127 1.179587 0.276281
v 0.071105 1.181353 0.274848
v 0.071102 1.179855 0.274583
v 0.071098 1.177819 0.273535
v 0.073754 1.180433 0.276812
v 0.073782 1.180545 0.276671
v 0.073841 1.179782 0.276273
v 0.073851 1.180021 0.275919
v 0.073859 1.180480 0.275394
v 0.073863 1.178218 0.275858
v 0.073868 1.179353 0.274352
v 0.073872 1.177963 0.272390
v 0.071092 1.173231 0.255740
v 0.071093 1.171380 0.260616
v 0.071093 1.168355 0.253890
v 0.071093 1.175081 0.250863
v 0.071093 1.178106 0.257590
v -0.074897 1.176053 0.276986
v -0.074898 1.172128 0.277138
v -0.077620 1.175388 0.277114
v -0.074898 1.167976 0.276513
v -0.074965 1.169559 0.277615
v -0.077619 1.170149 0.276981
v -0.075824 1.166986 0.277336
v -0.074894 1.166823 0.276092
v -0.077619 1.166062 0.275972
v -0.075573 1.161258 0.274715
v -0.074898 1.160414 0.272916
v -0.074958 1.161547 0.274578
v -0.077619 1.162254 0.274185
v -0.074894 1.159524 0.272089
v -0.077619 1.158870 0.271690
v -0.075643 1.155145 0.269011
v -0.074899 1.154910 0.266898
v -0.077619 1.156022 0.268569
v -0.074898 1.153040 0.262908
v -0.074977 1.152522 0.263850
v -0.077622 1.154244 0.265645
v -0.075604 1.151359 0.260763
v -0.074894 1.152748 0.261718
v -0.077619 1.152428 0.261027
v -0.077198 1.150835 0.256414
v -0.077619 1.151797 0.256878
v -0.075420 1.151137 0.252032
v -0.074898 1.152455 0.250480
v -0.077619 1.151989 0.252661
v -0.075862 1.151917 0.248656
v -0.074897 1.153889 0.246523
v -0.074958 1.152475 0.247953
v -0.077619 1.153000 0.248571
v -0.074894 1.154521 0.245485
v -0.077619 1.154785 0.244766
v -0.075909 1.156280 0.240999
v -0.077619 1.157283 0.241373
v -0.074897 1.162261 0.237336
v -0.077619 1.160378 0.238550
v -0.074898 1.166064 0.235548
v -0.077622 1.163335 0.236750
v -0.075522 1.167599 0.234036
v -0.074894 1.167255 0.235258
v -0.077622 1.167230 0.235184
v -0.075744 1.170838 0.233391
v -0.074899 1.174130 0.234305
v -0.077619 1.172114 0.234306
v -0.075479 1.177534 0.233741
v -0.074898 1.178489 0.234969
v -0.074981 1.178233 0.234063
v -0.077436 1.176754 0.233679
v -0.077619 1.176316 0.234499
v -0.074894 1.179640 0.235388
v -0.077619 1.180401 0.235509
v -0.074898 1.186044 0.238565
v -0.074965 1.184994 0.236936
v -0.077619 1.184199 0.237289
v -0.074894 1.186932 0.239385
v -0.077622 1.186981 0.239324
v -0.077573 1.188356 0.239677
v -0.075672 1.191268 0.242397
v -0.074899 1.191551 0.244575
v -0.077619 1.190428 0.242898
v -0.075873 1.194031 0.247227
v -0.074890 1.192369 0.246596
v -0.074965 1.193459 0.246639
v -0.077619 1.192611 0.246513
v -0.074893 1.193678 0.249533
v -0.074965 1.194845 0.250759
v -0.077619 1.194038 0.250467
v -0.074898 1.194693 0.255499
v -0.074965 1.195401 0.255073
v -0.077619 1.194666 0.254630
v -0.075320 1.195495 0.258413
v -0.077622 1.194520 0.258062
v -0.074899 1.192693 0.264772
v -0.077619 1.193461 0.262913
v -0.074890 1.191476 0.266557
v -0.074985 1.192046 0.267646
v -0.077622 1.192011 0.266030
v -0.074893 1.189758 0.269287
v -0.074971 1.188298 0.272085
v -0.077619 1.189185 0.270098
v -0.074893 1.186787 0.272256
v -0.074977 1.185222 0.274471
v -0.077619 1.186073 0.272937
v -0.075702 1.182453 0.276198
v -0.074898 1.181673 0.275473
v -0.074982 1.181115 0.276543
v -0.077622 1.183133 0.274726
v -0.075169 1.178249 0.277524
v -0.075420 1.177183 0.277791
v -0.075214 1.175036 0.278052
v -0.075003 1.173900 0.277992
v -0.074940 1.177311 0.277401
v -0.074889 1.174929 0.276838
v -0.074885 1.175239 0.276678
v -0.074889 1.176188 0.276738
v -0.074871 1.176702 0.271548
v -0.077245 1.174478 0.278102
v -0.077338 1.176548 0.277862
v -0.077507 1.178744 0.277324
v -0.077554 1.173243 0.277963
v -0.077591 1.174345 0.277607
v -0.077634 1.175257 0.276671
v -0.077630 1.176211 0.276750
v -0.077642 1.173889 0.275765
v -0.077641 1.177778 0.275479
v -0.077648 1.176849 0.271446
v -0.075236 1.172113 0.278101
v -0.075306 1.169883 0.277888
v -0.074941 1.171270 0.277688
v -0.074969 1.171935 0.277919
v -0.074887 1.171787 0.276780
v -0.074886 1.171736 0.276812
v -0.077138 1.171168 0.278049
v -0.077591 1.170067 0.277403
v -0.077623 1.172028 0.277097
v -0.077642 1.169968 0.275509
v -0.077648 1.173714 0.271850
v -0.075420 1.168443 0.277625
v -0.075998 1.168429 0.277734
v -0.075011 1.164838 0.276374
v -0.074959 1.167439 0.277135
v -0.074935 1.163917 0.275668
v -0.074887 1.167568 0.276074
v -0.074886 1.163768 0.274627
v -0.077460 1.165620 0.276721
v -0.077100 1.166321 0.277050
v -0.077370 1.167385 0.277327
v -0.077100 1.168443 0.277625
v -0.077591 1.165908 0.276373
v -0.077623 1.167883 0.276451
v -0.077642 1.166175 0.274493
v -0.077648 1.170563 0.271635
v -0.075222 1.161945 0.275066
v -0.074947 1.164895 0.276183
v -0.074887 1.163851 0.274628
v -0.074872 1.165881 0.270649
v -0.077327 1.162383 0.275322
v -0.077591 1.162015 0.274542
v -0.077623 1.163944 0.275009
v -0.077642 1.162654 0.272757
v -0.077648 1.167514 0.270809
v -0.075477 1.159748 0.273677
v -0.075011 1.157575 0.271588
v -0.074953 1.159395 0.273044
v -0.074887 1.160231 0.272369
v -0.074888 1.157263 0.269663
v -0.074871 1.164018 0.268932
v -0.077042 1.159971 0.273817
v -0.077591 1.158564 0.271995
v -0.077623 1.160361 0.272824
v -0.077642 1.159535 0.270363
v -0.077648 1.164683 0.269404
v -0.075593 1.156255 0.270419
v -0.075004 1.155100 0.268659
v -0.074946 1.157374 0.271102
v -0.074931 1.155072 0.268031
v -0.074887 1.157339 0.269603
v -0.074878 1.156734 0.267495
v -0.074872 1.160736 0.266701
v -0.077328 1.155705 0.269666
v -0.077591 1.155665 0.268812
v -0.077623 1.157276 0.269989
v -0.077642 1.156945 0.267413
v -0.077648 1.162181 0.267474
v -0.075511 1.152740 0.264869
v -0.074941 1.153892 0.266303
v -0.074969 1.154062 0.266971
v -0.074889 1.154913 0.266386
v -0.074875 1.156937 0.267135
v -0.077345 1.153735 0.266723
v -0.077593 1.152883 0.263861
v -0.077642 1.154982 0.264013
v -0.077648 1.160105 0.265093
v -0.075155 1.152204 0.263407
v -0.074959 1.152221 0.262804
v -0.074931 1.151749 0.260143
v -0.074887 1.153852 0.264179
v -0.074888 1.152220 0.258453
v -0.077497 1.151504 0.260744
v -0.077100 1.151998 0.262885
v -0.077578 1.152505 0.263221
v -0.077572 1.151850 0.261241
v -0.077591 1.152003 0.261110
v -0.077624 1.152993 0.262548
v -0.077642 1.153719 0.260293
v -0.077648 1.158533 0.262352
v -0.075692 1.150888 0.258064
v -0.075011 1.150954 0.255882
v -0.074946 1.151349 0.258562
v -0.074968 1.151820 0.261719
v -0.074942 1.151180 0.255243
v -0.074887 1.152314 0.258440
v -0.074878 1.152984 0.256349
v -0.074872 1.156751 0.257912
v -0.077344 1.151060 0.258766
v -0.077562 1.151191 0.258110
v -0.077591 1.151365 0.256855
v -0.077623 1.152050 0.258726
v -0.077642 1.153205 0.256400
v -0.077648 1.157525 0.259358
v -0.075304 1.151121 0.252117
v -0.074947 1.151153 0.255861
v -0.074889 1.152205 0.253308
v -0.074885 1.152304 0.253634
v -0.074896 1.151870 0.255450
v -0.074875 1.153353 0.256166
v -0.077283 1.150963 0.253064
v -0.077591 1.151565 0.252578
v -0.077623 1.151875 0.254526
v -0.077642 1.153462 0.252477
v -0.077648 1.157120 0.256224
v -0.075271 1.151990 0.248397
v -0.074947 1.151556 0.251545
v -0.074887 1.152875 0.250224
v -0.074886 1.152857 0.250161
v -0.077591 1.152597 0.248418
v -0.077623 1.152520 0.250393
v -0.077642 1.154478 0.248685
v -0.077648 1.157337 0.253072
v -0.075420 1.152700 0.246775
v -0.075571 1.154160 0.243922
v -0.075003 1.154355 0.243937
v -0.074954 1.153564 0.245536
v -0.074887 1.154390 0.246222
v -0.074888 1.156458 0.242797
v -0.077298 1.153907 0.244451
v -0.077298 1.152558 0.247166
v -0.077591 1.154435 0.244509
v -0.077623 1.153970 0.246444
v -0.077642 1.156214 0.245161
v -0.077648 1.158161 0.250022
v -0.075234 1.157272 0.240006
v -0.075003 1.157024 0.240479
v -0.074946 1.155067 0.243188
v -0.074942 1.158004 0.239784
v -0.074887 1.156537 0.242851
v -0.074878 1.158484 0.241854
v -0.074872 1.160042 0.245623
v -0.077049 1.155153 0.242483
v -0.077573 1.156480 0.241358
v -0.077591 1.156976 0.241072
v -0.077623 1.156156 0.242859
v -0.077642 1.158604 0.242046
v -0.077648 1.159567 0.247192
v -0.075316 1.158949 0.238452
v -0.074947 1.157537 0.240212
v -0.074889 1.160090 0.239149
v -0.074885 1.159934 0.239444
v -0.074896 1.158325 0.240436
v -0.074875 1.158876 0.241983
v -0.077494 1.159713 0.237956
v -0.077429 1.159853 0.237854
v -0.077577 1.158270 0.239549
v -0.077544 1.160673 0.237300
v -0.077596 1.159483 0.238758
v -0.077623 1.158988 0.239781
v -0.077642 1.161557 0.239455
v -0.077648 1.161497 0.244692
v -0.075199 1.162144 0.236287
v -0.075396 1.164006 0.235301
v -0.074985 1.163226 0.235837
v -0.074941 1.162663 0.236405
v -0.074925 1.164262 0.235812
v -0.074887 1.162736 0.237448
v -0.074886 1.162779 0.237383
v -0.077460 1.163787 0.235517
v -0.077591 1.163824 0.235969
v -0.077642 1.164959 0.237490
v -0.077648 1.163878 0.242614
v -0.075420 1.165053 0.234884
v -0.075012 1.168744 0.233920
v -0.074944 1.169213 0.234043
v -0.074887 1.166628 0.235694
v -0.074888 1.170522 0.234728
v -0.077364 1.166635 0.234355
v -0.077100 1.165053 0.234884
v -0.077591 1.167867 0.234513
v -0.077642 1.168678 0.236228
v -0.077648 1.166618 0.241042
v -0.075420 1.169279 0.233689
v -0.075003 1.172557 0.233490
v -0.074931 1.173109 0.233813
v -0.074887 1.170543 0.234821
v -0.074878 1.172622 0.235493
v -0.074872 1.171059 0.239261
v -0.077459 1.172224 0.233443
v -0.077110 1.171454 0.233393
v -0.077591 1.172118 0.233873
v -0.077623 1.170259 0.234559
v -0.077642 1.172573 0.235715
v -0.077648 1.169613 0.240034
v -0.075276 1.174819 0.233387
v -0.075319 1.177944 0.233815
v -0.074941 1.175187 0.233793
v -0.074969 1.174526 0.233561
v -0.074889 1.174548 0.234595
v -0.074875 1.172808 0.235863
v -0.077117 1.175336 0.233431
v -0.077591 1.176398 0.234077
v -0.077623 1.174433 0.234383
v -0.077642 1.176494 0.235971
v -0.077648 1.172747 0.239630
v -0.075731 1.180058 0.234348
v -0.075003 1.181127 0.234927
v -0.074959 1.179024 0.234345
v -0.074943 1.181555 0.235319
v -0.074887 1.176986 0.234940
v -0.074886 1.182691 0.236852
v -0.077041 1.178558 0.233963
v -0.077591 1.180560 0.235109
v -0.077623 1.178580 0.235029
v -0.077642 1.180286 0.236987
v -0.077648 1.175898 0.239845
v -0.075398 1.182667 0.235417
v -0.074941 1.183445 0.236214
v -0.074887 1.182618 0.236855
v -0.074872 1.180581 0.240831
v -0.077299 1.184514 0.236413
v -0.077358 1.183233 0.235734
v -0.077100 1.182196 0.235210
v -0.077573 1.184068 0.236503
v -0.077591 1.184442 0.236937
v -0.077623 1.182521 0.236473
v -0.077642 1.183810 0.238725
v -0.077648 1.178948 0.240672
v -0.075663 1.185110 0.236691
v -0.075003 1.188492 0.239534
v -0.074954 1.187068 0.238437
v -0.074887 1.186230 0.239110
v -0.074888 1.189200 0.241819
v -0.074871 1.182444 0.242549
v -0.077350 1.188556 0.239465
v -0.077561 1.186767 0.238190
v -0.077593 1.188913 0.240443
v -0.077642 1.186925 0.241115
v -0.077648 1.181778 0.242077
v -0.075235 1.188884 0.239707
v -0.075115 1.190704 0.241786
v -0.075011 1.191679 0.243253
v -0.074946 1.189082 0.240371
v -0.074931 1.191402 0.243466
v -0.074887 1.189121 0.241872
v -0.074878 1.189727 0.243985
v -0.074872 1.185726 0.244780
v -0.077350 1.191436 0.242767
v -0.076928 1.188736 0.239523
v -0.077573 1.190612 0.242125
v -0.077591 1.190783 0.242655
v -0.077624 1.189324 0.241711
v -0.077642 1.189515 0.244067
v -0.077648 1.184280 0.244006
v -0.074941 1.192576 0.245190
v -0.074968 1.192401 0.244511
v -0.074885 1.191798 0.245861
v -0.074894 1.191570 0.244896
v -0.074875 1.189524 0.244345
v -0.077141 1.192926 0.245061
v -0.077591 1.193005 0.246339
v -0.077623 1.191658 0.244876
v -0.077642 1.191480 0.247469
v -0.077648 1.186356 0.246386
v -0.075378 1.194282 0.248076
v -0.075219 1.195181 0.251380
v -0.074943 1.194542 0.250092
v -0.074930 1.194345 0.249681
v -0.074893 1.193407 0.248955
v -0.077461 1.194906 0.250419
v -0.077100 1.194463 0.248595
v -0.076848 1.193816 0.246793
v -0.077591 1.194457 0.250376
v -0.077623 1.193425 0.248687
v -0.077642 1.192743 0.251188
v -0.077648 1.187929 0.249127
v -0.075439 1.195611 0.254578
v -0.075196 1.195611 0.256316
v -0.074937 1.195051 0.252927
v -0.074893 1.194343 0.253013
v -0.074877 1.193310 0.255204
v -0.074872 1.190065 0.253569
v -0.077350 1.195575 0.255068
v -0.076826 1.195242 0.251375
v -0.077591 1.195094 0.254612
v -0.077623 1.194412 0.252764
v -0.077642 1.193256 0.255081
v -0.077648 1.188936 0.252122
v -0.075012 1.195108 0.259937
v -0.074954 1.195306 0.257632
v -0.074887 1.194278 0.257316
v -0.074893 1.194469 0.257193
v -0.074892 1.194058 0.260157
v -0.076912 1.195663 0.255718
v -0.077591 1.194894 0.258909
v -0.077642 1.193000 0.259001
v -0.077648 1.189341 0.255256
v -0.075420 1.195116 0.260528
v -0.075216 1.194385 0.263043
v -0.075052 1.193690 0.264734
v -0.074946 1.194815 0.260388
v -0.074889 1.193373 0.262244
v -0.074885 1.193345 0.261889
v -0.074872 1.189287 0.260040
v -0.077507 1.194241 0.263144
v -0.077329 1.195082 0.260598
v -0.077572 1.194055 0.263070
v -0.077581 1.194193 0.262501
v -0.077623 1.193939 0.261098
v -0.077642 1.191984 0.262794
v -0.077648 1.189126 0.258408
v -0.075420 1.193297 0.265702
v -0.075041 1.192855 0.266417
v -0.075031 1.192124 0.267558
v -0.074889 1.192257 0.265058
v -0.074885 1.190255 0.268090
v -0.074875 1.191757 0.262956
v -0.077306 1.192501 0.267112
v -0.077431 1.193361 0.265437
v -0.077593 1.191289 0.268144
v -0.077642 1.190246 0.266319
v -0.077648 1.188300 0.261457
v -0.075420 1.191618 0.268538
v -0.075169 1.189506 0.271065
v -0.074943 1.189770 0.270319
v -0.074930 1.190004 0.269925
v -0.074893 1.190091 0.268735
v -0.077550 1.189385 0.270951
v -0.077436 1.191718 0.268281
v -0.077573 1.189984 0.270121
v -0.077591 1.189478 0.270419
v -0.077624 1.190140 0.268774
v -0.077642 1.187855 0.269435
v -0.077648 1.186894 0.264287
v -0.075212 1.188392 0.272201
v -0.074937 1.187693 0.272319
v -0.074893 1.187226 0.271780
v -0.077350 1.186204 0.273946
v -0.077591 1.186309 0.273300
v -0.077623 1.187477 0.271695
v -0.077642 1.184904 0.272024
v -0.077648 1.184965 0.266788
v -0.075558 1.186182 0.274097
v -0.074947 1.181767 0.276158
v -0.074930 1.183301 0.275262
v -0.074946 1.185137 0.274315
v -0.074893 1.183821 0.274206
v -0.074872 1.181679 0.270462
v -0.077140 1.183905 0.275437
v -0.077573 1.183208 0.275436
v -0.077591 1.182631 0.275515
v -0.077642 1.181501 0.273990
v -0.077648 1.182583 0.268867
v -0.075420 1.181409 0.276596
v -0.075155 1.180904 0.276764
v -0.074959 1.180303 0.276747
v -0.074887 1.179829 0.275788
v -0.074893 1.180019 0.275914
v -0.074872 1.178576 0.271479
v -0.077100 1.181409 0.276596
v -0.077573 1.180267 0.276651
v -0.077551 1.180069 0.276877
v -0.077626 1.179018 0.276212
v -0.077648 1.179844 0.270437
v -0.075657 1.177219 0.277828
v -0.076260 1.178268 0.277608
v -0.077199 1.178640 0.277483
v -0.076260 1.173905 0.278170
v -0.075584 1.174400 0.278136
v -0.076261 1.182819 0.276042
v -0.076717 1.165274 0.276712
v -0.076257 1.165781 0.276912
v -0.076837 1.161529 0.274881
v -0.075972 1.158378 0.272595
v -0.076154 1.154360 0.267907
v -0.076952 1.152704 0.264788
v -0.076260 1.151363 0.260778
v -0.076717 1.150810 0.256414
v -0.075737 1.150785 0.255176
v -0.076178 1.151012 0.252514
v -0.076208 1.152154 0.248008
v -0.076040 1.154728 0.243008
v -0.076259 1.156695 0.240558
v -0.076519 1.160209 0.237466
v -0.075685 1.165077 0.234829
v -0.076284 1.168190 0.233861
v -0.075561 1.174251 0.233311
v -0.076884 1.175563 0.233395
v -0.077233 1.181006 0.234733
v -0.075928 1.180747 0.234593
v -0.076836 1.184934 0.236596
v -0.076842 1.192187 0.243731
v -0.076259 1.193538 0.246167
v -0.076810 1.195606 0.253991
v -0.076260 1.194212 0.263700
v -0.075676 1.194398 0.263179
v -0.075907 1.192412 0.267410
v -0.076889 1.190156 0.270476
v -0.075644 1.189949 0.270699
v -0.076828 1.185253 0.274689
v -0.076990 1.187001 0.273452
v -0.075802 1.186248 0.274007
v -0.076107 1.181024 0.276835
v -0.076385 1.178701 0.277556
v -0.075978 1.168981 0.277777
v -0.076572 1.164541 0.276452
v -0.075827 1.162683 0.275571
v -0.075899 1.156695 0.270913
v -0.076411 1.157741 0.272005
v -0.077066 1.156629 0.270805
v -0.076946 1.155186 0.269055
v -0.075620 1.153475 0.266378
v -0.077064 1.154007 0.267275
v -0.075927 1.152932 0.265309
v -0.076701 1.151742 0.262316
v -0.076038 1.151342 0.260747
v -0.076838 1.150972 0.258594
v -0.076919 1.150926 0.253271
v -0.076870 1.151550 0.249799
v -0.076273 1.152786 0.246443
v -0.076003 1.153891 0.244352
v -0.076910 1.153857 0.244430
v -0.075918 1.158102 0.239160
v -0.076540 1.157643 0.239598
v -0.075787 1.159700 0.237808
v -0.077165 1.158924 0.238474
v -0.076259 1.161292 0.236725
v -0.077165 1.162077 0.236302
v -0.076828 1.163474 0.235533
v -0.076831 1.166084 0.234467
v -0.076957 1.169255 0.233658
v -0.076536 1.172046 0.233327
v -0.076546 1.173621 0.233304
v -0.076255 1.182539 0.235299
v -0.077041 1.181724 0.234995
v -0.075802 1.184179 0.236162
v -0.075623 1.186321 0.237476
v -0.076867 1.187780 0.238654
v -0.075912 1.188895 0.239671
v -0.076696 1.190289 0.241133
v -0.076923 1.191051 0.242116
v -0.075609 1.192297 0.243903
v -0.075802 1.194816 0.249638
v -0.076998 1.194810 0.249625
v -0.076086 1.195376 0.251834
v -0.076444 1.195726 0.256777
v -0.076883 1.195507 0.258496
v -0.075802 1.195143 0.260534
v -0.076617 1.194818 0.261990
v -0.076731 1.194429 0.263185
v -0.076828 1.193203 0.266019
v -0.076878 1.191128 0.269289
v -0.076656 1.188674 0.272042
v -0.076260 1.187134 0.273354
v -0.075464 1.184440 0.275170
v -0.076717 1.183426 0.275720
v -0.076183 1.172270 0.278191
v -0.077067 1.171409 0.278105
v -0.077652 1.173231 0.255740
v -0.077650 1.177914 0.267311
v -0.077650 1.181985 0.264638
v -0.077650 1.184724 0.260611
v -0.077650 1.185713 0.255842
v -0.077651 1.176923 0.253109
v -0.077650 1.184804 0.251058
v -0.077650 1.182130 0.246986
v -0.077650 1.178102 0.244247
v -0.077650 1.173333 0.243256
v -0.077651 1.170599 0.252049
v -0.077650 1.168548 0.244169
v -0.077650 1.164477 0.246842
v -0.077650 1.161737 0.250869
v -0.077650 1.160748 0.255638
v -0.077651 1.169538 0.258371
v -0.077650 1.161659 0.260422
v -0.077650 1.164332 0.264493
v -0.077650 1.168360 0.267234
v -0.077650 1.173128 0.268224
v -0.077651 1.175862 0.259432
v -0.076575 1.176607 0.277930
v -0.077034 1.175833 0.278026
v -0.075027 1.176673 0.277789
v -0.074973 1.176032 0.277784
v -0.074925 1.174567 0.277552
v -0.074918 1.176024 0.277325
v -0.074877 1.173837 0.275862
v -0.074875 1.174435 0.275269
v -0.074872 1.175207 0.272882
v -0.077492 1.175492 0.277941
v -0.077546 1.176137 0.277771
v -0.077592 1.177527 0.277190
v -0.077614 1.176809 0.277067
v -0.077642 1.177741 0.275319
v -0.077643 1.176256 0.275147
v -0.077645 1.175568 0.273868
v -0.075031 1.172807 0.278021
v -0.075055 1.170333 0.277865
v -0.074931 1.173351 0.277667
v -0.074913 1.171362 0.277366
v -0.074877 1.169897 0.275593
v -0.074875 1.170598 0.275130
v -0.074872 1.171825 0.272939
v -0.077351 1.171150 0.278031
v -0.077484 1.170088 0.277813
v -0.077551 1.171807 0.277910
v -0.077600 1.171746 0.277475
v -0.077634 1.171059 0.276663
v -0.077637 1.172910 0.276567
v -0.077643 1.172240 0.275315
v -0.075078 1.167332 0.277290
v -0.074989 1.167745 0.277307
v -0.074939 1.167810 0.277082
v -0.074935 1.169995 0.277498
v -0.074923 1.166202 0.276409
v -0.074880 1.166402 0.275230
v -0.074872 1.168496 0.272334
v -0.074874 1.166721 0.273173
v -0.077553 1.168908 0.277538
v -0.077551 1.167493 0.277203
v -0.077600 1.167534 0.276767
v -0.077634 1.167026 0.275840
v -0.077637 1.168855 0.276104
v -0.077643 1.168439 0.274746
v -0.075172 1.164269 0.276239
v -0.075055 1.162083 0.275070
v -0.074980 1.163342 0.275649
v -0.074912 1.163218 0.274999
v -0.074906 1.163637 0.275062
v -0.074877 1.162556 0.272809
v -0.074877 1.165142 0.274001
v -0.077484 1.161875 0.274927
v -0.077554 1.164744 0.276277
v -0.077509 1.163628 0.275891
v -0.077597 1.163690 0.275370
v -0.077634 1.163213 0.274236
v -0.077637 1.164959 0.274857
v -0.077643 1.164823 0.273444
v -0.075078 1.159536 0.273394
v -0.074989 1.159909 0.273564
v -0.074940 1.160058 0.273386
v -0.074917 1.161255 0.273888
v -0.074923 1.158813 0.272135
v -0.074880 1.159470 0.271138
v -0.074872 1.162506 0.269260
v -0.074874 1.160545 0.269356
v -0.077324 1.158976 0.273019
v -0.077483 1.158349 0.272341
v -0.077554 1.160892 0.274222
v -0.077552 1.159716 0.273371
v -0.077600 1.159926 0.272987
v -0.077634 1.159807 0.271938
v -0.077637 1.161388 0.272876
v -0.077643 1.161531 0.271465
v -0.075169 1.157118 0.271262
v -0.075062 1.155755 0.269616
v -0.074974 1.156439 0.270296
v -0.074930 1.157449 0.270933
v -0.074914 1.156920 0.270081
v -0.074923 1.155894 0.269008
v -0.074877 1.158771 0.269518
v -0.077377 1.156387 0.270450
v -0.077483 1.155388 0.269109
v -0.077553 1.157527 0.271464
v -0.077551 1.156528 0.270389
v -0.077600 1.156815 0.270060
v -0.077634 1.156902 0.269001
v -0.077637 1.158270 0.270234
v -0.077643 1.158687 0.268880
v -0.075217 1.154702 0.268331
v -0.075031 1.154470 0.267766
v -0.075055 1.153219 0.265614
v -0.074913 1.154211 0.266200
v -0.074877 1.154872 0.264001
v -0.074875 1.155648 0.264326
v -0.074872 1.158149 0.264126
v -0.077460 1.153011 0.265190
v -0.077554 1.154765 0.268103
v -0.077551 1.153997 0.266858
v -0.077606 1.154464 0.266645
v -0.077634 1.154627 0.265560
v -0.077637 1.155736 0.267044
v -0.077643 1.156404 0.265790
v -0.074980 1.152161 0.262839
v -0.074939 1.152477 0.263095
v -0.074935 1.153345 0.265144
v -0.074923 1.152140 0.261381
v -0.074880 1.153232 0.260897
v -0.074872 1.156803 0.261022
v -0.074874 1.155118 0.260013
v -0.077352 1.151838 0.262339
v -0.077554 1.152704 0.264255
v -0.077545 1.152168 0.262831
v -0.077616 1.153206 0.263592
v -0.077634 1.153070 0.261745
v -0.077637 1.153867 0.263417
v -0.077643 1.154767 0.262314
v -0.075077 1.151064 0.258536
v -0.075075 1.151548 0.261150
v -0.074974 1.151185 0.258538
v -0.074914 1.151701 0.258599
v -0.074923 1.151445 0.257146
v -0.074877 1.153553 0.259163
v -0.077526 1.151036 0.257611
v -0.077597 1.151610 0.258715
v -0.077634 1.152286 0.257697
v -0.077637 1.152739 0.259482
v -0.077643 1.153837 0.258588
v -0.075167 1.150862 0.255335
v -0.075036 1.151180 0.252317
v -0.074974 1.151064 0.254173
v -0.074925 1.151575 0.252812
v -0.074914 1.151593 0.253813
v -0.074877 1.153377 0.252406
v -0.074875 1.153841 0.253108
v -0.074872 1.156032 0.254334
v -0.077483 1.151158 0.252600
v -0.077528 1.150984 0.255462
v -0.077552 1.151062 0.254298
v -0.077600 1.151496 0.254256
v -0.077634 1.152307 0.253570
v -0.077637 1.152403 0.255411
v -0.077643 1.153656 0.254749
v -0.075246 1.151434 0.250604
v -0.075056 1.152100 0.248569
v -0.074979 1.151775 0.249925
v -0.074935 1.151870 0.250496
v -0.074912 1.152387 0.249688
v -0.074877 1.154409 0.248598
v -0.074875 1.154727 0.249374
v -0.074872 1.156637 0.251005
v -0.077457 1.151770 0.249523
v -0.077554 1.151431 0.251424
v -0.077552 1.151769 0.250001
v -0.077600 1.152205 0.250047
v -0.077634 1.153131 0.249532
v -0.077637 1.152865 0.251363
v -0.077643 1.154225 0.250947
v -0.074988 1.153143 0.246165
v -0.075076 1.153357 0.245533
v -0.074939 1.153358 0.246258
v -0.074917 1.153103 0.247522
v -0.074923 1.154341 0.244796
v -0.074880 1.155441 0.245253
v -0.074872 1.157880 0.247859
v -0.074874 1.157402 0.245954
v -0.077484 1.154042 0.244387
v -0.077554 1.152700 0.247235
v -0.077511 1.153226 0.245855
v -0.077597 1.153594 0.246213
v -0.077634 1.154726 0.245734
v -0.077637 1.154111 0.247476
v -0.077643 1.155524 0.247333
v -0.075170 1.154870 0.242959
v -0.075031 1.154941 0.243009
v -0.075077 1.155736 0.241843
v -0.074974 1.155663 0.242130
v -0.074930 1.155251 0.243225
v -0.074914 1.155987 0.242536
v -0.074923 1.156835 0.241322
v -0.074877 1.156898 0.244246
v -0.077325 1.155957 0.241480
v -0.077483 1.156636 0.240850
v -0.077554 1.154747 0.243404
v -0.077546 1.156040 0.241643
v -0.077597 1.155833 0.242563
v -0.077634 1.157033 0.242317
v -0.077637 1.156095 0.243897
v -0.077643 1.157506 0.244040
v -0.075031 1.157776 0.239686
v -0.075092 1.159414 0.238185
v -0.074973 1.158666 0.238956
v -0.074925 1.160002 0.238347
v -0.074914 1.159293 0.239079
v -0.074877 1.161545 0.239348
v -0.074875 1.161380 0.240167
v -0.074872 1.162063 0.242585
v -0.077460 1.157739 0.239685
v -0.077539 1.158620 0.238981
v -0.077634 1.159976 0.239406
v -0.077637 1.158737 0.240780
v -0.077643 1.160089 0.241196
v -0.075028 1.162146 0.236385
v -0.074969 1.161956 0.236592
v -0.075031 1.161065 0.237013
v -0.074931 1.160940 0.237580
v -0.074912 1.162771 0.236721
v -0.074877 1.164971 0.237381
v -0.074875 1.164646 0.238155
v -0.074872 1.164846 0.240659
v -0.077375 1.162094 0.236347
v -0.077589 1.161409 0.237297
v -0.077606 1.162318 0.236977
v -0.077634 1.163420 0.237132
v -0.077637 1.161936 0.238238
v -0.077643 1.163179 0.238914
v -0.075155 1.165579 0.234734
v -0.074977 1.165700 0.234816
v -0.075117 1.167024 0.234256
v -0.074969 1.167195 0.234388
v -0.074939 1.165889 0.234982
v -0.074916 1.165302 0.235518
v -0.074923 1.167601 0.234647
v -0.074880 1.168064 0.235746
v -0.074872 1.167949 0.239312
v -0.074874 1.168960 0.237628
v -0.077483 1.167701 0.234141
v -0.077553 1.164712 0.235215
v -0.077552 1.166083 0.234705
v -0.077599 1.166273 0.235093
v -0.077616 1.165379 0.235716
v -0.077634 1.167225 0.235580
v -0.077637 1.165559 0.236374
v -0.077643 1.166656 0.237276
v -0.075228 1.170052 0.233581
v -0.075063 1.171401 0.233499
v -0.074973 1.170431 0.233696
v -0.074930 1.169366 0.234177
v -0.074914 1.170367 0.234209
v -0.074923 1.171836 0.233951
v -0.074877 1.169808 0.236063
v -0.077376 1.170375 0.233560
v -0.077554 1.168894 0.233945
v -0.077552 1.170311 0.233718
v -0.077599 1.170435 0.234133
v -0.077634 1.171280 0.234794
v -0.077637 1.169490 0.235250
v -0.077643 1.170385 0.236348
v -0.075275 1.173244 0.233315
v -0.075031 1.173655 0.233460
v -0.075055 1.176129 0.233615
v -0.074912 1.175093 0.234114
v -0.074877 1.176565 0.235887
v -0.074875 1.175862 0.236351
v -0.074872 1.174637 0.238541
v -0.077376 1.174751 0.233428
v -0.077554 1.173217 0.233518
v -0.077551 1.174650 0.233569
v -0.077600 1.174702 0.234003
v -0.077634 1.175403 0.234817
v -0.077637 1.173553 0.234913
v -0.077643 1.174222 0.236165
v -0.075037 1.180133 0.234515
v -0.074939 1.178655 0.234399
v -0.074935 1.176469 0.233983
v -0.074923 1.180266 0.235073
v -0.074880 1.180056 0.236250
v -0.074872 1.177965 0.239146
v -0.074874 1.179741 0.238307
v -0.077486 1.180550 0.234684
v -0.077554 1.177554 0.233942
v -0.077517 1.179023 0.234202
v -0.077597 1.178751 0.234626
v -0.077634 1.179436 0.235640
v -0.077637 1.177607 0.235376
v -0.077643 1.178022 0.236734
v -0.075168 1.182168 0.235230
v -0.074986 1.182811 0.235660
v -0.075103 1.184556 0.236470
v -0.074913 1.183242 0.236480
v -0.074906 1.182832 0.236424
v -0.074877 1.183909 0.238674
v -0.074877 1.181318 0.237478
v -0.077484 1.184593 0.236557
v -0.077552 1.181668 0.235176
v -0.077546 1.183706 0.236132
v -0.077597 1.182771 0.236109
v -0.077634 1.183243 0.237240
v -0.077637 1.181503 0.236623
v -0.077643 1.181640 0.238036
v -0.075155 1.186435 0.237700
v -0.074988 1.186560 0.237922
v -0.075078 1.187128 0.238245
v -0.074939 1.186401 0.238095
v -0.074935 1.184534 0.236870
v -0.074923 1.187643 0.239340
v -0.074880 1.186995 0.240345
v -0.074872 1.183957 0.242220
v -0.074874 1.185917 0.242125
v -0.077442 1.187474 0.238527
v -0.077416 1.185963 0.237373
v -0.077538 1.186813 0.238137
v -0.077597 1.186408 0.238340
v -0.077616 1.185518 0.238087
v -0.077634 1.186656 0.239544
v -0.077637 1.185070 0.238602
v -0.077643 1.184930 0.240016
v -0.075031 1.189285 0.240285
v -0.074973 1.190013 0.241174
v -0.074930 1.189013 0.240547
v -0.074914 1.189543 0.241402
v -0.074923 1.190561 0.242465
v -0.074877 1.187691 0.241963
v -0.077458 1.190317 0.241342
v -0.077537 1.189595 0.240666
v -0.077563 1.189753 0.240969
v -0.077616 1.188726 0.240823
v -0.077634 1.189560 0.242476
v -0.077637 1.188184 0.241239
v -0.077643 1.187774 0.242600
v -0.075191 1.192290 0.244025
v -0.075057 1.193240 0.245862
v -0.074912 1.192251 0.245285
v -0.074877 1.191591 0.247482
v -0.074876 1.191299 0.247420
v -0.077351 1.192922 0.245088
v -0.077483 1.193332 0.246095
v -0.077528 1.191887 0.243617
v -0.077552 1.192467 0.244628
v -0.077600 1.192124 0.244897
v -0.077634 1.191836 0.245924
v -0.077637 1.190727 0.244436
v -0.077643 1.190057 0.245690
v -0.075238 1.193882 0.247033
v -0.074980 1.194183 0.248278
v -0.075105 1.194889 0.250194
v -0.074934 1.193116 0.246339
v -0.074906 1.193676 0.248856
v -0.074887 1.193279 0.249142
v -0.074881 1.193241 0.250269
v -0.074872 1.189659 0.250458
v -0.074874 1.191343 0.251467
v -0.077376 1.194423 0.248601
v -0.077554 1.193756 0.247223
v -0.077551 1.194265 0.248589
v -0.077600 1.193876 0.248796
v -0.077634 1.193393 0.249739
v -0.077637 1.192598 0.248073
v -0.077643 1.191697 0.249166
v -0.075192 1.195370 0.252523
v -0.074980 1.195235 0.252497
v -0.075089 1.195595 0.255480
v -0.074906 1.194628 0.252982
v -0.074887 1.194180 0.253178
v -0.074881 1.193922 0.254273
v -0.074877 1.192863 0.251986
v -0.074874 1.191829 0.255082
v -0.077371 1.195411 0.252879
v -0.077484 1.195492 0.254513
v -0.077553 1.195023 0.251387
v -0.077552 1.195255 0.252833
v -0.077600 1.194832 0.252943
v -0.077634 1.194176 0.253795
v -0.077637 1.193721 0.251996
v -0.077643 1.192623 0.252893
v -0.074989 1.195453 0.256923
v -0.075092 1.195413 0.258387
v -0.074940 1.195221 0.256897
v -0.074934 1.195199 0.254656
v -0.074923 1.194871 0.258622
v -0.074904 1.194592 0.258255
v -0.074880 1.193680 0.258627
v -0.074872 1.190165 0.256895
v -0.074874 1.191599 0.258724
v -0.077372 1.195542 0.257263
v -0.077484 1.195301 0.258901
v -0.077554 1.195453 0.255719
v -0.077551 1.195401 0.257178
v -0.077606 1.194889 0.257100
v -0.077634 1.194155 0.257909
v -0.077637 1.194058 0.256057
v -0.077643 1.192807 0.256730
v -0.075077 1.194779 0.261645
v -0.074974 1.194670 0.261588
v -0.074930 1.194631 0.260422
v -0.074914 1.194215 0.261345
v -0.074923 1.193893 0.262793
v -0.074877 1.192721 0.260106
v -0.077254 1.194576 0.262664
v -0.077554 1.195027 0.260066
v -0.077551 1.194698 0.261462
v -0.077599 1.194260 0.261437
v -0.077634 1.193330 0.261950
v -0.077637 1.193593 0.260126
v -0.077643 1.192237 0.260532
v -0.074976 1.193134 0.265639
v -0.074940 1.193361 0.264752
v -0.074912 1.192490 0.265743
v -0.074877 1.190297 0.266418
v -0.074876 1.190185 0.266143
v -0.077511 1.192936 0.266154
v -0.077549 1.192338 0.267042
v -0.077559 1.193172 0.265429
v -0.077597 1.192869 0.265264
v -0.077616 1.192942 0.264347
v -0.077634 1.191734 0.265747
v -0.077637 1.192349 0.264010
v -0.077643 1.190936 0.264148
v -0.075304 1.191071 0.269311
v -0.075056 1.190008 0.270454
v -0.074973 1.190855 0.269276
v -0.074923 1.191557 0.267609
v -0.074906 1.190308 0.268920
v -0.074881 1.188650 0.269557
v -0.074872 1.186054 0.266753
v -0.074874 1.186847 0.268425
v -0.077440 1.190139 0.270340
v -0.077559 1.191094 0.268945
v -0.077563 1.190943 0.269060
v -0.077616 1.190884 0.268028
v -0.077634 1.189419 0.269173
v -0.077637 1.190366 0.267584
v -0.077643 1.188955 0.267442
v -0.075031 1.188686 0.271794
v -0.075055 1.186826 0.273435
v -0.074906 1.187409 0.271997
v -0.074887 1.186997 0.271738
v -0.074881 1.185948 0.272130
v -0.074876 1.186420 0.270376
v -0.074872 1.184398 0.268897
v -0.077467 1.187601 0.272840
v -0.077539 1.188152 0.272234
v -0.077597 1.187726 0.272059
v -0.077634 1.186483 0.272077
v -0.077637 1.187729 0.270696
v -0.077643 1.186371 0.270283
v -0.075167 1.185324 0.274562
v -0.075056 1.183097 0.275756
v -0.074979 1.184293 0.275021
v -0.074935 1.186334 0.273407
v -0.074906 1.183971 0.274446
v -0.074887 1.183600 0.274123
v -0.074881 1.182190 0.274406
v -0.074877 1.184214 0.272440
v -0.074874 1.180955 0.272670
v -0.077351 1.183872 0.275437
v -0.077554 1.185585 0.274212
v -0.077546 1.183717 0.275342
v -0.077597 1.184258 0.274578
v -0.077616 1.184838 0.273848
v -0.077634 1.183043 0.274347
v -0.077637 1.184529 0.273239
v -0.077643 1.183283 0.272566
v -0.074991 1.179154 0.277185
v -0.074919 1.179193 0.276689
v -0.074880 1.178442 0.275696
v -0.074877 1.180308 0.274269
v -0.077364 1.179826 0.277101
v -0.077474 1.181572 0.276467
v -0.077595 1.179536 0.276676
v -0.077589 1.181228 0.276135
v -0.077620 1.180644 0.275845
v -0.077636 1.180168 0.275509
v -0.077643 1.179805 0.274205
v -0.074871 1.173793 0.270360
v -0.074871 1.169470 0.270105
v -0.074869 1.164364 0.259730
v -0.074871 1.159940 0.261854
v -0.074871 1.158783 0.253440
v -0.074871 1.159874 0.249249
v -0.074869 1.169242 0.246872
v -0.074871 1.164640 0.243898
v -0.074871 1.168377 0.241706
v -0.074871 1.175530 0.241292
v -0.074869 1.182097 0.251750
v -0.074871 1.186048 0.248241
v -0.074872 1.188378 0.248614
v -0.074871 1.187941 0.253717
v -0.074871 1.188054 0.256626
v -0.074871 1.186586 0.262231
v -0.074867 1.176072 0.258414
v -0.074872 1.187571 0.264374
v -0.074871 1.181820 0.267583
v -0.074869 1.173541 0.265997
v -0.003331 1.190915 0.166496
v -0.002337 1.186368 0.163480
v -0.001079 1.190702 0.166819
v 0.000376 1.185598 0.164184
v 0.001993 1.188932 0.167372
v 0.001334 1.185105 0.164632
v 0.002630 1.189638 0.169091
v 0.003666 1.182368 0.167147
v -0.002491 1.175363 0.173588
v -0.005164 1.175439 0.173526
v -0.008109 1.176330 0.172699
v -0.011165 1.181855 0.167623
v -0.010851 1.188689 0.169557
v -0.008663 1.185160 0.164582
v -0.007469 1.185771 0.164020
v -0.005386 1.186245 0.163611
v -0.005000 1.186265 0.164696
v -0.002144 1.186639 0.163253
v 0.000740 1.185760 0.164061
v 0.002714 1.184246 0.165431
v 0.003678 1.183134 0.166475
v 0.004282 1.180887 0.168538
v 0.003666 1.178628 0.170611
v -0.000213 1.175565 0.173436
v -0.003661 1.176166 0.176367
v -0.003695 1.175015 0.173927
v -0.005284 1.175130 0.173824
v -0.011569 1.180668 0.168718
v -0.011452 1.182014 0.167488
v -0.011066 1.183138 0.166471
v -0.005192 1.188634 0.164215
v 0.001001 1.185400 0.166514
v -0.001154 1.177422 0.173840
v -0.009135 1.179197 0.172317
v -0.003271 1.188729 0.164147
v -0.002601 1.187846 0.163301
v -0.002004 1.187519 0.163189
v -0.002686 1.187349 0.163021
v -0.003695 1.187548 0.163022
v -0.002055 1.187082 0.163098
v -0.002724 1.186924 0.163075
v -0.003441 1.187049 0.163015
v -0.001866 1.191368 0.167268
v -0.003067 1.192409 0.168228
v -0.003444 1.191986 0.167702
v -0.002204 1.192424 0.168557
v -0.002055 1.192385 0.168873
v -0.003695 1.192504 0.168764
v -0.003028 1.192403 0.169021
v -0.002531 1.192396 0.168990
v -0.002276 1.191700 0.169739
v -0.001800 1.191997 0.169442
v -0.003695 1.192198 0.169255
v -0.002348 1.190511 0.170857
v -0.001965 1.188848 0.164497
v -0.001026 1.187517 0.163469
v -0.000377 1.187155 0.163522
v -0.001597 1.187302 0.163182
v -0.000478 1.186730 0.163422
v -0.001655 1.186864 0.163185
v -0.001385 1.192183 0.169210
v -0.000957 1.192111 0.169253
v -0.000689 1.191757 0.169660
v -0.001221 1.190755 0.170625
v 0.000487 1.187422 0.164269
v 0.000544 1.187010 0.163924
v 0.001123 1.186565 0.164064
v -0.000002 1.186877 0.163569
v 0.000975 1.186157 0.163947
v -0.000127 1.186456 0.163558
v 0.000806 1.190708 0.168133
v 0.000036 1.190814 0.167624
v 0.000164 1.191883 0.169074
v 0.000975 1.191460 0.169722
v 0.000082 1.191750 0.169609
v 0.000626 1.191239 0.170135
v -0.000415 1.189927 0.171392
v -0.000118 1.190351 0.170996
v 0.001621 1.187620 0.165568
v 0.002033 1.186347 0.164721
v 0.002437 1.185771 0.164794
v 0.001440 1.186240 0.164156
v 0.002249 1.185387 0.164654
v 0.001258 1.185840 0.164124
v 0.001969 1.185062 0.164715
v 0.002437 1.190584 0.170035
v 0.002004 1.190495 0.169201
v 0.001937 1.190962 0.169903
v 0.002366 1.190667 0.170060
v 0.001008 1.191388 0.169912
v 0.001853 1.190512 0.170801
v 0.002298 1.190503 0.170751
v 0.003120 1.185818 0.165760
v 0.002678 1.185998 0.165251
v 0.003515 1.184803 0.165683
v 0.002702 1.185390 0.164933
v 0.003295 1.184449 0.165516
v 0.002458 1.185029 0.164867
v 0.003338 1.189018 0.169685
v 0.003295 1.189752 0.171291
v 0.002522 1.190314 0.170939
v 0.002983 1.190002 0.171145
v 0.002378 1.189404 0.171846
v 0.003490 1.189172 0.172000
v 0.001080 1.188759 0.172464
v 0.004102 1.184799 0.166890
v 0.004122 1.184336 0.166522
v 0.004317 1.183698 0.166697
v 0.003694 1.184395 0.165843
v 0.004071 1.183378 0.166499
v 0.003434 1.184054 0.165763
v 0.003072 1.183804 0.165833
v 0.004317 1.188511 0.171938
v 0.004147 1.188700 0.171373
v 0.003685 1.188918 0.170336
v 0.003816 1.189339 0.171412
v 0.004071 1.188682 0.172274
v 0.003638 1.189241 0.171844
v 0.003619 1.188643 0.172509
v 0.003968 1.188527 0.172567
v 0.004678 1.183752 0.167865
v 0.004703 1.183155 0.167474
v 0.004874 1.182931 0.168248
v 0.004810 1.182500 0.167797
v 0.004413 1.183280 0.166874
v 0.004550 1.182217 0.167566
v 0.004111 1.182974 0.166752
v 0.004161 1.182041 0.167489
v 0.004768 1.187456 0.172401
v 0.004584 1.187644 0.171685
v 0.004083 1.188265 0.172822
v 0.004371 1.187842 0.173129
v 0.004070 1.187549 0.173513
v 0.001987 1.187087 0.174000
v 0.004970 1.183251 0.169209
v 0.005022 1.181904 0.168750
v 0.004977 1.181254 0.168942
v 0.004825 1.182067 0.167991
v 0.004711 1.181009 0.168675
v 0.004501 1.181819 0.167816
v 0.004977 1.186067 0.174183
v 0.005046 1.185954 0.173659
v 0.004859 1.187070 0.173376
v 0.004825 1.187261 0.173265
v 0.004945 1.186132 0.174262
v 0.004711 1.186312 0.174450
v 0.004430 1.187118 0.173875
v 0.003678 1.186428 0.174576
v 0.004516 1.185999 0.174877
v 0.005078 1.182009 0.170164
v 0.004921 1.180474 0.170202
v 0.004901 1.180823 0.169127
v 0.004550 1.179801 0.169784
v 0.004567 1.180613 0.168920
v 0.004810 1.184821 0.175327
v 0.004987 1.184470 0.174158
v 0.005049 1.185355 0.173768
v 0.004794 1.185069 0.175306
v 0.004550 1.185104 0.175559
v 0.004004 1.185261 0.175624
v 0.002015 1.185608 0.175357
v 0.004803 1.180725 0.171505
v 0.004595 1.179423 0.171039
v 0.004317 1.178809 0.171187
v 0.004649 1.179591 0.170263
v 0.004071 1.178639 0.170851
v 0.004333 1.179449 0.169995
v 0.004317 1.183622 0.176428
v 0.004549 1.183003 0.175208
v 0.004487 1.183467 0.175923
v 0.004745 1.183416 0.174764
v 0.004337 1.183877 0.176408
v 0.004071 1.183942 0.176626
v 0.004262 1.184576 0.176128
v 0.003117 1.184350 0.176485
v 0.003315 1.183904 0.176875
v 0.003873 1.184078 0.176651
v 0.002222 1.184616 0.176262
v 0.004155 1.178971 0.172165
v 0.003721 1.178121 0.172348
v 0.004074 1.178421 0.171331
v 0.003295 1.177569 0.171834
v 0.003767 1.178314 0.171031
v 0.003515 1.182518 0.177442
v 0.003582 1.181738 0.176672
v 0.003721 1.182336 0.176976
v 0.004319 1.182772 0.175810
v 0.002950 1.182434 0.177971
v 0.003563 1.183578 0.177112
v 0.002817 1.183194 0.177523
v 0.001124 1.184089 0.176752
v 0.001632 1.183819 0.176994
v 0.002906 1.177245 0.173045
v 0.002437 1.176737 0.173090
v 0.003202 1.177356 0.172310
v 0.002249 1.176630 0.172696
v 0.002934 1.177302 0.171961
v 0.001943 1.176792 0.172279
v 0.002437 1.181550 0.178331
v 0.002781 1.180951 0.177335
v 0.002707 1.181849 0.178201
v 0.002249 1.181934 0.178471
v 0.002822 1.182669 0.177930
v 0.001871 1.182350 0.178298
v 0.002064 1.176438 0.173152
v 0.000975 1.175860 0.173403
v 0.001837 1.176415 0.172777
v 0.000755 1.175985 0.173051
v 0.001123 1.180756 0.179060
v 0.001690 1.180531 0.178338
v 0.001245 1.180970 0.179074
v 0.000975 1.181164 0.179178
v 0.001616 1.181807 0.178751
v 0.000401 1.181912 0.178723
v 0.000703 1.181563 0.179010
v 0.000856 1.181370 0.179138
v -0.000757 1.182840 0.177900
v 0.000720 1.175708 0.173829
v -0.000478 1.175288 0.173928
v -0.000159 1.179216 0.178591
v 0.000601 1.179471 0.178291
v -0.000478 1.180591 0.179703
v 0.000176 1.181065 0.179420
v -0.000703 1.181074 0.179469
v -0.000809 1.180737 0.179719
v -0.001387 1.175246 0.174860
v -0.002004 1.174989 0.174695
v -0.000824 1.175172 0.174315
v -0.002055 1.174936 0.174252
v -0.000924 1.175206 0.173887
v -0.001031 1.175393 0.173569
v -0.001770 1.179109 0.179234
v -0.001017 1.179600 0.179463
v -0.001830 1.179970 0.179988
v -0.002055 1.180239 0.180027
v -0.001125 1.180672 0.179794
v -0.002308 1.181157 0.179421
v -0.002151 1.180692 0.179810
v -0.002731 1.182326 0.178373
v -0.002812 1.175477 0.175534
v -0.002975 1.174979 0.174974
v -0.003695 1.174866 0.174808
v -0.002448 1.174877 0.174591
v -0.003695 1.174817 0.174361
v -0.002519 1.174914 0.174157
v -0.003695 1.179679 0.180049
v -0.003023 1.179197 0.179590
v -0.002843 1.179033 0.179409
v -0.002415 1.179821 0.180031
v -0.003500 1.179826 0.180124
v -0.003695 1.180120 0.180136
v -0.002757 1.180407 0.180038
v -0.003235 1.180306 0.180094
v -0.003695 1.180997 0.179563
v -0.003936 1.175339 0.175428
v -0.005387 1.174989 0.174695
v -0.004145 1.174818 0.174643
v -0.005336 1.174936 0.174252
v -0.004139 1.174861 0.174204
v -0.004980 1.178797 0.179071
v -0.003911 1.179277 0.179747
v -0.005193 1.179921 0.180038
v -0.004525 1.180351 0.180062
v -0.004979 1.182410 0.178296
v -0.006673 1.175524 0.174858
v -0.007014 1.175352 0.174361
v -0.005811 1.175004 0.174472
v -0.006913 1.175288 0.173928
v -0.005718 1.175036 0.174049
v -0.007061 1.179589 0.179062
v -0.006802 1.178840 0.178431
v -0.006515 1.179797 0.179572
v -0.006913 1.180591 0.179703
v -0.006416 1.180618 0.179797
v -0.006517 1.181410 0.179184
v -0.006476 1.180793 0.179694
v -0.007439 1.176315 0.175266
v -0.008026 1.175887 0.174328
v -0.008514 1.175943 0.173819
v -0.007391 1.175424 0.174089
v -0.008366 1.175860 0.173403
v -0.007268 1.175451 0.173661
v -0.008146 1.175985 0.173051
v -0.008637 1.179674 0.177942
v -0.007811 1.180055 0.179037
v -0.007381 1.180359 0.179539
v -0.008366 1.181164 0.179178
v -0.007475 1.181028 0.179454
v -0.008052 1.181610 0.178977
v -0.006777 1.182840 0.177900
v -0.009828 1.176737 0.173090
v -0.008844 1.176069 0.173495
v -0.009640 1.176630 0.172696
v -0.008662 1.176074 0.173090
v -0.009360 1.176718 0.172377
v -0.008366 1.176151 0.172875
v -0.009640 1.181934 0.178471
v -0.008428 1.181371 0.179109
v -0.009262 1.182350 0.178298
v -0.008246 1.183081 0.177671
v -0.010344 1.177514 0.173263
v -0.010508 1.177865 0.173431
v -0.010906 1.177705 0.172201
v -0.010094 1.176909 0.172720
v -0.010685 1.177569 0.171834
v -0.009856 1.176876 0.172355
v -0.010906 1.182518 0.177442
v -0.010824 1.181800 0.177032
v -0.010298 1.181643 0.177830
v -0.009948 1.181755 0.178325
v -0.010072 1.182532 0.178053
v -0.010286 1.182717 0.177879
v -0.010208 1.183193 0.177524
v -0.008515 1.184089 0.176752
v -0.011206 1.178829 0.172957
v -0.011466 1.178457 0.171786
v -0.011708 1.178809 0.171187
v -0.011093 1.177908 0.171802
v -0.011462 1.178639 0.170851
v -0.010823 1.177851 0.171458
v -0.011696 1.182825 0.175906
v -0.011098 1.182286 0.177007
v -0.011420 1.182433 0.176328
v -0.011523 1.183419 0.176760
v -0.011462 1.183942 0.176626
v -0.010888 1.183487 0.177196
v -0.010929 1.184186 0.176612
v -0.009613 1.184616 0.176262
v -0.011809 1.179028 0.170781
v -0.011941 1.179801 0.169784
v -0.011496 1.178908 0.170487
v -0.012237 1.184082 0.174881
v -0.012074 1.183616 0.175278
v -0.012111 1.184794 0.175559
v -0.011941 1.185104 0.175559
v -0.011653 1.184576 0.176128
v -0.010927 1.185368 0.175549
v -0.011461 1.185274 0.175603
v -0.011730 1.185210 0.175612
v -0.009311 1.185730 0.175247
v -0.012429 1.181323 0.170065
v -0.012413 1.181001 0.169570
v -0.012368 1.181254 0.168942
v -0.012215 1.180240 0.169665
v -0.012102 1.181009 0.168675
v -0.011891 1.180094 0.169399
v -0.011706 1.180890 0.168546
v -0.012396 1.185348 0.174585
v -0.012102 1.186312 0.174450
v -0.011853 1.185767 0.175101
v -0.011543 1.186435 0.174546
v -0.012371 1.182282 0.168452
v -0.012294 1.181469 0.168537
v -0.011941 1.182217 0.167566
v -0.011963 1.181282 0.168309
v -0.012201 1.187313 0.173039
v -0.012292 1.186899 0.172720
v -0.012392 1.186394 0.173269
v -0.012468 1.184705 0.173434
v -0.011941 1.187520 0.173341
v -0.011858 1.186840 0.174130
v -0.010927 1.187487 0.173603
v -0.011645 1.187941 0.173094
v -0.009344 1.187336 0.173771
v -0.012031 1.183931 0.167858
v -0.012040 1.182708 0.167399
v -0.011462 1.183378 0.166499
v -0.011709 1.182467 0.167217
v -0.011367 1.182293 0.167232
v -0.011859 1.188228 0.172056
v -0.011768 1.188012 0.171328
v -0.011932 1.187079 0.170825
v -0.012040 1.187860 0.172764
v -0.011462 1.188682 0.172274
v -0.011169 1.188863 0.172258
v -0.011611 1.184902 0.167380
v -0.011322 1.184529 0.166219
v -0.010906 1.184803 0.165683
v -0.011474 1.183868 0.166333
v -0.010685 1.184449 0.165516
v -0.011158 1.183590 0.166188
v -0.010356 1.184168 0.165536
v -0.010906 1.189616 0.170924
v -0.011090 1.188992 0.170464
v -0.011401 1.188772 0.171026
v -0.011362 1.186916 0.168751
v -0.011029 1.189241 0.171844
v -0.010395 1.189842 0.171367
v -0.008350 1.188886 0.172348
v -0.010483 1.185986 0.165909
v -0.010567 1.185678 0.165767
v -0.009581 1.186573 0.165157
v -0.009640 1.185387 0.164654
v -0.010332 1.184597 0.165264
v -0.010864 1.189460 0.170421
v -0.010467 1.189531 0.169745
v -0.010785 1.189809 0.170927
v -0.009640 1.190691 0.170429
v -0.010123 1.190239 0.170927
v -0.009210 1.190553 0.170761
v -0.009488 1.190653 0.170613
v -0.008366 1.186157 0.163947
v -0.009230 1.185494 0.164445
v -0.008514 1.191378 0.169306
v -0.008185 1.190753 0.168141
v -0.008911 1.190356 0.168456
v -0.009268 1.190574 0.169116
v -0.008643 1.191370 0.169525
v -0.008939 1.191032 0.170267
v -0.008017 1.191239 0.170135
v -0.006775 1.190011 0.171315
v -0.007979 1.187328 0.164287
v -0.007442 1.187805 0.164365
v -0.007945 1.186696 0.163777
v -0.006913 1.186730 0.163422
v -0.007928 1.186188 0.163801
v -0.006817 1.186285 0.163579
v -0.007014 1.191969 0.168764
v -0.007286 1.190955 0.167673
v -0.007651 1.191353 0.168412
v -0.007827 1.191159 0.168313
v -0.007382 1.191907 0.168961
v -0.006913 1.192033 0.169197
v -0.007641 1.191674 0.169690
v -0.006474 1.191410 0.170003
v -0.006306 1.191834 0.169592
v -0.006830 1.191961 0.169412
v -0.006674 1.188010 0.164122
v -0.005387 1.187519 0.163189
v -0.005975 1.187228 0.163198
v -0.005336 1.187082 0.163098
v -0.006453 1.186699 0.163333
v -0.005387 1.192332 0.168430
v -0.006848 1.191771 0.168303
v -0.006003 1.191819 0.167953
v -0.005993 1.192279 0.168693
v -0.006147 1.192151 0.169240
v -0.005294 1.192304 0.169097
v -0.004791 1.190563 0.170809
v -0.004966 1.191070 0.170335
v -0.005331 1.187884 0.163470
v -0.004353 1.186948 0.163054
v -0.005021 1.186971 0.163086
v -0.004514 1.191971 0.167728
v -0.004681 1.192369 0.169059
v -0.003833 1.192448 0.168957
v -0.003695 1.191164 0.170248
v -0.004105 1.186232 0.163745
v -0.003005 1.186427 0.163431
v -0.002287 1.186150 0.163804
v -0.003610 1.186183 0.163962
v -0.003588 1.186198 0.163865
v -0.003695 1.186178 0.164140
v -0.002354 1.186080 0.164229
v -0.003169 1.186192 0.164308
v -0.002892 1.186371 0.164702
v -0.001593 1.186170 0.163683
v -0.001370 1.186179 0.163657
v -0.000932 1.185848 0.164082
v -0.002240 1.186071 0.164062
v -0.002181 1.186076 0.163982
v -0.001065 1.185792 0.164494
v -0.001843 1.186017 0.164468
v -0.002096 1.186417 0.164976
v -0.000264 1.185778 0.164042
v -0.000089 1.185765 0.164039
v 0.000316 1.185356 0.164533
v -0.000943 1.185769 0.164337
v -0.000896 1.185773 0.164256
v 0.000124 1.185324 0.164924
v -0.000976 1.185792 0.164691
v 0.000026 1.185505 0.165336
v -0.000032 1.185633 0.165454
v -0.000523 1.185834 0.165234
v 0.001080 1.185164 0.164596
v 0.001526 1.184819 0.164925
v 0.001410 1.184695 0.165140
v 0.000259 1.185283 0.164784
v 0.000342 1.185264 0.164729
v 0.001166 1.184695 0.165502
v 0.000505 1.185135 0.165276
v 0.000305 1.185500 0.165663
v 0.002516 1.184196 0.165465
v 0.001593 1.184707 0.165050
v 0.002457 1.184079 0.165589
v 0.002308 1.183889 0.165880
v 0.001299 1.184639 0.165382
v 0.001381 1.184616 0.165321
v 0.002020 1.183927 0.166206
v 0.001143 1.184746 0.165789
v 0.001190 1.184681 0.165706
v 0.001889 1.184171 0.166675
v 0.001556 1.184550 0.166426
v 0.002988 1.183514 0.166100
v 0.002485 1.183884 0.165807
v 0.003155 1.183124 0.166474
v 0.002975 1.182969 0.166725
v 0.002179 1.183836 0.166111
v 0.002235 1.183827 0.166046
v 0.002656 1.183052 0.167010
v 0.002009 1.183919 0.166411
v 0.002469 1.183378 0.167428
v 0.002213 1.183796 0.167098
v 0.003154 1.182945 0.166670
v 0.003603 1.182053 0.167466
v 0.003386 1.181972 0.167641
v 0.002801 1.182950 0.166929
v 0.002889 1.182890 0.166905
v 0.003047 1.182102 0.167883
v 0.002573 1.183123 0.167281
v 0.002617 1.183045 0.167216
v 0.002847 1.182564 0.168439
v 0.003847 1.181462 0.167985
v 0.003575 1.181901 0.167627
v 0.003791 1.180992 0.168436
v 0.003525 1.180934 0.168594
v 0.003180 1.181980 0.167826
v 0.003262 1.181919 0.167799
v 0.003179 1.181114 0.168790
v 0.003049 1.181797 0.168342
v 0.003004 1.181402 0.169103
v 0.002984 1.181563 0.169187
v 0.002938 1.182093 0.168685
v 0.003915 1.180373 0.168978
v 0.003698 1.180865 0.168580
v 0.003740 1.179961 0.169370
v 0.003386 1.179897 0.169546
v 0.003306 1.180974 0.168744
v 0.003376 1.180904 0.168730
v 0.003047 1.180126 0.169697
v 0.003076 1.180814 0.169245
v 0.003090 1.181115 0.168984
v 0.002875 1.180440 0.169987
v 0.002867 1.180608 0.170073
v 0.002957 1.180972 0.169632
v 0.003523 1.179113 0.170141
v 0.003554 1.179811 0.169547
v 0.002975 1.178899 0.170462
v 0.003154 1.179960 0.169675
v 0.003218 1.179879 0.169669
v 0.002656 1.179177 0.170569
v 0.002839 1.179843 0.170140
v 0.002494 1.179514 0.170838
v 0.002503 1.179687 0.170917
v 0.002945 1.178341 0.170871
v 0.002935 1.178189 0.170995
v 0.002308 1.177980 0.171307
v 0.002746 1.179007 0.170550
v 0.002791 1.178905 0.170563
v 0.002020 1.178301 0.171373
v 0.002353 1.178932 0.170977
v 0.001875 1.178661 0.171621
v 0.001895 1.178828 0.171703
v 0.002271 1.179275 0.171232
v 0.002233 1.177377 0.171734
v 0.002191 1.177494 0.171652
v 0.001708 1.177057 0.172047
v 0.001410 1.177174 0.172047
v 0.002081 1.178115 0.171369
v 0.002134 1.178038 0.171362
v 0.001166 1.177534 0.172078
v 0.001638 1.178109 0.171732
v 0.001042 1.177913 0.172308
v 0.001234 1.176570 0.172469
v 0.001488 1.177019 0.172114
v 0.000316 1.176512 0.172654
v 0.001197 1.177338 0.172082
v 0.001221 1.177242 0.172092
v 0.000124 1.176904 0.172656
v 0.001011 1.177610 0.172202
v 0.000026 1.177300 0.172871
v 0.000425 1.177512 0.172677
v -0.000287 1.175863 0.173125
v -0.000090 1.176057 0.172969
v -0.000932 1.176021 0.173105
v 0.000129 1.176705 0.172662
v 0.000159 1.176619 0.172664
v -0.001065 1.176436 0.173086
v -0.000033 1.177002 0.172760
v -0.001255 1.176842 0.173351
v -0.000989 1.177047 0.173383
v -0.001489 1.175614 0.173375
v -0.001543 1.175540 0.173429
v -0.002287 1.175718 0.173383
v -0.001097 1.176238 0.173092
v -0.001097 1.176142 0.173102
v -0.002354 1.176148 0.173350
v -0.001598 1.176445 0.173256
v -0.002395 1.176784 0.173748
v -0.002362 1.175535 0.173473
v -0.003580 1.175367 0.173600
v -0.003695 1.175616 0.173477
v -0.002407 1.175954 0.173349
v -0.002409 1.175861 0.173357
v -0.003695 1.176051 0.173439
v -0.002899 1.176240 0.173451
v -0.003695 1.176468 0.173635
v -0.002885 1.176629 0.173708
v -0.004441 1.175310 0.173634
v -0.003770 1.175449 0.173553
v -0.005104 1.175718 0.173383
v -0.003781 1.175864 0.173431
v -0.003804 1.175781 0.173435
v -0.005037 1.176148 0.173350
v -0.003811 1.176219 0.173487
v -0.005027 1.176634 0.173602
v -0.004191 1.176606 0.173729
v -0.005881 1.175572 0.173404
v -0.006459 1.176021 0.173105
v -0.005142 1.175980 0.173328
v -0.005173 1.175889 0.173331
v -0.006326 1.176436 0.173086
v -0.005135 1.176327 0.173382
v -0.005682 1.176830 0.173555
v -0.007148 1.175992 0.173028
v -0.007315 1.175984 0.173020
v -0.007707 1.176512 0.172654
v -0.006439 1.176284 0.173051
v -0.006497 1.176205 0.173045
v -0.007515 1.176904 0.172656
v -0.006409 1.176630 0.173103
v -0.007417 1.177300 0.172871
v -0.007096 1.177304 0.173152
v -0.007879 1.176407 0.172674
v -0.008872 1.176890 0.172201
v -0.008801 1.177174 0.172047
v -0.007650 1.176769 0.172603
v -0.007715 1.176702 0.172589
v -0.008556 1.177534 0.172078
v -0.007519 1.177186 0.172734
v -0.007571 1.177107 0.172664
v -0.008409 1.177976 0.172384
v -0.008958 1.177073 0.172063
v -0.009626 1.177429 0.171695
v -0.009699 1.177980 0.171307
v -0.008700 1.177425 0.172005
v -0.008775 1.177368 0.171980
v -0.009411 1.178301 0.171373
v -0.008861 1.177962 0.171871
v -0.008578 1.177743 0.172085
v -0.009330 1.178774 0.171581
v -0.009423 1.178953 0.171558
v -0.010349 1.178187 0.170993
v -0.010251 1.178228 0.170975
v -0.010382 1.178182 0.170994
v -0.010366 1.178899 0.170462
v -0.009563 1.178210 0.171279
v -0.009631 1.178156 0.171254
v -0.010047 1.179177 0.170569
v -0.009624 1.178765 0.171128
v -0.009887 1.179600 0.170880
v -0.010931 1.179208 0.170056
v -0.010820 1.179212 0.170073
v -0.010777 1.179897 0.169546
v -0.010192 1.179106 0.170460
v -0.010284 1.179089 0.170395
v -0.010438 1.180126 0.169697
v -0.010156 1.179663 0.170304
v -0.010238 1.180641 0.170205
v -0.010093 1.180067 0.170511
v -0.011237 1.180279 0.169072
v -0.010916 1.180934 0.168594
v -0.010575 1.180081 0.169567
v -0.010656 1.180067 0.169499
v -0.010570 1.181114 0.168790
v -0.010333 1.180384 0.169798
v -0.010375 1.180327 0.169706
v -0.010395 1.181402 0.169103
v -0.010374 1.181474 0.169275
v -0.010328 1.180923 0.169759
v -0.011187 1.181421 0.168033
v -0.011237 1.181381 0.168063
v -0.010777 1.181972 0.167641
v -0.010695 1.181092 0.168637
v -0.010770 1.181059 0.168585
v -0.010438 1.182102 0.167883
v -0.010467 1.181596 0.168526
v -0.010482 1.181298 0.168812
v -0.010266 1.182365 0.168219
v -0.010260 1.182426 0.168387
v -0.010981 1.182443 0.167083
v -0.010870 1.182434 0.167114
v -0.010702 1.182841 0.166735
v -0.010366 1.182969 0.166725
v -0.010545 1.182101 0.167706
v -0.010605 1.182101 0.167630
v -0.010047 1.183052 0.167010
v -0.010232 1.182563 0.167639
v -0.009885 1.183291 0.167369
v -0.009893 1.183358 0.167550
v -0.010092 1.182896 0.167842
v -0.010442 1.183510 0.166096
v -0.010492 1.183043 0.166579
v -0.009699 1.183889 0.165880
v -0.010129 1.183061 0.166827
v -0.010180 1.183070 0.166739
v -0.009411 1.183927 0.166206
v -0.009745 1.183477 0.166804
v -0.009266 1.184144 0.166586
v -0.009661 1.183749 0.167229
v -0.009564 1.184295 0.165405
v -0.009487 1.184454 0.165243
v -0.008801 1.184695 0.165140
v -0.009473 1.183941 0.166016
v -0.009526 1.183936 0.165946
v -0.008556 1.184695 0.165502
v -0.009035 1.184295 0.166047
v -0.008405 1.184963 0.165962
v -0.008521 1.185189 0.164562
v -0.008875 1.184783 0.164982
v -0.007707 1.185356 0.164533
v -0.008581 1.184721 0.165300
v -0.008604 1.184739 0.165208
v -0.007515 1.185324 0.164924
v -0.008101 1.185011 0.165393
v -0.007408 1.185673 0.165557
v -0.007910 1.185340 0.165729
v -0.007312 1.185702 0.164113
v -0.007154 1.185831 0.163977
v -0.006459 1.185848 0.164082
v -0.007523 1.185345 0.164730
v -0.007515 1.185371 0.164631
v -0.006326 1.185792 0.164494
v -0.007371 1.185451 0.165145
v -0.007357 1.185421 0.165035
v -0.006259 1.185961 0.164917
v -0.006307 1.186043 0.165067
v -0.006857 1.185798 0.165176
v -0.005927 1.186250 0.163580
v -0.006464 1.185946 0.163915
v -0.006314 1.185810 0.164304
v -0.006314 1.185827 0.164209
v -0.005037 1.186080 0.164229
v -0.005784 1.185965 0.164517
v -0.006182 1.185863 0.164626
v -0.004274 1.186376 0.163496
v -0.004975 1.186097 0.164038
v -0.004953 1.186114 0.163945
v -0.004500 1.186171 0.164326
v -0.005355 1.186278 0.164823
v -0.003506 1.186880 0.165264
v -0.002725 1.186886 0.165368
v -0.002416 1.186932 0.165616
v -0.003544 1.187079 0.165699
v -0.003515 1.187067 0.165685
v -0.003088 1.187016 0.166094
v -0.003695 1.186844 0.166368
v -0.002549 1.186716 0.166497
v -0.003817 1.185709 0.167473
v -0.001496 1.186663 0.165596
v -0.001132 1.186464 0.165552
v -0.001186 1.186658 0.165869
v -0.001703 1.186854 0.166001
v -0.002253 1.186948 0.165787
v -0.001288 1.186712 0.166291
v -0.001876 1.186786 0.166375
v -0.001454 1.186516 0.166670
v -0.001614 1.186248 0.166949
v -0.002763 1.185981 0.167215
v -0.000478 1.186376 0.165981
v 0.000003 1.185997 0.165938
v -0.000052 1.186211 0.166279
v -0.000778 1.186560 0.166173
v -0.001051 1.186653 0.166066
v -0.000732 1.186413 0.166731
v -0.001038 1.186570 0.166550
v -0.002169 1.185429 0.167730
v 0.000477 1.185955 0.166824
v 0.000054 1.186189 0.166487
v 0.000754 1.185707 0.167213
v 0.000194 1.185931 0.167182
v -0.000213 1.186208 0.166896
v 0.001339 1.185193 0.166849
v 0.001355 1.185283 0.167439
v 0.001008 1.185581 0.167052
v 0.001536 1.185005 0.167858
v 0.001082 1.185286 0.167752
v 0.000886 1.185506 0.167526
v 0.001363 1.184994 0.168017
v 0.001151 1.184887 0.168176
v -0.000817 1.184780 0.168327
v 0.002317 1.184083 0.167827
v 0.002055 1.184438 0.167455
v 0.002363 1.184044 0.168269
v 0.001945 1.184645 0.167929
v 0.001802 1.184825 0.167746
v 0.001773 1.184624 0.168291
v 0.002736 1.183138 0.169101
v 0.002492 1.183638 0.168957
v 0.002370 1.183985 0.168513
v 0.002218 1.183650 0.169242
v 0.001640 1.183328 0.169631
v 0.000075 1.183841 0.169190
v 0.002838 1.182808 0.168756
v 0.002897 1.182499 0.169526
v 0.002862 1.182195 0.169967
v 0.002715 1.182724 0.169792
v 0.002702 1.183081 0.169344
v 0.002596 1.182430 0.170223
v 0.002438 1.183142 0.169652
v 0.002388 1.182643 0.170178
v 0.002915 1.181520 0.170170
v 0.002736 1.181253 0.170832
v 0.002692 1.181794 0.170645
v 0.002786 1.182163 0.170193
v 0.002476 1.181526 0.171053
v 0.002489 1.182141 0.170573
v 0.001640 1.181764 0.171067
v 0.000589 1.182489 0.170429
v 0.002709 1.180725 0.170924
v 0.002502 1.180247 0.171349
v 0.002363 1.180347 0.171664
v 0.002548 1.181031 0.171247
v 0.002625 1.181222 0.171055
v 0.002287 1.180744 0.171674
v 0.002090 1.181160 0.171555
v 0.002245 1.181356 0.171338
v 0.001650 1.180888 0.171849
v 0.002308 1.179850 0.171611
v 0.002503 1.180272 0.171416
v 0.002021 1.179510 0.172036
v 0.001917 1.180033 0.172260
v 0.002227 1.180339 0.171861
v 0.001536 1.179855 0.172587
v 0.001700 1.180374 0.172248
v 0.001915 1.180700 0.171954
v 0.000828 1.180320 0.172393
v 0.000214 1.181534 0.171308
v 0.000668 1.181230 0.171578
v 0.001224 1.178769 0.172821
v 0.001092 1.178563 0.172819
v 0.000942 1.178780 0.173103
v 0.001417 1.179373 0.172771
v 0.001582 1.179520 0.172622
v 0.000980 1.179190 0.173107
v 0.000943 1.179632 0.172959
v 0.001192 1.179758 0.172805
v 0.000397 1.179523 0.173104
v 0.000239 1.180621 0.172137
v 0.000247 1.178122 0.173407
v -0.000052 1.178179 0.173655
v 0.000285 1.178630 0.173552
v 0.000759 1.178814 0.173260
v -0.000200 1.178577 0.173761
v 0.000189 1.179018 0.173494
v 0.000559 1.179262 0.173275
v -0.000315 1.178779 0.173725
v -0.000440 1.178979 0.173597
v -0.000712 1.180323 0.172419
v -0.000168 1.177777 0.173482
v -0.000865 1.177578 0.173829
v -0.001186 1.177733 0.174065
v -0.000519 1.178143 0.173899
v -0.000235 1.178249 0.173782
v -0.001013 1.178123 0.174087
v -0.000773 1.178444 0.173966
v -0.001509 1.178577 0.173970
v -0.001643 1.177244 0.173924
v -0.001940 1.177794 0.174320
v -0.001384 1.177832 0.174172
v -0.002468 1.177885 0.174396
v -0.002050 1.178227 0.174256
v -0.001453 1.178308 0.174151
v -0.002021 1.179698 0.172993
v -0.001901 1.179329 0.173324
v -0.002438 1.177046 0.174026
v -0.003165 1.177260 0.174338
v -0.003695 1.177365 0.174402
v -0.003183 1.177635 0.174473
v -0.002626 1.177583 0.174399
v -0.003695 1.177796 0.174478
v -0.003189 1.178037 0.174409
v -0.002842 1.178016 0.174404
v -0.003635 1.178247 0.174269
v -0.002746 1.179166 0.173475
v -0.004021 1.177055 0.174177
v -0.004533 1.177242 0.174287
v -0.004975 1.177458 0.174317
v -0.004187 1.177549 0.174450
v -0.003862 1.177512 0.174456
v -0.004417 1.178075 0.174388
v -0.004033 1.177977 0.174439
v -0.004852 1.178353 0.174177
v -0.003587 1.179460 0.173211
v -0.005937 1.177454 0.174024
v -0.006205 1.177733 0.174065
v -0.005683 1.177844 0.174272
v -0.005157 1.177634 0.174345
v -0.006103 1.178149 0.174154
v -0.005595 1.178283 0.174204
v -0.005016 1.178100 0.174342
v -0.004645 1.179166 0.173475
v -0.006980 1.177851 0.173737
v -0.007339 1.178179 0.173655
v -0.006832 1.178215 0.173933
v -0.006343 1.177930 0.174077
v -0.007191 1.178577 0.173761
v -0.006655 1.178588 0.173904
v -0.006328 1.178412 0.174042
v -0.007076 1.178779 0.173725
v -0.006896 1.178952 0.173622
v -0.005195 1.179654 0.173034
v -0.005490 1.179329 0.173324
v -0.007682 1.178544 0.173535
v -0.007448 1.178393 0.173649
v -0.008035 1.178940 0.173335
v -0.007629 1.178941 0.173510
v -0.007788 1.179523 0.173104
v -0.008616 1.178632 0.172688
v -0.008886 1.179092 0.172650
v -0.009148 1.179512 0.172431
v -0.008747 1.179418 0.172827
v -0.008411 1.179006 0.173084
v -0.008927 1.179855 0.172587
v -0.008578 1.179818 0.172773
v -0.008110 1.179381 0.173166
v -0.008754 1.180015 0.172590
v -0.008219 1.180320 0.172393
v -0.006536 1.180295 0.172445
v -0.007013 1.180104 0.172613
v -0.009754 1.180347 0.171664
v -0.009334 1.179955 0.172238
v -0.009195 1.179761 0.172397
v -0.009502 1.180431 0.171960
v -0.009164 1.180319 0.172245
v -0.009042 1.180888 0.171850
v -0.006911 1.181002 0.171801
v -0.009734 1.180044 0.171699
v -0.009993 1.180485 0.171174
v -0.010127 1.181253 0.170832
v -0.009883 1.181065 0.171318
v -0.009757 1.180588 0.171634
v -0.009866 1.181526 0.171053
v -0.009550 1.181191 0.171498
v -0.009391 1.180853 0.171814
v -0.009389 1.181655 0.171140
v -0.010293 1.181675 0.170241
v -0.010253 1.182195 0.169967
v -0.010125 1.181722 0.170612
v -0.010091 1.181497 0.170801
v -0.009788 1.181860 0.170867
v -0.009493 1.182496 0.170372
v -0.007690 1.181926 0.170949
v -0.010278 1.182625 0.169372
v -0.010127 1.183138 0.169101
v -0.010082 1.182909 0.169622
v -0.010177 1.182424 0.169953
v -0.009866 1.183334 0.169392
v -0.009740 1.183075 0.169783
v -0.009815 1.182575 0.170232
v -0.009031 1.183328 0.169631
v -0.008415 1.182539 0.170376
v -0.010051 1.183409 0.168444
v -0.009754 1.184044 0.168269
v -0.009944 1.183557 0.168927
v -0.010014 1.183371 0.169081
v -0.009681 1.184011 0.168677
v -0.009478 1.183873 0.169063
v -0.009643 1.183614 0.169265
v -0.009050 1.184174 0.168831
v -0.009633 1.184179 0.167752
v -0.009308 1.184606 0.167364
v -0.009148 1.184879 0.167503
v -0.009312 1.184660 0.168009
v -0.009616 1.184242 0.168279
v -0.008927 1.185005 0.167858
v -0.008955 1.184773 0.168224
v -0.009302 1.184308 0.168641
v -0.008219 1.184772 0.168304
v -0.007648 1.183742 0.169279
v -0.008332 1.185611 0.166830
v -0.008813 1.185225 0.167391
v -0.008972 1.185069 0.167521
v -0.008340 1.185391 0.167669
v -0.008577 1.185238 0.167772
v -0.008155 1.185566 0.166362
v -0.007675 1.186071 0.166716
v -0.008166 1.185753 0.166890
v -0.007191 1.186283 0.166684
v -0.007417 1.186059 0.167043
v -0.007952 1.185740 0.167325
v -0.006718 1.185878 0.167289
v -0.006696 1.184661 0.168437
v -0.006410 1.186456 0.165657
v -0.006883 1.186453 0.166264
v -0.007142 1.186338 0.166346
v -0.006829 1.186390 0.166706
v -0.005442 1.186799 0.165540
v -0.004975 1.186932 0.165616
v -0.005444 1.186908 0.165952
v -0.005994 1.186758 0.165965
v -0.004923 1.186975 0.166049
v -0.005485 1.186807 0.166342
v -0.005942 1.186694 0.166449
v -0.005412 1.186576 0.166633
v -0.004757 1.186476 0.166740
v -0.005409 1.185327 0.167825
v -0.005518 1.185775 0.167405
v -0.004803 1.186744 0.165230
v -0.004631 1.187021 0.165734
v -0.004172 1.186969 0.166221
v -0.004573 1.186969 0.166183
v -0.003778 1.186646 0.164966
v -0.003417 1.186532 0.163319
v -0.004592 1.186499 0.163350
v -0.005210 1.186583 0.163288
v -0.002181 1.186583 0.163288
v -0.004993 1.186640 0.165160
v -0.001149 1.186361 0.165416
v -0.000425 1.186194 0.163648
v -0.000457 1.186009 0.163800
v -0.000503 1.190794 0.167238
v 0.000001 1.185908 0.165832
v 0.000593 1.185595 0.164180
v 0.001175 1.189852 0.167527
v 0.001177 1.189032 0.166630
v 0.002538 1.184270 0.165396
v 0.002348 1.188525 0.167433
v 0.003291 1.183390 0.166204
v 0.002458 1.183597 0.167725
v 0.003582 1.183100 0.166484
v 0.002838 1.182677 0.168570
v 0.004056 1.181984 0.167511
v 0.003720 1.182661 0.166876
v 0.004199 1.180925 0.168483
v 0.004059 1.181495 0.167946
v 0.003929 1.180870 0.168524
v 0.002831 1.180866 0.170437
v 0.004012 1.179513 0.169784
v 0.003786 1.179555 0.169727
v 0.003243 1.178411 0.170777
v 0.004408 1.181188 0.173833
v 0.001843 1.178994 0.171952
v 0.003575 1.178833 0.173554
v 0.001015 1.178250 0.172635
v 0.002012 1.180330 0.177774
v 0.002343 1.177659 0.174416
v 0.000001 1.177759 0.173315
v 0.000382 1.176068 0.172929
v -0.001146 1.177187 0.173611
v -0.001369 1.175460 0.173487
v -0.000339 1.177692 0.177043
v -0.002396 1.176908 0.173868
v -0.002446 1.175116 0.173821
v -0.003297 1.175153 0.173769
v -0.002205 1.177704 0.177857
v -0.001348 1.176381 0.176152
v -0.004172 1.175095 0.173832
v -0.004204 1.175150 0.173773
v -0.003828 1.178214 0.178594
v -0.005149 1.175166 0.173770
v -0.005202 1.175306 0.173628
v -0.005406 1.178149 0.178273
v -0.005407 1.177324 0.177381
v -0.006206 1.176924 0.173382
v -0.007031 1.175576 0.173401
v -0.007028 1.175753 0.173217
v -0.007318 1.177808 0.177006
v -0.007677 1.175908 0.173079
v -0.008648 1.176483 0.172546
v -0.008723 1.177113 0.175046
v -0.010022 1.177938 0.174301
v -0.009127 1.178964 0.172140
v -0.009842 1.179958 0.171295
v -0.011859 1.181584 0.174052
v -0.011866 1.180018 0.172284
v -0.010199 1.180808 0.170534
v -0.011132 1.179759 0.169544
v -0.012316 1.182619 0.172867
v -0.011428 1.180068 0.169257
v -0.011073 1.182613 0.166918
v -0.012267 1.185339 0.170626
v -0.009842 1.183709 0.167851
v -0.010990 1.183099 0.166487
v -0.009122 1.184730 0.167047
v -0.009227 1.184556 0.167073
v -0.009651 1.184651 0.165053
v -0.008538 1.185181 0.166468
v -0.009116 1.185140 0.164617
v -0.008513 1.185336 0.164418
v -0.009269 1.188660 0.166958
v -0.007520 1.185831 0.165874
v -0.008012 1.185753 0.164048
v -0.008301 1.188067 0.165329
v -0.006244 1.186398 0.165459
v -0.006613 1.186059 0.163759
v -0.006834 1.190460 0.166860
v -0.004322 1.188639 0.164038
v -0.003523 1.189284 0.164707
v -0.000599 1.186257 0.165692
v 0.000977 1.185002 0.165956
v 0.000552 1.185670 0.166185
v 0.000933 1.185326 0.166302
v 0.000386 1.185848 0.166206
v 0.001468 1.184910 0.166707
v 0.001240 1.185014 0.166423
v 0.001261 1.185252 0.166765
v 0.001899 1.184431 0.167062
v 0.001925 1.184526 0.167258
v 0.002779 1.182959 0.168498
v 0.002510 1.183638 0.167996
v 0.002590 1.183539 0.168240
v 0.002969 1.181767 0.169321
v 0.002932 1.182256 0.169083
v 0.002977 1.181545 0.169538
v 0.002953 1.181923 0.169685
v 0.002712 1.180136 0.170512
v 0.002824 1.180995 0.170563
v 0.002489 1.180083 0.171280
v 0.002168 1.179502 0.171699
v 0.001491 1.178387 0.172051
v 0.001648 1.178965 0.172312
v 0.000513 1.177905 0.172938
v 0.000662 1.178238 0.173076
v -0.000844 1.177165 0.173402
v -0.000595 1.177587 0.173645
v -0.001328 1.177277 0.173803
v -0.003584 1.176618 0.173764
v -0.002464 1.177002 0.174001
v -0.003550 1.176986 0.174134
v -0.004308 1.175174 0.173744
v -0.005185 1.177163 0.174061
v -0.007164 1.177690 0.173455
v -0.006470 1.177448 0.173733
v -0.006855 1.177686 0.173696
v -0.007726 1.177638 0.172872
v -0.008174 1.177966 0.172667
v -0.007902 1.178091 0.173115
v -0.008341 1.178398 0.172863
v -0.008835 1.178481 0.172213
v -0.009659 1.179528 0.171478
v -0.009663 1.179466 0.171389
v -0.009412 1.179387 0.171935
v -0.010071 1.180198 0.170692
v -0.010359 1.181560 0.169491
v -0.010327 1.181275 0.169911
v -0.010348 1.181715 0.169686
v -0.010211 1.180977 0.170579
v -0.010352 1.181916 0.168906
v -0.010253 1.182607 0.168689
v -0.010344 1.181939 0.169674
v -0.010251 1.182747 0.168866
v -0.010120 1.182913 0.168083
v -0.009471 1.184029 0.167020
v -0.009707 1.184052 0.167761
v -0.008862 1.184996 0.166831
v -0.008063 1.185426 0.166035
v -0.008495 1.185372 0.166639
v -0.006703 1.186194 0.165544
v -0.007254 1.186070 0.165880
v -0.005145 1.186452 0.164982
v -0.005558 1.186665 0.165403
v -0.002408 1.190051 0.165678
v -0.003485 1.183360 0.169655
v -0.001166 1.183641 0.169385
v -0.000764 1.181903 0.170980
v -0.002077 1.180867 0.171933
v -0.004242 1.180541 0.172233
v -0.006652 1.182312 0.170606
v -0.005931 1.183702 0.169330
v -0.004787 1.184534 0.168564
v -0.001796 1.186597 0.165338
v -0.001282 1.186322 0.165283
v -0.002414 1.186747 0.165282
v -0.004385 1.178777 0.179181
v -0.005192 1.176209 0.176222
v -0.004395 1.186387 0.164705
v -0.004184 1.186758 0.165129
v -0.001327 1.190414 0.166427
v -0.001038 1.187970 0.163902
v 0.000617 1.188568 0.165590
v 0.003184 1.186964 0.167078
v 0.003524 1.186972 0.167799
v 0.004010 1.187768 0.169823
v 0.003744 1.187594 0.168974
v 0.004331 1.185855 0.168712
v 0.004419 1.186969 0.170236
v 0.004764 1.184610 0.169089
v 0.004983 1.184700 0.170723
v 0.005059 1.185144 0.172415
v 0.005047 1.182831 0.169541
v 0.005073 1.184786 0.172650
v 0.005067 1.182247 0.170366
v 0.005022 1.182341 0.171780
v 0.004753 1.182940 0.174303
v 0.004640 1.180664 0.172387
v 0.004230 1.180078 0.173203
v 0.004096 1.180691 0.174300
v 0.003818 1.180691 0.175034
v 0.003351 1.178989 0.174208
v 0.002956 1.178848 0.174814
v 0.002961 1.180094 0.176123
v 0.002066 1.178520 0.175746
v 0.001593 1.177020 0.174661
v 0.001214 1.177167 0.175242
v 0.000406 1.177110 0.175926
v 0.000812 1.178944 0.177544
v 0.000244 1.175805 0.174557
v -0.000133 1.178299 0.177576
v -0.001300 1.175678 0.175332
v -0.002830 1.177562 0.177841
v -0.003881 1.176767 0.173921
v -0.004851 1.176898 0.173899
v -0.004505 1.176998 0.174069
v -0.005979 1.176782 0.176593
v -0.006285 1.178306 0.178150
v -0.007640 1.178583 0.177626
v -0.008261 1.177475 0.175912
v -0.009095 1.176442 0.173903
v -0.009282 1.177437 0.174810
v -0.009514 1.179923 0.177193
v -0.010003 1.179992 0.176590
v -0.010694 1.181061 0.176547
v -0.011001 1.179842 0.174593
v -0.011447 1.181380 0.175169
v -0.011502 1.178886 0.172258
v -0.012122 1.180828 0.172142
v -0.012124 1.179830 0.170856
v -0.012431 1.184660 0.173622
v -0.012470 1.183494 0.171532
v -0.012445 1.182591 0.169769
v -0.012460 1.183189 0.170418
v -0.012420 1.183699 0.170046
v -0.012383 1.185663 0.171976
v -0.012178 1.186017 0.170801
v -0.011807 1.185940 0.169082
v -0.011466 1.184836 0.166806
v -0.011048 1.187117 0.168247
v -0.010452 1.186120 0.165960
v -0.009968 1.188128 0.167355
v -0.009179 1.186847 0.164916
v -0.008737 1.189457 0.167261
v -0.006291 1.189186 0.165183
v -0.005779 1.189046 0.164824
v -0.005391 1.190284 0.166040
v -0.002580 1.186485 0.163362
v -0.002984 1.186622 0.163244
v 0.001378 1.185164 0.164574
v 0.001272 1.185339 0.164422
v -0.005934 1.186343 0.163492
v -0.006062 1.175511 0.173441
v -0.005963 1.175347 0.173597
v 0.002300 1.184605 0.165097
v -0.003695 1.187341 0.173793
v -0.006474 1.188353 0.172851
v -0.007785 1.186158 0.174865
v -0.007026 1.184806 0.176107
v -0.005567 1.183800 0.177032
v -0.001824 1.183800 0.177032
v -0.000365 1.184806 0.176107
v 0.000394 1.186158 0.174865
v -0.000917 1.188353 0.172851
v -0.007694 1.175987 0.173001
v 0.003129 1.183457 0.166144
v -0.008795 1.176637 0.172407
v -0.008673 1.176407 0.172625
v 0.003464 1.182915 0.166640
v -0.009628 1.177285 0.171812
v -0.009819 1.177347 0.171754
v -0.009549 1.177000 0.172083
v 0.003936 1.181507 0.167935
v 0.004032 1.181714 0.167748
v -0.010712 1.178345 0.170841
v -0.010118 1.177549 0.171575
v 0.004002 1.180163 0.169168
v 0.004122 1.180342 0.169013
v -0.011027 1.179192 0.170061
v -0.011071 1.179104 0.170141
v -0.011565 1.180002 0.169337
v 0.003609 1.179003 0.170232
v 0.003643 1.178769 0.170458
v -0.011343 1.180445 0.168911
v -0.011423 1.180026 0.169299
v 0.002923 1.177943 0.171207
v 0.003226 1.178167 0.171008
v -0.011345 1.181517 0.167925
v -0.011461 1.181682 0.167780
v -0.011548 1.181165 0.168258
v 0.002246 1.177294 0.171805
v 0.001585 1.176626 0.172418
v 0.002787 1.177640 0.171487
v -0.011015 1.182545 0.166983
v -0.011221 1.182489 0.167039
v 0.001144 1.176394 0.172629
v -0.010370 1.183781 0.165845
v -0.010646 1.183564 0.166054
v -0.000491 1.175675 0.173288
v -0.000297 1.175654 0.173318
v -0.004371 1.186441 0.163412
v -0.004065 1.186540 0.163313
v -0.004325 1.186635 0.163233
v -0.009398 1.184691 0.165010
v -0.009568 1.184634 0.165064
v -0.001428 1.175347 0.173597
v -0.001081 1.186232 0.163594
v -0.001456 1.186405 0.163444
v -0.003275 1.175210 0.173716
v -0.003317 1.175189 0.173735
v -0.003079 1.175099 0.173829
v 0.000324 1.185737 0.164049
v 0.000501 1.185781 0.164019
v -0.006079 1.186343 0.163494
v -0.007442 1.185948 0.163864
v -0.002986 1.187665 0.163098
v -0.002981 1.187576 0.163054
v -0.003024 1.187245 0.162992
v -0.002989 1.187130 0.163005
v -0.003332 1.186846 0.163089
v -0.003034 1.186764 0.163145
v -0.003009 1.186668 0.163208
v -0.002413 1.192011 0.167878
v -0.002697 1.192414 0.168311
v -0.002714 1.192453 0.168405
v -0.003510 1.192517 0.168576
v -0.002796 1.192485 0.168793
v -0.003023 1.192483 0.168819
v -0.003382 1.191677 0.169765
v -0.001169 1.187511 0.163425
v -0.001313 1.187347 0.163258
v -0.001615 1.187232 0.163172
v -0.001029 1.187000 0.163267
v -0.001374 1.186911 0.163207
v -0.001699 1.186805 0.163203
v -0.001156 1.186622 0.163331
v -0.001171 1.186510 0.163388
v -0.000752 1.191705 0.168160
v -0.000919 1.192105 0.168563
v -0.001710 1.192131 0.168229
v -0.000886 1.192159 0.168667
v -0.001589 1.192318 0.168587
v -0.001087 1.192221 0.168980
v -0.001161 1.192212 0.169091
v -0.001684 1.191521 0.169900
v 0.000402 1.187029 0.163861
v 0.000264 1.186889 0.163680
v -0.000035 1.186815 0.163554
v 0.000493 1.186507 0.163723
v 0.000136 1.186472 0.163613
v -0.000182 1.186405 0.163570
v 0.000311 1.186147 0.163769
v -0.000036 1.186138 0.163723
v 0.000581 1.191427 0.168765
v -0.000386 1.191720 0.168383
v 0.000216 1.191665 0.168772
v 0.000798 1.191572 0.169191
v 0.000318 1.191780 0.169328
v 0.000348 1.191733 0.169532
v 0.000258 1.191557 0.169829
v -0.000374 1.191124 0.170265
v 0.001841 1.186331 0.164518
v 0.001698 1.186209 0.164306
v 0.001405 1.186180 0.164138
v 0.001855 1.185798 0.164372
v 0.001518 1.185806 0.164218
v 0.001199 1.185795 0.164130
v 0.001539 1.185398 0.164417
v 0.001396 1.185557 0.164292
v 0.001959 1.190791 0.169520
v 0.001373 1.191171 0.169251
v 0.001295 1.191305 0.169373
v 0.001800 1.191031 0.170074
v 0.001693 1.191050 0.170160
v 0.001762 1.190835 0.170468
v 0.000905 1.190255 0.171073
v 0.003178 1.185331 0.165448
v 0.002920 1.185337 0.165109
v 0.002649 1.185350 0.164900
v 0.003006 1.184906 0.165190
v 0.002695 1.184973 0.164988
v 0.002126 1.185206 0.164666
v 0.002723 1.184610 0.165176
v 0.002741 1.184482 0.165263
v 0.002110 1.184853 0.164881
v 0.003166 1.189956 0.170472
v 0.002670 1.190260 0.169931
v 0.003205 1.189990 0.170660
v 0.002986 1.190165 0.170505
v 0.002519 1.190542 0.170404
v 0.002697 1.190322 0.170803
v 0.002868 1.190206 0.170884
v 0.001536 1.189967 0.171337
v 0.003988 1.184392 0.166282
v 0.003882 1.184311 0.166050
v 0.003649 1.184357 0.165812
v 0.003903 1.183868 0.166148
v 0.003628 1.183975 0.165903
v 0.003352 1.184046 0.165736
v 0.003586 1.183618 0.166091
v 0.003377 1.183702 0.165969
v 0.003881 1.189160 0.171171
v 0.004101 1.188923 0.171639
v 0.003935 1.189124 0.171458
v 0.003801 1.189211 0.171689
v 0.003727 1.189176 0.171879
v 0.003253 1.189586 0.171594
v 0.002596 1.188499 0.172688
v 0.002520 1.189188 0.172043
v 0.004647 1.183224 0.167362
v 0.004558 1.183158 0.167106
v 0.004366 1.183239 0.166839
v 0.004497 1.182720 0.167195
v 0.004279 1.182871 0.166917
v 0.004041 1.182973 0.166721
v 0.004159 1.182515 0.167101
v 0.003988 1.182619 0.166963
v 0.004886 1.186950 0.172668
v 0.004705 1.187706 0.172601
v 0.004627 1.187918 0.172555
v 0.004589 1.187967 0.172522
v 0.004287 1.188212 0.172739
v 0.004386 1.188065 0.172851
v 0.003362 1.187516 0.173583
v 0.003013 1.187598 0.173515
v 0.003001 1.188468 0.172708
v 0.004977 1.181996 0.168488
v 0.004916 1.181932 0.168234
v 0.004774 1.182040 0.167940
v 0.004786 1.181524 0.168303
v 0.004620 1.181685 0.168002
v 0.004432 1.181822 0.167778
v 0.004392 1.181439 0.168077
v 0.004186 1.181736 0.167755
v 0.004950 1.186677 0.173688
v 0.004708 1.187016 0.173764
v 0.004641 1.186574 0.174276
v 0.004630 1.187033 0.173825
v 0.004393 1.187354 0.173643
v 0.003485 1.186461 0.174553
v 0.003386 1.186956 0.174100
v 0.004977 1.180738 0.169643
v 0.004942 1.180682 0.169381
v 0.004857 1.180805 0.169074
v 0.004746 1.180300 0.169425
v 0.004649 1.180472 0.169120
v 0.004527 1.180925 0.168600
v 0.004399 1.180187 0.169241
v 0.004284 1.180164 0.169219
v 0.004962 1.185148 0.174695
v 0.004913 1.185267 0.174999
v 0.004924 1.185501 0.174789
v 0.004784 1.185800 0.174821
v 0.004620 1.185644 0.175119
v 0.004591 1.185751 0.175046
v 0.004371 1.185757 0.175134
v 0.003163 1.185548 0.175395
v 0.004676 1.179523 0.170579
v 0.004635 1.179450 0.170511
v 0.004610 1.179582 0.170197
v 0.004372 1.179090 0.170527
v 0.004353 1.179283 0.170212
v 0.004275 1.179464 0.169944
v 0.004044 1.179029 0.170302
v 0.004013 1.179290 0.170010
v 0.004904 1.184540 0.174875
v 0.004524 1.184044 0.176121
v 0.004595 1.184270 0.175920
v 0.004383 1.184532 0.176077
v 0.004290 1.185035 0.175774
v 0.004058 1.184341 0.176415
v 0.003418 1.185391 0.175533
v 0.003987 1.178343 0.171856
v 0.004011 1.178292 0.171578
v 0.004045 1.178418 0.171266
v 0.003704 1.177972 0.171564
v 0.003747 1.178155 0.171250
v 0.003732 1.178347 0.170970
v 0.003402 1.177960 0.171285
v 0.003280 1.177952 0.171248
v 0.003925 1.183035 0.177030
v 0.003945 1.183105 0.176983
v 0.003835 1.183239 0.177096
v 0.003624 1.183352 0.177225
v 0.003638 1.183453 0.177159
v 0.002978 1.184373 0.176468
v 0.003123 1.177292 0.172625
v 0.003093 1.177243 0.172538
v 0.003182 1.177357 0.172240
v 0.002748 1.176972 0.172481
v 0.002858 1.177145 0.172176
v 0.002904 1.177329 0.171904
v 0.002484 1.176999 0.172167
v 0.002568 1.177219 0.171910
v 0.002524 1.181224 0.177985
v 0.002916 1.181707 0.177839
v 0.002811 1.181867 0.178114
v 0.003313 1.182540 0.177674
v 0.002688 1.182360 0.178137
v 0.002345 1.182390 0.178223
v 0.001436 1.183022 0.177716
v 0.002172 1.176907 0.173780
v 0.001839 1.176406 0.173612
v 0.001297 1.176217 0.174042
v 0.001909 1.176342 0.173369
v 0.002055 1.176441 0.173081
v 0.001535 1.176121 0.173262
v 0.001703 1.176270 0.172977
v 0.001394 1.176214 0.172894
v 0.001366 1.176292 0.172775
v 0.001688 1.180853 0.178642
v 0.001582 1.181024 0.178890
v 0.001797 1.181178 0.178757
v 0.001690 1.181531 0.178832
v 0.002232 1.182173 0.178393
v 0.000403 1.182038 0.178613
v 0.000295 1.182311 0.178371
v 0.001403 1.182667 0.178036
v 0.000528 1.175670 0.174111
v -0.000107 1.175590 0.174527
v 0.000507 1.175627 0.174022
v 0.000706 1.175705 0.173757
v 0.000130 1.175465 0.173870
v 0.000355 1.175588 0.173604
v 0.000519 1.175707 0.173423
v 0.000128 1.175620 0.173429
v 0.000866 1.176078 0.172945
v 0.000121 1.175777 0.173212
v -0.000297 1.179825 0.179291
v 0.000243 1.180171 0.179262
v 0.001235 1.180329 0.178626
v 0.000230 1.180368 0.179437
v 0.000403 1.180491 0.179388
v 0.000314 1.180658 0.179463
v 0.000140 1.180861 0.179511
v 0.000705 1.181107 0.179295
v -0.000318 1.181294 0.179274
v -0.000833 1.181855 0.178789
v -0.001036 1.175172 0.174573
v -0.001053 1.175132 0.174479
v -0.000811 1.175176 0.174242
v -0.001427 1.175022 0.174270
v -0.001154 1.175108 0.174047
v -0.000552 1.175334 0.173737
v -0.001515 1.175130 0.173883
v -0.001536 1.175193 0.173780
v -0.001706 1.179654 0.179768
v -0.001227 1.179974 0.179851
v -0.000939 1.180141 0.179818
v -0.001315 1.180368 0.179920
v -0.001122 1.180457 0.179864
v -0.001982 1.181501 0.179113
v -0.002830 1.174979 0.174927
v -0.002714 1.174868 0.174720
v -0.002439 1.174876 0.174518
v -0.003073 1.174812 0.174464
v -0.002759 1.174856 0.174277
v -0.002490 1.174948 0.174091
v -0.003092 1.174927 0.174069
v -0.002793 1.175029 0.173921
v -0.002915 1.179730 0.180065
v -0.002947 1.180134 0.180130
v -0.002479 1.180278 0.180076
v -0.002711 1.180400 0.180028
v -0.003649 1.181103 0.179471
v -0.003340 1.181324 0.179275
v -0.004523 1.175028 0.175004
v -0.004416 1.174850 0.174737
v -0.004116 1.174815 0.174574
v -0.004742 1.174843 0.174433
v -0.004389 1.174838 0.174295
v -0.004099 1.174890 0.174144
v -0.004696 1.174956 0.174043
v -0.004491 1.175001 0.173961
v -0.004802 1.179673 0.179983
v -0.004845 1.179765 0.180047
v -0.004125 1.179774 0.180104
v -0.004680 1.180093 0.180112
v -0.004614 1.180219 0.180104
v -0.004531 1.180455 0.180004
v -0.004708 1.181373 0.179230
v -0.005391 1.175300 0.175142
v -0.006219 1.175223 0.174706
v -0.006086 1.175076 0.174532
v -0.005776 1.174997 0.174407
v -0.006366 1.175112 0.174191
v -0.005990 1.175053 0.174098
v -0.005692 1.175064 0.173985
v -0.006255 1.175212 0.173810
v -0.005994 1.175223 0.173754
v -0.006469 1.179949 0.179719
v -0.005677 1.179545 0.179655
v -0.006281 1.179995 0.179823
v -0.006614 1.180138 0.179773
v -0.006226 1.180400 0.179889
v -0.005729 1.180398 0.179966
v -0.005595 1.180595 0.179880
v -0.006401 1.181517 0.179092
v -0.006186 1.181708 0.178924
v -0.005075 1.181183 0.179398
v -0.007797 1.175704 0.174264
v -0.007661 1.175534 0.174108
v -0.007356 1.175413 0.174025
v -0.007889 1.175610 0.173736
v -0.007520 1.175499 0.173685
v -0.007209 1.175463 0.173618
v -0.007709 1.175688 0.173372
v -0.007268 1.175603 0.173397
v -0.008027 1.180470 0.179247
v -0.007830 1.180483 0.179384
v -0.007752 1.180675 0.179447
v -0.007735 1.180948 0.179434
v -0.007490 1.181459 0.179123
v -0.007258 1.182116 0.178550
v -0.009392 1.176510 0.173536
v -0.009091 1.176216 0.173485
v -0.008796 1.176049 0.173441
v -0.009254 1.176318 0.173084
v -0.008910 1.176160 0.173076
v -0.008590 1.176073 0.173057
v -0.009016 1.176367 0.172747
v -0.008895 1.176360 0.172721
v -0.009376 1.181135 0.178585
v -0.008745 1.180527 0.178692
v -0.009438 1.181305 0.178631
v -0.008850 1.181019 0.178959
v -0.008923 1.181323 0.178932
v -0.009089 1.181637 0.178804
v -0.009011 1.181982 0.178624
v -0.009088 1.181826 0.178722
v -0.008223 1.182310 0.178360
v -0.010567 1.177422 0.172708
v -0.010306 1.177084 0.172687
v -0.010040 1.176879 0.172679
v -0.010399 1.177205 0.172269
v -0.010102 1.177013 0.172298
v -0.009784 1.176870 0.172326
v -0.010115 1.177211 0.171973
v -0.010243 1.177447 0.171714
v -0.009603 1.177023 0.172059
v -0.010442 1.182079 0.177914
v -0.010379 1.182056 0.177952
v -0.010340 1.182431 0.177972
v -0.010241 1.182505 0.178003
v -0.010200 1.182808 0.177839
v -0.009665 1.183451 0.177316
v -0.009340 1.183440 0.177331
v -0.011380 1.178340 0.171843
v -0.011269 1.178108 0.171746
v -0.011040 1.177872 0.171767
v -0.011289 1.178239 0.171318
v -0.011025 1.177999 0.171393
v -0.010743 1.177823 0.171451
v -0.010960 1.178190 0.171073
v -0.010869 1.178269 0.170947
v -0.011495 1.183292 0.176808
v -0.011185 1.183314 0.177110
v -0.010958 1.182823 0.177416
v -0.011123 1.183512 0.177081
v -0.010716 1.184075 0.176723
v -0.012035 1.179507 0.170776
v -0.012193 1.180003 0.170488
v -0.011949 1.179263 0.170682
v -0.011757 1.178990 0.170741
v -0.011888 1.179389 0.170255
v -0.011669 1.179103 0.170377
v -0.011432 1.178895 0.170466
v -0.011547 1.179300 0.170054
v -0.011506 1.179423 0.169907
v -0.011126 1.178858 0.170384
v -0.012087 1.184156 0.175599
v -0.011692 1.183171 0.176258
v -0.011891 1.183902 0.176113
v -0.012126 1.184568 0.175626
v -0.011748 1.184472 0.176132
v -0.011251 1.183972 0.176742
v -0.011690 1.184929 0.175875
v -0.010764 1.185348 0.175574
v -0.010348 1.185264 0.175659
v -0.012343 1.180546 0.169637
v -0.012307 1.180491 0.169557
v -0.012165 1.180189 0.169639
v -0.012173 1.180594 0.169151
v -0.012014 1.180282 0.169293
v -0.011806 1.180256 0.169182
v -0.011562 1.179965 0.169382
v -0.012372 1.185650 0.174552
v -0.012295 1.185030 0.175019
v -0.012335 1.185484 0.174838
v -0.012207 1.185624 0.174907
v -0.012037 1.185839 0.174940
v -0.011982 1.185751 0.175046
v -0.011394 1.186061 0.174897
v -0.010573 1.186260 0.174743
v -0.012368 1.181996 0.168488
v -0.012333 1.181739 0.168411
v -0.012247 1.181424 0.168506
v -0.012138 1.181817 0.168034
v -0.012036 1.181497 0.168175
v -0.011918 1.180925 0.168599
v -0.011787 1.181648 0.167899
v -0.011697 1.181468 0.168023
v -0.012353 1.186656 0.173310
v -0.012304 1.186948 0.173454
v -0.012314 1.186723 0.173667
v -0.012089 1.186885 0.173916
v -0.012227 1.186407 0.174204
v -0.011935 1.187310 0.173599
v -0.011886 1.186589 0.174346
v -0.010771 1.187424 0.173668
v -0.010561 1.187133 0.173940
v -0.012264 1.182799 0.168107
v -0.012062 1.183039 0.167341
v -0.011853 1.183823 0.167130
v -0.012028 1.182969 0.167282
v -0.012001 1.182647 0.167382
v -0.011764 1.183017 0.166921
v -0.011745 1.182686 0.167087
v -0.011666 1.182405 0.167243
v -0.011437 1.182798 0.166842
v -0.011445 1.182457 0.167111
v -0.011985 1.187887 0.172173
v -0.011915 1.188171 0.172332
v -0.011986 1.187951 0.172537
v -0.011823 1.188080 0.172736
v -0.011662 1.188230 0.172744
v -0.011662 1.188139 0.172852
v -0.011431 1.188199 0.172893
v -0.010213 1.188182 0.172977
v -0.011439 1.184202 0.166276
v -0.011404 1.184131 0.166216
v -0.011436 1.183811 0.166314
v -0.011069 1.184229 0.165850
v -0.011136 1.183810 0.166053
v -0.011123 1.183522 0.166217
v -0.010779 1.183884 0.165845
v -0.010768 1.183702 0.165969
v -0.011204 1.189320 0.171275
v -0.011338 1.189108 0.171474
v -0.011093 1.189274 0.171750
v -0.011135 1.189170 0.171862
v -0.010845 1.189188 0.171991
v -0.009750 1.189349 0.171899
v -0.009551 1.189125 0.172113
v -0.010362 1.188457 0.172719
v -0.009996 1.185686 0.164911
v -0.010384 1.185336 0.165159
v -0.010370 1.185233 0.165160
v -0.010573 1.184871 0.165340
v -0.010088 1.185222 0.164930
v -0.010244 1.184828 0.165119
v -0.010295 1.184539 0.165283
v -0.009851 1.184789 0.164994
v -0.010154 1.184256 0.165429
v -0.010317 1.190075 0.170162
v -0.010283 1.190250 0.170359
v -0.010395 1.190149 0.170518
v -0.010332 1.190157 0.170882
v -0.010187 1.190226 0.170908
v -0.009829 1.190512 0.170657
v -0.009574 1.190526 0.170756
v -0.008823 1.190157 0.171158
v -0.009217 1.189699 0.171583
v -0.009366 1.186297 0.164643
v -0.008760 1.186678 0.164350
v -0.008892 1.186417 0.164262
v -0.009446 1.185787 0.164499
v -0.008867 1.186059 0.164161
v -0.009101 1.185692 0.164324
v -0.009516 1.185205 0.164667
v -0.008698 1.185653 0.164220
v -0.008874 1.185379 0.164416
v -0.009975 1.190188 0.169667
v -0.008556 1.191391 0.169390
v -0.009374 1.190947 0.169893
v -0.008947 1.191179 0.169936
v -0.008913 1.191154 0.170066
v -0.007863 1.190506 0.170844
v -0.007589 1.187044 0.163726
v -0.006847 1.187325 0.163512
v -0.008852 1.186371 0.164187
v -0.007370 1.186958 0.163579
v -0.008097 1.186524 0.163822
v -0.007531 1.186648 0.163596
v -0.007741 1.186385 0.163690
v -0.007920 1.186125 0.163827
v -0.007364 1.186275 0.163648
v -0.007667 1.186015 0.163836
v -0.008887 1.191040 0.169202
v -0.007522 1.191849 0.168955
v -0.007708 1.191768 0.169432
v -0.008391 1.191366 0.169952
v -0.007350 1.190907 0.170474
v -0.006030 1.187393 0.163276
v -0.006580 1.187052 0.163337
v -0.006178 1.187037 0.163231
v -0.006238 1.186862 0.163252
v -0.006464 1.186632 0.163361
v -0.005868 1.186698 0.163259
v -0.005886 1.186585 0.163319
v -0.006112 1.186418 0.163439
v -0.006159 1.192230 0.168589
v -0.006006 1.192288 0.168921
v -0.005984 1.192270 0.169031
v -0.006646 1.192108 0.169195
v -0.005861 1.191486 0.169932
v -0.004712 1.187875 0.163333
v -0.003969 1.187872 0.163259
v -0.004617 1.187580 0.163068
v -0.004524 1.187561 0.163067
v -0.004952 1.187353 0.163061
v -0.004316 1.187303 0.162992
v -0.004647 1.187114 0.163022
v -0.004526 1.186876 0.163093
v -0.004686 1.186747 0.163164
v -0.004362 1.192302 0.168120
v -0.005604 1.192063 0.168097
v -0.004496 1.192468 0.168375
v -0.004555 1.192455 0.168400
v -0.004459 1.192498 0.168651
v -0.005763 1.192333 0.168569
v -0.004393 1.192480 0.168845
v -0.004280 1.192375 0.169051
v -0.004661 1.192089 0.169357
v -0.003582 1.186328 0.163572
v -0.002985 1.186326 0.163558
v -0.002348 1.186235 0.163657
v -0.003131 1.186242 0.163718
v -0.003011 1.186148 0.164104
v -0.003563 1.186185 0.164199
v -0.002907 1.186226 0.164460
v -0.002474 1.186152 0.164451
v -0.001628 1.186046 0.163876
v -0.000957 1.185934 0.163937
v -0.002172 1.186109 0.163876
v -0.001688 1.185954 0.164281
v -0.002240 1.186070 0.164306
v -0.001725 1.186018 0.164568
v -0.001238 1.185907 0.164722
v -0.001846 1.186090 0.164643
v -0.002041 1.186227 0.164771
v -0.000282 1.185640 0.164249
v -0.000876 1.185802 0.164161
v -0.000439 1.185572 0.164628
v -0.000955 1.185764 0.164587
v -0.000555 1.185651 0.164861
v -0.000016 1.185432 0.165112
v -0.000681 1.185774 0.164976
v -0.000818 1.185909 0.165081
v 0.000404 1.185417 0.164406
v 0.000889 1.185067 0.164775
v 0.000393 1.185287 0.164631
v 0.000699 1.185011 0.165149
v 0.000207 1.185285 0.165025
v 0.000580 1.185130 0.165460
v 0.000454 1.185298 0.165579
v 0.001894 1.184333 0.165449
v 0.001439 1.184632 0.165233
v 0.001655 1.184306 0.165793
v 0.001216 1.184654 0.165614
v 0.001647 1.184307 0.166123
v 0.001579 1.184410 0.166231
v 0.001393 1.184631 0.166188
v 0.002688 1.183464 0.166248
v 0.002312 1.183830 0.165968
v 0.002407 1.183471 0.166560
v 0.002061 1.183869 0.166326
v 0.002250 1.183619 0.166729
v 0.002287 1.183594 0.166972
v 0.002213 1.183729 0.166967
v 0.003240 1.182504 0.167127
v 0.002962 1.182900 0.166825
v 0.002922 1.182548 0.167413
v 0.002668 1.182995 0.167127
v 0.002752 1.182740 0.167661
v 0.002914 1.182292 0.167996
v 0.002697 1.182889 0.167782
v 0.003528 1.181468 0.168077
v 0.003349 1.181898 0.167747
v 0.003186 1.181578 0.168295
v 0.003036 1.182040 0.168008
v 0.003052 1.181612 0.168606
v 0.002977 1.181961 0.168479
v 0.002972 1.181886 0.168659
v 0.003528 1.180398 0.169062
v 0.003467 1.180876 0.168683
v 0.003181 1.180573 0.169223
v 0.003142 1.181050 0.168919
v 0.003013 1.180814 0.169424
v 0.002948 1.180358 0.169777
v 0.002978 1.181035 0.169493
v 0.003242 1.179364 0.170014
v 0.003228 1.178919 0.170355
v 0.003305 1.179839 0.169635
v 0.002915 1.179604 0.170116
v 0.002989 1.180073 0.169809
v 0.002757 1.179864 0.170303
v 0.002576 1.179412 0.170646
v 0.002750 1.180095 0.170352
v 0.002726 1.178433 0.170868
v 0.002485 1.177943 0.171271
v 0.002873 1.178850 0.170544
v 0.002402 1.178685 0.170956
v 0.002574 1.179134 0.170676
v 0.002251 1.178955 0.171130
v 0.001972 1.178545 0.171434
v 0.001937 1.177545 0.171680
v 0.002205 1.177966 0.171357
v 0.001655 1.177858 0.171715
v 0.001922 1.178275 0.171466
v 0.001515 1.178145 0.171876
v 0.001170 1.177842 0.172131
v 0.001483 1.178267 0.171978
v 0.000911 1.176793 0.172374
v 0.000680 1.176417 0.172636
v 0.001295 1.177167 0.172088
v 0.000684 1.177146 0.172371
v 0.001059 1.177530 0.172153
v 0.000638 1.177398 0.172437
v 0.000168 1.177208 0.172711
v 0.000460 1.177459 0.172612
v 0.000919 1.177914 0.172463
v -0.000248 1.176217 0.172901
v -0.000741 1.175876 0.173151
v 0.000208 1.176527 0.172676
v -0.000440 1.176591 0.172878
v 0.000001 1.176911 0.172719
v -0.000450 1.176853 0.172937
v -0.001023 1.176686 0.173143
v -0.000168 1.177271 0.173008
v -0.000595 1.176972 0.173082
v -0.001588 1.175814 0.173276
v -0.001070 1.176041 0.173122
v -0.001696 1.176211 0.173230
v -0.001190 1.176462 0.173132
v -0.001861 1.176519 0.173375
v -0.002285 1.176396 0.173418
v -0.001716 1.176716 0.173455
v -0.002981 1.175603 0.173466
v -0.002388 1.175767 0.173376
v -0.003025 1.176016 0.173408
v -0.002480 1.176188 0.173378
v -0.003190 1.176275 0.173498
v -0.002909 1.176418 0.173548
v -0.004366 1.175599 0.173469
v -0.004971 1.175505 0.173491
v -0.003796 1.175673 0.173459
v -0.004385 1.176018 0.173406
v -0.003823 1.176108 0.173451
v -0.004317 1.176265 0.173478
v -0.004876 1.176387 0.173460
v -0.004494 1.176433 0.173553
v -0.004208 1.176510 0.173645
v -0.005500 1.175584 0.173418
v -0.005794 1.175810 0.173278
v -0.006423 1.175805 0.173215
v -0.005207 1.175796 0.173349
v -0.005705 1.176212 0.173227
v -0.005151 1.176224 0.173346
v -0.005601 1.176445 0.173313
v -0.006159 1.176657 0.173219
v -0.005769 1.176642 0.173365
v -0.005640 1.176681 0.173440
v -0.007097 1.176201 0.172917
v -0.006530 1.176106 0.173063
v -0.006962 1.176596 0.172874
v -0.006417 1.176529 0.173071
v -0.006843 1.176814 0.172973
v -0.006981 1.177029 0.173004
v -0.006737 1.177039 0.173167
v -0.008280 1.176777 0.172387
v -0.007766 1.176610 0.172600
v -0.008085 1.177151 0.172366
v -0.007590 1.177007 0.172629
v -0.008110 1.177470 0.172405
v -0.008059 1.177584 0.172496
v -0.007841 1.177553 0.172684
v -0.009296 1.177520 0.171705
v -0.009734 1.177786 0.171415
v -0.008831 1.177273 0.171991
v -0.009047 1.177863 0.171713
v -0.008615 1.177647 0.172040
v -0.008893 1.178129 0.171885
v -0.009260 1.178431 0.171538
v -0.008824 1.178262 0.172043
v -0.010099 1.178419 0.170883
v -0.010457 1.178742 0.170537
v -0.009701 1.178074 0.171255
v -0.009798 1.178690 0.170950
v -0.009447 1.178430 0.171329
v -0.009637 1.178948 0.171136
v -0.009900 1.179293 0.170755
v -0.009604 1.179076 0.171240
v -0.010629 1.179338 0.170035
v -0.010908 1.179786 0.169578
v -0.010366 1.179027 0.170380
v -0.010308 1.179605 0.170114
v -0.010060 1.179300 0.170521
v -0.010145 1.179850 0.170308
v -0.010106 1.179970 0.170419
v -0.010915 1.180375 0.169083
v -0.011136 1.180458 0.168934
v -0.010744 1.180013 0.169474
v -0.010574 1.180585 0.169211
v -0.010424 1.180255 0.169651
v -0.010443 1.180887 0.169273
v -0.010368 1.180735 0.169605
v -0.010363 1.180919 0.169548
v -0.011113 1.181159 0.168299
v -0.010927 1.181421 0.168120
v -0.010941 1.181879 0.167659
v -0.010854 1.181023 0.168550
v -0.010576 1.181582 0.168293
v -0.010530 1.181239 0.168751
v -0.010404 1.181769 0.168546
v -0.010342 1.182156 0.168121
v -0.010370 1.181816 0.168773
v -0.010640 1.182474 0.167156
v -0.010704 1.182047 0.167607
v -0.010306 1.182564 0.167398
v -0.010377 1.182219 0.167846
v -0.010149 1.182726 0.167667
v -0.009969 1.183106 0.167253
v -0.010141 1.182758 0.167906
v -0.010100 1.183433 0.166277
v -0.010150 1.183732 0.165904
v -0.010272 1.183042 0.166694
v -0.009790 1.183482 0.166551
v -0.009966 1.183161 0.166976
v -0.009641 1.183631 0.166837
v -0.009359 1.183971 0.166451
v -0.009445 1.184039 0.166920
v -0.009324 1.184298 0.165480
v -0.009610 1.183933 0.165873
v -0.009041 1.184310 0.165788
v -0.009304 1.184030 0.166183
v -0.008537 1.184731 0.165763
v -0.008905 1.184442 0.166092
v -0.008891 1.184538 0.166278
v -0.008295 1.185058 0.164783
v -0.007948 1.185375 0.164424
v -0.008689 1.184737 0.165137
v -0.008080 1.185018 0.165143
v -0.008445 1.184773 0.165496
v -0.007974 1.185130 0.165464
v -0.007945 1.185217 0.165601
v -0.007140 1.185626 0.164263
v -0.007568 1.185393 0.164532
v -0.006939 1.185577 0.164625
v -0.007395 1.185385 0.164933
v -0.006740 1.185701 0.164850
v -0.007019 1.185652 0.165087
v -0.006854 1.185754 0.165107
v -0.005799 1.186038 0.163883
v -0.006365 1.185848 0.164118
v -0.005694 1.185955 0.164280
v -0.006201 1.185836 0.164521
v -0.005663 1.186041 0.164624
v -0.005105 1.186125 0.164476
v -0.005761 1.186113 0.164817
v -0.004405 1.186308 0.163588
v -0.004955 1.186152 0.163827
v -0.004362 1.186149 0.164101
v -0.004905 1.186106 0.164272
v -0.004253 1.186220 0.164390
v -0.003784 1.186235 0.164380
v -0.003798 1.186385 0.164634
v -0.004510 1.186293 0.164591
v -0.003169 1.187009 0.165505
v -0.003158 1.187042 0.165610
v -0.003045 1.187053 0.165962
v -0.002628 1.187013 0.165858
v -0.003452 1.187049 0.166040
v -0.002386 1.186905 0.166256
v -0.003364 1.186980 0.166208
v -0.003562 1.186263 0.166950
v -0.001786 1.186788 0.165635
v -0.001896 1.186872 0.165766
v -0.001957 1.186905 0.166059
v -0.001969 1.186883 0.166185
v -0.002331 1.186605 0.166608
v -0.002166 1.186262 0.166939
v -0.000586 1.186423 0.165973
v -0.000696 1.186520 0.166084
v -0.000293 1.186360 0.166459
v -0.000771 1.186552 0.166436
v -0.000665 1.186488 0.166527
v -0.001644 1.186157 0.167040
v -0.001639 1.185985 0.167204
v -0.000522 1.186051 0.167117
v 0.000495 1.185887 0.166456
v 0.000842 1.185623 0.166588
v 0.000367 1.186016 0.166551
v 0.000253 1.186071 0.166820
v 0.000208 1.186054 0.166947
v -0.000022 1.186042 0.167076
v 0.000273 1.185567 0.167561
v -0.000725 1.185585 0.167571
v 0.001314 1.185323 0.167056
v 0.001703 1.184891 0.167255
v 0.001292 1.185356 0.167157
v 0.001241 1.185359 0.167434
v 0.001081 1.185427 0.167522
v 0.000794 1.185190 0.167896
v 0.000013 1.185091 0.168026
v 0.002126 1.184457 0.167894
v 0.002024 1.184576 0.167869
v 0.002161 1.184286 0.168360
v 0.001840 1.184658 0.168188
v 0.001924 1.184444 0.168455
v 0.001798 1.184317 0.168672
v 0.001388 1.184883 0.168147
v 0.000675 1.184587 0.168485
v 0.001243 1.184056 0.168967
v 0.002617 1.183544 0.168616
v 0.002695 1.183364 0.168672
v 0.002532 1.183711 0.168665
v 0.002347 1.183853 0.168859
v 0.002269 1.183869 0.168939
v 0.001981 1.184024 0.168929
v 0.001966 1.183462 0.169484
v 0.001058 1.183861 0.169155
v 0.002869 1.182609 0.169472
v 0.002802 1.182789 0.169510
v 0.002617 1.183043 0.169573
v 0.002533 1.183174 0.169556
v 0.002396 1.182893 0.169953
v 0.001413 1.183276 0.169690
v 0.001565 1.182584 0.170323
v 0.002855 1.181545 0.170446
v 0.002823 1.181841 0.170381
v 0.002656 1.181919 0.170592
v 0.002538 1.182074 0.170599
v 0.002287 1.181812 0.170953
v 0.002284 1.182383 0.170453
v 0.002039 1.182101 0.170733
v 0.001549 1.182167 0.170700
v 0.002593 1.180913 0.171231
v 0.002369 1.181128 0.171415
v 0.002277 1.181033 0.171533
v 0.001375 1.181727 0.171111
v 0.001242 1.181044 0.171733
v 0.002119 1.179845 0.172009
v 0.001902 1.179488 0.172224
v 0.002121 1.180040 0.172039
v 0.001932 1.180151 0.172209
v 0.001859 1.180345 0.172191
v 0.001605 1.180438 0.172228
v 0.000747 1.180384 0.172339
v 0.001476 1.179172 0.172701
v 0.001427 1.179245 0.172766
v 0.001225 1.179517 0.172898
v 0.001065 1.179435 0.173000
v 0.000049 1.179824 0.172856
v 0.000500 1.178385 0.173344
v 0.000537 1.178568 0.173388
v 0.000363 1.178746 0.173501
v 0.000334 1.178930 0.173486
v 0.000195 1.179116 0.173435
v -0.000703 1.179303 0.173332
v -0.000582 1.177860 0.173840
v -0.000510 1.178031 0.173878
v -0.000696 1.178350 0.173980
v -0.000829 1.178334 0.174012
v -0.000438 1.178793 0.173740
v -0.001446 1.179071 0.173549
v -0.001464 1.177444 0.174012
v -0.001793 1.177483 0.174173
v -0.002224 1.177291 0.174175
v -0.001692 1.177657 0.174228
v -0.001826 1.177882 0.174296
v -0.001824 1.178060 0.174286
v -0.001733 1.178313 0.174173
v -0.002535 1.178414 0.174130
v -0.002166 1.178833 0.173761
v -0.002933 1.177361 0.174370
v -0.002950 1.177451 0.174409
v -0.003059 1.177696 0.174463
v -0.003008 1.177877 0.174455
v -0.003634 1.178614 0.173964
v -0.004341 1.177302 0.174343
v -0.004228 1.177437 0.174424
v -0.004754 1.177687 0.174419
v -0.004251 1.177795 0.174476
v -0.004391 1.177855 0.174454
v -0.004413 1.178744 0.173851
v -0.005401 1.177233 0.174054
v -0.005598 1.177483 0.174173
v -0.005492 1.177609 0.174269
v -0.005438 1.177901 0.174326
v -0.005413 1.178025 0.174318
v -0.005272 1.178225 0.174254
v -0.005857 1.178641 0.173921
v -0.005225 1.178833 0.173761
v -0.006809 1.177860 0.173840
v -0.006681 1.177953 0.173951
v -0.006695 1.178228 0.173979
v -0.006566 1.178360 0.174009
v -0.006601 1.179256 0.173374
v -0.007642 1.178085 0.173368
v -0.007892 1.178387 0.173344
v -0.008245 1.178505 0.173065
v -0.007755 1.178466 0.173485
v -0.007663 1.178824 0.173543
v -0.007749 1.178920 0.173475
v -0.007145 1.178889 0.173651
v -0.007180 1.179690 0.172982
v -0.008713 1.179033 0.172828
v -0.008686 1.179129 0.172876
v -0.008633 1.179402 0.172903
v -0.008472 1.179481 0.172980
v -0.008272 1.179619 0.172974
v -0.008180 1.179868 0.172783
v -0.007769 1.180085 0.172612
v -0.009625 1.179959 0.171852
v -0.009416 1.179906 0.172161
v -0.009233 1.180217 0.172266
v -0.009265 1.180333 0.172183
v -0.008785 1.180158 0.172485
v -0.008071 1.180439 0.172294
v -0.008543 1.181060 0.171722
v -0.010058 1.180838 0.171088
v -0.009923 1.180767 0.171367
v -0.009805 1.181018 0.171419
v -0.009657 1.181057 0.171533
v -0.009406 1.181081 0.171631
v -0.008918 1.181759 0.171077
v -0.010259 1.181664 0.170340
v -0.010193 1.181687 0.170521
v -0.010116 1.182223 0.170248
v -0.009972 1.181918 0.170691
v -0.009943 1.182062 0.170592
v -0.009642 1.181875 0.170909
v -0.008920 1.182340 0.170548
v -0.010260 1.182609 0.169472
v -0.010214 1.182638 0.169650
v -0.010030 1.182770 0.169855
v -0.009927 1.182837 0.169901
v -0.009714 1.182843 0.170012
v -0.009432 1.182993 0.169913
v -0.008636 1.182868 0.170071
v -0.009962 1.183661 0.168500
v -0.009984 1.183564 0.168798
v -0.009756 1.183736 0.169022
v -0.009665 1.183862 0.168934
v -0.008797 1.183338 0.169633
v -0.008562 1.183999 0.169023
v -0.009514 1.184440 0.167995
v -0.009320 1.184604 0.168122
v -0.009253 1.184567 0.168312
v -0.009135 1.184438 0.168548
v -0.008765 1.184564 0.168470
v -0.008343 1.184377 0.168670
v -0.009369 1.184601 0.167540
v -0.008796 1.185216 0.167070
v -0.008820 1.185233 0.167268
v -0.008367 1.185594 0.167156
v -0.008621 1.185338 0.167552
v -0.008480 1.185429 0.167501
v -0.007905 1.184791 0.168297
v -0.007727 1.185539 0.167587
v -0.007920 1.185844 0.166419
v -0.007528 1.186049 0.166194
v -0.007926 1.185914 0.166643
v -0.007822 1.185963 0.166922
v -0.007729 1.185975 0.167018
v -0.007562 1.185928 0.167180
v -0.007296 1.185850 0.167290
v -0.007139 1.185286 0.167846
v -0.006902 1.186413 0.166058
v -0.006754 1.186425 0.165894
v -0.006883 1.186446 0.166152
v -0.006325 1.186664 0.166173
v -0.006734 1.186506 0.166477
v -0.006540 1.186561 0.166457
v -0.006413 1.186448 0.166718
v -0.006466 1.185776 0.167393
v -0.005723 1.186792 0.165713
v -0.005706 1.186825 0.165809
v -0.005661 1.186854 0.166105
v -0.005587 1.186847 0.166218
v -0.005621 1.186726 0.166447
v -0.005188 1.186297 0.166905
v -0.003887 1.186947 0.165368
v -0.004450 1.187007 0.165552
v -0.004189 1.187022 0.165560
v -0.004375 1.187053 0.165974
v -0.004081 1.187058 0.165994
v -0.004153 1.186970 0.166202
v -0.004569 1.186323 0.166890
v -0.003695 1.186492 0.166730
v -0.003585 1.186498 0.164784
v -0.002866 1.186601 0.164982
v -0.003953 1.186950 0.165335
v -0.002875 1.186728 0.165144
f 1588 847 852
f 1587 845 853
f 818 854 844
f 854 818 855
f 278 819 843
f 843 819 857
f 122 263 860
f 122 864 863
f 1579 856 842
f 1579 843 856
f 842 865 839
f 841 862 861
f 281 842 839
f 866 821 867
f 821 870 836
f 822 266 868
f 822 871 838
f 1568 839 869
f 870 225 824
f 870 824 874
f 838 825 1560
f 284 823 872
f 872 823 873
f 874 824 227
f 1564 838 1560
f 825 269 859
f 859 858 820
f 875 248 876
f 875 879 878
f 293 877 832
f 877 229 881
f 877 880 832
f 883 252 884
f 883 830 882
f 1553 832 885
f 1550 882 830
f 830 827 1549
f 299 826 886
f 886 826 887
f 301 830 1549
f 889 235 890
f 889 894 893
f 829 828 891
f 891 828 892
f 891 848 847
f 893 850 845
f 817 845 121
f 251 896 895
f 879 248 251
f 251 249 896
f 251 315 250
f 897 900 899
f 881 229 231
f 897 230 900
f 897 898 231
f 883 250 253
f 253 316 252
f 885 231 233
f 233 898 901
f 233 317 232
f 254 316 902
f 902 316 903
f 254 318 888
f 979 354 234
f 887 232 234
f 234 317 979
f 318 904 256
f 256 320 255
f 889 234 236
f 236 319 905
f 892 255 257
f 257 320 906
f 907 356 237
f 894 235 237
f 237 236 907
f 237 321 851
f 908 940 259
f 259 257 908
f 238 321 909
f 852 258 261
f 261 262 260
f 911 308 240
f 240 238 911
f 240 322 239
f 912 313 262
f 855 260 262
f 262 323 264
f 857 239 241
f 241 243 842
f 220 915 914
f 859 269 220
f 220 324 219
f 264 323 263
f 323 313 917
f 323 325 263
f 243 918 242
f 861 219 222
f 222 326 221
f 325 921 265
f 864 263 325
f 921 327 265
f 869 242 245
f 245 328 244
f 867 221 224
f 224 326 923
f 822 265 267
f 267 327 924
f 869 244 328
f 328 329 246
f 926 368 226
f 870 223 226
f 226 224 926
f 927 967 268
f 871 266 268
f 268 267 927
f 268 330 825
f 928 931 247
f 873 246 247
f 247 329 928
f 929 933 228
f 227 225 228
f 228 226 929
f 228 230 227
f 270 330 930
f 930 967 915
f 270 915 220
f 270 220 269
f 875 247 249
f 931 896 249
f 249 251 248
f 877 227 230
f 933 900 230
f 230 897 229
f 318 902 419
f 904 353 936
f 354 355 905
f 904 935 906
f 353 348 937
f 907 939 356
f 907 355 938
f 422 340 939
f 939 37 357
f 940 39 945
f 356 357 909
f 943 37 1118
f 942 946 947
f 261 358 910
f 261 940 945
f 944 982 358
f 911 946 309
f 911 357 947
f 309 359 308
f 241 360 913
f 360 308 948
f 308 359 342
f 914 33 949
f 914 361 951
f 313 40 917
f 917 40 1006
f 918 360 958
f 1015 306 951
f 222 363 919
f 951 361 1015
f 1015 361 1016
f 921 959 920
f 245 364 922
f 310 958 957
f 245 362 958
f 919 365 923
f 919 363 307
f 332 331 307
f 920 366 924
f 922 963 925
f 364 960 1036
f 926 365 368
f 314 366 962
f 1030 352 962
f 962 968 967
f 928 369 931
f 963 367 1050
f 929 370 933
f 929 368 964
f 964 334 965
f 370 965 333
f 915 967 966
f 932 371 896
f 932 311 969
f 371 344 895
f 335 413 372
f 372 413 973
f 972 971 1073
f 899 372 973
f 899 416 977
f 373 975 974
f 253 373 316
f 312 373 253
f 312 970 373
f 373 972 345
f 898 976 901
f 898 899 977
f 976 1096 979
f 903 373 978
f 373 346 978
f 974 347 346
f 354 1104 355
f 980 389 983
f 349 39 981
f 389 390 1116
f 982 52 391
f 985 987 984
f 986 988 380
f 943 986 341
f 392 988 986
f 987 1000 394
f 984 394 996
f 989 990 40
f 989 992 991
f 991 395 990
f 992 52 993
f 990 395 396
f 40 396 397
f 994 997 999
f 995 998 997
f 342 994 948
f 996 394 998
f 999 45 398
f 994 398 399
f 1001 1002 1003
f 949 1004 1002
f 33 400 1004
f 1001 1003 1016
f 1005 1007 1009
f 1007 53 1147
f 917 401 953
f 1006 1005 917
f 397 1008 1006
f 396 53 1008
f 1005 1009 401
f 1011 1013 1010
f 343 1011 1010
f 948 1012 343
f 1012 398 1014
f 1015 1017 34
f 1015 1018 1017
f 1016 1003 1018
f 1019 1020 955
f 956 1009 387
f 955 403 952
f 956 1019 952
f 401 1009 956
f 1020 1035 402
f 955 402 403
f 1022 1024 1021
f 1023 1024 1022
f 957 1023 1022
f 957 1010 1023
f 1023 46 1024
f 1024 46 478
f 1021 47 404
f 1025 1027 331
f 1026 1028 1027
f 332 41 1026
f 1026 41 1029
f 1027 1045 405
f 1031 1033 1030
f 350 1032 1031
f 351 403 1032
f 1032 402 1034
f 1033 54 352
f 1036 1038 406
f 960 404 1037
f 1037 47 1039
f 1039 47 480
f 1040 1042 36
f 1040 1043 1158
f 1158 1044 1042
f 334 1040 36
f 35 1041 961
f 1041 405 1043
f 36 1044 407
f 1046 1047 409
f 962 409 968
f 962 1048 1046
f 1048 54 1049
f 1050 1052 311
f 367 406 1051
f 1051 48 1053
f 1053 48 382
f 311 483 1064
f 1054 1056 333
f 1055 1057 1054
f 334 1054 333
f 334 407 1055
f 407 1044 377
f 1056 1072 410
f 1059 1062 1058
f 1060 1061 1059
f 968 1060 1059
f 1060 408 1061
f 1058 400 33
f 1063 1065 344
f 1066 1067 1065
f 1064 1063 344
f 1066 483 1067
f 1065 1076 411
f 1068 1070 413
f 333 1069 335
f 1069 410 1071
f 1073 1075 414
f 1074 411 1075
f 972 1073 415
f 1073 414 415
f 1077 1079 416
f 1080 1167 1079
f 413 1078 336
f 1078 412 1080
f 1082 1084 1083
f 345 1082 975
f 415 1084 345
f 1083 50 417
f 1081 417 418
f 1086 1088 1085
f 1086 1085 337
f 337 416 1087
f 1087 42 1086
f 1085 43 1096
f 1090 1093 1089
f 347 1089 346
f 347 418 1091
f 1091 417 1092
f 1092 50 1093
f 1089 51 419
f 1095 1097 1094
f 1095 1098 1097
f 338 1096 1095
f 1096 43 1098
f 1097 465 420
f 1094 420 1104
f 934 1101 353
f 419 1100 934
f 1100 51 1101
f 1103 1105 1102
f 339 1103 1102
f 339 1104 1103
f 1104 420 1103
f 1103 465 378
f 1105 379 421
f 1102 421 422
f 1106 1107 38
f 937 348 1106
f 340 1111 425
f 422 1110 1109
f 1111 44 424
f 1112 1114 39
f 1115 1116 1114
f 941 38 1113
f 1113 423 1115
f 1114 390 389
f 1117 1120 393
f 1118 1121 1120
f 1120 1122 393
f 37 1119 1118
f 1119 424 1121
f 1117 393 392
f 49 384 50
f 1088 1099 43
f 1093 464 51
f 383 1123 1128
f 384 1128 464
f 1088 1126 1131
f 1099 1131 465
f 1101 385 1108
f 1128 463 1127
f 1127 449 1129
f 378 465 1130
f 1111 468 44
f 378 1130 1133
f 379 1133 468
f 385 466 467
f 467 452 1135
f 1136 470 380
f 469 386 1139
f 1139 454 469
f 983 472 52
f 386 467 1139
f 983 471 472
f 999 1149 45
f 381 1140 1142
f 1003 1150 1018
f 374 1004 1146
f 1148 473 1147
f 1142 1228 1149
f 1014 475 46
f 1150 476 1153
f 1009 474 1151
f 1151 477 387
f 1024 478 47
f 478 475 1152
f 1228 1222 444
f 1226 1220 429
f 375 1157 1028
f 1034 1049 54
f 477 479 1159
f 1039 480 48
f 480 478 1156
f 377 1158 1157
f 1048 482 408
f 388 1049 1159
f 388 1162 482
f 382 480 1160
f 1217 1209 445
f 382 1163 483
f 1057 481 1161
f 1162 1144 1004
f 1067 483 1163
f 1071 485 412
f 1057 1161 376
f 376 484 1167
f 1075 383 49
f 1075 446 383
f 1167 1088 42
f 1167 1124 1088
f 1170 78 557
f 1170 557 556
f 1171 65 518
f 1171 518 517
f 1170 79 560
f 803 560 559
f 1171 66 521
f 802 521 520
f 803 80 563
f 801 563 562
f 802 67 524
f 800 524 523
f 801 81 566
f 799 566 565
f 800 68 527
f 798 527 526
f 1176 55 488
f 1176 488 487
f 106 799 1175
f 799 82 569
f 1175 569 568
f 1175 83 1174
f 798 69 530
f 796 530 529
f 1176 56 491
f 795 491 490
f 1473 1174 1178
f 1174 83 572
f 1178 572 571
f 796 70 533
f 794 533 532
f 795 57 494
f 793 494 493
f 1178 84 575
f 1178 575 574
f 792 1178 788
f 794 71 536
f 791 536 535
f 793 58 497
f 790 497 496
f 1178 85 578
f 789 578 577
f 791 72 539
f 787 539 538
f 790 59 500
f 786 500 499
f 114 789 1179
f 789 86 581
f 1179 581 580
f 1179 55 1176
f 114 1176 785
f 787 73 542
f 784 542 541
f 786 60 503
f 782 503 502
f 116 784 1181
f 784 74 545
f 1181 545 544
f 1181 75 1180
f 782 61 506
f 780 506 505
f 1440 1180 1183
f 1180 75 548
f 1183 548 547
f 780 62 509
f 779 509 508
f 1183 76 551
f 1183 551 550
f 778 1183 120
f 779 63 512
f 777 512 511
f 120 1183 1184
f 1183 77 554
f 1184 554 553
f 1184 78 1170
f 120 1170 776
f 774 777 1185
f 777 64 515
f 1185 515 514
f 1185 65 1171
f 774 1171 775
f 1132 1130 436
f 436 437 1132
f 1129 449 451
f 451 453 1129
f 435 1190 1130
f 1190 1186 1130
f 450 1196 1192
f 450 1188 449
f 434 1193 1126
f 1126 432 434
f 1194 1195 435
f 1193 435 1125
f 448 1196 1123
f 1123 446 448
f 1197 1192 1196
f 433 585 1198
f 1198 1194 434
f 433 434 432
f 447 584 1199
f 1199 1197 448
f 447 448 446
f 1165 376 431
f 1200 1198 585
f 431 585 1164
f 1203 1199 584
f 462 426 461
f 430 1206 376
f 1207 1200 431
f 1206 431 376
f 1217 583 1208
f 1210 1203 1208
f 1208 1203 445
f 1215 1207 430
f 1218 1208 583
f 1219 1212 460
f 459 460 1154
f 1221 1215 429
f 1223 1218 444
f 458 1224 1155
f 1225 1219 459
f 1224 459 1155
f 1227 1221 1233
f 1233 1221 428
f 1229 1223 443
f 1231 1225 458
f 1232 1204 1233
f 426 1232 1146
f 1146 461 426
f 1232 426 1204
f 1232 1233 427
f 1232 427 1145
f 1234 1229 442
f 441 442 1143
f 1235 1231 457
f 456 457 1141
f 440 1236 439
f 1237 1234 441
f 1236 441 439
f 455 1238 454
f 1239 1235 456
f 1238 456 454
f 1138 1136 438
f 1240 1237 1243
f 1243 1237 440
f 438 440 1137
f 452 582 1245
f 1241 1239 1245
f 1245 1239 455
f 452 455 1134
f 1242 1186 1243
f 437 1242 1136
f 1242 437 1186
f 1242 1243 438
f 1242 438 1136
f 1244 1188 1245
f 453 1244 452
f 1244 453 1188
f 1244 1245 582
f 1244 582 452
f 809 1246 1331
f 1331 618 809
f 806 1249 1334
f 1334 617 806
f 1546 1252 1247
f 1254 620 1247
f 1247 1331 1246
f 1544 1255 1250
f 1257 621 1250
f 1250 1334 1249
f 1540 1258 1253
f 1260 622 1253
f 1253 1247 1252
f 1538 1261 1256
f 1263 623 1256
f 1256 1250 1255
f 1537 1264 1259
f 1266 624 1259
f 1259 1253 1258
f 1536 1267 1262
f 1269 625 1262
f 1262 1256 1261
f 1534 1270 1265
f 1272 626 1265
f 1265 1259 1264
f 1532 1273 1268
f 1275 627 1268
f 1268 1262 1267
f 812 1276 1314
f 1314 619 812
f 1529 1279 1271
f 1281 628 1271
f 1271 1265 1270
f 1528 1282 1274
f 1284 629 1274
f 1274 1268 1273
f 1531 1285 1277
f 1287 630 1277
f 1277 1314 1276
f 1525 1288 1280
f 1290 631 1280
f 1280 1271 1279
f 1523 1291 1283
f 1293 632 1283
f 1283 1274 1282
f 1522 1294 1286
f 1296 633 1286
f 1286 1277 1285
f 1521 1297 1289
f 1299 634 1289
f 1289 1280 1288
f 1520 1300 1292
f 1302 635 1292
f 1292 1283 1291
f 1518 1303 1295
f 1305 636 1295
f 1295 1286 1294
f 1516 813 1298
f 1298 1289 1297
f 1515 1307 1301
f 1309 638 1301
f 1301 1292 1300
f 1514 1310 1304
f 1312 639 1304
f 1304 1295 1303
f 813 812 1313
f 1313 619 1314
f 1511 1316 1308
f 1318 641 1308
f 1308 1301 1307
f 1509 1319 1311
f 1321 642 1311
f 1311 1304 1310
f 1507 1322 1317
f 1324 643 1317
f 1317 1308 1316
f 1506 1325 1320
f 1327 644 1320
f 1320 1311 1319
f 1505 810 1323
f 1323 1317 1322
f 1504 807 1326
f 1326 1320 1325
f 810 809 1330
f 1330 618 1331
f 807 806 1333
f 1333 617 1334
f 1248 1332 1331
f 1251 1335 1334
f 620 1248 1247
f 102 100 679
f 621 1251 1250
f 1341 1344 680
f 1341 680 681
f 1341 101 1257
f 622 1254 1253
f 623 1257 1256
f 1344 1340 1263
f 624 1260 1259
f 625 1263 1262
f 626 1266 1265
f 1352 686 687
f 688 1345 1272
f 627 1269 1268
f 1354 685 1346
f 1278 1315 1314
f 628 1272 1271
f 629 1275 1274
f 1354 1348 1284
f 630 1278 1277
f 631 1281 1280
f 632 1284 1283
f 95 93 695
f 633 1287 1286
f 1361 696 697
f 698 1355 1296
f 634 1290 1289
f 1359 700 1356
f 635 1293 1292
f 701 702 1357
f 636 1296 1295
f 1306 1299 1298
f 638 1302 1301
f 1363 703 1309
f 639 1305 1304
f 1315 1306 1313
f 1366 657 640
f 641 1309 1308
f 1370 706 707
f 708 1362 1318
f 642 1312 1311
f 1372 91 1364
f 643 1318 1317
f 644 1321 1320
f 1372 1368 1327
f 1328 1324 1323
f 1329 1327 1326
f 89 87 713
f 1332 1328 1330
f 1375 715 1373
f 1335 1329 1333
f 1375 1377 1378
f 677 102 1377
f 719 1378 720
f 1376 1379 717
f 678 101 1379
f 1380 1651 1634
f 1675 676 1663
f 679 1716 1710
f 679 1734 1741
f 754 1675 1604
f 1381 2764 2769
f 682 2871 2877
f 681 2835 2841
f 680 2795 2803
f 675 2744 2754
f 755 2804 2902
f 1383 1776 1786
f 99 1678 1729
f 100 1828 1830
f 1383 1759 1766
f 1678 673 1612
f 98 1385 1344
f 1344 1384 675
f 756 2957 1385
f 1385 2957 2872
f 1384 2821 2728
f 684 688 1386
f 1388 1387 685
f 98 1387 672
f 1388 2501 2505
f 2532 1387 2466
f 757 2532 2494
f 98 672 1385
f 1389 2776 2773
f 2893 1386 2847
f 687 2749 2767
f 687 2863 2710
f 686 2924 2929
f 670 2933 2938
f 745 2893 2899
f 1390 2573 2574
f 669 2605 2593
f 690 2552 2557
f 690 2630 2627
f 1390 2520 2529
f 668 758 669
f 2605 758 2503
f 2600 671 2590
f 691 97 1391
f 97 1395 1391
f 1391 667 759
f 1352 1392 670
f 96 666 1393
f 2914 760 2897
f 1393 2914 2918
f 1392 2900 2907
f 692 95 1394
f 693 698 1395
f 1391 1396 667
f 1395 1396 1391
f 1398 1397 94
f 694 94 1397
f 1398 2626 2659
f 2709 1397 2702
f 761 2709 2653
f 666 1397 665
f 1399 2361 2362
f 2392 1400 2381
f 695 2341 2430
f 695 2424 2422
f 762 2392 2414
f 1402 2115 2117
f 2153 1403 2136
f 697 2111 2127
f 697 2213 2216
f 696 2267 2271
f 662 2183 2199
f 763 2153 2234
f 1404 2510 2517
f 1409 2550 2608
f 700 2479 2487
f 700 2514 2549
f 1404 2528 2535
f 661 764 1409
f 2550 764 2488
f 663 2607 2617
f 1405 2386 2373
f 1406 2429 2461
f 93 2389 2383
f 1405 2445 2438
f 703 1406 701
f 2429 660 2419
f 1361 1407 662
f 92 659 1408
f 2103 765 2109
f 1408 2103 2122
f 1407 2128 2137
f 1409 655 661
f 703 708 1410
f 1412 1411 91
f 704 91 1411
f 91 654 1412
f 1412 1878 1880
f 1908 1411 1889
f 766 1908 1916
f 659 1411 658
f 705 1366 1413
f 1414 2148 2144
f 2098 1410 2229
f 707 2279 2249
f 707 2189 2196
f 706 2149 2156
f 2248 653 2244
f 731 2098 2108
f 1415 1954 1957
f 652 1853 1970
f 710 1855 1863
f 710 1922 1926
f 709 2069 2071
f 769 767 652
f 1853 767 1861
f 1882 654 1883
f 1370 1416 653
f 90 651 1417
f 2132 768 2124
f 1417 2132 2146
f 1416 2164 2165
f 711 89 1418
f 1418 769 652
f 1420 1419 88
f 712 88 1419
f 1420 1943 1945
f 1973 1419 1967
f 770 1973 1892
f 651 1419 650
f 1421 1743 1790
f 1700 1422 1755
f 713 1778 1787
f 713 1841 1832
f 771 1700 1619
f 1424 2016 2000
f 719 1856 1846
f 715 2001 1992
f 715 2002 1998
f 1424 1888 1899
f 720 772 719
f 1856 772 1875
f 648 2061 1948
f 1425 1798 1806
f 1426 1829 1825
f 87 1763 1756
f 1425 1799 1805
f 1829 718 1669
f 676 1427 1378
f 754 750 676
f 1428 1684 1688
f 751 1597 1668
f 751 750 1428
f 1429 119 777
f 750 752 1427
f 1430 2791 2798
f 1432 2859 2855
f 749 2940 2904
f 749 748 1432
f 1434 120 1433
f 1433 120 753
f 748 753 717
f 1435 1719 1725
f 1435 1674 1681
f 1436 118 779
f 1436 119 750
f 1435 750 751
f 756 2813 2716
f 1385 1437 756
f 746 742 1437
f 1437 748 749
f 745 747 673
f 117 115 780
f 757 2527 2587
f 742 1180 1440
f 1441 2833 2839
f 1443 2752 2770
f 741 2932 2947
f 741 1444 1443
f 115 781 782
f 1441 1444 745
f 1446 2470 2481
f 1447 2660 2667
f 1448 2604 2609
f 758 668 1448
f 668 783 784
f 668 116 1449
f 1449 116 742
f 668 742 743
f 1446 743 744
f 760 2836 2842
f 665 1450 760
f 1451 738 786
f 1451 115 1450
f 113 1458 787
f 1396 1454 667
f 788 114 1455
f 1455 114 1454
f 761 2508 2516
f 738 110 790
f 1456 738 1450
f 762 737 1401
f 1457 2377 2370
f 1457 2417 2408
f 1458 112 791
f 737 113 1401
f 1459 2194 2200
f 1461 2302 2309
f 736 2321 2324
f 736 1453 1461
f 111 788 1462
f 1459 1453 1396
f 1463 2631 2635
f 1464 2681 2686
f 1465 2502 2513
f 764 661 1465
f 110 108 793
f 1466 110 738
f 661 738 739
f 1463 739 740
f 1467 2457 2455
f 1467 2380 2364
f 1468 109 794
f 1468 112 737
f 765 2195 2201
f 658 1469 765
f 734 733 1469
f 1469 111 1453
f 1469 1453 736
f 655 1471 661
f 108 1173 795
f 1471 110 661
f 731 735 660
f 107 105 796
f 766 1887 1884
f 729 1174 1473
f 1474 785 1476
f 1475 108 732
f 1477 2159 2167
f 1479 2335 2336
f 728 2263 2261
f 728 727 1479
f 105 797 798
f 1477 727 731
f 1481 2004 2007
f 1482 2079 2080
f 1483 1874 1886
f 767 769 1483
f 769 1484 1483
f 1485 104 799
f 1485 106 729
f 1481 729 730
f 768 2179 2185
f 650 1486 768
f 1487 1491 800
f 1486 105 727
f 1486 727 728
f 104 103 801
f 1489 1484 769
f 770 1907 1901
f 1490 1497 802
f 1490 1491 726
f 771 722 1423
f 1492 1724 1727
f 723 1672 1679
f 723 722 1492
f 103 1168 803
f 722 104 1423
f 1494 1860 2003
f 1495 2041 2040
f 1496 1975 1977
f 772 720 1496
f 720 775 804
f 720 1490 724
f 1494 724 725
f 1498 1704 1714
f 1498 1703 1697
f 773 776 805
f 773 1168 1499
f 773 103 722
f 1498 722 723
f 616 1500 1245
f 1501 806 807
f 615 1502 1243
f 1503 809 810
f 614 1500 1239
f 1501 808 1504
f 613 1502 1237
f 1503 811 1505
f 612 1508 610
f 611 1510 609
f 610 1508 1231
f 609 1510 1229
f 608 1512 1233
f 1513 812 813
f 607 1517 604
f 606 1519 603
f 605 1512 1221
f 1513 814 1516
f 604 1517 1219
f 603 1519 1218
f 602 1524 599
f 601 1526 598
f 600 1527 597
f 599 1524 1207
f 598 1205 1204
f 597 1527 1203
f 596 1533 593
f 1205 608 1204
f 1526 1522 1531
f 1531 812 1530
f 595 1512 608
f 594 1535 592
f 593 1533 1198
f 592 1535 1197
f 591 1539 589
f 590 1541 588
f 589 1539 1195
f 588 1189 1188
f 1191 1187 1186
f 1189 616 1188
f 1541 1538 1544
f 1544 806 1543
f 587 1500 616
f 1187 615 1186
f 1542 1540 1546
f 1546 809 1545
f 586 1502 615
f 12 1547 816
f 155 1547 154
f 11 1547 155
f 194 815 193
f 24 815 194
f 11 303 305
f 152 303 151
f 10 303 152
f 1547 302 893
f 191 1548 190
f 23 1548 191
f 301 1549 1548
f 304 1549 828
f 10 300 303
f 149 300 148
f 9 300 149
f 302 299 889
f 188 1550 187
f 22 1550 188
f 831 1551 1550
f 9 1552 300
f 146 1552 145
f 8 1552 146
f 297 1553 1552
f 299 1553 826
f 185 298 184
f 21 298 185
f 8 1554 297
f 143 1554 142
f 7 1554 143
f 293 1555 1554
f 1555 832 297
f 297 832 833
f 21 1556 296
f 182 1556 181
f 20 1556 182
f 295 291 883
f 7 1557 294
f 140 1557 139
f 6 1557 140
f 20 1558 292
f 179 1558 178
f 19 1558 179
f 292 875 834
f 291 834 878
f 218 1559 217
f 32 1559 218
f 1563 1560 1559
f 1559 1560 835
f 6 1561 290
f 137 1561 136
f 5 1561 137
f 289 286 877
f 19 285 288
f 176 285 175
f 18 285 176
f 287 284 875
f 215 1562 214
f 31 1562 215
f 837 1564 1562
f 134 1565 133
f 4 1565 134
f 1572 1566 1565
f 286 1566 874
f 18 1567 285
f 173 1567 172
f 17 1567 173
f 283 1568 1567
f 284 1568 823
f 212 1569 211
f 30 1569 212
f 131 1571 130
f 3 1571 131
f 282 1572 1571
f 1572 282 821
f 1572 821 836
f 170 1573 169
f 16 1573 170
f 1579 1574 1573
f 1574 839 1573
f 209 1575 208
f 29 1575 209
f 1581 1576 1575
f 1576 840 1575
f 3 1577 282
f 128 1577 127
f 2 1577 128
f 280 862 1577
f 282 841 821
f 167 1578 166
f 15 1578 167
f 278 1579 1578
f 206 1580 205
f 28 1580 206
f 844 1582 1580
f 1581 1582 863
f 125 1583 124
f 1 1583 125
f 1584 820 1583
f 280 820 862
f 164 279 163
f 14 279 164
f 28 1585 277
f 203 1585 202
f 27 1585 203
f 14 1586 276
f 161 1586 160
f 13 1586 161
f 272 1587 1586
f 275 1587 819
f 200 274 199
f 26 274 200
f 271 1588 274
f 273 1588 818
f 13 1590 272
f 156 1589 1590
f 158 1589 157
f 12 1590 158
f 817 1591 1590
f 1591 845 272
f 272 845 846
f 197 1592 196
f 25 1592 197
f 815 847 1593
f 1593 847 1592
f 849 848 892
f 849 259 258
f 851 850 894
f 851 238 853
f 852 847 848
f 852 848 849
f 852 261 260
f 852 260 818
f 1588 852 818
f 853 845 850
f 853 850 851
f 853 240 239
f 853 239 819
f 1587 853 819
f 844 854 122
f 855 818 260
f 855 262 264
f 857 819 239
f 857 241 842
f 859 220 219
f 820 858 862
f 1582 844 122
f 122 854 855
f 122 264 263
f 122 860 864
f 1582 122 863
f 842 856 843
f 842 843 857
f 842 243 242
f 842 242 865
f 841 861 821
f 861 862 858
f 861 858 859
f 861 222 221
f 861 221 821
f 864 325 265
f 863 864 822
f 840 863 822
f 869 865 242
f 869 245 244
f 867 821 221
f 867 224 223
f 821 866 870
f 838 837 822
f 822 267 266
f 822 868 871
f 869 839 865
f 869 328 246
f 869 246 823
f 1568 869 823
f 1566 836 870
f 870 866 867
f 870 226 225
f 1566 870 874
f 1564 837 838
f 871 268 825
f 838 871 825
f 873 823 246
f 284 872 875
f 286 874 877
f 835 1560 820
f 859 1560 825
f 825 270 269
f 1560 859 820
f 875 872 873
f 875 249 248
f 875 876 879
f 834 875 878
f 293 294 877
f 877 874 227
f 877 230 229
f 877 881 880
f 879 251 250
f 291 878 883
f 882 831 883
f 883 878 879
f 883 253 252
f 883 884 830
f 885 832 880
f 885 880 881
f 885 233 232
f 885 232 826
f 1553 885 826
f 254 830 884
f 830 254 827
f 887 826 232
f 299 886 889
f 888 1549 827
f 888 827 254
f 888 256 255
f 888 255 828
f 1549 888 828
f 889 886 887
f 889 236 235
f 889 890 894
f 302 889 893
f 892 828 255
f 892 257 849
f 891 892 848
f 829 891 847
f 894 237 851
f 893 894 850
f 817 893 845
f 251 895 312
f 879 876 248
f 251 312 315
f 897 899 898
f 231 229 897
f 883 879 250
f 253 250 315
f 253 315 312
f 885 881 231
f 233 231 898
f 233 901 317
f 254 884 252
f 254 252 316
f 254 902 318
f 234 232 317
f 979 317 901
f 234 354 319
f 256 888 318
f 256 904 320
f 889 887 234
f 236 234 319
f 905 319 354
f 257 255 320
f 906 320 904
f 894 890 235
f 237 235 236
f 907 236 905
f 237 356 321
f 259 849 257
f 908 257 906
f 238 851 321
f 909 321 356
f 852 849 258
f 261 258 259
f 261 259 940
f 261 910 262
f 240 853 238
f 911 238 909
f 911 309 308
f 240 308 322
f 912 262 910
f 262 313 323
f 241 239 322
f 241 322 308
f 241 913 243
f 220 914 951
f 220 951 324
f 323 917 916
f 122 855 264
f 323 916 325
f 918 243 913
f 861 859 219
f 222 219 324
f 222 324 951
f 222 919 326
f 864 860 263
f 921 325 916
f 921 920 327
f 245 242 918
f 245 922 328
f 224 221 326
f 923 326 919
f 822 864 265
f 267 265 327
f 924 327 920
f 925 328 922
f 328 925 329
f 870 867 223
f 226 223 224
f 926 224 923
f 871 868 266
f 268 266 267
f 927 267 924
f 268 967 330
f 247 246 329
f 928 329 925
f 247 931 249
f 227 824 225
f 228 225 226
f 929 226 368
f 228 933 230
f 270 825 330
f 930 330 967
f 270 930 915
f 875 873 247
f 931 932 896
f 904 419 934
f 904 318 419
f 904 934 353
f 938 355 339
f 339 355 1104
f 938 339 422
f 935 936 937
f 935 904 936
f 937 936 353
f 935 937 38
f 907 938 939
f 907 905 355
f 939 938 422
f 939 340 37
f 356 939 357
f 940 935 941
f 940 908 935
f 908 906 935
f 941 935 38
f 940 941 39
f 942 357 943
f 943 357 37
f 942 943 946
f 357 942 947
f 944 945 349
f 261 944 358
f 944 261 945
f 349 945 39
f 944 349 982
f 309 341 984
f 309 946 341
f 911 947 946
f 911 909 357
f 341 946 943
f 309 984 359
f 313 912 358
f 912 910 358
f 313 358 40
f 308 342 948
f 360 241 308
f 359 984 342
f 984 996 342
f 360 948 958
f 914 949 361
f 916 917 954
f 917 953 954
f 950 958 343
f 362 918 958
f 918 913 360
f 958 948 343
f 222 306 363
f 306 222 951
f 952 953 956
f 921 952 959
f 921 953 952
f 921 954 953
f 921 916 954
f 245 310 364
f 310 245 958
f 245 918 362
f 957 958 950
f 957 1021 364
f 310 957 364
f 307 306 332
f 919 307 365
f 307 363 306
f 306 34 332
f 307 331 35
f 365 307 35
f 959 952 1030
f 366 920 959
f 952 351 350
f 1030 952 350
f 366 959 1030
f 367 364 1036
f 922 367 963
f 367 922 364
f 364 1021 960
f 367 1036 406
f 961 368 35
f 926 923 365
f 368 365 35
f 368 961 334
f 927 314 967
f 314 927 366
f 927 924 366
f 962 366 1030
f 314 962 967
f 928 311 369
f 311 928 963
f 928 925 963
f 963 1050 311
f 370 929 964
f 964 368 334
f 965 334 333
f 370 964 965
f 966 967 1058
f 915 33 914
f 915 966 33
f 1058 967 968
f 966 1058 33
f 344 969 311
f 932 344 371
f 932 969 344
f 932 931 369
f 932 369 311
f 344 311 1064
f 372 370 335
f 372 900 370
f 900 933 370
f 335 370 333
f 970 971 972
f 895 970 312
f 895 971 970
f 895 896 371
f 899 973 336
f 899 900 372
f 336 973 413
f 899 336 416
f 373 345 975
f 373 970 972
f 976 977 337
f 976 898 977
f 337 977 416
f 976 337 1096
f 903 978 902
f 903 316 373
f 373 974 346
f 974 975 347
f 419 978 346
f 902 978 419
f 354 979 338
f 979 901 976
f 338 979 1096
f 354 338 1104
f 980 983 982
f 980 981 389
f 983 389 1116
f 982 349 980
f 349 981 980
f 981 39 389
f 982 983 52
f 985 986 987
f 987 986 380
f 341 985 984
f 341 986 985
f 943 392 986
f 392 393 988
f 988 393 380
f 380 381 1000
f 987 380 1000
f 984 987 394
f 989 991 990
f 989 391 992
f 991 993 395
f 991 992 993
f 358 989 40
f 358 391 989
f 358 982 391
f 391 52 992
f 395 993 53
f 40 990 396
f 994 995 997
f 995 996 998
f 997 1000 999
f 997 998 1000
f 948 994 399
f 342 995 994
f 342 996 995
f 998 394 1000
f 1000 381 999
f 994 999 398
f 1001 949 1002
f 949 33 1004
f 1002 1004 1003
f 361 1001 1016
f 361 949 1001
f 1004 400 1062
f 1004 374 1003
f 1005 1006 1007
f 1006 1008 1007
f 1007 1147 1009
f 1007 1008 53
f 917 1005 401
f 1006 40 397
f 397 396 1008
f 396 395 53
f 1009 1147 474
f 1011 1014 1013
f 1011 1012 1014
f 950 343 1010
f 343 1012 1011
f 948 399 1012
f 1012 399 398
f 1014 398 45
f 45 475 1014
f 1013 1014 46
f 1010 1013 46
f 1015 1016 1018
f 1017 1018 375
f 34 306 1015
f 1017 375 41
f 34 1017 41
f 1019 956 1020
f 1020 956 387
f 952 1019 955
f 953 401 956
f 387 477 1035
f 1020 387 1035
f 955 1020 402
f 957 1022 1021
f 957 950 1010
f 1023 1010 46
f 1021 1024 47
f 1025 1026 1027
f 1026 1029 1028
f 331 332 1025
f 332 1026 1025
f 332 34 41
f 1029 375 1028
f 1027 1028 1045
f 331 1027 405
f 1031 1034 1033
f 1031 1032 1034
f 350 1031 1030
f 350 351 1032
f 351 952 403
f 1032 403 402
f 1034 402 1035
f 1035 1049 1034
f 1033 1034 54
f 1030 1033 352
f 1036 1039 1038
f 1036 1037 1039
f 960 1037 1036
f 960 1021 404
f 1037 404 47
f 1038 1039 48
f 406 1038 48
f 1040 1158 1042
f 1040 1041 1043
f 1043 1045 1158
f 334 961 1040
f 961 1041 1040
f 35 331 1041
f 1041 331 405
f 1043 405 1045
f 1044 1158 377
f 36 1042 1044
f 1046 1048 1047
f 962 1046 409
f 962 352 1048
f 1048 352 54
f 1049 388 1048
f 1047 1048 408
f 409 1047 408
f 1050 1053 1052
f 1050 1051 1053
f 1050 367 1051
f 1051 406 48
f 1052 1053 483
f 311 1052 483
f 1054 1057 1056
f 1055 407 1057
f 1057 407 377
f 334 1055 1054
f 334 36 407
f 1057 376 1072
f 1056 1057 1072
f 333 1056 410
f 1059 1061 1062
f 1061 408 1062
f 968 1059 1058
f 968 409 1060
f 1060 409 408
f 408 1162 1062
f 1058 1062 400
f 1063 1066 1065
f 1063 1064 1066
f 1064 483 1066
f 1065 1067 1076
f 344 1065 411
f 1068 1071 1070
f 1068 1069 1071
f 335 1068 413
f 335 1069 1068
f 1069 333 410
f 1071 410 1072
f 1072 485 1071
f 1070 1071 412
f 413 1070 412
f 1073 1074 1075
f 1074 971 411
f 411 1076 1075
f 971 1074 1073
f 971 895 344
f 971 344 411
f 414 1075 49
f 1077 1080 1079
f 1077 1078 1080
f 1080 412 1167
f 336 1077 416
f 336 1078 1077
f 1078 413 412
f 1079 1167 42
f 416 1079 42
f 1081 1082 1083
f 1082 345 1084
f 1083 1084 49
f 975 1081 418
f 975 1082 1081
f 972 415 345
f 415 414 1084
f 1084 414 49
f 1083 49 50
f 1081 1083 417
f 1086 42 1088
f 337 1085 1096
f 1086 337 1087
f 1087 416 42
f 1085 1088 43
f 1090 1092 1093
f 1090 1091 1092
f 419 346 1089
f 347 1090 1089
f 347 1091 1090
f 347 975 418
f 1091 418 417
f 1092 417 50
f 1089 1093 51
f 1095 1096 1098
f 1097 43 1099
f 1097 1098 43
f 338 1094 1104
f 338 1095 1094
f 1097 1099 465
f 1094 1097 420
f 934 1100 1101
f 1100 419 51
f 51 1127 1101
f 353 1101 1108
f 1103 378 1105
f 422 339 1102
f 1103 420 465
f 1102 1105 421
f 1106 1108 1107
f 1106 348 1108
f 937 1106 38
f 348 353 1108
f 1108 385 1107
f 38 1107 423
f 340 1109 1111
f 1109 379 1111
f 1109 1110 379
f 37 340 425
f 422 1109 340
f 422 421 1110
f 1110 421 379
f 425 1111 424
f 1112 1115 1114
f 1112 1113 1115
f 1115 1107 1116
f 941 1112 39
f 941 1113 1112
f 1113 38 423
f 1115 423 1107
f 1107 386 1116
f 1114 1116 390
f 39 1114 389
f 1117 1118 1120
f 1118 1119 1121
f 1120 44 1122
f 1120 1121 44
f 943 1117 392
f 943 1118 1117
f 37 425 1119
f 1119 425 424
f 1121 424 44
f 1122 44 380
f 393 1122 380
f 1123 383 446
f 49 383 384
f 1126 1088 1124
f 1126 1124 432
f 1128 384 383
f 1093 384 464
f 1093 50 384
f 1128 450 449
f 1128 449 463
f 1131 1099 1088
f 1131 1125 1130
f 1131 1126 1125
f 1125 435 1130
f 1127 464 1128
f 1101 1127 385
f 1127 51 464
f 1127 463 449
f 1130 465 1131
f 1105 378 379
f 385 1129 452
f 1107 385 467
f 385 1127 1129
f 1129 453 452
f 385 452 466
f 1133 379 378
f 1133 1132 1136
f 1111 379 468
f 1133 1130 1132
f 1132 437 1136
f 467 1135 1134
f 1116 386 469
f 386 1107 467
f 467 466 452
f 1136 468 1133
f 1136 1138 1137
f 44 1136 380
f 1136 44 468
f 1136 1137 470
f 1139 1134 454
f 983 1116 469
f 1139 467 1134
f 1134 455 454
f 469 454 471
f 983 469 471
f 1140 1137 439
f 380 1140 381
f 1140 380 470
f 1140 470 1137
f 1137 440 439
f 472 454 1141
f 53 993 472
f 993 52 472
f 472 471 454
f 1142 439 1143
f 999 381 1149
f 1142 1140 439
f 381 1142 1149
f 1146 1004 1144
f 1003 374 1150
f 1146 1144 461
f 374 1146 1150
f 1148 1141 1230
f 53 1148 1147
f 1148 53 472
f 1148 472 1141
f 1141 457 1230
f 1148 1230 473
f 1142 1143 1228
f 475 45 1149
f 1143 442 1228
f 475 1149 1152
f 1150 1145 1226
f 375 1018 1150
f 1150 1146 1145
f 1145 427 1226
f 1150 1226 476
f 375 1150 1153
f 1151 1230 1155
f 387 1009 1151
f 1151 474 1147
f 1151 1147 473
f 1151 473 1230
f 1230 458 1155
f 1151 1155 477
f 1152 1228 444
f 478 46 475
f 1152 1149 1228
f 1228 443 1222
f 478 1152 1156
f 1153 1226 429
f 1029 41 375
f 1153 476 1226
f 1226 428 1220
f 375 1153 1157
f 477 1155 1154
f 1049 1035 477
f 477 1154 479
f 1049 477 1159
f 1156 444 1217
f 480 47 478
f 1156 1152 444
f 480 1156 1160
f 1157 429 1214
f 1158 1045 1028
f 1158 1028 1157
f 1157 1153 429
f 1157 1214 481
f 377 1157 481
f 1159 1154 1211
f 1048 388 482
f 1159 479 1154
f 1154 460 1211
f 388 1159 1162
f 1160 1217 445
f 1053 382 483
f 382 48 480
f 1160 1156 1217
f 382 1160 1163
f 1161 1214 376
f 1057 377 481
f 1161 481 1214
f 1214 430 376
f 1162 1211 461
f 1062 1162 1004
f 1162 408 482
f 1162 1159 1211
f 1211 462 461
f 1162 461 1144
f 1163 445 1202
f 1163 1160 445
f 1067 1163 1166
f 376 1165 1164
f 485 1072 376
f 376 1164 484
f 485 376 1167
f 1166 1202 446
f 1075 1076 1067
f 1075 1067 1166
f 1166 1163 1202
f 1202 447 446
f 1075 1166 446
f 1167 1164 432
f 1167 412 485
f 1167 484 1164
f 1164 433 432
f 1167 432 1124
f 805 1170 1168
f 805 776 1170
f 1170 556 555
f 1170 555 79
f 1169 1171 1497
f 1169 804 1171
f 804 1169 1497
f 804 775 1171
f 1171 517 516
f 1171 516 66
f 803 1168 1170
f 803 1170 560
f 803 559 558
f 803 558 80
f 802 1497 1171
f 802 1171 521
f 802 520 519
f 802 519 67
f 801 103 803
f 801 803 563
f 801 562 561
f 801 561 81
f 800 1491 802
f 800 802 524
f 800 523 522
f 800 522 68
f 799 104 801
f 799 801 566
f 799 565 564
f 799 564 82
f 798 797 800
f 798 800 527
f 798 526 525
f 798 525 69
f 1172 1176 1173
f 1172 1476 1176
f 1476 1172 1173
f 1476 785 1176
f 1176 487 486
f 1176 486 56
f 106 1175 1174
f 1175 799 569
f 1175 568 567
f 1175 567 83
f 796 105 798
f 796 798 530
f 796 529 528
f 796 528 70
f 795 1173 1176
f 795 1176 491
f 795 490 489
f 795 489 57
f 1177 1178 111
f 1177 1473 1178
f 1473 1177 111
f 1178 1174 572
f 1178 571 570
f 1178 570 84
f 794 109 796
f 794 796 533
f 794 532 531
f 794 531 71
f 793 108 795
f 793 795 494
f 793 493 492
f 793 492 58
f 792 111 1178
f 1178 574 573
f 1178 573 85
f 791 112 794
f 791 794 536
f 791 535 534
f 791 534 72
f 790 110 793
f 790 793 497
f 790 496 495
f 790 495 59
f 789 788 1178
f 789 1178 578
f 789 577 576
f 789 576 86
f 787 1458 791
f 787 791 539
f 787 538 537
f 787 537 73
f 786 738 790
f 786 790 500
f 786 499 498
f 786 498 60
f 1179 789 581
f 1179 580 579
f 1179 579 55
f 114 1179 1176
f 784 783 787
f 784 787 542
f 784 541 540
f 784 540 74
f 782 781 786
f 782 786 503
f 782 502 501
f 782 501 61
f 116 1181 1180
f 1181 784 545
f 1181 544 543
f 1181 543 75
f 780 115 782
f 780 782 506
f 780 505 504
f 780 504 62
f 1182 1183 1434
f 1182 1440 1183
f 1440 1182 1434
f 1183 1180 548
f 1183 547 546
f 1183 546 76
f 779 118 780
f 779 780 509
f 779 508 507
f 779 507 63
f 778 1434 1183
f 1183 550 549
f 1183 549 77
f 777 119 779
f 777 779 512
f 777 511 510
f 777 510 64
f 1184 1183 554
f 1184 553 552
f 1184 552 78
f 120 1184 1170
f 774 752 777
f 1185 777 515
f 1185 514 513
f 1185 513 65
f 774 1185 1171
f 436 1130 1186
f 436 1186 437
f 451 449 1188
f 451 1188 453
f 435 1195 1190
f 1195 1191 1186
f 1190 1195 1186
f 450 1128 1196
f 1192 588 1188
f 450 1192 1188
f 434 1194 1193
f 1126 1193 1125
f 1193 1194 435
f 448 1197 1196
f 1123 1196 1128
f 1197 590 1192
f 433 1164 585
f 1198 591 1194
f 433 1198 434
f 447 1202 584
f 1199 592 1197
f 447 1199 448
f 1165 431 1164
f 1200 593 1198
f 431 1200 585
f 1201 1203 1202
f 1201 445 1203
f 445 1201 1202
f 1203 594 1199
f 1202 1203 584
f 462 1211 1204
f 462 1204 426
f 430 1207 1206
f 1207 596 1200
f 1206 1207 431
f 1217 1208 1209
f 1210 597 1203
f 1209 1208 445
f 460 1212 1211
f 1212 598 1204
f 1211 1212 1204
f 1213 1215 1214
f 1213 429 1215
f 429 1213 1214
f 1215 599 1207
f 1214 1215 430
f 1216 1218 1217
f 1216 444 1218
f 444 1216 1217
f 1218 600 1208
f 1217 1218 583
f 1155 459 1154
f 1219 601 1212
f 459 1219 460
f 428 1221 1220
f 1221 602 1215
f 1220 1221 429
f 443 1223 1222
f 1223 603 1218
f 1222 1223 444
f 458 1225 1224
f 1225 604 1219
f 1224 1225 459
f 427 1233 1226
f 1227 605 1221
f 1226 1233 428
f 442 1229 1228
f 1229 606 1223
f 1228 1229 443
f 457 1231 1230
f 1231 607 1225
f 1230 1231 458
f 1146 1232 1145
f 439 441 1143
f 1234 609 1229
f 441 1234 442
f 454 456 1141
f 1235 610 1231
f 456 1235 457
f 440 1237 1236
f 1237 611 1234
f 1236 1237 441
f 455 1239 1238
f 1239 612 1235
f 1238 1239 456
f 1138 438 1137
f 1240 613 1237
f 438 1243 440
f 1135 452 1134
f 1241 614 1239
f 452 1245 455
f 1247 1248 1331
f 809 1546 1246
f 1250 1251 1334
f 806 1544 1249
f 1253 1254 1247
f 1546 1540 1252
f 1546 1247 1246
f 1256 1257 1250
f 1544 1538 1255
f 1544 1250 1249
f 1259 1260 1253
f 1540 1537 1258
f 1540 1253 1252
f 1262 1263 1256
f 1538 1536 1261
f 1538 1256 1255
f 1265 1266 1259
f 1537 1534 1264
f 1537 1259 1258
f 1268 1269 1262
f 1536 1532 1267
f 1536 1262 1261
f 1271 1272 1265
f 1534 1529 1270
f 1534 1265 1264
f 1274 1275 1268
f 1532 1528 1273
f 1275 1346 627
f 1532 1268 1267
f 1277 1278 1314
f 812 1531 1276
f 1280 1281 1271
f 1529 1525 1279
f 1529 1271 1270
f 1283 1284 1274
f 1528 1523 1282
f 1528 1274 1273
f 1286 1287 1277
f 1531 1522 1285
f 1531 1277 1276
f 1289 1290 1280
f 1525 1521 1288
f 1525 1280 1279
f 1292 1293 1283
f 1523 1520 1291
f 1523 1283 1282
f 1295 1296 1286
f 1522 1518 1294
f 1522 1286 1285
f 1298 1299 1289
f 1521 1516 1297
f 1521 1289 1288
f 1301 1302 1292
f 1520 1515 1300
f 1520 1292 1291
f 1304 1305 1295
f 1518 1514 1303
f 1518 1295 1294
f 1313 1306 1298
f 1516 814 813
f 1298 813 1313
f 1516 1298 1297
f 1308 1309 1301
f 1515 1511 1307
f 1515 1301 1300
f 1311 1312 1304
f 1514 1509 1310
f 1514 1304 1303
f 1314 1315 1313
f 1313 812 619
f 1317 1318 1308
f 1511 1507 1316
f 1511 1308 1307
f 1320 1321 1311
f 1509 1506 1319
f 1321 1364 642
f 1509 1311 1310
f 1323 1324 1317
f 1507 1505 1322
f 1507 1317 1316
f 1326 1327 1320
f 1506 1504 1325
f 1506 1320 1319
f 1330 1328 1323
f 1505 811 810
f 1323 810 1330
f 1505 1323 1322
f 1333 1329 1326
f 1504 808 807
f 1326 807 1333
f 1504 1326 1325
f 1331 1332 1330
f 1330 809 618
f 1334 1335 1333
f 1333 806 617
f 1336 1254 1337
f 1248 1336 1332
f 1336 1248 1254
f 1336 1337 102
f 1336 102 677
f 1336 677 1375
f 1338 1257 101
f 1251 1338 1335
f 1338 1251 1257
f 1338 101 678
f 1338 678 1376
f 1254 1339 1337
f 1254 1260 1339
f 1339 102 1337
f 620 1254 1248
f 102 1339 100
f 1257 1340 1341
f 1257 1263 1340
f 621 1257 1251
f 1341 1340 1344
f 1341 681 682
f 1341 682 101
f 1260 1342 1339
f 1260 1266 1342
f 622 1260 1254
f 1339 1342 99
f 1339 99 683
f 1339 683 100
f 1263 1343 1344
f 1263 1269 1343
f 623 1263 1257
f 1344 1343 98
f 1266 1345 1342
f 1266 1272 1345
f 624 1266 1260
f 1342 1345 688
f 1342 688 684
f 1342 684 99
f 1269 1346 1343
f 625 1269 1263
f 1343 1346 685
f 1343 685 98
f 1272 1347 688
f 1272 1281 1347
f 1347 1352 688
f 626 1272 1266
f 1347 1281 1352
f 1352 687 688
f 1346 1348 1354
f 1346 1284 1348
f 627 1346 1269
f 1346 1275 1284
f 1354 689 690
f 1354 690 685
f 1349 1350 1365
f 1349 1287 1350
f 1278 1349 1315
f 1349 1278 1287
f 1365 1350 97
f 1365 97 691
f 1365 691 1366
f 1281 1351 1352
f 1281 1290 1351
f 628 1281 1272
f 1352 1351 96
f 1352 96 1393
f 1284 1353 1354
f 1284 1293 1353
f 629 1284 1275
f 1354 1353 95
f 1354 95 692
f 1287 1355 1350
f 1287 1296 1355
f 630 1287 1278
f 1350 1355 698
f 1350 698 693
f 1350 693 97
f 1290 1356 1351
f 1290 1299 1356
f 631 1290 1281
f 1351 1356 94
f 1351 94 694
f 1351 694 96
f 1293 1357 1353
f 1293 1302 1357
f 1357 95 1353
f 632 1293 1284
f 95 1357 93
f 1296 1358 698
f 1296 1305 1358
f 1358 1361 698
f 633 1296 1287
f 1358 1305 1361
f 1361 697 698
f 1299 1359 1356
f 1299 637 1359
f 634 1299 1290
f 1359 699 700
f 1356 700 94
f 1302 703 1357
f 1302 1309 703
f 703 701 1357
f 635 1302 1293
f 1357 702 93
f 1305 1360 1361
f 1305 1312 1360
f 636 1305 1296
f 1361 1360 92
f 1361 92 1408
f 637 640 657
f 1306 637 1299
f 637 1306 640
f 657 1409 1359
f 637 657 1359
f 1309 1362 1363
f 1309 1318 1362
f 638 1309 1302
f 1363 1362 708
f 1363 708 703
f 1312 1364 1360
f 639 1312 1305
f 1360 1364 91
f 1360 91 704
f 1360 704 92
f 640 1365 1366
f 640 1349 1365
f 1315 640 1306
f 640 1315 1349
f 1366 705 657
f 1318 1367 708
f 1318 1324 1367
f 1367 1370 708
f 641 1318 1309
f 1367 1324 1370
f 1370 707 708
f 1364 1368 1372
f 1364 1327 1368
f 642 1364 1312
f 1364 1321 1327
f 1372 709 710
f 1372 710 91
f 1324 1369 1370
f 1324 645 1369
f 643 1324 1318
f 1370 1369 90
f 1370 90 1417
f 1327 1371 1372
f 1327 646 1371
f 644 1327 1321
f 1372 1371 89
f 1372 89 711
f 645 1373 1369
f 1328 645 1324
f 1369 1373 88
f 1369 88 712
f 1369 712 90
f 646 1374 1371
f 646 647 1374
f 1374 89 1371
f 1329 646 1327
f 646 1329 647
f 89 1374 87
f 645 1336 1373
f 1332 645 1328
f 645 1332 1336
f 1373 1336 1375
f 1375 714 715
f 1373 715 88
f 647 1376 1374
f 647 1338 1376
f 1335 647 1329
f 647 1335 1338
f 1374 1376 716
f 1374 716 87
f 1375 677 1377
f 102 676 1377
f 676 1378 1377
f 1378 1427 720
f 1376 678 1379
f 101 1381 1379
f 1379 1381 1382
f 1382 717 1379
f 717 753 718
f 102 1380 676
f 1637 1663 676
f 1380 1639 1640
f 1380 1640 1641
f 1637 676 1380
f 1635 1637 1380
f 1380 1641 1643
f 1380 1643 1651
f 1634 1635 1380
f 1709 1639 1380
f 1380 102 679
f 679 1682 1713
f 679 1713 1715
f 1709 1380 679
f 1711 1709 679
f 679 1715 1716
f 1710 1711 679
f 1777 1682 679
f 679 100 1626
f 679 1626 1623
f 1781 1777 679
f 1779 1781 679
f 679 1623 1677
f 679 1677 1685
f 1785 1779 679
f 1782 1785 679
f 679 1685 1689
f 679 1689 1694
f 1780 1782 679
f 1745 1780 679
f 679 1694 1730
f 679 1730 1734
f 1741 1745 679
f 754 676 1675
f 2765 2784 1382
f 1381 2757 2758
f 1381 2758 2761
f 2765 1382 1381
f 2766 2765 1381
f 1381 2761 2762
f 1381 2762 2764
f 2769 2766 1381
f 1382 2784 2804
f 101 682 1381
f 2757 1381 682
f 682 681 2818
f 682 2818 2711
f 2875 2757 682
f 2873 2875 682
f 682 2711 2727
f 682 2727 2720
f 2879 2873 682
f 2878 2879 682
f 682 2720 2868
f 682 2868 2869
f 2877 2878 682
f 682 2869 2871
f 2934 2818 681
f 681 680 2837
f 681 2837 2739
f 2799 2934 681
f 2792 2799 681
f 681 2739 2731
f 681 2731 2742
f 2785 2792 681
f 2774 2785 681
f 681 2742 2763
f 681 2763 2775
f 2778 2774 681
f 2849 2778 681
f 681 2775 2835
f 2841 2849 681
f 2831 2837 680
f 680 1344 675
f 675 2754 2753
f 675 2753 2838
f 2825 2831 680
f 2817 2825 680
f 680 675 2838
f 680 2838 2845
f 2713 2817 680
f 2718 2713 680
f 680 2845 2852
f 680 2852 2782
f 2882 2718 680
f 2870 2882 680
f 680 2782 2777
f 680 2777 2787
f 2803 2870 680
f 680 2787 2795
f 675 2743 2744
f 755 1382 2804
f 717 1382 755
f 1817 1818 1383
f 1383 99 1729
f 1383 1729 1768
f 1814 1817 1383
f 1810 1814 1383
f 1383 1768 1772
f 1383 1772 1776
f 1786 1810 1383
f 99 673 1678
f 1616 1626 100
f 100 683 1797
f 100 1797 1795
f 1598 1616 100
f 1608 1598 100
f 100 1795 1802
f 100 1802 1808
f 1838 1608 100
f 1837 1838 100
f 100 1808 1811
f 100 1811 1826
f 1836 1837 100
f 1835 1836 100
f 100 1826 1827
f 100 1827 1828
f 1830 1835 100
f 1770 1797 683
f 683 99 1383
f 1383 1818 1754
f 1383 1754 1749
f 1770 683 1383
f 1766 1770 1383
f 1383 1749 1759
f 674 673 99
f 1384 1344 1385
f 756 2747 2957
f 2743 675 1384
f 1384 1385 2872
f 1384 2872 2807
f 2733 2743 1384
f 2721 2733 1384
f 1384 2807 2814
f 1384 2814 2821
f 2728 2721 1384
f 99 684 1386
f 674 1386 745
f 674 745 673
f 99 1386 674
f 1387 1385 672
f 98 685 1387
f 685 671 1388
f 2507 2466 1387
f 1388 671 2500
f 1388 2500 2499
f 2507 1387 1388
f 2504 2507 1388
f 1388 2499 2501
f 2505 2504 1388
f 757 1387 2532
f 1385 1387 757
f 2790 2847 1386
f 1389 2867 2864
f 1389 2864 2874
f 2790 1386 1389
f 2781 2790 1389
f 1389 2874 2715
f 1389 2715 2776
f 2773 2781 1389
f 2832 2867 1389
f 1389 688 687
f 687 2844 2843
f 687 2843 2851
f 2832 1389 687
f 2826 2832 687
f 687 2851 2858
f 687 2858 2736
f 2819 2826 687
f 2811 2819 687
f 687 2736 2724
f 687 2724 2741
f 2767 2811 687
f 687 2741 2749
f 2810 2844 687
f 687 686 2771
f 687 2771 2759
f 2802 2810 687
f 2793 2802 687
f 687 2759 2809
f 687 2809 2816
f 2786 2793 687
f 2719 2786 687
f 687 2816 2824
f 687 2824 2829
f 2726 2719 687
f 2710 2726 687
f 687 2829 2863
f 2748 2771 686
f 686 1352 670
f 670 2941 2942
f 670 2942 2954
f 2740 2748 686
f 2732 2740 686
f 686 670 2954
f 686 2954 2892
f 2735 2732 686
f 2952 2735 686
f 686 2892 2890
f 686 2890 2896
f 2949 2952 686
f 2946 2949 686
f 686 2896 2917
f 686 2917 2921
f 2929 2946 686
f 686 2921 2924
f 2938 2941 670
f 670 2935 2933
f 745 1386 2893
f 688 1389 1386
f 2578 2576 1390
f 1390 669 2593
f 1390 2593 2570
f 2579 2578 1390
f 2581 2579 1390
f 1390 2570 2569
f 1390 2569 2573
f 2574 2581 1390
f 2518 2595 671
f 671 685 690
f 690 2523 2522
f 690 2522 2531
f 2518 671 690
f 2509 2518 690
f 690 2531 2537
f 690 2537 2544
f 2495 2509 690
f 2486 2495 690
f 690 2544 2613
f 690 2613 2463
f 2492 2486 690
f 2563 2492 690
f 690 2463 2477
f 690 2477 2472
f 2557 2563 690
f 690 2472 2552
f 2526 2523 690
f 690 689 2708
f 690 2708 2474
f 2596 2526 690
f 2589 2596 690
f 690 2474 2467
f 690 2467 2672
f 2577 2589 690
f 2584 2577 690
f 690 2672 2677
f 690 2677 2680
f 2637 2584 690
f 2633 2637 690
f 690 2680 2630
f 2627 2633 690
f 2706 2708 689
f 689 1354 1390
f 1390 2576 2583
f 1390 2583 2572
f 2706 689 1390
f 2703 2706 1390
f 1390 2572 2588
f 1390 2588 2594
f 2542 2703 1390
f 2536 2542 1390
f 1390 2594 2525
f 1390 2525 2520
f 2529 2536 1390
f 1354 1394 1390
f 1390 1394 669
f 2605 669 758
f 2600 2500 671
f 671 2595 2590
f 1366 691 1391
f 1391 759 721
f 1352 1393 1392
f 96 1397 666
f 1393 666 665
f 1393 665 760
f 2914 1393 760
f 2935 670 1392
f 1392 1393 2918
f 1392 2918 2894
f 2930 2935 1392
f 2912 2930 1392
f 1392 2894 2900
f 2907 2912 1392
f 1354 692 1394
f 95 664 1394
f 664 1401 1394
f 669 1394 1401
f 97 693 1395
f 1395 698 1403
f 1403 1396 1395
f 96 694 1397
f 94 663 1398
f 2671 2702 1397
f 1398 663 2617
f 1398 2617 2614
f 2671 1397 1398
f 2666 2671 1398
f 1398 2614 2620
f 1398 2620 2626
f 2659 2666 1398
f 761 1397 2709
f 665 1397 761
f 95 1399 1400
f 2359 2381 1400
f 1399 2354 2355
f 1399 2355 2356
f 2359 1400 1399
f 2363 2359 1399
f 1399 2356 2357
f 1399 2357 2361
f 2362 2363 1399
f 2392 1401 1400
f 2420 2354 1399
f 1399 95 695
f 695 2371 2365
f 695 2365 2350
f 2420 1399 695
f 2425 2420 695
f 695 2350 2341
f 2430 2425 695
f 2372 2371 695
f 695 93 2441
f 695 2441 2440
f 2379 2372 695
f 2388 2379 695
f 695 2440 2443
f 695 2443 2447
f 2394 2388 695
f 2400 2394 695
f 695 2447 2446
f 695 2446 2439
f 2407 2400 695
f 2413 2407 695
f 695 2439 2433
f 695 2433 2424
f 2422 2413 695
f 762 1401 2392
f 664 1400 1401
f 664 95 1400
f 2113 2136 1403
f 1402 2119 2120
f 1402 2120 2121
f 2113 1403 1402
f 2118 2113 1402
f 1402 2121 2123
f 1402 2123 2115
f 2117 2118 1402
f 2182 2119 1402
f 1402 698 697
f 697 2172 2171
f 697 2171 2221
f 2182 1402 697
f 2177 2182 697
f 697 2221 2100
f 697 2100 2095
f 2170 2177 697
f 2161 2170 697
f 697 2095 2105
f 697 2105 2111
f 2127 2161 697
f 2273 2172 697
f 697 696 2129
f 697 2129 2126
f 2262 2273 697
f 2259 2262 697
f 697 2126 2160
f 697 2160 2168
f 2257 2259 697
f 2252 2257 697
f 697 2168 2176
f 697 2176 2181
f 2225 2252 697
f 2220 2225 697
f 697 2181 2213
f 2216 2220 697
f 2112 2129 696
f 696 1361 662
f 662 2199 2198
f 662 2198 2223
f 2107 2112 696
f 2101 2107 696
f 696 662 2223
f 696 2223 2227
f 2104 2101 696
f 2295 2104 696
f 696 2227 2232
f 696 2232 2243
f 2291 2295 696
f 2283 2291 696
f 696 2243 2260
f 696 2260 2264
f 2271 2283 696
f 696 2264 2267
f 662 2191 2183
f 763 1403 2153
f 1396 1403 763
f 698 1402 1403
f 2565 2582 1404
f 1404 1409 2608
f 1404 2608 2489
f 2558 2565 1404
f 2553 2558 1404
f 1404 2489 2498
f 1404 2498 2510
f 2517 2553 1404
f 2564 2611 663
f 663 94 700
f 700 2649 2647
f 700 2647 2652
f 2564 663 700
f 2559 2564 700
f 700 2652 2661
f 700 2661 2668
f 2554 2559 700
f 2547 2554 700
f 700 2668 2691
f 700 2691 2695
f 2511 2547 700
f 2496 2511 700
f 700 2695 2698
f 700 2698 2483
f 2487 2496 700
f 700 2483 2479
f 2621 2649 700
f 700 699 2603
f 700 2603 2599
f 2615 2621 700
f 2612 2615 700
f 700 2599 2485
f 700 2485 2482
f 2606 2612 700
f 2568 2606 700
f 700 2482 2491
f 700 2491 2506
f 2561 2568 700
f 2556 2561 700
f 700 2506 2514
f 2549 2556 700
f 2592 2603 699
f 699 1359 1404
f 1404 2582 2580
f 1404 2580 2616
f 2592 699 1404
f 2586 2592 1404
f 1404 2616 2471
f 1404 2471 2465
f 2546 2586 1404
f 2541 2546 1404
f 1404 2465 2478
f 1404 2478 2528
f 2535 2541 1404
f 1359 1409 1404
f 2550 1409 764
f 663 2611 2607
f 2342 2343 1405
f 1405 1406 2461
f 1405 2461 2398
f 2351 2342 1405
f 2366 2351 1405
f 1405 2398 2391
f 1405 2391 2386
f 2373 2366 1405
f 1406 660 2429
f 2458 2441 93
f 93 702 2426
f 93 2426 2423
f 2460 2458 93
f 2338 2460 93
f 93 2423 2415
f 93 2415 2409
f 2344 2338 93
f 2353 2344 93
f 93 2409 2401
f 93 2401 2396
f 2367 2353 93
f 2375 2367 93
f 93 2396 2389
f 2383 2375 93
f 2427 2426 702
f 702 701 1405
f 1405 2343 2451
f 1405 2451 2448
f 2427 702 1405
f 2434 2427 1405
f 1405 2448 2445
f 2438 2434 1405
f 701 1406 1405
f 1361 1408 1407
f 92 1411 659
f 1408 659 658
f 1408 658 765
f 2103 1408 765
f 2178 2191 662
f 1407 1408 2122
f 1407 2122 2106
f 2178 662 1407
f 2173 2178 1407
f 1407 2106 2114
f 1407 2114 2128
f 2137 2173 1407
f 1409 656 655
f 1409 657 656
f 1406 1410 731
f 1406 731 660
f 703 1410 1406
f 92 704 1411
f 1877 1889 1411
f 1412 654 1873
f 1412 1873 1872
f 1877 1411 1412
f 1876 1877 1412
f 1412 1872 1878
f 1880 1876 1412
f 766 1411 1908
f 658 1411 766
f 1413 1475 656
f 657 705 1413
f 1366 1391 1413
f 1391 721 1413
f 1475 1413 721
f 655 656 1475
f 657 1413 656
f 2158 2229 1410
f 1414 2207 2204
f 1414 2204 2210
f 2158 1410 1414
f 2151 2158 1414
f 1414 2210 2214
f 1414 2214 2148
f 2144 2151 1414
f 2208 2207 1414
f 1414 708 707
f 707 2258 2256
f 707 2256 2094
f 2208 1414 707
f 2254 2208 707
f 707 2094 2091
f 707 2091 2276
f 2250 2254 707
f 2246 2250 707
f 707 2276 2277
f 707 2277 2279
f 2249 2246 707
f 2297 2258 707
f 707 706 2285
f 707 2285 2231
f 2154 2297 707
f 2147 2154 707
f 707 2231 2228
f 707 2228 2236
f 2139 2147 707
f 2131 2139 707
f 707 2236 2245
f 707 2245 2192
f 2135 2131 707
f 2202 2135 707
f 707 2192 2189
f 2196 2202 707
f 2275 2285 706
f 706 1370 653
f 653 2253 2193
f 653 2193 2190
f 2270 2275 706
f 2266 2270 706
f 706 653 2190
f 706 2190 2197
f 2268 2266 706
f 2092 2268 706
f 706 2197 2203
f 706 2203 2138
f 2301 2092 706
f 2299 2301 706
f 706 2138 2134
f 706 2134 2141
f 2156 2299 706
f 706 2141 2149
f 2248 2253 653
f 653 2187 2244
f 731 1410 2098
f 708 1414 1410
f 1960 1958 1415
f 1415 652 1970
f 1415 1970 1951
f 1961 1960 1415
f 1962 1961 1415
f 1415 1951 1950
f 1415 1950 1954
f 1957 1962 1415
f 1931 1881 654
f 654 91 710
f 710 1980 1981
f 710 1981 1982
f 1931 654 710
f 1928 1931 710
f 710 1982 2026
f 710 2026 2028
f 1924 1928 710
f 1920 1924 710
f 710 2028 2043
f 710 2043 2045
f 1879 1920 710
f 1869 1879 710
f 710 2045 2046
f 710 2046 1859
f 1863 1869 710
f 710 1859 1855
f 1986 1980 710
f 710 709 2050
f 710 2050 1862
f 1983 1986 710
f 1979 1983 710
f 710 1862 1858
f 710 1858 1867
f 1976 1979 710
f 1939 1976 710
f 710 1867 1871
f 710 1871 1885
f 1929 1939 710
f 1926 1929 710
f 710 1885 1922
f 2084 2050 709
f 709 1372 1415
f 1415 1958 2056
f 1415 2056 2068
f 2083 2084 709
f 2082 2083 709
f 709 1415 2068
f 709 2068 2057
f 2075 2082 709
f 2072 2075 709
f 709 2057 2055
f 709 2055 2059
f 2071 2072 709
f 709 2059 2069
f 1372 1418 1415
f 1415 1418 652
f 1853 652 767
f 1882 1873 654
f 654 1881 1883
f 1370 1417 1416
f 90 1419 651
f 1417 651 650
f 1417 650 768
f 2132 1417 768
f 2188 2187 653
f 1416 1417 2146
f 1416 2146 2184
f 2188 653 1416
f 2166 2188 1416
f 1416 2184 2164
f 2165 2166 1416
f 1372 711 1418
f 89 649 1418
f 649 1423 1418
f 769 1418 1423
f 90 712 1419
f 88 648 1420
f 1942 1967 1419
f 1420 648 1948
f 1420 1948 1949
f 1942 1419 1420
f 1940 1942 1420
f 1420 1949 1953
f 1420 1953 1943
f 1945 1940 1420
f 770 1419 1973
f 650 1419 770
f 89 1421 1422
f 1800 1755 1422
f 1421 1822 1735
f 1421 1735 1740
f 1800 1422 1421
f 1794 1800 1421
f 1421 1740 1739
f 1421 1739 1743
f 1790 1794 1421
f 1700 1423 1422
f 1789 1822 1421
f 1421 89 713
f 713 1824 1774
f 713 1774 1773
f 1789 1421 713
f 1787 1789 713
f 713 1773 1778
f 1821 1824 713
f 713 87 1649
f 713 1649 1633
f 1820 1821 713
f 1815 1820 713
f 713 1633 1657
f 713 1657 1664
f 1816 1815 713
f 1834 1816 713
f 713 1664 1670
f 713 1670 1839
f 1833 1834 713
f 1831 1833 713
f 713 1839 1840
f 713 1840 1841
f 1832 1831 713
f 771 1423 1700
f 649 1422 1423
f 649 89 1422
f 2008 2010 1424
f 1424 719 1846
f 1424 1846 2014
f 2005 2008 1424
f 1997 2005 1424
f 1424 2014 2013
f 1424 2013 2016
f 2000 1997 1424
f 1987 1988 648
f 648 88 715
f 715 1864 1866
f 715 1866 1905
f 1987 648 715
f 1991 1987 715
f 715 1905 1911
f 715 1911 1917
f 1989 1991 715
f 1996 1989 715
f 715 1917 1999
f 715 1999 1844
f 1994 1996 715
f 1993 1994 715
f 715 1844 1854
f 715 1854 1849
f 1992 1993 715
f 715 1849 2001
f 1898 1864 715
f 715 714 2012
f 715 2012 1850
f 1971 1898 715
f 1966 1971 715
f 715 1850 1845
f 715 1845 2030
f 1955 1966 715
f 1964 1955 715
f 715 2030 2032
f 715 2032 2034
f 2009 1964 715
f 2006 2009 715
f 715 2034 2002
f 1998 2006 715
f 2052 2012 714
f 714 1375 1424
f 1424 2010 1956
f 1424 1956 1947
f 2052 714 1424
f 2049 2052 1424
f 1424 1947 1963
f 1424 1963 1968
f 1914 2049 1424
f 1909 1914 1424
f 1424 1968 1891
f 1424 1891 1888
f 1899 1909 1424
f 1375 1378 1424
f 1424 1378 719
f 1856 719 772
f 648 1988 2061
f 1748 1761 1425
f 1425 1426 1825
f 1425 1825 1788
f 1753 1748 1425
f 1823 1753 1425
f 1425 1788 1792
f 1425 1792 1798
f 1806 1823 1425
f 1426 718 1829
f 1647 1649 87
f 87 716 1751
f 87 1751 1750
f 1720 1647 87
f 1705 1720 87
f 87 1750 1762
f 87 1762 1767
f 1698 1705 87
f 1701 1698 87
f 87 1767 1803
f 87 1803 1809
f 1769 1701 87
f 1765 1769 87
f 87 1809 1812
f 87 1812 1763
f 1756 1765 87
f 1757 1751 716
f 716 1376 1425
f 1425 1761 1760
f 1425 1760 1793
f 1757 716 1425
f 1746 1757 1425
f 1425 1793 1799
f 1805 1746 1425
f 1376 1426 1425
f 1376 717 1426
f 717 718 1426
f 1427 752 775
f 752 774 775
f 1427 775 720
f 718 753 773
f 753 120 776
f 753 776 773
f 676 750 1427
f 1775 1783 1428
f 1428 750 754
f 754 1604 1606
f 754 1606 1618
f 1771 1775 1428
f 1742 1771 1428
f 754 1618 1624
f 754 1624 1630
f 1737 1742 1428
f 1732 1737 1428
f 1428 754 1630
f 1428 1630 1676
f 1728 1732 1428
f 1692 1728 1428
f 1428 1676 1684
f 1688 1692 1428
f 1656 1648 751
f 751 1428 1783
f 751 1783 1784
f 1744 1656 751
f 1738 1744 751
f 751 1784 1791
f 751 1791 1813
f 1731 1738 751
f 1696 1731 751
f 751 1813 1819
f 751 1819 1602
f 1683 1696 751
f 1673 1683 751
f 751 1602 1597
f 1668 1673 751
f 1429 750 119
f 1429 777 752
f 750 1429 752
f 1430 1431 748
f 1431 1432 748
f 748 1434 1433
f 755 1430 717
f 2939 2943 1431
f 1430 755 2902
f 1430 2902 2903
f 2939 1431 1430
f 2936 2939 1430
f 1430 2903 2910
f 1430 2910 2913
f 2738 2936 1430
f 2723 2738 1430
f 1430 2913 2854
f 1430 2854 2850
f 2729 2723 1430
f 2717 2729 1430
f 1430 2850 2856
f 1430 2856 2862
f 2815 2717 1430
f 2808 2815 1430
f 1430 2862 2794
f 1430 2794 2791
f 2798 2808 1430
f 2812 2820 1432
f 1432 1431 2943
f 1432 2943 2944
f 2805 2812 1432
f 2796 2805 1432
f 1432 2944 2908
f 1432 2908 2905
f 2800 2796 1432
f 2866 2800 1432
f 1432 2905 2909
f 1432 2909 2915
f 2861 2866 1432
f 2855 2861 1432
f 1432 2915 2859
f 2865 2876 749
f 749 1432 2820
f 749 2820 2714
f 2860 2865 749
f 2853 2860 749
f 749 2714 2730
f 749 2730 2722
f 2857 2853 749
f 2911 2857 749
f 749 2722 2737
f 749 2737 2745
f 2906 2911 749
f 2901 2906 749
f 749 2745 2931
f 749 2931 2937
f 2904 2901 749
f 749 2937 2940
f 1434 778 120
f 748 1433 753
f 1430 748 717
f 1691 1699 1435
f 1435 751 1648
f 1435 1648 1650
f 1686 1691 1435
f 1652 1686 1435
f 1435 1650 1658
f 1435 1658 1665
f 1636 1652 1435
f 1627 1636 1435
f 1435 1665 1671
f 1435 1671 1706
f 1615 1627 1435
f 1622 1615 1435
f 1435 1706 1719
f 1725 1622 1435
f 1596 1612 673
f 673 747 1435
f 1435 1699 1695
f 1435 1695 1600
f 1601 1596 673
f 1736 1601 673
f 1435 1600 1595
f 1435 1595 1607
f 1736 673 1435
f 1707 1736 1435
f 1435 1607 1617
f 1435 1617 1625
f 1690 1707 1435
f 1681 1690 1435
f 1435 1625 1674
f 1436 747 118
f 1436 779 119
f 747 1436 750
f 1435 747 750
f 2734 2747 756
f 756 1437 749
f 749 2876 2801
f 749 2801 2797
f 2725 2734 756
f 2712 2725 756
f 756 749 2797
f 756 2797 2806
f 2716 2712 756
f 756 2806 2813
f 1385 746 1437
f 746 1439 742
f 1437 742 1440
f 1438 1437 1440
f 1438 1440 1434
f 1438 1434 748
f 1437 1438 748
f 747 117 118
f 747 1444 117
f 745 1444 747
f 117 780 118
f 1439 743 742
f 1385 1439 746
f 1385 743 1439
f 1385 757 743
f 2602 2610 744
f 744 743 757
f 757 2494 2497
f 757 2497 2512
f 2602 744 757
f 2597 2602 757
f 757 2512 2519
f 757 2519 2527
f 2587 2597 757
f 742 116 1180
f 1441 1442 1444
f 1442 1443 1444
f 1444 115 1445
f 2923 2926 1442
f 1441 745 2899
f 1441 2899 2927
f 2923 1442 1441
f 2920 2923 1441
f 1441 2927 2955
f 1441 2955 2956
f 2916 2920 1441
f 2895 2916 1441
f 1441 2956 2756
f 1441 2756 2751
f 2888 2895 1441
f 2884 2888 1441
f 1441 2751 2768
f 1441 2768 2780
f 2881 2884 1441
f 2846 2881 1441
f 1441 2780 2789
f 1441 2789 2827
f 2839 2846 1441
f 1441 2827 2833
f 2848 2885 1443
f 1443 1442 2926
f 1443 2926 2928
f 2840 2848 1443
f 2834 2840 1443
f 1443 2928 2945
f 1443 2945 2948
f 2828 2834 1443
f 2788 2828 1443
f 1443 2948 2951
f 1443 2951 2760
f 2779 2788 1443
f 2770 2779 1443
f 1443 2760 2752
f 2783 2822 741
f 741 1443 2885
f 741 2885 2886
f 2772 2783 741
f 2755 2772 741
f 741 2886 2887
f 741 2887 2891
f 2746 2755 741
f 2750 2746 741
f 741 2891 2898
f 741 2898 2919
f 2953 2750 741
f 2950 2953 741
f 741 2919 2922
f 741 2922 2925
f 2947 2950 741
f 741 2925 2932
f 741 1450 1444
f 1444 1450 115
f 1445 115 117
f 1444 1445 117
f 1446 1447 668
f 1447 1448 668
f 2651 2662 1446
f 1446 744 2610
f 1446 2610 2534
f 2646 2651 1446
f 2641 2646 1446
f 1446 2534 2530
f 1446 2530 2538
f 2644 2641 1446
f 2696 2644 1446
f 1446 2538 2543
f 1446 2543 2548
f 2692 2696 1446
f 2683 2692 1446
f 1446 2548 2462
f 1446 2462 2476
f 2481 2683 1446
f 1446 2476 2470
f 2634 2687 1447
f 1447 1446 2662
f 1447 2662 2658
f 2629 2634 1447
f 2622 2629 1447
f 1447 2658 2699
f 1447 2699 2701
f 2625 2622 1447
f 2619 2625 1447
f 1447 2701 2705
f 1447 2705 2663
f 2673 2619 1447
f 2667 2673 1447
f 1447 2663 2660
f 2484 2503 758
f 1448 1447 2687
f 1448 2687 2682
f 2484 758 1448
f 2475 2484 1448
f 1448 2682 2690
f 1448 2690 2694
f 2464 2475 1448
f 2469 2464 1448
f 1448 2694 2642
f 1448 2642 2639
f 2551 2469 1448
f 2545 2551 1448
f 1448 2639 2645
f 1448 2645 2650
f 2539 2545 1448
f 2540 2539 1448
f 1448 2650 2601
f 1448 2601 2598
f 2609 2540 1448
f 1448 2598 2604
f 668 784 116
f 668 1449 742
f 1446 668 743
f 759 1454 785
f 759 667 1454
f 1454 114 785
f 2889 2897 760
f 760 1450 741
f 741 2822 2823
f 741 2823 2830
f 2883 2889 760
f 2880 2883 760
f 760 741 2830
f 760 2830 2836
f 2842 2880 760
f 665 1456 1450
f 1451 1450 738
f 1451 786 781
f 1451 781 115
f 668 113 783
f 668 1452 113
f 669 1452 668
f 669 1401 1452
f 1452 1401 113
f 113 787 783
f 1454 788 1455
f 1454 1453 788
f 1396 1453 1454
f 788 789 114
f 1456 739 738
f 665 739 1456
f 665 761 739
f 2533 2567 740
f 740 739 761
f 761 2653 2654
f 761 2654 2656
f 2533 740 761
f 2524 2533 761
f 761 2656 2657
f 761 2657 2515
f 2516 2524 761
f 761 2515 2508
f 2454 2450 1457
f 1457 737 762
f 762 2414 2403
f 762 2403 2399
f 2456 2454 1457
f 2349 2456 1457
f 762 2399 2397
f 762 2397 2393
f 2358 2349 1457
f 2339 2358 1457
f 1457 762 2393
f 1457 2393 2382
f 2347 2339 1457
f 2369 2347 1457
f 1457 2382 2377
f 2370 2369 1457
f 2374 737 1457
f 1457 2450 2452
f 1457 2452 2449
f 2376 2374 1457
f 2378 2376 1457
f 1457 2449 2442
f 1457 2442 2435
f 2384 2378 1457
f 2390 2384 1457
f 1457 2435 2431
f 1457 2431 2428
f 2402 2390 1457
f 2404 2402 1457
f 1457 2428 2417
f 2408 2404 1457
f 1458 737 112
f 737 1458 113
f 1459 1460 1453
f 1460 1461 1453
f 1453 111 1462
f 763 1459 1396
f 2241 2240 1460
f 1459 763 2234
f 1459 2234 2233
f 2241 1460 1459
f 2242 2241 1459
f 1459 2233 2272
f 1459 2272 2274
f 2238 2242 1459
f 2239 2238 1459
f 1459 2274 2140
f 1459 2140 2130
f 2237 2239 1459
f 2235 2237 1459
f 1459 2130 2145
f 1459 2145 2152
f 2211 2235 1459
f 2205 2211 1459
f 1459 2152 2157
f 1459 2157 2194
f 2200 2205 1459
f 2290 2289 1461
f 1461 1460 2240
f 1461 2240 2278
f 2292 2290 1461
f 2288 2292 1461
f 1461 2278 2280
f 1461 2280 2296
f 2294 2288 1461
f 2286 2294 1461
f 1461 2296 2298
f 1461 2298 2300
f 2287 2286 1461
f 2308 2287 1461
f 1461 2300 2302
f 2309 2308 1461
f 2133 2143 736
f 736 1461 2289
f 736 2289 2305
f 2125 2133 736
f 2110 2125 736
f 736 2305 2312
f 736 2312 2310
f 2116 2110 736
f 2326 2116 736
f 736 2310 2313
f 736 2313 2319
f 2323 2326 736
f 2322 2323 736
f 736 2319 2320
f 736 2320 2321
f 2324 2322 736
f 111 792 788
f 1453 1462 788
f 1463 1464 661
f 1464 1465 661
f 661 110 1466
f 2688 2685 1463
f 1463 740 2567
f 1463 2567 2562
f 2684 2688 1463
f 2689 2684 1463
f 1463 2562 2571
f 1463 2571 2585
f 2678 2689 1463
f 2675 2678 1463
f 1463 2585 2591
f 1463 2591 2618
f 2669 2675 1463
f 2664 2669 1463
f 1463 2618 2623
f 1463 2623 2631
f 2635 2664 1463
f 2665 2674 1464
f 1464 1463 2685
f 1464 2685 2640
f 2636 2665 1464
f 2632 2636 1464
f 1464 2640 2638
f 1464 2638 2643
f 2624 2632 1464
f 2628 2624 1464
f 1464 2643 2648
f 1464 2648 2655
f 2697 2628 1464
f 2693 2697 1464
f 1464 2655 2681
f 2686 2693 1464
f 2473 2488 764
f 1465 1464 2674
f 1465 2674 2670
f 2473 764 1465
f 2480 2473 1465
f 1465 2670 2676
f 1465 2676 2679
f 2468 2480 1465
f 2575 2468 1465
f 1465 2679 2700
f 1465 2700 2704
f 2566 2575 1465
f 2560 2566 1465
f 1465 2704 2707
f 1465 2707 2493
f 2555 2560 1465
f 2521 2555 1465
f 1465 2493 2490
f 1465 2490 2502
f 2513 2521 1465
f 661 1466 738
f 1463 661 739
f 2421 2416 1467
f 1467 737 2374
f 1467 2374 2352
f 2432 2421 1467
f 2436 2432 1467
f 1467 2352 2345
f 1467 2345 2340
f 2437 2436 1467
f 2444 2437 1467
f 1467 2340 2360
f 1467 2360 2459
f 2453 2444 1467
f 2455 2453 1467
f 1467 2459 2457
f 2406 2419 660
f 660 735 1467
f 1467 2416 2412
f 1467 2412 2410
f 2411 2406 660
f 2418 2411 660
f 1467 2410 2405
f 1467 2405 2395
f 2418 660 1467
f 2368 2418 1467
f 1467 2395 2387
f 1467 2387 2385
f 2346 2368 1467
f 2348 2346 1467
f 1467 2385 2380
f 2364 2348 1467
f 1468 735 109
f 1468 794 112
f 735 1468 737
f 1467 735 737
f 2230 2109 765
f 765 1469 736
f 736 2143 2142
f 736 2142 2180
f 2226 2230 765
f 2222 2226 765
f 765 736 2180
f 765 2180 2186
f 2201 2222 765
f 765 2186 2195
f 658 734 1469
f 1469 733 1473
f 1470 1469 1473
f 1470 1473 111
f 1469 1470 111
f 1471 108 1472
f 1471 732 108
f 655 732 1471
f 655 1475 732
f 1472 108 110
f 1471 1472 110
f 735 107 109
f 735 727 107
f 731 727 735
f 107 796 109
f 658 733 734
f 658 729 733
f 658 766 729
f 1900 1913 730
f 730 729 766
f 766 1916 2086
f 766 2086 2087
f 1900 730 766
f 1890 1900 766
f 766 2087 1843
f 766 1843 1887
f 1884 1890 766
f 729 106 1174
f 729 1473 733
f 1475 1474 1476
f 721 1474 1475
f 721 759 1474
f 1474 759 785
f 1476 1173 108
f 1475 1476 108
f 1477 1478 727
f 1478 1479 727
f 727 105 1480
f 2330 2329 1478
f 1477 731 2108
f 1477 2108 2247
f 2330 1478 1477
f 2331 2330 1477
f 1477 2247 2251
f 1477 2251 2255
f 2332 2331 1477
f 2102 2332 1477
f 1477 2255 2209
f 1477 2209 2206
f 2093 2102 1477
f 2097 2093 1477
f 1477 2206 2212
f 1477 2212 2215
f 2334 2097 1477
f 2175 2334 1477
f 1477 2215 2155
f 1477 2155 2150
f 2167 2175 1477
f 1477 2150 2159
f 2307 2304 1479
f 1479 1478 2329
f 1479 2329 2315
f 2333 2307 1479
f 2328 2333 1479
f 1479 2315 2314
f 1479 2314 2316
f 2325 2328 1479
f 2327 2325 1479
f 1479 2316 2317
f 1479 2317 2318
f 2337 2327 1479
f 2336 2337 1479
f 1479 2318 2335
f 2169 2162 728
f 728 1479 2304
f 728 2304 2303
f 2224 2169 728
f 2219 2224 728
f 728 2303 2311
f 728 2311 2306
f 2217 2219 728
f 2218 2217 728
f 728 2306 2282
f 728 2282 2281
f 2269 2218 728
f 2265 2269 728
f 728 2281 2284
f 728 2284 2293
f 2261 2265 728
f 728 2293 2263
f 1480 105 107
f 727 1480 107
f 1481 1482 1484
f 1482 1483 1484
f 2051 2054 1481
f 1481 730 1913
f 1481 1913 1910
f 2048 2051 1481
f 2047 2048 1481
f 1481 1910 1935
f 1481 1935 1952
f 2033 2047 1481
f 2031 2033 1481
f 1481 1952 1965
f 1481 1965 1969
f 2029 2031 1481
f 2027 2029 1481
f 1481 1969 1985
f 1481 1985 1995
f 2007 2027 1481
f 1481 1995 2004
f 2064 2074 1482
f 1482 1481 2054
f 1482 2054 2053
f 2063 2064 1482
f 2060 2063 1482
f 1482 2053 2065
f 1482 2065 2066
f 2062 2060 1482
f 2058 2062 1482
f 1482 2066 2067
f 1482 2067 2070
f 2081 2058 1482
f 2080 2081 1482
f 1482 2070 2079
f 1990 1861 767
f 1483 1482 2074
f 1483 2074 2073
f 1990 767 1483
f 1984 1990 1483
f 1483 2073 2076
f 1483 2076 2077
f 1978 1984 1483
f 1959 1978 1483
f 1483 2077 2078
f 1483 2078 2085
f 1944 1959 1483
f 1930 1944 1483
f 1483 2085 2088
f 1483 2088 2089
f 1927 1930 1483
f 1894 1927 1483
f 1483 2089 1870
f 1483 1870 1868
f 1886 1894 1483
f 1483 1868 1874
f 1485 1484 104
f 1485 799 106
f 1484 1485 729
f 1481 1484 729
f 2099 2124 768
f 768 1486 728
f 728 2162 2163
f 728 2163 2174
f 2090 2099 768
f 2096 2090 768
f 768 728 2174
f 768 2174 2179
f 2185 2096 768
f 650 726 1486
f 726 1491 1486
f 1487 1486 1491
f 1487 800 797
f 1487 797 105
f 1486 1487 105
f 1489 1488 104
f 769 1488 1489
f 769 1423 1488
f 1488 1423 104
f 1489 104 1484
f 650 1490 726
f 650 724 1490
f 650 770 724
f 1903 1902 725
f 725 724 770
f 770 1892 1893
f 770 1893 1895
f 1903 725 770
f 1904 1903 770
f 770 1895 1897
f 770 1897 1896
f 1901 1904 770
f 770 1896 1907
f 1490 802 1491
f 722 103 1493
f 1712 1722 1492
f 1492 722 771
f 771 1619 1621
f 771 1621 1628
f 1667 1712 1492
f 1661 1667 1492
f 771 1628 1638
f 771 1638 1653
f 1654 1661 1492
f 1631 1654 1492
f 1492 771 1653
f 1492 1653 1717
f 1644 1631 1492
f 1727 1644 1492
f 1492 1717 1724
f 1693 1702 723
f 723 1492 1722
f 723 1722 1721
f 1687 1693 723
f 1680 1687 723
f 723 1721 1726
f 723 1726 1662
f 1605 1680 723
f 1611 1605 723
f 723 1662 1659
f 723 1659 1666
f 1599 1611 723
f 1733 1599 723
f 723 1666 1672
f 1679 1733 723
f 1493 103 104
f 722 1493 104
f 1494 1495 720
f 1495 1496 720
f 1937 1938 1494
f 1494 725 1902
f 1494 1902 1906
f 1941 1937 1494
f 1936 1941 1494
f 1494 1906 1912
f 1494 1912 1918
f 1946 1936 1494
f 1932 1946 1494
f 1494 1918 1923
f 1494 1923 1847
f 1933 1932 1494
f 1934 1933 1494
f 1494 1847 1842
f 1494 1842 1851
f 2003 1934 1494
f 1494 1851 1860
f 2022 2023 1495
f 1495 1494 1938
f 1495 1938 2037
f 2024 2022 1495
f 2021 2024 1495
f 1495 2037 2035
f 1495 2035 2036
f 2025 2021 1495
f 2019 2025 1495
f 1495 2036 2039
f 1495 2039 2038
f 2020 2019 1495
f 2040 2020 1495
f 1495 2038 2041
f 1865 1875 772
f 1496 1495 2023
f 1496 2023 2042
f 1865 772 1496
f 1857 1865 1496
f 1496 2042 2044
f 1496 2044 2015
f 1848 1857 1496
f 1852 1848 1496
f 1496 2015 2011
f 1496 2011 2017
f 1925 1852 1496
f 1921 1925 1496
f 1496 2017 2018
f 1496 2018 1974
f 1915 1921 1496
f 1919 1915 1496
f 1496 1974 1972
f 1496 1972 1975
f 1977 1919 1496
f 720 804 1497
f 720 1497 1490
f 1494 720 724
f 1796 1804 1498
f 1498 723 1702
f 1498 1702 1594
f 1645 1796 1498
f 1629 1645 1498
f 1498 1594 1610
f 1498 1610 1603
f 1620 1629 1498
f 1609 1620 1498
f 1498 1603 1613
f 1498 1613 1632
f 1614 1609 1498
f 1723 1614 1498
f 1498 1632 1704
f 1714 1723 1498
f 1660 1669 718
f 718 773 1498
f 1498 1804 1801
f 1498 1801 1807
f 1655 1660 718
f 1642 1655 718
f 1498 1807 1752
f 1498 1752 1747
f 1642 718 1498
f 1646 1642 1498
f 1498 1747 1758
f 1498 1758 1764
f 1718 1646 1498
f 1708 1718 1498
f 1498 1764 1703
f 1697 1708 1498
f 773 805 1168
f 1499 1168 103
f 773 1499 103
f 1498 773 722
f 1501 1500 1543
f 1245 1500 614
f 1245 1188 616
f 1501 1543 806
f 1501 807 808
f 1503 1502 1545
f 1243 1502 613
f 1243 1186 615
f 1503 1545 809
f 1503 810 811
f 1504 1500 1501
f 1239 1500 612
f 1241 1245 614
f 1500 1504 612
f 1505 1502 1503
f 1237 1502 611
f 1240 1243 613
f 1502 1505 611
f 1506 612 1504
f 1235 612 610
f 612 1506 1508
f 1507 611 1505
f 1234 611 609
f 611 1507 1510
f 1509 1508 1506
f 1231 1508 607
f 1508 1509 607
f 1511 1510 1507
f 1229 1510 606
f 1510 1511 606
f 1513 1512 1530
f 1233 1512 605
f 1233 1204 608
f 1513 1530 812
f 1513 813 814
f 1514 607 1509
f 1225 607 604
f 607 1514 1517
f 1515 606 1511
f 1223 606 603
f 606 1515 1519
f 1516 1512 1513
f 1221 1512 602
f 1227 1233 605
f 1512 1516 602
f 1518 1517 1514
f 1219 1517 601
f 1517 1518 601
f 1520 1519 1515
f 1218 1519 600
f 1519 1520 600
f 1521 602 1516
f 1215 602 599
f 602 1521 1524
f 1522 601 1518
f 1212 601 598
f 601 1522 1526
f 1523 600 1520
f 1208 600 597
f 600 1523 1527
f 1525 1524 1521
f 1207 1524 596
f 1524 1525 596
f 598 1526 1205
f 1528 1527 1523
f 1203 1527 594
f 1210 1208 597
f 1527 1528 594
f 1529 596 1525
f 1200 596 593
f 596 1529 1533
f 1526 1531 1530
f 1205 595 608
f 595 1205 1526
f 1526 1530 1512
f 595 1526 1512
f 1532 594 1528
f 1199 594 592
f 594 1532 1535
f 1534 1533 1529
f 1198 1533 591
f 1533 1534 591
f 1536 1535 1532
f 1197 1535 590
f 1535 1536 590
f 1537 591 1534
f 1194 591 589
f 591 1537 1539
f 1538 590 1536
f 1192 590 588
f 590 1538 1541
f 1540 1539 1537
f 1195 1539 1542
f 1195 1194 589
f 1539 1540 1542
f 588 1541 1189
f 1191 1542 1187
f 1191 1195 1542
f 1541 1544 1543
f 1189 587 616
f 587 1189 1541
f 1541 1543 1500
f 587 1541 1500
f 1542 1546 1545
f 1187 586 615
f 586 1187 1542
f 1542 1545 1502
f 586 1542 1502
f 1547 817 816
f 12 153 1547
f 153 154 1547
f 11 305 1547
f 815 304 829
f 25 192 815
f 192 193 815
f 24 1548 815
f 1548 304 815
f 304 828 829
f 303 302 305
f 11 150 303
f 150 151 303
f 1547 305 302
f 817 1547 893
f 24 189 1548
f 189 190 1548
f 23 1550 1548
f 1550 301 1548
f 304 1548 1549
f 300 299 303
f 10 147 300
f 147 148 300
f 302 303 299
f 23 186 1550
f 186 187 1550
f 22 298 1550
f 298 831 1550
f 831 882 1551
f 1550 1551 882
f 301 1550 830
f 1552 1553 300
f 9 144 1552
f 144 145 1552
f 8 297 1552
f 1553 833 832
f 299 300 1553
f 298 295 831
f 22 183 298
f 183 184 298
f 21 296 298
f 296 295 298
f 295 883 831
f 1554 1555 297
f 8 141 1554
f 141 142 1554
f 7 294 1554
f 294 293 1554
f 1555 293 832
f 1553 297 833
f 1556 291 296
f 21 180 1556
f 180 181 1556
f 20 292 1556
f 292 291 1556
f 295 296 291
f 1557 289 294
f 7 138 1557
f 138 139 1557
f 6 290 1557
f 290 289 1557
f 289 877 294
f 1558 287 292
f 20 177 1558
f 177 178 1558
f 19 288 1558
f 288 287 1558
f 292 287 875
f 291 292 834
f 1 216 1559
f 216 217 1559
f 32 1562 1559
f 1562 1563 1559
f 1563 1564 1560
f 820 1559 835
f 1561 286 290
f 6 135 1561
f 135 136 1561
f 5 1565 1561
f 1565 286 1561
f 289 290 286
f 285 284 288
f 19 174 285
f 174 175 285
f 287 288 284
f 1562 1564 1563
f 32 213 1562
f 213 214 1562
f 31 1569 1562
f 1569 837 1562
f 5 132 1565
f 132 133 1565
f 4 1571 1565
f 1571 1572 1565
f 1566 1572 836
f 286 1565 1566
f 1567 1568 285
f 18 171 1567
f 171 172 1567
f 17 1573 1567
f 1573 283 1567
f 1568 283 839
f 284 285 1568
f 1569 1570 837
f 31 210 1569
f 210 211 1569
f 30 1575 1569
f 1575 1570 1569
f 1570 840 822
f 1570 822 837
f 4 129 1571
f 129 130 1571
f 3 282 1571
f 17 168 1573
f 168 169 1573
f 16 1578 1573
f 1578 1579 1573
f 1579 281 1574
f 1574 281 839
f 283 1573 839
f 30 207 1575
f 207 208 1575
f 29 1580 1575
f 1580 1581 1575
f 1581 863 1576
f 1576 863 840
f 1570 1575 840
f 1577 862 841
f 3 126 1577
f 126 127 1577
f 2 1583 1577
f 1583 280 1577
f 282 1577 841
f 16 165 1578
f 165 166 1578
f 15 279 1578
f 279 278 1578
f 281 1579 842
f 1580 1582 1581
f 29 204 1580
f 204 205 1580
f 28 277 1580
f 277 844 1580
f 1559 1584 1583
f 2 123 1583
f 123 124 1583
f 1 1559 1583
f 1559 820 1584
f 280 1583 820
f 279 275 278
f 15 162 279
f 162 163 279
f 14 276 279
f 276 275 279
f 275 819 278
f 1579 278 843
f 1585 273 844
f 28 201 1585
f 201 202 1585
f 27 274 1585
f 274 273 1585
f 273 818 844
f 277 1585 844
f 1586 1587 276
f 14 159 1586
f 159 160 1586
f 13 272 1586
f 1587 846 845
f 275 276 1587
f 27 198 274
f 198 199 274
f 26 1592 274
f 1592 271 274
f 1588 271 847
f 273 274 1588
f 1590 1591 272
f 13 156 1590
f 156 157 1589
f 158 1590 1589
f 12 816 1590
f 816 817 1590
f 817 121 1591
f 1591 121 845
f 1587 272 846
f 815 1593 1592
f 26 195 1592
f 195 196 1592
f 25 815 1592
f 815 829 847
f 271 1592 847
f 3231 3418 3375
f 3376 3377 3420
f 3367 3134 3420
f 3422 3423 3378
f 3378 3424 3425
f 3425 3958 3354
f 3425 3348 3954
f 3154 3343 3427
f 3343 3153 3344
f 3939 2972 3329
f 3379 3330 3431
f 3705 3436 3434
f 3178 3176 3441
f 3301 3443 3444
f 3190 3290 3895
f 3446 3447 3291
f 3455 3456 3861
f 3458 3457 3456
f 3220 3224 3460
f 3252 3460 3253
f 3813 3463 3385
f 2974 3465 3229
f 3466 3630 3468
f 3386 3374 3469
f 3987 3387 3469
f 3470 3367 2971
f 3058 2958 3472
f 3472 2958 2981
f 3469 3473 2980
f 3469 3389 3473
f 3417 3242 3474
f 3839 3388 3474
f 3416 3246 3475
f 3846 3417 3475
f 3415 3251 3476
f 3851 3416 3476
f 3414 3257 3477
f 3855 3415 3477
f 3413 3262 3478
f 3860 3414 3478
f 3412 3267 3479
f 3864 3413 3479
f 3411 3271 3480
f 3869 3412 3480
f 3410 3275 3481
f 3875 3411 3481
f 3409 3281 3482
f 3880 3410 3482
f 3408 3284 3483
f 3886 3409 3483
f 3407 3289 3484
f 3889 3408 3484
f 3406 3294 3485
f 3894 3407 3485
f 3405 3299 3486
f 3899 3406 3486
f 3404 3305 3487
f 3902 3405 3487
f 3403 3311 3488
f 3905 3404 3488
f 3402 3314 3489
f 3909 3403 3489
f 3401 3319 3490
f 3914 3402 3490
f 3400 3323 3491
f 3920 3401 3491
f 3399 3326 3492
f 3926 3400 3492
f 3398 3328 3493
f 3931 3399 3493
f 3397 3334 3494
f 3937 3398 3494
f 3396 3337 3495
f 3943 3397 3495
f 3395 3341 3496
f 3947 3396 3496
f 3394 3347 3497
f 3952 3395 3497
f 3393 3352 3498
f 3957 3394 3498
f 3392 3357 3499
f 3962 3393 3499
f 3391 3363 3500
f 3965 3392 3500
f 3390 3970 3501
f 3970 3391 3501
f 3389 3390 3502
f 3389 3370 3390
f 3474 3503 3006
f 3474 3386 3503
f 3006 3469 3007
f 3469 2980 3008
f 2981 3505 2983
f 2984 3507 2986
f 3502 3501 3506
f 2986 3508 3083
f 3499 2987 3509
f 2987 3498 2988
f 3090 3062 2991
f 3075 3085 2992
f 3072 3070 2995
f 3024 3485 3520
f 3087 3525 3000
f 3474 3006 3036
f 3515 3059 3533
f 3060 3061 3062
f 3522 3063 3066
f 3530 3067 3535
f 3512 3068 2989
f 2989 3043 3069
f 2995 3071 3072
f 3527 3073 3002
f 3074 3051 3002
f 2985 2959 3058
f 2985 3058 2984
f 3516 3075 3059
f 3523 3548 2999
f 3077 2966 3064
f 2999 3064 3063
f 3078 2968 3067
f 3513 3079 2990
f 3542 3092 3543
f 2996 3536 3070
f 3082 3074 3544
f 3528 3081 3544
f 3544 3074 3073
f 3086 2964 3076
f 3546 3076 3075
f 3552 3038 3089
f 3056 2969 3078
f 3551 3078 3005
f 3514 3090 3079
f 3554 2962 3080
f 2997 3555 2996
f 3556 3543 3092
f 3004 3082 3081
f 3559 2960 3084
f 3558 3084 3083
f 3517 3093 2993
f 2993 3086 3085
f 3569 3088 3560
f 3560 3088 3549
f 3560 3549 3087
f 2982 3089 3504
f 2991 3091 3090
f 3521 3066 2998
f 2998 3092 2997
f 3565 3567 3566
f 3529 3565 3003
f 3529 3567 3565
f 3565 3557 3004
f 3565 3004 3003
f 3511 3568 3510
f 3511 3069 3568
f 3568 2961 3559
f 3568 3559 3510
f 3518 3072 2994
f 2994 3094 3093
f 3526 3002 3001
f 3051 3561 3569
f 3001 3569 3000
f 3570 3621 3051
f 3108 3570 3051
f 3115 3100 3572
f 2964 3572 3045
f 3557 3052 3074
f 3052 3116 3574
f 3574 3108 3052
f 3577 3115 3575
f 3575 3115 2964
f 3579 3603 3585
f 3038 3057 3553
f 3053 3052 3557
f 3557 3586 3581
f 3581 3118 3582
f 3053 3116 3052
f 3589 3579 3117
f 3562 3585 3552
f 2958 3585 3562
f 2958 3039 3117
f 3117 3579 3585
f 3566 3586 3557
f 3047 3046 3094
f 3047 3119 3583
f 3583 3119 3594
f 3588 3117 3039
f 3054 3590 3567
f 2968 3590 3054
f 2968 3599 3591
f 3591 3122 3592
f 3600 3111 3592
f 3048 3047 3071
f 3543 3119 3047
f 3596 3597 3595
f 2959 3121 3595
f 3595 3587 3039
f 3580 3112 3600
f 3049 3103 3593
f 3040 3121 2959
f 2960 3605 3596
f 2960 3595 3121
f 3057 3603 3056
f 3057 3038 3585
f 3603 3122 2969
f 3049 3601 3543
f 3049 3124 3607
f 3607 3604 3049
f 3606 3123 3605
f 2965 3124 3092
f 3612 3105 3608
f 3609 3606 3041
f 3043 3041 2961
f 3126 3612 2965
f 3127 3610 3613
f 3613 3609 3043
f 3540 3611 2966
f 3614 3126 3611
f 2962 3613 3541
f 3615 3127 3613
f 2967 3128 3617
f 3618 3107 3617
f 3044 3615 2962
f 3619 3129 3620
f 3625 3627 3620
f 3088 3128 2967
f 3050 3051 3621
f 3622 3571 3623
f 3050 3618 3128
f 3114 3625 3624
f 3534 3060 3624
f 3624 3129 3044
f 3629 3628 3109
f 3589 3580 3579
f 3589 3095 3580
f 3602 3095 3597
f 3602 3598 3596
f 3096 3602 3123
f 3127 3097 3610
f 3620 3127 3616
f 3098 3097 3127
f 3627 3098 3620
f 3101 3625 3099
f 3584 3578 3577
f 3102 3584 3583
f 3102 3101 3584
f 3604 3102 3594
f 3105 3104 3608
f 3106 3105 3126
f 3109 3106 3617
f 3592 3582 3118
f 3629 3110 3592
f 3113 3629 3600
f 3095 3113 3580
f 3630 3130 2971
f 3634 3639 3135
f 3131 3635 3637
f 3131 3132 3133
f 3638 3642 3134
f 3638 3135 3642
f 3638 3633 3135
f 3641 3133 3136
f 3136 3132 3647
f 3136 3646 3641
f 3420 3642 3376
f 3642 3649 3376
f 3643 3135 3644
f 3644 3651 3650
f 3644 3641 3646
f 3647 3142 3138
f 3421 3144 3422
f 3141 3137 3650
f 3141 3140 3144
f 3645 3143 3652
f 3645 3138 3142
f 3140 3141 3654
f 3144 3661 3423
f 3657 3664 3655
f 3659 3653 3660
f 3659 3143 3653
f 3662 3149 3150
f 3665 3145 3146
f 3146 3659 3671
f 3149 3663 3667
f 3149 3148 3154
f 3667 3655 3151
f 3671 3155 3152
f 3678 3151 3674
f 3678 3158 3428
f 3675 3668 3676
f 3669 3156 3676
f 3669 3152 3155
f 3155 3683 3156
f 3158 3161 2972
f 3673 3681 3680
f 3673 3674 3681
f 3684 3677 3685
f 3680 3156 3683
f 3684 3683 3677
f 3161 3691 3160
f 3688 3680 3689
f 3682 3162 3689
f 3682 3159 3162
f 3162 3159 3690
f 3164 3160 3691
f 3686 3695 3694
f 3686 3687 3695
f 3698 3690 3699
f 3694 3162 3697
f 3698 3697 3690
f 3700 3692 3701
f 3693 3702 3708
f 3693 3686 3702
f 3708 3694 3703
f 3698 3711 3709
f 3696 3709 3703
f 3696 3163 3709
f 3436 3705 3701
f 3708 3716 3706
f 3165 3166 3170
f 3165 3170 3167
f 3169 3713 3712
f 3718 3167 3170
f 3170 3722 3718
f 3439 3719 3714
f 3439 3171 3725
f 3715 3706 3173
f 3720 3718 3722
f 3723 3179 3174
f 3176 3175 3442
f 3177 3725 3176
f 3725 3173 3727
f 3727 3173 3172
f 3727 3172 3728
f 3721 3180 3728
f 3721 3174 3179
f 3179 3735 3180
f 3183 3731 3442
f 3175 3725 3731
f 3731 3733 3732
f 3731 3727 3733
f 3736 3729 3737
f 3732 3180 3735
f 3736 3735 3729
f 3186 3741 3383
f 3738 3732 3739
f 3734 3188 3739
f 3734 3184 3188
f 3188 3736 3747
f 3383 3742 3190
f 3741 3186 3742
f 3742 3189 3190
f 3743 3730 3744
f 3744 3751 3752
f 3744 3188 3746
f 3747 3195 3192
f 3194 3190 3189
f 3191 3752 3751
f 3745 3196 3753
f 3745 3192 3195
f 3755 3200 3448
f 3750 3758 3757
f 3750 3191 3758
f 3757 3763 3756
f 3760 3754 3761
f 3760 3196 3754
f 3766 3202 3450
f 3759 3201 3764
f 3759 3198 3201
f 3201 3198 3765
f 3202 3207 3452
f 3762 3756 3204
f 3771 3765 3772
f 3768 3201 3770
f 3771 3770 3765
f 3206 3212 3213
f 3207 3204 3774
f 3774 3204 3203
f 3774 3203 3775
f 3769 3209 3775
f 3769 3205 3209
f 3209 3771 3782
f 3212 3777 3211
f 3773 3779 3778
f 3773 3774 3779
f 3778 3209 3781
f 3782 3218 3214
f 3784 3777 3216
f 3216 3790 3458
f 3787 3778 3788
f 3780 3219 3788
f 3780 3214 3218
f 3218 3794 3219
f 3221 3798 3220
f 3785 3792 3791
f 3785 3786 3792
f 3791 3219 3794
f 3795 3225 3222
f 3224 3797 3460
f 3798 3221 3797
f 3801 3791 3802
f 3793 3226 3802
f 3793 3222 3225
f 3225 3810 3226
f 3799 3808 3807
f 3799 3800 3808
f 3811 3803 3812
f 3807 3226 3810
f 3811 3810 3803
f 3229 3813 3805
f 3806 3816 3815
f 3806 3799 3816
f 3815 3807 3817
f 3809 3230 3817
f 3809 3227 3230
f 3230 3227 3818
f 3232 3229 3814
f 3824 3818 3825
f 3821 3230 3823
f 3824 3823 3818
f 3234 3630 2970
f 3418 3231 3234
f 3819 3633 3631
f 3819 3820 3827
f 3827 3821 3828
f 3822 3635 3828
f 3822 3233 3235
f 3235 3824 3829
f 3829 3824 3830
f 3829 3637 3635
f 3419 3237 3418
f 3835 3388 3836
f 3465 3840 3464
f 3237 3837 3465
f 3842 3833 3838
f 3240 3843 3837
f 3385 3243 2979
f 3841 3843 3842
f 3846 3416 3845
f 3845 3245 3249
f 3461 3847 3848
f 3849 3842 3850
f 3253 3853 3252
f 3853 3856 3259
f 3255 3250 3855
f 3259 3258 3457
f 3859 3862 3858
f 3260 3256 3860
f 3456 3258 3861
f 3258 3857 3858
f 3258 3858 3263
f 3861 3865 3454
f 3263 3858 3862
f 3862 3867 3264
f 3265 3261 3864
f 3268 3870 3453
f 3866 3264 3867
f 3269 3266 3869
f 3272 3277 3452
f 3272 3876 3277
f 3872 3867 3874
f 3273 3270 3875
f 3884 3278 3879
f 3279 3274 3880
f 3449 3881 3448
f 3276 3877 3449
f 3883 3286 3882
f 3883 3278 3884
f 3282 3280 3886
f 3285 3881 3887
f 3892 3884 3888
f 3287 3283 3889
f 3291 3887 3890
f 3891 3286 3892
f 3292 3288 3894
f 3444 3295 3301
f 3895 3291 3897
f 3897 3296 3895
f 3896 3892 3898
f 3297 3293 3899
f 3900 3895 3296
f 3302 3300 3307
f 3296 3896 3901
f 3303 3298 3902
f 3307 3906 2978
f 3306 3906 3307
f 3300 3907 3906
f 3903 3296 3904
f 3309 3304 3905
f 3911 3903 3908
f 3312 3310 3909
f 3912 3316 3917
f 3911 3918 3316
f 3317 3313 3914
f 3437 3921 3380
f 3320 3916 3437
f 3320 3315 3915
f 3917 3924 3916
f 3917 3316 3918
f 3321 3318 3920
f 3435 3928 2977
f 3916 3924 3923
f 3923 3918 3925
f 3324 3322 3926
f 2977 3928 3434
f 3327 3325 3931
f 3932 3938 3329
f 3932 3929 3331
f 3934 3930 3935
f 3331 3942 3932
f 3937 3397 3936
f 3936 3333 3335
f 3940 3932 3942
f 3338 3948 2976
f 3338 3939 3944
f 3944 3939 3945
f 3945 3940 3946
f 3946 3950 3945
f 3339 3336 3947
f 3949 3948 3945
f 3344 3342 3343
f 3949 3945 3950
f 3345 3340 3952
f 3954 3958 3425
f 3348 3343 3953
f 3343 3342 3953
f 3955 3950 3956
f 3350 3346 3957
f 3958 3954 3959
f 3960 3359 3959
f 3960 3964 3359
f 3355 3351 3962
f 3378 2975 3422
f 3353 3959 3359
f 3353 3359 3964
f 3353 3360 3967
f 3361 3356 3965
f 3358 3972 3364
f 3967 3973 3966
f 3967 3360 3968
f 3968 3963 3969
f 3365 3362 3970
f 3420 3368 3367
f 3369 3366 3975
f 3975 3389 3976
f 3367 3977 2971
f 3371 3974 3979
f 3371 3985 3978
f 3980 3387 3981
f 3982 3238 3983
f 3466 3831 3419
f 3977 3978 3985
f 3977 3985 3238
f 3984 3371 3986
f 3984 3833 3238
f 3987 3386 3988
f 3987 3988 3239
f 3991 3990 3181
f 3990 3992 3236
f 3812 3825 3818
f 3228 3830 3825
f 3796 3812 3803
f 3223 3228 3812
f 3789 3796 3795
f 3210 3223 3796
f 3776 3783 3782
f 3199 3210 3776
f 3761 3772 3765
f 3748 3761 3754
f 3193 3199 3761
f 3740 3748 3747
f 3181 3193 3748
f 3724 3737 3729
f 3168 3181 3724
f 3710 3724 3723
f 3704 3168 3711
f 3685 3699 3690
f 3157 3991 3685
f 3672 3685 3677
f 3147 3157 3672
f 3666 3672 3671
f 3139 3147 3666
f 3648 3660 3653
f 3636 3648 3647
f 3236 3139 3648
f 3418 3234 3419
f 3237 3375 3418
f 3419 3234 2970
f 3471 3134 3367
f 3420 3377 3364
f 3377 3358 3364
f 3377 3421 3358
f 3377 3376 3421
f 3376 3141 3421
f 3421 3422 2975
f 3422 3144 3423
f 3424 3661 3425
f 3661 3426 3425
f 3354 3378 3425
f 3378 3423 3424
f 3423 3661 3424
f 3426 3661 3150
f 3425 3426 3150
f 3150 3427 3425
f 3150 3149 3427
f 3348 3427 3343
f 3425 3427 3348
f 3343 3154 3153
f 3153 3428 2976
f 3428 3429 3338
f 3428 3158 3429
f 2976 3428 3338
f 3429 3158 2972
f 3338 3429 2972
f 3338 2972 3939
f 2972 3161 3430
f 3430 3160 3379
f 3430 3379 3329
f 2972 3430 3329
f 3160 3164 3379
f 3379 3432 3330
f 3379 3164 3432
f 3329 3379 3431
f 3432 3433 3330
f 3927 3330 3433
f 3432 3164 3433
f 3434 3433 3705
f 3434 3436 2977
f 3927 3433 3434
f 2977 3436 3435
f 3435 3436 3713
f 3380 3435 3713
f 3437 3438 3320
f 3713 3437 3380
f 3437 3169 3438
f 3438 3439 3315
f 3439 3440 3315
f 3438 3719 3439
f 3440 3178 3315
f 3315 3381 3910
f 3910 3381 3178
f 3381 3315 3178
f 3178 3177 3176
f 3441 3176 2978
f 3176 3442 3307
f 3442 3382 3307
f 2978 3176 3307
f 3382 3442 3182
f 3307 3382 3301
f 3382 3187 3301
f 3187 3185 3301
f 3182 3187 3382
f 3187 3186 3185
f 3185 3383 3301
f 3443 3190 3444
f 3443 3383 3190
f 3301 3383 3443
f 3444 3190 3895
f 3445 3194 3291
f 3291 3194 3446
f 3190 3445 3290
f 3190 3194 3445
f 3290 3445 3291
f 3285 3291 3447
f 3446 3755 3447
f 3446 3197 3755
f 3447 3755 3448
f 3384 3447 3448
f 3285 3447 3384
f 3449 3200 3450
f 3448 3200 3449
f 3449 3450 3276
f 3450 3451 3276
f 3276 3451 3452
f 3450 3202 3451
f 3451 3202 3452
f 3276 3452 3277
f 3452 3208 3453
f 3453 3208 3206
f 3208 3207 3206
f 3272 3452 3453
f 3268 3206 3454
f 3206 3213 3454
f 3454 3213 3211
f 3453 3206 3268
f 3213 3212 3211
f 3455 3211 3456
f 3211 3217 3456
f 3217 3215 3456
f 3454 3211 3455
f 3784 3217 3211
f 3217 3216 3215
f 3215 3458 3456
f 3458 3459 3457
f 3457 3459 3259
f 3458 3221 3459
f 3459 3221 3220
f 3459 3220 3259
f 3259 3220 3460
f 3460 3804 2973
f 3253 3460 2973
f 3252 3259 3460
f 3461 3462 3385
f 3852 3253 3461
f 3253 2973 3461
f 2973 3462 3461
f 3385 3462 3813
f 3461 3385 2979
f 3463 3229 3464
f 3385 3463 3464
f 2974 3231 3465
f 3464 3229 3465
f 2974 3232 3231
f 3465 3231 3375
f 3465 3375 3237
f 3466 3468 3467
f 3419 2970 3466
f 3468 3630 2971
f 3503 3386 3469
f 3374 3987 3469
f 3987 3981 3387
f 3467 3468 2971
f 3470 3134 3471
f 3470 3471 3367
f 2983 3058 3472
f 2983 3472 2981
f 2983 2984 3058
f 3058 3039 2958
f 3469 3387 3389
f 3387 3980 3389
f 3980 3976 3389
f 3475 3417 3474
f 3242 3839 3474
f 3839 3836 3388
f 3476 3416 3475
f 3246 3846 3475
f 3477 3415 3476
f 3251 3851 3476
f 3478 3414 3477
f 3257 3855 3477
f 3479 3413 3478
f 3262 3860 3478
f 3480 3412 3479
f 3267 3864 3479
f 3481 3411 3480
f 3271 3869 3480
f 3482 3410 3481
f 3275 3875 3481
f 3483 3409 3482
f 3281 3880 3482
f 3484 3408 3483
f 3284 3886 3483
f 3485 3407 3484
f 3289 3889 3484
f 3486 3406 3485
f 3294 3894 3485
f 3487 3405 3486
f 3299 3899 3486
f 3488 3404 3487
f 3305 3902 3487
f 3489 3403 3488
f 3311 3905 3488
f 3490 3402 3489
f 3314 3909 3489
f 3491 3401 3490
f 3319 3914 3490
f 3492 3400 3491
f 3323 3920 3491
f 3493 3399 3492
f 3326 3926 3492
f 3494 3398 3493
f 3328 3931 3493
f 3495 3397 3494
f 3334 3937 3494
f 3496 3396 3495
f 3337 3943 3495
f 3497 3395 3496
f 3341 3947 3496
f 3498 3394 3497
f 3347 3952 3497
f 3499 3393 3498
f 3352 3957 3498
f 3500 3392 3499
f 3357 3962 3499
f 3501 3391 3500
f 3363 3965 3500
f 3502 3390 3501
f 3390 3971 3970
f 3473 3389 3502
f 3370 3975 3390
f 3975 3971 3390
f 3474 3388 3386
f 3388 3835 3386
f 3835 3988 3386
f 3551 3532 3007
f 3006 3503 3469
f 3007 3469 3008
f 3551 3007 3504
f 3504 3008 3009
f 3007 3008 3504
f 3008 2980 3009
f 2980 3473 3009
f 3505 3506 2984
f 2981 3504 3505
f 3504 3009 3505
f 3009 3473 3502
f 3009 3502 3505
f 3505 3502 3506
f 2983 3505 2984
f 3507 3506 3010
f 2984 3506 3507
f 3506 3501 3010
f 3508 3010 3011
f 2986 3507 3508
f 3507 3010 3508
f 3010 3501 3500
f 3010 3500 3011
f 3083 3508 3509
f 3508 3011 3509
f 3011 3500 3499
f 3011 3499 3509
f 3509 2987 2988
f 3509 2988 3510
f 3511 2988 3012
f 3510 2988 3511
f 2987 3499 3498
f 2988 3498 3012
f 3512 3012 3013
f 3069 3511 3512
f 3511 3012 3512
f 3012 3498 3497
f 3012 3497 3013
f 3513 3013 3014
f 3068 3512 3513
f 3512 3013 3513
f 3013 3497 3496
f 3013 3496 3014
f 3514 3014 3015
f 3079 3513 3514
f 3513 3014 3514
f 3014 3496 3495
f 3014 3495 3015
f 3090 3015 3016
f 3514 3015 3090
f 3015 3495 3494
f 3015 3494 3016
f 3515 3016 3017
f 3062 3090 3515
f 3090 3016 3515
f 3016 3494 3493
f 3016 3493 3017
f 3516 3017 3018
f 3059 3515 3516
f 3515 3017 3516
f 3017 3493 3492
f 3017 3492 3018
f 3075 3018 3019
f 3516 3018 3075
f 3018 3492 3491
f 3018 3491 3019
f 3517 3019 3020
f 3085 3075 3517
f 3075 3019 3517
f 3019 3491 3490
f 3019 3490 3020
f 3518 3020 3021
f 3093 3517 3518
f 3517 3020 3518
f 3020 3490 3489
f 3020 3489 3021
f 3072 3021 3022
f 3518 3021 3072
f 3021 3489 3488
f 3021 3488 3022
f 3519 3022 3023
f 3070 3072 3519
f 3072 3022 3519
f 3022 3488 3487
f 3022 3487 3023
f 3520 3023 3024
f 2996 3519 3520
f 3519 3023 3520
f 3023 3487 3486
f 3023 3486 3024
f 2996 3520 2997
f 3521 3520 3025
f 2997 3520 3521
f 3024 3486 3485
f 3520 3485 3025
f 3522 3025 3026
f 3066 3521 3522
f 3521 3025 3522
f 3025 3485 3484
f 3025 3484 3026
f 3523 3026 3027
f 3063 3522 3523
f 3522 3026 3523
f 3026 3484 3483
f 3026 3483 3027
f 3524 3027 3028
f 3548 3523 3524
f 3523 3027 3524
f 3027 3483 3482
f 3027 3482 3028
f 3548 3524 3087
f 3525 3028 3029
f 3087 3524 3525
f 3524 3028 3525
f 3028 3482 3481
f 3028 3481 3029
f 3526 3029 3030
f 3000 3525 3526
f 3525 3029 3526
f 3029 3481 3480
f 3029 3480 3030
f 3527 3030 3031
f 3002 3526 3527
f 3526 3030 3527
f 3030 3480 3479
f 3030 3479 3031
f 3528 3031 3032
f 3073 3527 3528
f 3527 3031 3528
f 3031 3479 3478
f 3031 3478 3032
f 3081 3032 3033
f 3528 3032 3081
f 3032 3478 3477
f 3032 3477 3033
f 3529 3033 3034
f 3003 3081 3529
f 3081 3033 3529
f 3033 3477 3476
f 3033 3476 3034
f 3530 3034 3035
f 3567 3529 3530
f 3529 3034 3530
f 3034 3476 3475
f 3034 3475 3035
f 3531 3035 3036
f 3067 3530 3531
f 3530 3035 3531
f 3035 3475 3474
f 3035 3474 3036
f 3532 3036 3037
f 3005 3531 3532
f 3531 3036 3532
f 3036 3006 3037
f 3037 3006 3007
f 3037 3007 3532
f 3515 3533 3062
f 3533 3059 3060
f 3060 3076 2963
f 3060 3534 3061
f 3533 3060 3062
f 3066 3063 3064
f 3064 2966 2965
f 3066 3064 3065
f 3530 3535 3567
f 3535 3067 2968
f 3535 2968 3054
f 3535 3054 3567
f 2990 3541 2989
f 3512 2989 3069
f 2989 3068 2990
f 2989 3541 3043
f 3536 3537 3048
f 2995 3070 3536
f 3537 3536 3543
f 3537 3543 3048
f 3536 3048 3071
f 2995 3536 3071
f 3074 3539 3538
f 3002 3073 3074
f 3539 3074 3052
f 3538 3539 3051
f 3074 3538 3051
f 3058 2959 3120
f 2986 2985 2984
f 2985 2986 2959
f 3059 3075 3076
f 3076 2964 3045
f 3076 3045 2963
f 3059 3076 3060
f 3523 2999 3063
f 2999 3548 3077
f 3540 3077 3614
f 3077 3540 2966
f 2999 3077 3064
f 3531 3005 3067
f 3055 3078 2969
f 3078 3055 2968
f 3005 3078 3067
f 3513 2990 3068
f 2990 3079 3080
f 3541 3080 2962
f 3080 3541 2990
f 3519 2996 3070
f 3542 3543 3536
f 2996 3542 3536
f 3082 3557 3074
f 3528 3544 3073
f 3544 3081 3082
f 2986 3083 3084
f 3545 3084 2960
f 3545 2960 3040
f 3545 3040 2959
f 3084 3545 2959
f 2986 3084 2959
f 3546 2992 3086
f 2992 3546 3075
f 2992 3085 3086
f 3086 3094 3547
f 3547 3575 2964
f 3086 3547 2964
f 3546 3086 3076
f 3548 3087 3549
f 3549 3088 2967
f 3077 3549 3614
f 3548 3549 3077
f 3550 3089 3551
f 3504 3550 3551
f 3550 3504 3089
f 3089 3038 3553
f 3551 3089 3553
f 3551 3553 3056
f 3532 3551 3005
f 3553 3057 3056
f 3551 3056 3078
f 3079 3091 3554
f 3091 3044 3554
f 3079 3090 3091
f 3554 3044 2962
f 3079 3554 3080
f 2996 3555 3092
f 3555 2997 3092
f 3556 3092 3049
f 3556 3049 3543
f 2996 3092 3542
f 3003 3004 3081
f 3004 3557 3082
f 3509 3558 3083
f 3509 3510 3558
f 3558 3510 3559
f 3041 3559 2961
f 3559 3041 2960
f 3558 3559 3084
f 3517 2993 3085
f 2993 3093 3094
f 2993 3094 3086
f 3569 3561 3088
f 3000 3560 3087
f 3560 3000 3569
f 3561 3050 3088
f 2958 3562 3089
f 2981 2982 3504
f 2982 2981 2958
f 3089 3562 3552
f 2982 2958 3089
f 3091 2991 3062
f 3091 3061 3563
f 3091 3062 3061
f 3563 3061 3044
f 3091 3563 3044
f 3521 2998 2997
f 2998 3066 3065
f 3065 3064 2965
f 3564 3065 2965
f 3564 2965 3092
f 3065 3564 3092
f 2998 3065 3092
f 3565 3566 3557
f 3568 3043 3042
f 3568 3069 3043
f 3568 3042 2961
f 3518 2994 3093
f 2994 3072 3071
f 3071 3047 3094
f 2994 3071 3094
f 3001 3051 3569
f 3001 3002 3051
f 3526 3001 3000
f 3571 3570 3108
f 3570 3571 3621
f 2963 3572 3060
f 3099 3572 3100
f 3100 3101 3099
f 3572 3099 3114
f 3060 3572 3114
f 3110 3109 3108
f 3539 3052 3051
f 3052 3108 3051
f 3573 3115 3572
f 3115 3578 3100
f 3045 3572 2963
f 2964 3573 3572
f 3573 2964 3115
f 3578 3101 3100
f 3574 3582 3110
f 3574 3116 3582
f 3574 3110 3108
f 3575 3576 3577
f 3577 3578 3115
f 3575 3547 3576
f 3579 3580 3603
f 3038 3552 3585
f 3557 3581 3053
f 3581 3590 3118
f 3581 3582 3116
f 3053 3581 3116
f 3583 3584 3577
f 3547 3046 3576
f 3547 3094 3046
f 3583 3577 3576
f 3046 3583 3576
f 2958 3117 3585
f 3566 3590 3586
f 3566 3567 3590
f 3118 3591 3592
f 3586 3590 3581
f 3594 3102 3583
f 3047 3583 3046
f 3587 3589 3588
f 3039 3587 3588
f 3039 3058 3120
f 3589 3587 3597
f 3588 3589 3117
f 2968 3591 3590
f 3591 3599 3122
f 3592 3122 3600
f 3600 3629 3111
f 3590 3591 3118
f 3048 3543 3047
f 3594 3593 3103
f 3593 3594 3119
f 3543 3593 3119
f 3596 3598 3597
f 3120 2959 3595
f 3595 3597 3587
f 3120 3595 3039
f 3055 3599 2968
f 3055 3122 3599
f 3055 2969 3122
f 3580 3113 3112
f 3593 3601 3049
f 3049 3604 3103
f 3601 3593 3543
f 3123 3602 3596
f 3040 2960 3121
f 3596 3605 3123
f 2960 3596 3595
f 3603 3580 3600
f 3056 3603 2969
f 3057 3585 3603
f 3603 3600 3122
f 3607 3608 3604
f 3049 3092 3124
f 3606 3096 3123
f 3041 3605 2960
f 3041 3606 3605
f 2965 3607 3124
f 2965 3125 3607
f 3608 3125 3612
f 3125 3608 3607
f 3042 3043 2961
f 3610 3097 3096
f 3610 3096 3606
f 3609 3610 3606
f 3043 3609 3041
f 3611 3126 2965
f 2966 3611 2965
f 2965 3612 3125
f 3541 3613 3043
f 3613 3610 3609
f 3614 3617 3126
f 3540 3614 3611
f 3614 2967 3617
f 3616 3615 3620
f 3615 3616 3127
f 2962 3615 3613
f 3617 3128 3618
f 3549 2967 3614
f 3618 3109 3107
f 3619 3044 3129
f 3620 3129 3625
f 3619 3620 3615
f 3044 3619 3615
f 3088 3050 3128
f 3050 3561 3051
f 3622 3621 3571
f 3623 3109 3622
f 3621 3622 3618
f 3050 3621 3618
f 3114 3099 3625
f 3534 3624 3061
f 3624 3060 3114
f 3624 3625 3129
f 3061 3624 3044
f 3627 3626 3097
f 3628 3626 3627
f 3629 3626 3628
f 3113 3626 3629
f 3095 3626 3113
f 3597 3095 3589
f 3602 3626 3095
f 3598 3602 3597
f 3096 3626 3602
f 3097 3626 3096
f 3620 3098 3127
f 3098 3627 3097
f 3625 3628 3627
f 3101 3628 3625
f 3584 3101 3578
f 3102 3628 3101
f 3103 3604 3594
f 3604 3628 3102
f 3608 3104 3604
f 3104 3628 3604
f 3105 3628 3104
f 3126 3105 3612
f 3617 3106 3126
f 3106 3628 3105
f 3107 3109 3617
f 3109 3628 3106
f 3622 3109 3618
f 3571 3109 3623
f 3108 3109 3571
f 3110 3629 3109
f 3592 3110 3582
f 3111 3629 3592
f 3112 3113 3600
f 3631 3633 3632
f 3630 3631 3130
f 3466 2970 3630
f 3631 3632 3130
f 3634 3633 3827
f 3634 3827 3828
f 3634 3131 3641
f 3634 3641 3639
f 3633 3634 3135
f 3131 3637 3636
f 3641 3131 3133
f 3131 3634 3635
f 3634 3828 3635
f 3131 3636 3132
f 3470 3638 3134
f 3470 3130 3638
f 3470 2971 3130
f 3638 3130 3632
f 3638 3632 3633
f 3640 3639 3641
f 3135 3639 3644
f 3136 3133 3132
f 3647 3132 3636
f 3136 3647 3646
f 3642 3643 3137
f 3420 3134 3642
f 3642 3137 3649
f 3137 3643 3644
f 3643 3642 3135
f 3644 3639 3640
f 3644 3645 3651
f 3137 3644 3650
f 3647 3648 3653
f 3645 3647 3138
f 3645 3646 3647
f 3645 3644 3646
f 3644 3640 3641
f 3647 3653 3142
f 3141 3650 3654
f 3421 3141 3144
f 3141 3376 3649
f 3141 3649 3137
f 3652 3651 3645
f 3650 3651 3656
f 3645 3142 3143
f 3142 3653 3143
f 3144 3140 3654
f 3654 3656 3655
f 3654 3655 3661
f 3144 3654 3661
f 3656 3654 3650
f 3657 3656 3651
f 3657 3651 3652
f 3657 3658 3664
f 3656 3657 3655
f 3659 3660 3666
f 3658 3659 3145
f 3658 3143 3659
f 3658 3657 3143
f 3657 3652 3143
f 3662 3655 3663
f 3661 3662 3150
f 3662 3661 3655
f 3665 3664 3658
f 3655 3664 3151
f 3665 3146 3670
f 3665 3658 3145
f 3146 3145 3659
f 3671 3659 3666
f 3146 3671 3670
f 3149 3667 3151
f 3427 3149 3154
f 3149 3662 3663
f 3149 3151 3148
f 3667 3663 3655
f 3668 3151 3664
f 3668 3664 3665
f 3151 3668 3674
f 3671 3672 3677
f 3669 3671 3152
f 3669 3670 3671
f 3669 3668 3670
f 3668 3665 3670
f 3671 3677 3155
f 3678 3674 3673
f 3153 3678 3428
f 3153 3148 3678
f 3153 3154 3148
f 3678 3148 3151
f 3675 3674 3668
f 3676 3668 3669
f 3674 3675 3681
f 3669 3155 3156
f 3155 3677 3683
f 3679 3673 3161
f 3158 3679 3161
f 3158 3678 3679
f 3679 3678 3673
f 3680 3681 3675
f 3680 3675 3676
f 3673 3680 3687
f 3684 3685 3690
f 3682 3684 3159
f 3682 3683 3684
f 3682 3680 3683
f 3680 3676 3156
f 3684 3690 3159
f 3161 3687 3686
f 3430 3161 3160
f 3161 3686 3691
f 3687 3161 3673
f 3688 3687 3680
f 3689 3680 3682
f 3687 3688 3695
f 3162 3690 3697
f 3692 3686 3693
f 3164 3691 3692
f 3692 3691 3686
f 3694 3695 3688
f 3694 3688 3689
f 3686 3694 3702
f 3696 3698 3163
f 3696 3697 3698
f 3696 3694 3697
f 3694 3689 3162
f 3701 3693 3713
f 3433 3701 3705
f 3433 3700 3701
f 3433 3164 3700
f 3700 3164 3692
f 3701 3692 3693
f 3708 3702 3694
f 3703 3694 3696
f 3693 3708 3707
f 3698 3704 3711
f 3709 3163 3698
f 3704 3698 3699
f 3709 3711 3165
f 3713 3707 3706
f 3436 3701 3713
f 3713 3706 3712
f 3707 3713 3693
f 3708 3165 3718
f 3708 3718 3716
f 3707 3708 3706
f 3165 3711 3710
f 3718 3165 3167
f 3165 3708 3709
f 3708 3703 3709
f 3165 3710 3166
f 3714 3706 3715
f 3169 3712 3714
f 3169 3437 3713
f 3714 3712 3706
f 3717 3716 3718
f 3706 3716 3173
f 3723 3170 3166
f 3723 3166 3710
f 3170 3723 3722
f 3439 3715 3173
f 3440 3439 3725
f 3719 3438 3169
f 3719 3169 3714
f 3439 3714 3715
f 3439 3173 3171
f 3720 3173 3716
f 3720 3716 3717
f 3720 3721 3172
f 3173 3720 3172
f 3723 3724 3729
f 3721 3723 3174
f 3721 3722 3723
f 3721 3720 3722
f 3720 3717 3718
f 3723 3729 3179
f 3725 3727 3726
f 3176 3725 3175
f 3177 3178 3725
f 3178 3440 3725
f 3725 3171 3173
f 3728 3172 3721
f 3721 3179 3180
f 3179 3729 3735
f 3442 3731 3182
f 3183 3175 3731
f 3183 3442 3175
f 3731 3725 3726
f 3731 3730 3182
f 3731 3726 3727
f 3732 3733 3727
f 3732 3727 3728
f 3731 3732 3730
f 3736 3737 3740
f 3734 3736 3184
f 3734 3735 3736
f 3734 3732 3735
f 3732 3728 3180
f 3186 3730 3742
f 3185 3186 3383
f 3186 3187 3182
f 3186 3182 3730
f 3738 3730 3732
f 3739 3732 3734
f 3730 3738 3744
f 3188 3184 3736
f 3747 3736 3740
f 3188 3747 3746
f 3742 3743 3191
f 3383 3741 3742
f 3742 3191 3189
f 3191 3743 3744
f 3743 3742 3730
f 3744 3738 3739
f 3744 3745 3751
f 3191 3744 3752
f 3747 3748 3754
f 3745 3747 3192
f 3745 3746 3747
f 3745 3744 3746
f 3744 3739 3188
f 3747 3754 3195
f 3749 3191 3750
f 3194 3749 3446
f 3194 3189 3749
f 3749 3189 3191
f 3753 3751 3745
f 3191 3751 3758
f 3745 3195 3196
f 3195 3754 3196
f 3755 3750 3756
f 3197 3749 3755
f 3197 3446 3749
f 3755 3749 3750
f 3757 3758 3751
f 3757 3751 3753
f 3757 3759 3763
f 3750 3757 3756
f 3760 3761 3765
f 3759 3760 3198
f 3759 3196 3760
f 3759 3757 3196
f 3757 3753 3196
f 3760 3765 3198
f 3766 3756 3762
f 3200 3766 3450
f 3200 3755 3766
f 3766 3755 3756
f 3764 3763 3759
f 3756 3763 3204
f 3201 3765 3770
f 3767 3762 3204
f 3202 3767 3207
f 3202 3766 3767
f 3767 3766 3762
f 3768 3204 3763
f 3768 3763 3764
f 3768 3769 3203
f 3204 3768 3203
f 3771 3772 3776
f 3769 3771 3205
f 3769 3770 3771
f 3769 3768 3770
f 3768 3764 3201
f 3207 3774 3773
f 3206 3207 3212
f 3208 3452 3207
f 3207 3767 3204
f 3775 3203 3769
f 3209 3205 3771
f 3782 3771 3776
f 3209 3782 3781
f 3777 3773 3216
f 3211 3777 3784
f 3212 3207 3777
f 3777 3207 3773
f 3778 3779 3774
f 3778 3774 3775
f 3773 3778 3786
f 3782 3783 3789
f 3780 3782 3214
f 3780 3781 3782
f 3780 3778 3781
f 3778 3775 3209
f 3782 3789 3218
f 3216 3786 3785
f 3215 3216 3458
f 3216 3217 3784
f 3216 3785 3790
f 3786 3216 3773
f 3787 3786 3778
f 3788 3778 3780
f 3786 3787 3792
f 3780 3218 3219
f 3795 3218 3789
f 3218 3795 3794
f 3221 3785 3797
f 3221 3458 3790
f 3221 3790 3785
f 3791 3792 3787
f 3791 3787 3788
f 3785 3791 3800
f 3795 3796 3803
f 3793 3795 3222
f 3793 3794 3795
f 3793 3791 3794
f 3791 3788 3219
f 3795 3803 3225
f 3797 3220 3798
f 3797 3800 3799
f 3460 3797 3804
f 3224 3220 3797
f 3797 3799 3804
f 3800 3797 3785
f 3801 3800 3791
f 3802 3791 3793
f 3800 3801 3808
f 3793 3225 3226
f 3225 3803 3810
f 3805 3799 3806
f 3462 3805 3813
f 3462 3804 3805
f 3462 2973 3804
f 3805 3804 3799
f 3807 3808 3801
f 3807 3801 3802
f 3799 3807 3816
f 3811 3812 3818
f 3809 3811 3227
f 3809 3810 3811
f 3809 3807 3810
f 3807 3802 3226
f 3811 3818 3227
f 3814 3806 3232
f 3229 3805 3814
f 3229 3463 3813
f 3814 3805 3806
f 3815 3816 3807
f 3817 3807 3809
f 3806 3815 3820
f 3230 3818 3823
f 3232 3820 3819
f 3232 2974 3229
f 3232 3819 3231
f 3820 3232 3806
f 3821 3820 3815
f 3821 3815 3817
f 3820 3821 3827
f 3824 3825 3830
f 3822 3824 3233
f 3822 3823 3824
f 3822 3821 3823
f 3821 3817 3230
f 3234 3631 3630
f 3234 3231 3631
f 3631 3231 3819
f 3819 3826 3633
f 3819 3827 3826
f 3828 3821 3822
f 3826 3827 3633
f 3822 3235 3635
f 3235 3233 3824
f 3829 3830 3637
f 3235 3829 3635
f 3831 3832 3237
f 3832 3831 3238
f 3419 3831 3237
f 3832 3238 3240
f 3834 3833 3986
f 3834 3239 3241
f 3238 3833 3240
f 3834 3986 3239
f 3835 3239 3988
f 3239 3835 3241
f 3465 3837 3840
f 3837 3237 3832
f 3837 3832 3240
f 3842 3240 3833
f 3838 3833 3834
f 3838 3241 3845
f 3240 3842 3843
f 3838 3834 3241
f 3839 3241 3835
f 3839 3835 3836
f 3839 3242 3417
f 3839 3417 3845
f 3241 3839 3845
f 3840 3841 3385
f 3385 3464 3840
f 3841 3840 3837
f 3385 3841 3243
f 3841 3837 3843
f 3844 3842 3838
f 3844 3244 3249
f 3841 3842 3247
f 3244 3844 3845
f 3844 3838 3845
f 3846 3845 3417
f 3846 3246 3416
f 3845 3416 3245
f 3244 3845 3249
f 3847 2979 3848
f 3852 3461 3848
f 3461 2979 3847
f 3848 2979 3243
f 3848 3243 3841
f 3848 3247 3248
f 3248 3247 3254
f 3848 3841 3247
f 3849 3247 3842
f 3850 3842 3844
f 3850 3249 3250
f 3247 3849 3254
f 3850 3844 3249
f 3851 3249 3245
f 3851 3245 3416
f 3851 3251 3415
f 3851 3415 3250
f 3249 3851 3250
f 3853 3248 3858
f 3252 3853 3259
f 3253 3852 3853
f 3853 3852 3848
f 3853 3848 3248
f 3853 3858 3856
f 3248 3254 3858
f 3854 3254 3849
f 3849 3255 3256
f 3255 3849 3250
f 3849 3850 3250
f 3855 3250 3415
f 3855 3257 3414
f 3855 3414 3256
f 3255 3855 3256
f 3856 3857 3259
f 3857 3856 3858
f 3259 3857 3258
f 3859 3254 3854
f 3854 3260 3261
f 3859 3854 3862
f 3254 3859 3858
f 3260 3854 3256
f 3854 3849 3256
f 3860 3256 3414
f 3860 3262 3413
f 3860 3413 3261
f 3260 3860 3261
f 3264 3861 3258
f 3455 3861 3454
f 3456 3457 3258
f 3258 3263 3264
f 3861 3264 3865
f 3863 3862 3854
f 3863 3265 3266
f 3862 3863 3867
f 3263 3862 3264
f 3265 3863 3261
f 3863 3854 3261
f 3864 3261 3413
f 3864 3267 3412
f 3864 3412 3266
f 3265 3864 3266
f 3865 3873 3268
f 3873 3865 3866
f 3268 3454 3865
f 3866 3865 3264
f 3268 3873 3870
f 3868 3867 3863
f 3868 3269 3270
f 3866 3867 3873
f 3269 3868 3266
f 3868 3863 3266
f 3869 3266 3412
f 3869 3271 3411
f 3869 3411 3270
f 3269 3869 3270
f 3870 3871 3272
f 3871 3870 3873
f 3272 3453 3870
f 3272 3871 3876
f 3871 3873 3278
f 3872 3873 3867
f 3874 3867 3868
f 3874 3273 3274
f 3872 3874 3278
f 3873 3872 3278
f 3273 3874 3270
f 3874 3868 3270
f 3875 3270 3411
f 3875 3275 3410
f 3875 3410 3274
f 3273 3875 3274
f 3276 3876 3877
f 3276 3277 3876
f 3877 3876 3871
f 3877 3278 3878
f 3877 3871 3278
f 3879 3278 3874
f 3879 3279 3280
f 3279 3879 3274
f 3879 3874 3274
f 3880 3274 3410
f 3880 3281 3409
f 3880 3409 3280
f 3279 3880 3280
f 3877 3882 3881
f 3882 3877 3883
f 3448 3881 3384
f 3449 3877 3881
f 3883 3877 3878
f 3883 3878 3278
f 3885 3884 3879
f 3885 3282 3283
f 3883 3884 3286
f 3282 3885 3280
f 3885 3879 3280
f 3886 3280 3409
f 3886 3284 3408
f 3886 3408 3283
f 3282 3886 3283
f 3285 3384 3881
f 3887 3881 3882
f 3887 3286 3890
f 3887 3882 3286
f 3892 3286 3884
f 3888 3884 3885
f 3888 3287 3288
f 3287 3888 3283
f 3888 3885 3283
f 3889 3283 3408
f 3889 3289 3407
f 3889 3407 3288
f 3287 3889 3288
f 3890 3897 3291
f 3897 3890 3891
f 3290 3291 3895
f 3291 3285 3887
f 3891 3890 3286
f 3893 3892 3888
f 3893 3292 3293
f 3891 3892 3897
f 3292 3893 3288
f 3893 3888 3288
f 3894 3288 3407
f 3894 3294 3406
f 3894 3406 3293
f 3292 3894 3293
f 3444 3895 3295
f 3896 3897 3892
f 3898 3892 3893
f 3898 3297 3298
f 3897 3896 3296
f 3297 3898 3293
f 3898 3893 3293
f 3899 3293 3406
f 3899 3299 3405
f 3899 3405 3298
f 3297 3899 3298
f 3295 3308 3302
f 3308 3295 3900
f 3301 3302 3307
f 3302 3301 3295
f 3900 3295 3895
f 3302 3308 3300
f 3901 3896 3898
f 3901 3303 3304
f 3900 3296 3308
f 3303 3901 3298
f 3901 3898 3298
f 3902 3298 3405
f 3902 3305 3404
f 3902 3404 3304
f 3303 3902 3304
f 3306 3300 3906
f 3306 3307 3300
f 3300 3308 3907
f 3903 3308 3296
f 3904 3296 3901
f 3904 3309 3310
f 3308 3903 3907
f 3309 3904 3304
f 3904 3901 3304
f 3905 3304 3404
f 3905 3311 3403
f 3905 3403 3310
f 3309 3905 3310
f 3906 3912 3441
f 3912 3906 3907
f 3178 3441 3910
f 3441 2978 3906
f 3441 3912 3910
f 3911 3907 3903
f 3908 3903 3904
f 3908 3312 3313
f 3907 3911 3912
f 3312 3908 3310
f 3908 3904 3310
f 3909 3310 3403
f 3909 3314 3402
f 3909 3402 3313
f 3312 3909 3313
f 3910 3917 3915
f 3917 3910 3912
f 3315 3910 3915
f 3913 3911 3908
f 3913 3317 3318
f 3911 3913 3918
f 3912 3911 3316
f 3317 3913 3313
f 3913 3908 3313
f 3914 3313 3402
f 3914 3319 3401
f 3914 3401 3318
f 3317 3914 3318
f 3916 3915 3917
f 3437 3916 3921
f 3320 3915 3916
f 3320 3438 3315
f 3919 3918 3913
f 3919 3321 3322
f 3917 3918 3924
f 3321 3919 3318
f 3919 3913 3318
f 3920 3318 3401
f 3920 3323 3400
f 3920 3400 3322
f 3321 3920 3322
f 3921 3922 3435
f 3922 3921 3916
f 3435 3380 3921
f 3435 3922 3928
f 3922 3916 3929
f 3923 3924 3918
f 3925 3918 3919
f 3925 3324 3325
f 3916 3923 3929
f 3324 3925 3322
f 3925 3919 3322
f 3926 3322 3400
f 3926 3326 3399
f 3926 3399 3325
f 3324 3926 3325
f 3928 3929 3933
f 3434 3933 3927
f 3434 3928 3933
f 3929 3928 3922
f 3930 3929 3923
f 3930 3923 3925
f 3930 3327 3936
f 3929 3930 3331
f 3327 3930 3325
f 3930 3925 3325
f 3931 3325 3399
f 3931 3328 3398
f 3931 3398 3936
f 3327 3931 3936
f 3431 3932 3329
f 3431 3927 3932
f 3431 3330 3927
f 3932 3927 3933
f 3932 3940 3938
f 3932 3933 3929
f 3934 3331 3930
f 3935 3332 3335
f 3331 3934 3942
f 3332 3935 3936
f 3935 3930 3936
f 3937 3936 3398
f 3937 3334 3397
f 3936 3397 3333
f 3332 3936 3335
f 3938 3945 3939
f 3945 3938 3940
f 3329 3938 3939
f 3941 3942 3934
f 3934 3335 3336
f 3942 3941 3940
f 3934 3935 3335
f 3943 3335 3333
f 3943 3333 3397
f 3943 3337 3396
f 3943 3396 3336
f 3335 3943 3336
f 3948 3944 3945
f 3338 3944 3948
f 3946 3940 3941
f 3941 3339 3340
f 3946 3941 3950
f 3339 3941 3336
f 3941 3934 3336
f 3947 3336 3396
f 3947 3341 3395
f 3947 3395 3340
f 3339 3947 3340
f 3948 3349 3344
f 3349 3948 3949
f 3344 3153 3948
f 3153 2976 3948
f 3344 3349 3342
f 3951 3950 3941
f 3951 3345 3346
f 3949 3950 3349
f 3345 3951 3340
f 3951 3941 3340
f 3952 3340 3395
f 3952 3347 3394
f 3952 3394 3346
f 3345 3952 3346
f 3953 3959 3954
f 3959 3953 3342
f 3348 3953 3954
f 3342 3349 3959
f 3959 3349 3960
f 3955 3349 3950
f 3956 3950 3951
f 3956 3350 3351
f 3349 3955 3960
f 3350 3956 3346
f 3956 3951 3346
f 3957 3346 3394
f 3957 3352 3393
f 3957 3393 3351
f 3350 3957 3351
f 3958 3959 3354
f 3354 3959 3353
f 3961 3960 3955
f 3955 3355 3356
f 3960 3961 3964
f 3355 3955 3351
f 3955 3956 3351
f 3962 3351 3393
f 3962 3357 3392
f 3962 3392 3356
f 3355 3962 3356
f 3353 3967 2975
f 3378 3353 2975
f 3378 3354 3353
f 3353 3964 3360
f 2975 3967 3358
f 3963 3964 3961
f 3961 3361 3362
f 3964 3963 3360
f 3361 3961 3356
f 3961 3955 3356
f 3965 3356 3392
f 3965 3363 3391
f 3965 3391 3362
f 3361 3965 3362
f 3358 3966 3972
f 3966 3358 3967
f 3421 2975 3358
f 3968 3360 3963
f 3969 3963 3961
f 3969 3365 3366
f 3967 3968 3973
f 3365 3969 3362
f 3969 3961 3362
f 3970 3362 3391
f 3970 3971 3366
f 3365 3970 3366
f 3972 3973 3368
f 3420 3972 3368
f 3420 3364 3972
f 3973 3972 3966
f 3368 3973 3371
f 3974 3973 3968
f 3974 3968 3969
f 3974 3369 3372
f 3973 3974 3371
f 3369 3974 3366
f 3974 3969 3366
f 3975 3366 3971
f 3975 3370 3389
f 3369 3975 3372
f 3977 3367 3978
f 2971 3977 3467
f 3978 3367 3368
f 3978 3368 3371
f 3979 3372 3373
f 3979 3974 3372
f 3980 3372 3975
f 3980 3975 3976
f 3372 3980 3373
f 3982 3977 3238
f 3466 3983 3831
f 3466 3982 3983
f 3466 3467 3982
f 3982 3467 3977
f 3983 3238 3831
f 3984 3985 3371
f 3986 3371 3979
f 3986 3373 3239
f 3984 3986 3833
f 3985 3984 3238
f 3986 3979 3373
f 3987 3373 3980
f 3987 3980 3981
f 3987 3374 3386
f 3373 3987 3239
f 3991 3989 3990
f 3992 3989 3991
f 3990 3989 3992
f 3637 3236 3636
f 3830 3236 3637
f 3830 3990 3236
f 3812 3228 3825
f 3228 3990 3830
f 3796 3223 3812
f 3223 3990 3228
f 3789 3210 3796
f 3210 3990 3223
f 3783 3210 3789
f 3776 3210 3783
f 3772 3199 3776
f 3199 3990 3210
f 3761 3199 3772
f 3748 3193 3761
f 3193 3990 3199
f 3740 3181 3748
f 3181 3990 3193
f 3737 3181 3740
f 3724 3181 3737
f 3168 3991 3181
f 3710 3168 3724
f 3711 3168 3710
f 3704 3991 3168
f 3699 3991 3704
f 3685 3991 3699
f 3157 3992 3991
f 3672 3157 3685
f 3147 3992 3157
f 3666 3147 3672
f 3660 3139 3666
f 3139 3992 3147
f 3648 3139 3660
f 3636 3236 3648
f 3236 3992 3139
f 4060 4059 3995
f 4059 4304 3995
f 4305 3997 3996
f 4307 4079 4306
f 4088 4310 4308
f 4308 4309 4079
f 4310 4294 4096
f 4313 4111 4110
f 4314 4315 4111
f 4111 4315 4475
f 4121 4316 4296
f 4130 4317 4316
f 4140 4298 4297
f 4297 4152 4143
f 4318 4151 4298
f 4318 4159 4151
f 4151 4299 4163
f 4005 4320 4299
f 4006 4322 4320
f 4323 4188 4324
f 4190 4323 4183
f 4325 4205 4326
f 4198 4325 4199
f 4205 4327 4213
f 4204 4327 4205
f 4010 4330 4009
f 4009 4330 4221
f 4637 4300 4332
f 4331 4234 4239
f 4333 4247 4332
f 4012 4335 4334
f 4250 4334 4333
f 4260 4337 4336
f 4273 4272 4336
f 4282 4338 4283
f 4033 4293 3993
f 3993 4027 4339
f 4095 4343 4124
f 4265 4341 4670
f 4212 4226 4608
f 4193 4342 4595
f 4342 4212 4595
f 4124 4162 4520
f 4109 4124 4473
f 4095 4109 4461
f 4062 4095 4428
f 4044 4062 4384
f 4026 4344 4372
f 4344 4044 4372
f 4021 4345 4290
f 4014 4345 4015
f 4347 4683 4014
f 4018 4016 4349
f 4018 4686 4016
f 4019 4688 4288
f 4019 4288 4018
f 4345 4022 4351
f 4351 4291 4023
f 4352 4360 4023
f 4024 4355 4354
f 4024 4353 4355
f 4024 4025 4361
f 4340 4347 4015
f 4339 4347 4340
f 4356 4036 4364
f 4364 4030 4349
f 4050 4350 4358
f 4358 4350 4019
f 4031 4019 4032
f 4359 4041 4020
f 4033 3993 4020
f 4034 4023 4360
f 4359 4351 4023
f 4035 4025 4362
f 4372 4354 4026
f 4035 4371 4043
f 4363 4373 4029
f 4363 4029 4028
f 4302 4028 4027
f 4029 4048 4365
f 4365 4030 4364
f 4037 4358 4031
f 4040 4368 4039
f 4368 4381 4039
f 4382 4360 4370
f 4041 4052 4042
f 4043 4371 4383
f 4045 4302 4040
f 4045 4374 4046
f 4375 4386 4377
f 4376 4365 4048
f 4065 4050 4379
f 4379 4367 4037
f 4049 4037 4366
f 3994 4060 4051
f 3994 4039 4380
f 4381 4042 4052
f 4382 4393 4052
f 4054 4385 4384
f 4054 4383 4385
f 4384 4372 4044
f 4054 4055 4394
f 4045 3995 4047
f 4373 4056 4386
f 3995 4374 4047
f 4386 4063 4388
f 4387 4377 4386
f 4390 4379 4049
f 4057 4049 4378
f 4391 4380 4392
f 4391 4402 4059
f 4068 4052 4393
f 4392 4053 4052
f 4061 4055 4395
f 4396 4384 4062
f 4061 4404 4069
f 3996 3995 4305
f 4397 4056 3995
f 4397 4071 4399
f 4398 4388 4063
f 4081 4065 4401
f 4401 4390 4057
f 4064 4057 4389
f 4067 4059 4402
f 4402 4413 4066
f 4402 4392 4068
f 4068 4076 4414
f 4069 4404 4415
f 4405 4395 4396
f 4405 4396 4062
f 4404 4416 4078
f 4070 4397 3996
f 4306 4406 4070
f 4408 4420 4410
f 4409 4399 4071
f 4412 4401 4064
f 4072 4064 4400
f 4075 4074 4306
f 4427 4403 4415
f 4418 4405 4062
f 4079 4419 4306
f 4079 4429 4406
f 4406 4430 4420
f 4420 4085 4422
f 4421 4410 4420
f 4080 4072 4423
f 4099 4081 4424
f 4424 4412 4072
f 4083 4413 4425
f 4426 4077 4076
f 4076 4089 4426
f 4084 4417 4428
f 4428 4418 4062
f 4096 4430 4309
f 4431 4097 4433
f 4432 4422 4085
f 4435 4424 4080
f 4088 4082 4437
f 4437 4082 4438
f 4438 4426 4089
f 4439 4091 4089
f 4092 4440 4441
f 4441 4428 4095
f 4092 4093 4094
f 4430 4453 4443
f 4443 4454 4445
f 4444 4433 4097
f 4459 4099 4447
f 4447 4435 4086
f 4098 4086 4434
f 4088 4436 4448
f 4448 4437 4449
f 4448 4100 4000
f 4106 4089 4450
f 4449 4090 4089
f 4450 4091 4451
f 4451 4094 4101
f 4101 4093 4452
f 4461 4441 4095
f 4295 4110 4312
f 4454 4112 4456
f 4455 4445 4454
f 4458 4468 4459
f 4458 4447 4446
f 4105 4460 4469
f 4100 4471 4460
f 4460 4104 4469
f 4100 4449 4106
f 4450 4472 4471
f 4102 4101 4107
f 4107 4101 4461
f 4107 4108 4472
f 4111 4462 4110
f 4462 4474 4463
f 4462 4453 4110
f 4463 4476 4465
f 4464 4456 4112
f 4467 4459 4468
f 4480 4114 4459
f 4314 4481 4121
f 4481 4001 4469
f 4469 4104 4470
f 4469 4115 4481
f 4116 4471 4486
f 4486 4484 4116
f 4472 4108 4117
f 4117 4108 4473
f 4473 4108 4461
f 4473 4461 4109
f 4117 4118 4119
f 4476 4127 4478
f 4477 4465 4476
f 4480 4120 4492
f 4120 4467 4113
f 4120 4113 4466
f 4121 4481 4482
f 4482 4115 4483
f 4483 4122 4482
f 4483 4470 4116
f 4116 4131 4122
f 4486 4119 4123
f 4123 4118 4487
f 4487 4473 4124
f 4316 4488 4125
f 4488 4474 4475
f 4488 4135 4490
f 4489 4478 4127
f 4491 4137 4492
f 4492 4120 4479
f 4494 4504 4129
f 4494 4122 4131
f 4495 4506 4131
f 4485 4123 4133
f 4133 4123 4497
f 4497 4487 4124
f 4133 4508 4134
f 4499 4511 4501
f 4500 4490 4135
f 4503 4493 4128
f 4136 4128 4137
f 4141 4129 4504
f 4504 4139 4141
f 4142 4131 4506
f 4505 4132 4131
f 4142 4518 4505
f 4496 4519 4507
f 4134 4508 4496
f 4508 4133 4509
f 4509 4497 4124
f 4510 4498 4317
f 4152 4317 4143
f 4511 4153 4513
f 4512 4501 4511
f 4525 4145 4515
f 4515 4503 4136
f 4144 4136 4502
f 4146 4159 4318
f 4146 4141 4516
f 4516 4139 4517
f 4517 4505 4518
f 4518 4148 4147
f 4519 4508 4149
f 4149 4508 4520
f 4520 4509 4124
f 4151 4521 4152
f 4521 4510 4152
f 4531 4164 4524
f 4523 4513 4153
f 4154 4155 4525
f 4525 4515 4144
f 4154 4144 4514
f 4319 4158 4004
f 4526 4516 4527
f 4527 4160 4526
f 4526 4157 4159
f 4528 4148 4529
f 4149 4544 4161
f 4529 4150 4161
f 4530 4520 4162
f 4161 4543 4542
f 4299 4532 4163
f 4531 4545 4533
f 4533 4546 4535
f 4534 4524 4164
f 4550 4156 4537
f 4537 4156 4155
f 4539 4538 4299
f 4539 4159 4540
f 4540 4157 4541
f 4538 4166 4299
f 4174 4528 4168
f 4541 4160 4528
f 4168 4528 4542
f 4168 4553 4174
f 4167 4543 4544
f 4544 4530 4162
f 4167 4169 4168
f 4299 4545 4532
f 4545 4556 4546
f 4547 4535 4546
f 4172 4536 4173
f 4005 4166 4551
f 4005 4299 4166
f 4551 4166 4552
f 4552 4562 4551
f 4552 4541 4174
f 4554 4168 4175
f 4169 4167 4555
f 4555 4167 4544
f 4555 4544 4162
f 4176 4171 4320
f 4566 4548 4556
f 4566 4185 4567
f 4567 4177 4558
f 4197 4179 4559
f 4559 4550 4172
f 4178 4172 4549
f 4006 4551 4561
f 4006 4180 4189
f 4562 4553 4563
f 4182 4175 4193
f 4193 4169 4555
f 4193 4555 4162
f 4182 4192 4574
f 4184 4324 4565
f 4565 4185 4566
f 4565 4194 4568
f 4568 4177 4567
f 4570 4559 4178
f 4186 4178 4558
f 4571 4180 4572
f 4572 4191 4571
f 4571 4187 4189
f 4573 4562 4574
f 4575 4564 4193
f 4192 4584 4583
f 4325 4577 4576
f 4576 4565 4324
f 4585 4202 4579
f 4578 4568 4194
f 4195 4186 4580
f 4218 4197 4581
f 4581 4570 4186
f 4199 4007 4582
f 4007 4189 4582
f 4187 4592 4582
f 4200 4573 4583
f 4187 4191 4573
f 4583 4591 4592
f 4201 4584 4595
f 4595 4575 4193
f 4201 4596 4591
f 4326 4577 4325
f 4586 4215 4588
f 4587 4579 4202
f 4590 4581 4195
f 4198 4199 4207
f 4207 4592 4591
f 4591 4208 4207
f 4209 4596 4595
f 4593 4596 4209
f 4209 4210 4211
f 4327 4214 4213
f 4597 4586 4213
f 4598 4610 4600
f 4599 4588 4215
f 4232 4218 4602
f 4602 4590 4203
f 4216 4203 4589
f 4219 4616 4009
f 4220 4206 4603
f 4603 4206 4604
f 4605 4208 4606
f 4606 4211 4619
f 4619 4210 4607
f 4607 4594 4595
f 4608 4595 4212
f 4329 4227 4609
f 4609 4597 4214
f 4610 4229 4612
f 4611 4600 4610
f 4222 4216 4613
f 4614 4602 4216
f 4617 4224 4616
f 4009 4615 4233
f 4616 4626 4233
f 4223 4605 4628
f 4617 4603 4605
f 4628 4605 4618
f 4620 4608 4226
f 4228 4609 4227
f 4621 4240 4623
f 4622 4612 4229
f 4242 4232 4625
f 4625 4614 4222
f 4626 4638 4233
f 4235 4223 4628
f 4627 4224 4223
f 4629 4225 4237
f 4630 4607 4620
f 4630 4620 4226
f 4237 4238 4641
f 4331 4228 4227
f 4631 4621 4228
f 4633 4623 4240
f 4636 4625 4230
f 4241 4230 4624
f 4638 4646 4637
f 4244 4236 4640
f 4640 4236 4246
f 4238 4237 4642
f 4642 4237 4630
f 4642 4630 4226
f 4245 4255 4246
f 4247 4631 4239
f 4651 4634 4247
f 4651 4258 4652
f 4652 4248 4644
f 4645 4249 4655
f 4655 4242 4645
f 4645 4636 4241
f 4249 4241 4635
f 4647 4254 4646
f 4251 4637 4646
f 4646 4254 4251
f 4253 4244 4648
f 4640 4246 4255
f 4649 4238 4642
f 4265 4642 4226
f 4257 4660 4650
f 4650 4258 4651
f 4650 4267 4653
f 4653 4248 4652
f 4654 4269 4259
f 4259 4249 4644
f 4261 4657 4260
f 4250 4251 4261
f 4261 4254 4658
f 4658 4254 4253
f 4648 4668 4262
f 4264 4256 4659
f 4659 4649 4265
f 4264 4670 4669
f 4264 4669 4668
f 4266 4661 4335
f 4661 4650 4660
f 4662 4672 4664
f 4663 4653 4267
f 4666 4656 4259
f 4268 4259 4269
f 4273 4677 4272
f 4273 4260 4667
f 4260 4657 4667
f 4667 4271 4677
f 4274 4262 4681
f 4667 4263 4262
f 4681 4275 4679
f 4670 4659 4265
f 4276 4277 4278
f 4671 4661 4336
f 4672 4684 4674
f 4673 4664 4672
f 4289 4280 4676
f 4676 4666 4268
f 4279 4268 4665
f 4272 4677 4283
f 4283 4271 4678
f 4679 4275 4680
f 4681 4292 4680
f 4681 4278 4285
f 4277 4276 4682
f 4682 4276 4670
f 4682 4670 4341
f 4286 4336 4013
f 4287 4014 4683
f 4683 4671 4336
f 4684 4016 4686
f 4684 4017 4016
f 4685 4674 4684
f 4288 4279 4687
f 4687 4018 4288
f 4689 4289 4688
f 4688 4676 4279
f 4301 4282 4291
f 4291 4283 4690
f 4291 4022 4345
f 4301 4345 4021
f 4291 4284 4692
f 4691 4023 4291
f 4292 4285 4026
f 4026 4277 4682
f 4026 4682 4341
f 4695 4694 4145
f 4694 4217 4689
f 4038 4689 4350
f 4058 4038 4050
f 4073 4058 4065
f 4087 4073 4081
f 4103 4087 4099
f 4114 4103 4459
f 4138 4492 4493
f 4156 4145 4525
f 4179 4156 4550
f 4196 4179 4197
f 4217 4196 4218
f 4231 4217 4232
f 4689 4270 4280
f 4338 4301 4286
f 4286 4301 4014
f 4013 4338 4286
f 4301 4290 4014
f 4293 4040 4302
f 4293 4033 4040
f 4040 4039 4045
f 3994 4303 4045
f 4039 3994 4045
f 4303 3994 4051
f 4045 4303 3995
f 4051 4060 3995
f 3995 4303 4051
f 4059 4067 4305
f 3995 4304 4305
f 4059 4305 4304
f 4067 4066 4305
f 3997 4075 4306
f 3996 3997 4070
f 4305 4066 3997
f 3997 4306 4070
f 4306 4083 4307
f 4307 4083 4308
f 4083 4082 4308
f 4079 4307 4308
f 3998 4088 4308
f 4308 4310 4309
f 4082 3998 4308
f 4096 4309 4310
f 4310 3999 4000
f 4310 4311 4294
f 4310 4000 4311
f 4088 3999 4310
f 4096 4294 4442
f 4311 4105 4312
f 4312 4105 4295
f 4311 4312 4294
f 4000 4105 4311
f 4105 4469 4295
f 4001 4111 4313
f 4001 4314 4111
f 4295 4313 4110
f 4295 4469 4313
f 4469 4001 4313
f 4001 4481 4314
f 4315 4121 4296
f 4314 4121 4315
f 4315 4296 4475
f 4121 4130 4316
f 4121 4494 4130
f 4296 4316 4125
f 4003 4297 4130
f 4130 4297 4143
f 4129 4003 4130
f 4003 4141 4297
f 4141 4140 4297
f 4130 4143 4317
f 4140 4146 4298
f 4298 4146 4318
f 4297 4298 4152
f 4151 4159 4319
f 4004 4539 4299
f 4319 4299 4151
f 4319 4004 4299
f 4299 4320 4170
f 4005 4006 4320
f 4170 4320 4171
f 4320 4321 4176
f 4320 4322 4321
f 4322 4560 4190
f 4322 4190 4183
f 4322 4183 4176
f 4176 4321 4322
f 4323 4190 4188
f 4190 4189 4188
f 4184 4323 4324
f 4183 4323 4184
f 4576 4007 4325
f 4188 4007 4576
f 4007 4199 4325
f 4325 4008 4205
f 4198 4008 4325
f 4008 4206 4205
f 4326 4205 4213
f 4204 4220 4327
f 4220 4219 4327
f 4327 4219 4328
f 4009 4221 4329
f 4219 4009 4328
f 4233 4010 4009
f 4328 4009 4329
f 4010 4234 4330
f 4330 4331 4227
f 4330 4234 4331
f 4221 4330 4227
f 4234 4243 4332
f 4243 4637 4332
f 4637 4333 4300
f 4234 4332 4239
f 4333 4252 4251
f 4332 4300 4333
f 4333 4251 4250
f 4012 4260 4335
f 4333 4334 4011
f 4250 4012 4334
f 4012 4261 4260
f 4257 4334 4335
f 4011 4334 4257
f 4260 4336 4335
f 4260 4273 4337
f 4337 4273 4336
f 4335 4336 4266
f 4272 4283 4013
f 4336 4272 4013
f 4282 4281 4338
f 4283 4338 4013
f 4340 3993 4339
f 3993 4293 4027
f 4095 4342 4343
f 4344 4342 4095
f 4341 4342 4344
f 4265 4342 4341
f 4226 4342 4265
f 4212 4342 4226
f 4193 4343 4342
f 4162 4343 4193
f 4124 4343 4162
f 4109 4095 4124
f 4062 4344 4095
f 4044 4344 4062
f 4026 4341 4344
f 4345 4346 4340
f 4290 4345 4014
f 4345 4020 4346
f 4346 3993 4340
f 4345 4340 4015
f 4348 4347 4356
f 4348 4016 4017
f 4347 4348 4683
f 4015 4347 4014
f 4348 4356 4016
f 4349 4019 4018
f 4019 4350 4689
f 4019 4349 4032
f 4019 4689 4688
f 4351 4022 4291
f 4345 4351 4020
f 4352 4023 4692
f 4352 4024 4361
f 4352 4361 4360
f 4024 4354 4362
f 4024 4352 4353
f 4352 4692 4353
f 4354 4355 4026
f 4024 4362 4025
f 4029 4339 4027
f 4339 4029 4347
f 4027 4028 4029
f 4029 4356 4347
f 4356 4357 4016
f 4356 4364 4357
f 4356 4029 4036
f 4349 4030 4366
f 4349 4031 4032
f 4364 4349 4016
f 4357 4364 4016
f 4349 4366 4031
f 4050 4038 4350
f 4031 4358 4019
f 3993 4346 4020
f 4359 4020 4351
f 4359 4034 4041
f 4020 4041 4368
f 4033 4020 4368
f 4034 4359 4023
f 4043 4360 4361
f 4034 4360 4041
f 4361 4035 4043
f 4035 4361 4025
f 4372 4362 4354
f 4035 4362 4371
f 4027 4293 4302
f 4363 4302 4373
f 4029 4373 4375
f 4302 4363 4028
f 4036 4365 4364
f 4036 4029 4365
f 4029 4375 4048
f 4366 4365 4378
f 4366 4037 4031
f 4365 4366 4030
f 4367 4050 4358
f 4037 4367 4358
f 4040 4033 4368
f 4369 4368 4041
f 4369 4041 4042
f 4368 4369 4381
f 4382 4041 4360
f 4370 4360 4043
f 4370 4043 4383
f 4041 4382 4052
f 4371 4372 4385
f 4372 4371 4362
f 4371 4385 4383
f 4045 4046 4302
f 4046 4374 4373
f 4045 4047 4374
f 4375 4373 4386
f 4046 4373 4302
f 4048 4377 4376
f 4048 4375 4377
f 4378 4377 4389
f 4378 4049 4366
f 4377 4378 4365
f 4376 4377 4365
f 4065 4058 4050
f 4379 4050 4367
f 4049 4379 4037
f 3994 4380 4060
f 4380 4039 4381
f 4381 4052 4053
f 4381 4369 4042
f 4382 4054 4394
f 4382 4394 4393
f 4054 4384 4395
f 4054 4382 4383
f 4382 4370 4383
f 4384 4385 4372
f 4054 4395 4055
f 4373 3995 4056
f 4386 4056 4397
f 3995 4373 4374
f 4386 4388 4387
f 4386 4397 4063
f 4389 4388 4400
f 4389 4057 4378
f 4388 4389 4377
f 4387 4388 4377
f 4390 4065 4379
f 4057 4390 4049
f 4391 4060 4380
f 4392 4380 4381
f 4060 4391 4059
f 4068 4392 4052
f 4392 4381 4053
f 4069 4393 4394
f 4394 4061 4069
f 4061 4394 4055
f 4396 4395 4384
f 4061 4395 4404
f 3996 4397 3995
f 4397 4406 4408
f 4063 4399 4398
f 4063 4397 4399
f 4397 4408 4071
f 4400 4399 4411
f 4400 4064 4389
f 4399 4400 4388
f 4398 4399 4388
f 4081 4073 4065
f 4401 4065 4390
f 4064 4401 4057
f 4402 4068 4414
f 4402 4414 4413
f 4067 4402 4066
f 4402 4391 4392
f 4403 4068 4393
f 4403 4393 4069
f 4403 4069 4415
f 4068 4403 4076
f 4404 4405 4418
f 4415 4404 4078
f 4405 4404 4395
f 4404 4418 4416
f 4306 4407 4406
f 4408 4406 4420
f 4070 4406 4397
f 4071 4410 4409
f 4071 4408 4410
f 4411 4410 4423
f 4411 4072 4400
f 4410 4411 4399
f 4409 4410 4399
f 4412 4081 4401
f 4072 4412 4064
f 4075 4413 4074
f 4413 4075 4066
f 4075 3997 4066
f 4414 4076 4077
f 4413 4414 4425
f 4427 4076 4403
f 4416 4418 4417
f 4078 4416 4417
f 4306 4419 4407
f 4079 4406 4419
f 4079 4309 4429
f 4406 4429 4430
f 4420 4430 4431
f 4419 4406 4407
f 4420 4422 4421
f 4420 4431 4085
f 4423 4422 4434
f 4422 4423 4410
f 4421 4422 4410
f 4080 4424 4072
f 4423 4072 4411
f 4423 4434 4080
f 4099 4087 4081
f 4424 4081 4412
f 4083 4425 4082
f 4083 4306 4074
f 4083 4074 4413
f 4426 4425 4414
f 4425 4426 4082
f 4426 4414 4077
f 4084 4427 4415
f 4076 4427 4089
f 4084 4415 4078
f 4084 4078 4417
f 4428 4417 4418
f 4084 4428 4440
f 4309 4430 4429
f 4431 4430 4443
f 4085 4433 4432
f 4085 4431 4433
f 4431 4443 4097
f 4434 4433 4446
f 4434 4086 4080
f 4433 4434 4422
f 4432 4433 4422
f 4435 4099 4424
f 4086 4435 4080
f 4088 4437 4436
f 4088 3998 4082
f 4438 4082 4426
f 4438 4089 4090
f 4439 4089 4427
f 4439 4427 4084
f 4439 4092 4451
f 4439 4451 4091
f 4092 4441 4452
f 4451 4092 4094
f 4092 4439 4440
f 4439 4084 4440
f 4441 4440 4428
f 4092 4452 4093
f 4442 4430 4096
f 4430 4442 4453
f 4443 4453 4454
f 4097 4445 4444
f 4097 4443 4445
f 4446 4445 4457
f 4446 4098 4434
f 4445 4446 4433
f 4444 4445 4433
f 4098 4446 4447
f 4459 4103 4099
f 4447 4099 4435
f 4098 4447 4086
f 4000 4088 4448
f 4000 3999 4088
f 4448 4436 4437
f 4449 4437 4438
f 4106 4449 4089
f 4449 4438 4090
f 4450 4089 4091
f 4451 4101 4102
f 4101 4094 4093
f 4461 4452 4441
f 4294 4312 4442
f 4312 4110 4453
f 4454 4453 4463
f 4312 4453 4442
f 4454 4456 4455
f 4454 4463 4112
f 4457 4456 4466
f 4457 4458 4446
f 4456 4457 4445
f 4455 4456 4445
f 4458 4457 4468
f 4457 4466 4468
f 4458 4459 4447
f 4105 4000 4460
f 4460 4000 4100
f 4100 4106 4471
f 4100 4448 4449
f 4471 4106 4450
f 4450 4107 4472
f 4107 4461 4108
f 4107 4450 4102
f 4450 4451 4102
f 4461 4101 4452
f 4111 4002 4462
f 4002 4475 4462
f 4463 4474 4476
f 4462 4463 4453
f 4112 4465 4464
f 4112 4463 4465
f 4466 4465 4479
f 4466 4113 4468
f 4465 4466 4456
f 4464 4465 4456
f 4467 4480 4459
f 4113 4467 4468
f 4470 4104 4460
f 4469 4470 4115
f 4116 4470 4471
f 4470 4460 4471
f 4472 4486 4471
f 4472 4117 4486
f 4486 4117 4119
f 4117 4473 4118
f 4002 4111 4475
f 4476 4474 4488
f 4475 4474 4462
f 4476 4478 4477
f 4476 4488 4127
f 4479 4478 4491
f 4479 4120 4466
f 4478 4479 4465
f 4477 4478 4465
f 4492 4114 4480
f 4120 4480 4467
f 4482 4481 4115
f 4483 4115 4470
f 4483 4116 4122
f 4121 4482 4494
f 4485 4484 4486
f 4116 4484 4131
f 4486 4123 4485
f 4123 4119 4118
f 4487 4118 4473
f 4296 4125 4475
f 4316 4126 4488
f 4488 4126 4498
f 4488 4498 4499
f 4125 4488 4475
f 4127 4490 4489
f 4127 4488 4490
f 4488 4499 4135
f 4491 4490 4502
f 4491 4492 4479
f 4490 4491 4478
f 4489 4490 4478
f 4128 4493 4492
f 4491 4502 4137
f 4492 4137 4128
f 4494 4131 4132
f 4130 4494 4129
f 4494 4482 4122
f 4495 4131 4484
f 4495 4484 4485
f 4495 4133 4496
f 4495 4496 4506
f 4133 4497 4509
f 4496 4133 4134
f 4133 4495 4485
f 4497 4123 4487
f 4317 4498 4316
f 4499 4498 4511
f 4316 4498 4126
f 4135 4501 4500
f 4135 4499 4501
f 4502 4501 4514
f 4502 4136 4137
f 4501 4502 4490
f 4500 4501 4490
f 4503 4145 4493
f 4136 4503 4128
f 4141 4003 4129
f 4505 4504 4494
f 4504 4505 4139
f 4142 4505 4131
f 4505 4494 4132
f 4507 4506 4496
f 4142 4506 4518
f 4508 4509 4520
f 4496 4508 4519
f 4511 4510 4531
f 4510 4511 4498
f 4152 4510 4317
f 4511 4513 4512
f 4511 4531 4153
f 4514 4513 4154
f 4514 4144 4502
f 4513 4514 4501
f 4512 4513 4501
f 4515 4145 4503
f 4144 4515 4136
f 4146 4140 4141
f 4516 4141 4139
f 4517 4139 4505
f 4517 4147 4527
f 4147 4517 4518
f 4518 4506 4507
f 4518 4149 4529
f 4518 4529 4148
f 4149 4520 4530
f 4529 4149 4150
f 4149 4518 4519
f 4518 4507 4519
f 4298 4151 4152
f 4151 4522 4521
f 4521 4522 4531
f 4521 4531 4510
f 4153 4524 4523
f 4153 4531 4524
f 4531 4533 4164
f 4154 4524 4165
f 4524 4154 4513
f 4523 4524 4513
f 4154 4165 4537
f 4154 4537 4155
f 4525 4155 4156
f 4154 4525 4144
f 4319 4159 4158
f 4159 4146 4526
f 4526 4146 4516
f 4527 4516 4517
f 4527 4528 4160
f 4528 4527 4147
f 4528 4147 4148
f 4149 4530 4544
f 4529 4161 4542
f 4161 4150 4149
f 4161 4544 4543
f 4151 4163 4522
f 4163 4532 4531
f 4531 4532 4545
f 4533 4545 4546
f 4163 4531 4522
f 4164 4535 4534
f 4164 4533 4535
f 4165 4535 4549
f 4535 4165 4524
f 4534 4535 4524
f 4536 4550 4537
f 4165 4536 4537
f 4165 4549 4173
f 4165 4173 4536
f 4539 4540 4538
f 4539 4004 4158
f 4539 4158 4159
f 4540 4159 4157
f 4541 4157 4526
f 4538 4540 4166
f 4174 4541 4528
f 4541 4526 4160
f 4542 4528 4529
f 4542 4167 4168
f 4167 4542 4543
f 4299 4170 4545
f 4170 4171 4545
f 4545 4171 4556
f 4546 4548 4547
f 4546 4556 4548
f 4549 4548 4558
f 4549 4172 4173
f 4548 4549 4535
f 4547 4548 4535
f 4172 4550 4536
f 4552 4166 4540
f 4552 4174 4562
f 4005 4551 4006
f 4552 4540 4541
f 4554 4553 4168
f 4554 4175 4182
f 4174 4553 4562
f 4175 4168 4169
f 4176 4183 4556
f 4556 4183 4566
f 4176 4556 4171
f 4566 4557 4548
f 4566 4567 4557
f 4558 4177 4569
f 4558 4178 4549
f 4567 4558 4548
f 4557 4567 4548
f 4559 4179 4550
f 4178 4559 4172
f 4322 4006 4560
f 4561 4181 4572
f 4006 4561 4180
f 4560 4006 4189
f 4181 4561 4562
f 4561 4551 4562
f 4563 4553 4554
f 4563 4182 4574
f 4182 4193 4564
f 4563 4554 4182
f 4193 4175 4169
f 4182 4564 4192
f 4184 4565 4183
f 4565 4566 4183
f 4185 4568 4567
f 4185 4565 4568
f 4565 4585 4194
f 4569 4568 4580
f 4569 4186 4558
f 4568 4569 4177
f 4570 4197 4559
f 4186 4570 4178
f 4188 4189 4007
f 4190 4560 4189
f 4571 4189 4180
f 4572 4180 4561
f 4572 4573 4191
f 4573 4572 4181
f 4573 4181 4562
f 4574 4562 4563
f 4574 4192 4583
f 4575 4192 4564
f 4192 4575 4584
f 4188 4576 4324
f 4576 4577 4585
f 4576 4585 4565
f 4194 4579 4578
f 4194 4585 4579
f 4585 4586 4202
f 4580 4579 4589
f 4579 4580 4568
f 4578 4579 4568
f 4195 4581 4186
f 4580 4186 4569
f 4580 4589 4195
f 4218 4196 4197
f 4581 4197 4570
f 4582 4189 4187
f 4187 4200 4592
f 4200 4187 4573
f 4187 4571 4191
f 4583 4573 4574
f 4583 4201 4591
f 4200 4583 4592
f 4201 4595 4596
f 4201 4583 4584
f 4595 4584 4575
f 4326 4213 4577
f 4585 4213 4586
f 4213 4585 4577
f 4202 4588 4587
f 4202 4586 4588
f 4586 4598 4215
f 4589 4588 4601
f 4589 4203 4195
f 4588 4589 4579
f 4587 4588 4579
f 4590 4218 4581
f 4203 4590 4195
f 4205 4206 4204
f 4206 4008 4198
f 4207 4199 4582
f 4198 4207 4206
f 4207 4582 4592
f 4591 4209 4606
f 4591 4606 4208
f 4209 4595 4594
f 4606 4209 4211
f 4209 4591 4593
f 4593 4591 4596
f 4209 4594 4210
f 4327 4328 4214
f 4598 4597 4610
f 4597 4598 4586
f 4214 4597 4213
f 4215 4600 4599
f 4215 4598 4600
f 4601 4600 4613
f 4601 4216 4589
f 4600 4601 4588
f 4599 4600 4588
f 4232 4217 4218
f 4602 4218 4590
f 4216 4602 4203
f 4219 4220 4616
f 4220 4204 4206
f 4604 4206 4207
f 4604 4605 4603
f 4220 4603 4616
f 4605 4604 4207
f 4605 4207 4208
f 4619 4211 4210
f 4607 4210 4594
f 4608 4607 4595
f 4329 4609 4328
f 4329 4221 4227
f 4610 4609 4621
f 4609 4610 4597
f 4328 4609 4214
f 4610 4612 4611
f 4610 4621 4229
f 4613 4612 4624
f 4612 4613 4600
f 4611 4612 4600
f 4222 4614 4216
f 4613 4216 4601
f 4613 4624 4222
f 4614 4232 4602
f 4009 4616 4615
f 4617 4616 4603
f 4617 4223 4224
f 4616 4224 4626
f 4615 4616 4233
f 4223 4617 4605
f 4618 4605 4606
f 4618 4225 4629
f 4225 4618 4619
f 4618 4606 4619
f 4225 4619 4607
f 4620 4607 4608
f 4225 4607 4630
f 4609 4228 4621
f 4229 4623 4622
f 4229 4621 4623
f 4621 4632 4240
f 4624 4623 4635
f 4624 4230 4222
f 4623 4624 4612
f 4622 4623 4612
f 4242 4231 4232
f 4625 4232 4614
f 4230 4625 4222
f 4234 4233 4243
f 4234 4010 4233
f 4627 4626 4224
f 4627 4235 4236
f 4626 4627 4638
f 4235 4627 4223
f 4628 4237 4641
f 4628 4641 4236
f 4235 4628 4236
f 4237 4628 4629
f 4628 4618 4629
f 4237 4225 4630
f 4331 4239 4228
f 4632 4631 4247
f 4631 4632 4621
f 4239 4631 4228
f 4240 4634 4633
f 4240 4632 4634
f 4632 4247 4634
f 4635 4634 4644
f 4635 4241 4624
f 4634 4635 4623
f 4633 4634 4623
f 4636 4242 4625
f 4241 4636 4230
f 4243 4638 4637
f 4638 4243 4233
f 4639 4638 4627
f 4639 4244 4647
f 4638 4639 4646
f 4244 4639 4236
f 4639 4627 4236
f 4246 4236 4641
f 4641 4245 4246
f 4245 4641 4238
f 4245 4238 4255
f 4332 4247 4239
f 4333 4011 4247
f 4247 4011 4651
f 4651 4643 4634
f 4651 4652 4643
f 4644 4248 4654
f 4644 4249 4635
f 4652 4644 4634
f 4643 4652 4634
f 4655 4270 4242
f 4645 4242 4636
f 4249 4645 4241
f 4251 4252 4637
f 4252 4333 4637
f 4647 4646 4639
f 4647 4253 4254
f 4253 4647 4244
f 4648 4244 4640
f 4640 4255 4256
f 4649 4255 4238
f 4265 4649 4642
f 4255 4649 4256
f 4257 4650 4011
f 4257 4335 4660
f 4650 4651 4011
f 4258 4653 4652
f 4258 4650 4653
f 4650 4662 4267
f 4654 4653 4665
f 4654 4259 4644
f 4653 4654 4248
f 4259 4656 4655
f 4654 4665 4269
f 4259 4655 4249
f 4261 4012 4250
f 4261 4251 4254
f 4658 4262 4263
f 4262 4658 4253
f 4262 4253 4648
f 4648 4264 4668
f 4264 4659 4670
f 4264 4648 4256
f 4648 4640 4256
f 4659 4256 4649
f 4335 4661 4660
f 4266 4336 4661
f 4662 4661 4672
f 4661 4662 4650
f 4267 4664 4663
f 4267 4662 4664
f 4665 4664 4675
f 4665 4268 4269
f 4664 4665 4653
f 4663 4664 4653
f 4666 4280 4656
f 4268 4666 4259
f 4273 4667 4677
f 4667 4657 4261
f 4667 4261 4658
f 4667 4274 4679
f 4274 4667 4262
f 4667 4658 4263
f 4668 4681 4262
f 4668 4276 4681
f 4274 4681 4679
f 4681 4276 4278
f 4276 4668 4669
f 4276 4669 4670
f 4672 4671 4684
f 4671 4672 4661
f 4672 4674 4673
f 4675 4674 4687
f 4675 4279 4665
f 4674 4675 4664
f 4673 4674 4664
f 4289 4689 4280
f 4676 4280 4666
f 4279 4676 4268
f 4283 4677 4271
f 4678 4271 4667
f 4678 4284 4690
f 4284 4678 4679
f 4678 4667 4679
f 4680 4275 4681
f 4681 4285 4292
f 4285 4278 4277
f 4286 4287 4336
f 4287 4286 4014
f 4684 4683 4348
f 4683 4684 4671
f 4287 4683 4336
f 4684 4686 4685
f 4684 4348 4017
f 4687 4686 4018
f 4686 4687 4674
f 4685 4686 4674
f 4288 4688 4279
f 4687 4279 4675
f 4688 4289 4676
f 4290 4301 4021
f 4338 4281 4301
f 4301 4281 4282
f 4291 4282 4283
f 4690 4283 4678
f 4301 4291 4345
f 4291 4692 4691
f 4291 4690 4284
f 4692 4284 4679
f 4692 4679 4680
f 4691 4692 4023
f 4292 4026 4355
f 4692 4292 4353
f 4692 4680 4292
f 4026 4285 4277
f 4292 4355 4353
f 4695 4693 4694
f 4217 4693 4695
f 4694 4693 4217
f 4038 4694 4689
f 4058 4694 4038
f 4073 4694 4058
f 4087 4694 4073
f 4103 4694 4087
f 4114 4694 4103
f 4492 4694 4114
f 4145 4138 4493
f 4138 4694 4492
f 4145 4694 4138
f 4156 4695 4145
f 4179 4695 4156
f 4196 4695 4179
f 4217 4695 4196
f 4242 4217 4231
f 4270 4217 4242
f 4656 4270 4655
f 4280 4270 4656
f 4689 4217 4270
f 4956 4968 5328
f 5023 4982 4718
f 4982 4722 4969
f 4718 4734 4728
f 4970 4734 4718
f 4740 4984 4744
f 4984 5079 4744
f 4984 4985 5079
f 5079 4985 4749
f 4985 4987 4760
f 4985 4972 4987
f 4987 4989 4988
f 4987 4990 4989
f 4989 4990 4973
f 4973 4992 4991
f 4786 4973 4785
f 4992 4993 4790
f 4974 4784 4993
f 4790 4993 4791
f 4791 4994 4797
f 4797 4811 4812
f 4997 4996 4797
f 4997 4818 4996
f 4996 4812 4811
f 4996 4999 4824
f 4999 4832 4699
f 4853 5003 4848
f 5003 5005 5004
f 4861 5006 5005
f 5006 4976 5005
f 4976 5008 4865
f 4978 5009 4872
f 4977 5009 4978
f 4869 5009 4977
f 5253 4979 5011
f 5013 4887 4886
f 4885 5013 4886
f 5013 4894 5014
f 5016 5017 4923
f 4929 5019 5299
f 4980 5022 5021
f 4939 5021 5299
f 5022 4967 4946
f 4966 4706 5023
f 5026 5025 4884
f 5027 5026 4823
f 5028 5027 4759
f 5025 5028 4955
f 4922 4955 5317
f 4884 4922 5278
f 4857 4884 5235
f 4823 4857 5199
f 4789 4823 5162
f 4759 4789 5122
f 4727 4759 5087
f 4955 4727 5045
f 5029 5329 5328
f 4701 5328 4964
f 4703 4704 5030
f 4705 5032 5033
f 4705 5333 5332
f 5034 5042 4706
f 5338 4711 4709
f 4709 4711 5036
f 5036 5341 4955
f 4709 5046 4710
f 5023 4712 5047
f 5037 4703 5029
f 5040 5033 5032
f 5041 4723 5024
f 4716 4708 5043
f 5056 5046 5045
f 4717 5056 5044
f 4710 5046 5056
f 5045 5036 4955
f 4718 4712 5023
f 4718 5049 5048
f 5050 5037 5048
f 5050 5051 5038
f 5038 5061 5052
f 4738 4720 5053
f 5053 5040 4713
f 4719 4713 5039
f 4722 4721 4696
f 5055 5043 4725
f 4725 5044 5056
f 5058 5045 4727
f 5057 4726 4733
f 5057 4733 4725
f 4728 5049 4718
f 5060 5051 5059
f 5061 5070 5062
f 5063 5053 4719
f 4729 4719 5052
f 4730 4721 5075
f 5075 4723 5054
f 5075 5074 4730
f 5064 4725 5065
f 5065 4725 4733
f 5066 5058 4727
f 4733 5077 5076
f 5067 5069 4735
f 5070 5081 5071
f 4753 4738 5072
f 5072 5063 4729
f 4736 4729 5062
f 4740 4730 5074
f 5076 5084 4732
f 4743 5077 5078
f 5078 5066 4727
f 4743 4747 5084
f 4744 4735 4740
f 5079 5068 5067
f 4744 5067 4735
f 5080 5070 5068
f 5081 4751 4745
f 5082 5072 4736
f 4745 4736 5071
f 4739 5073 5083
f 5083 5093 4983
f 5083 4742 5084
f 4742 4732 5084
f 5085 5084 4747
f 5087 5078 4727
f 4747 5094 4748
f 5089 5080 5088
f 5090 4762 4750
f 4769 4753 5091
f 5091 5082 4745
f 4750 4745 4751
f 4755 4746 4754
f 5093 5102 5101
f 5093 4748 5094
f 4757 5094 5095
f 5095 5086 5087
f 5095 5087 4759
f 4757 4758 5102
f 4698 4749 4985
f 5097 5089 5096
f 5098 4767 4761
f 5099 5091 4750
f 4761 4750 4762
f 5092 5111 5100
f 4972 5100 4987
f 4763 5093 5101
f 4764 4758 5103
f 5103 5095 4759
f 5104 5106 4698
f 5107 5117 5108
f 4783 4769 5109
f 5109 5099 4761
f 4766 4761 4767
f 4770 5100 5110
f 5112 4765 4764
f 4772 4764 5113
f 5113 5103 4759
f 4772 4778 4773
f 4989 5114 5104
f 4989 4779 5115
f 5115 5105 5104
f 5116 5107 5105
f 5117 4781 4774
f 5118 5109 4766
f 4774 4766 5108
f 4775 5119 5129
f 5122 5113 4759
f 4778 5131 5130
f 4991 4992 4779
f 5125 5135 5126
f 4801 4783 5127
f 5127 5118 4774
f 4780 4774 4781
f 4785 4775 5129
f 5130 5138 4777
f 4788 5131 5132
f 5132 5121 5122
f 5132 5122 4789
f 4788 4795 5138
f 5142 5123 4992
f 5134 5125 5123
f 5135 4799 4792
f 5136 5127 4780
f 4792 4780 5126
f 5128 5148 5137
f 4793 4784 4785
f 4794 4777 5138
f 5139 5138 4795
f 5141 5132 4789
f 4795 5150 4796
f 5144 5134 5133
f 5145 5154 5146
f 4816 4801 5147
f 5147 5136 4792
f 4798 4792 4799
f 4803 4802 4995
f 4803 4793 5137
f 5149 4796 5150
f 4805 5150 5151
f 5151 5140 5141
f 5151 5141 4789
f 4805 4809 5159
f 4812 5143 4797
f 5153 5145 5152
f 5154 4814 4806
f 5155 5147 4798
f 4806 4798 5146
f 4827 5158 5156
f 4807 4802 5158
f 4808 5149 5159
f 5160 5159 4809
f 5162 5151 4789
f 4809 4821 4810
f 5164 5153 5163
f 5165 4826 4813
f 4835 4816 5166
f 5166 5155 4806
f 4813 4806 4814
f 4818 4807 4827
f 5156 5157 4819
f 4819 5159 5168
f 5168 5178 5177
f 5169 5161 5162
f 5169 5162 4823
f 4821 4822 4830
f 4821 4830 5178
f 4824 4998 4996
f 5170 5172 4812
f 4824 4812 4998
f 5173 5182 5174
f 5175 5166 4813
f 4825 4813 4826
f 5167 5185 5176
f 4828 4836 4975
f 4828 4817 4827
f 4829 5168 5177
f 5179 5169 4823
f 4830 5187 4831
f 5180 5171 4699
f 5181 5173 5171
f 5182 4842 4833
f 4851 4835 5183
f 5183 5175 4825
f 4833 4825 5174
f 5186 4831 5187
f 4839 5187 5188
f 5188 5179 4823
f 4839 4846 5196
f 4840 4832 5000
f 5189 5191 5180
f 5192 5201 5193
f 5194 5183 4833
f 4841 4833 4842
f 5184 5204 5195
f 4843 4836 5195
f 4844 5000 4836
f 4845 5186 5196
f 5197 5196 4846
f 5199 5188 4823
f 4846 5206 4847
f 4848 4840 5002
f 4858 5189 4840
f 5200 5192 5190
f 5201 4860 4849
f 4868 4851 5202
f 5202 5194 4841
f 4849 4841 5193
f 4853 4843 4852
f 4852 4843 5195
f 5205 4847 5206
f 4855 5206 5207
f 5207 5198 5199
f 5207 5199 4857
f 4855 4864 4856
f 5208 5210 4858
f 5211 5220 5212
f 5213 5202 4849
f 4859 4849 4860
f 5217 5207 4857
f 4864 5225 5224
f 4976 5004 5005
f 5218 5209 5004
f 5219 5211 5209
f 5220 4874 4866
f 4879 4868 5221
f 5221 5213 4859
f 4866 4859 5212
f 4869 5006 5222
f 5224 5232 4863
f 4871 5225 5226
f 5226 5216 5217
f 5226 5217 4857
f 4871 4875 5232
f 4872 5008 4978
f 5228 5219 5227
f 5229 4877 4873
f 5230 5221 4866
f 4873 4866 4874
f 5222 5243 5231
f 4881 4869 5231
f 5243 4863 5232
f 5233 5232 4875
f 5235 5226 4857
f 4875 5246 5245
f 5236 5238 4872
f 5239 5250 5240
f 4898 4879 5241
f 5241 5230 4873
f 4876 4873 4877
f 4880 5242 5254
f 5245 5255 5244
f 5244 5232 5245
f 4883 5246 5247
f 5247 5234 5235
f 5247 5235 4884
f 4883 4892 5255
f 5259 5237 4885
f 5249 5239 5237
f 5250 4896 4888
f 5251 5241 4876
f 4888 4876 5240
f 4889 5253 5252
f 4890 5244 5255
f 5256 5255 4892
f 5258 5247 4884
f 4892 5267 4893
f 5261 5249 5248
f 5262 5271 5263
f 4916 4898 5264
f 5264 5251 4888
f 4895 4888 4896
f 5266 5275 5265
f 5265 5255 5266
f 5266 4893 5267
f 4902 5267 5268
f 5268 5257 5258
f 5268 5258 4884
f 4902 4910 5275
f 4903 5260 4894
f 5015 4904 4903
f 5270 5262 5269
f 5271 4914 4905
f 5272 5264 4895
f 4905 4895 5263
f 4906 5274 5273
f 4907 4899 5274
f 4908 5265 5275
f 5276 5275 4910
f 5278 5268 4884
f 4910 5287 4911
f 4912 4904 5015
f 5279 5281 4903
f 4923 4903 4904
f 5282 5292 5283
f 4933 4916 5284
f 5284 5272 4905
f 4913 4905 4914
f 5273 5295 5294
f 5286 4920 5285
f 5285 5275 5286
f 5286 4911 5287
f 4919 5287 5288
f 5288 5277 5278
f 5288 5278 4922
f 4919 4921 4920
f 4929 5289 4923
f 5290 5280 4923
f 5291 5282 5280
f 5292 4931 4924
f 5293 5284 4913
f 4924 4913 5283
f 4926 4917 5294
f 5294 4925 4926
f 4927 5285 5296
f 5296 4920 5297
f 5297 4920 4928
f 4928 4921 5298
f 5298 5288 4922
f 5299 5301 5290
f 5302 5310 5303
f 4950 4933 5304
f 5304 5293 4924
f 4930 4924 4931
f 4936 5017 4935
f 5306 5315 5305
f 5305 5296 5306
f 4938 5297 5307
f 5307 5298 4922
f 4938 4944 5315
f 5308 5300 5299
f 5309 5302 5300
f 5321 4948 4940
f 5311 5304 4930
f 4940 4930 5303
f 5312 4941 4980
f 5313 4935 4942
f 5324 4942 5314
f 5314 4943 5325
f 5317 5307 4922
f 4944 4953 4945
f 4946 5299 5022
f 5318 5320 5308
f 4946 5308 5299
f 5320 5330 5321
f 5321 5330 5322
f 5334 4950 5323
f 5323 5311 4940
f 4947 4940 4948
f 4951 4961 4968
f 4951 5324 4960
f 4951 4941 5324
f 5325 4943 5326
f 5326 4954 5325
f 5327 5316 5317
f 5327 5317 4955
f 4953 5340 4963
f 4953 4963 4954
f 5329 4957 5330
f 5328 5319 5318
f 5328 5318 4956
f 5330 5030 4704
f 5332 5322 5331
f 5333 4705 5334
f 5333 5323 4947
f 4958 4947 5322
f 4961 4707 4981
f 4960 5335 5034
f 4960 5034 4707
f 4962 4708 5335
f 4962 5325 5337
f 5337 5325 5338
f 5340 5036 5339
f 4963 5339 5338
f 5338 4954 4963
f 5341 5327 4955
f 5339 4711 5338
f 4850 5343 4834
f 5343 4897 4959
f 4714 5334 5033
f 4737 4720 4738
f 4752 4737 4753
f 4768 4752 4769
f 4782 4768 4783
f 4800 4782 4801
f 4815 4800 4816
f 4834 4815 4835
f 4850 4834 4851
f 4867 4850 4868
f 4878 4867 4879
f 4897 4878 4898
f 4915 4897 4916
f 4932 4915 4933
f 4949 4932 4950
f 4959 4949 5334
f 5443 5440 5781
f 5443 5744 5724
f 5453 5454 5744
f 5454 5725 5726
f 5839 5745 5454
f 5470 5476 5746
f 5747 5476 5728
f 5491 5729 5862
f 5750 5729 5499
f 5752 5515 5504
f 5730 5753 5752
f 5731 5754 5886
f 5520 5531 5731
f 5732 5546 5731
f 5372 5734 5554
f 5922 5757 5372
f 5757 5758 5734
f 5558 5559 5758
f 5559 5760 5759
f 5736 5762 5761
f 5582 5761 5762
f 5944 5383 5737
f 5739 5969 5764
f 5621 5740 5765
f 5622 5621 5963
f 5633 5769 5741
f 5769 5638 5741
f 5402 5770 5399
f 5402 5664 6003
f 5402 5771 5742
f 5772 5774 6019
f 6007 5773 5771
f 5775 5776 5673
f 5776 5775 6014
f 6014 5773 5659
f 6021 5743 5776
f 5722 5702 5780
f 5722 5344 5715
f 5781 5425 5347
f 5783 5788 5787
f 5788 5793 5792
f 5794 5799 5798
f 5800 5782 5809
f 5783 6045 6052
f 5782 5783 6052
f 5784 5785 5678
f 5785 5786 5657
f 5786 5787 5640
f 5787 5789 5620
f 5789 5790 5603
f 5790 5791 5585
f 5791 5792 5571
f 5793 5795 5540
f 5795 5796 5518
f 5796 5797 5498
f 5797 5798 5481
f 5827 5800 5452
f 5347 5426 5801
f 5426 5344 5801
f 5347 5805 5721
f 5422 5348 5802
f 6057 5803 5423
f 5426 5427 5344
f 5430 5346 5805
f 5349 5806 5429
f 5816 5809 5808
f 5420 5433 5347
f 5433 5817 5347
f 5434 5811 5348
f 5813 5814 5436
f 5423 5437 5345
f 5803 5436 5423
f 5815 5429 5430
f 5451 5428 5429
f 5451 5441 5428
f 5441 5431 5349
f 5442 5432 5431
f 5452 5816 5826
f 5817 5443 5347
f 5435 5818 5810
f 5448 5820 5445
f 5814 5445 5438
f 5436 5445 5812
f 5449 5439 5822
f 5824 5451 5823
f 5460 5442 5451
f 5827 5452 5826
f 5838 5826 5837
f 5443 5828 5453
f 5828 5840 5453
f 5444 5828 5352
f 5820 5831 5456
f 5821 5456 5447
f 5445 5456 5351
f 5726 5450 5723
f 5834 5449 5833
f 5458 5834 5726
f 5468 5459 5354
f 5469 5827 5838
f 5455 5839 5454
f 5839 5461 5470
f 5840 5848 5839
f 5840 5839 5453
f 5831 5843 5462
f 5832 5462 5457
f 5456 5462 5353
f 5465 5458 5726
f 5466 5845 5834
f 5479 5468 5355
f 5480 5460 5468
f 5481 5469 5846
f 5839 5847 5461
f 5843 5851 5473
f 5844 5473 5463
f 5462 5473 5471
f 5475 5746 5476
f 5464 5465 5746
f 5358 5467 5361
f 5477 5467 5466
f 5488 5479 5467
f 5489 5481 5854
f 5357 5856 5847
f 5472 5856 5357
f 5850 5356 5472
f 5851 5858 5484
f 5852 5484 5474
f 5473 5484 5356
f 5487 5475 5476
f 5486 5477 5475
f 5364 5361 5478
f 5496 5488 5361
f 5497 5480 5488
f 5498 5489 5861
f 5862 5870 5491
f 5360 5862 5856
f 5863 5492 5360
f 5858 5865 5493
f 5859 5493 5485
f 5484 5493 5359
f 5505 5486 5749
f 5749 5747 5748
f 5868 5364 5867
f 5508 5496 5364
f 5509 5498 5869
f 5492 5871 5862
f 5872 5501 5492
f 5865 5874 5502
f 5866 5502 5494
f 5493 5502 5363
f 5504 5495 5751
f 5506 5367 5365
f 5516 5508 5367
f 5517 5497 5508
f 5518 5509 5876
f 5870 5877 5500
f 5879 5878 5870
f 5874 5881 5511
f 5875 5511 5503
f 5502 5511 5366
f 5528 5369 5507
f 5528 5516 5369
f 5530 5518 5885
f 5877 5519 5730
f 5880 5888 5510
f 5881 5890 5523
f 5882 5523 5513
f 5511 5523 5888
f 5754 5537 5753
f 5537 5526 5753
f 5525 5514 5515
f 5893 5528 5892
f 5538 5893 5527
f 5529 5517 5528
f 5540 5530 5901
f 5887 5894 5886
f 5889 5895 5522
f 5890 5897 5534
f 5891 5534 5524
f 5523 5534 5895
f 5536 5525 5537
f 5374 5538 5527
f 5548 5529 5538
f 5793 5540 5901
f 5912 5901 5911
f 5531 5541 5732
f 5894 5902 5520
f 5520 5902 5531
f 5896 5903 5533
f 5897 5904 5544
f 5898 5544 5535
f 5534 5544 5903
f 5906 5537 5546
f 5907 5536 5537
f 5908 5371 5536
f 5910 5374 5371
f 5556 5539 5374
f 5557 5793 5912
f 5912 5548 5556
f 5902 5551 5922
f 5543 5551 5902
f 5542 5373 5543
f 5904 5914 5552
f 5905 5552 5545
f 5544 5552 5373
f 5907 5906 5756
f 5917 5376 5547
f 5568 5556 5376
f 5569 5912 5556
f 5571 5557 5919
f 5549 5920 5559
f 5922 5921 5549
f 5550 5560 5551
f 5914 5924 5562
f 5915 5562 5553
f 5552 5562 5375
f 5758 5916 5734
f 5566 5917 5916
f 5566 5555 5917
f 5378 5377 5555
f 5570 5568 5377
f 5577 5571 5926
f 5760 5935 5736
f 5921 5928 5920
f 5923 5929 5561
f 5924 5931 5574
f 5925 5574 5563
f 5562 5574 5929
f 5940 5564 5583
f 5583 5565 5735
f 5381 5378 5567
f 5584 5570 5378
f 5584 5569 5570
f 5585 5577 5934
f 5935 5936 5762
f 5762 5943 5944
f 5928 5936 5927
f 5930 5937 5573
f 5931 5938 5580
f 5932 5580 5575
f 5574 5580 5937
f 5736 5940 5583
f 5385 5381 5576
f 5594 5584 5381
f 5595 5934 5584
f 5596 5585 5942
f 5380 5588 5944
f 5380 5943 5936
f 5579 5588 5380
f 5578 5379 5579
f 5938 5946 5589
f 5939 5589 5581
f 5580 5589 5379
f 5582 5736 5761
f 5948 5385 5593
f 5602 5594 5385
f 5603 5596 5949
f 5588 5387 5944
f 5587 5597 5588
f 5946 5951 5599
f 5947 5599 5590
f 5589 5599 5384
f 5763 5592 5737
f 5601 5591 5592
f 5609 5602 5388
f 5610 5595 5602
f 5611 5603 5953
f 5954 5604 5739
f 5598 5613 5964
f 5950 5956 5598
f 5951 5958 5606
f 5952 5606 5600
f 5599 5606 5956
f 5961 5391 5389
f 5619 5609 5391
f 5620 5611 5962
f 5604 5612 5739
f 5964 5393 5963
f 5613 5393 5964
f 5958 5967 5615
f 5959 5615 5607
f 5606 5615 5390
f 5969 5608 5960
f 5617 5969 5977
f 5608 5394 5392
f 5630 5619 5394
f 5631 5610 5619
f 5632 5620 5971
f 5393 5972 5963
f 5966 5973 5614
f 5967 5975 5626
f 5968 5626 5616
f 5615 5626 5973
f 5767 5618 5740
f 5628 5617 5977
f 5979 5395 5617
f 5639 5630 5395
f 5640 5632 5980
f 5623 5768 5622
f 5981 5396 5633
f 5972 5981 5963
f 5963 5981 5623
f 5974 5982 5625
f 5975 5984 5636
f 5976 5636 5627
f 5626 5636 5982
f 5741 5628 5633
f 5986 5397 5629
f 5647 5639 5397
f 5648 5631 5639
f 5649 5640 5987
f 5983 5990 5635
f 5984 5992 5643
f 5985 5643 5637
f 5636 5643 5990
f 5646 5770 5402
f 5995 5400 5994
f 5655 5647 5400
f 5657 5649 5996
f 5988 5650 5399
f 5989 5998 5997
f 5991 5999 5642
f 5992 6001 5653
f 5993 5653 5644
f 5643 5653 5999
f 6003 5646 5402
f 6004 5403 5401
f 5666 5655 5403
f 5656 5648 5655
f 5667 5657 6006
f 5650 5658 5402
f 5998 6007 5997
f 5997 6007 5650
f 6000 6008 5652
f 6001 6010 5661
f 6002 5661 5654
f 5653 5661 6008
f 6012 5666 5665
f 5677 5656 5666
f 5678 5667 6013
f 5406 5659 6007
f 5660 6015 5406
f 6009 5405 5660
f 6010 6017 5670
f 6011 5670 5662
f 5661 5670 5405
f 5673 5663 6019
f 5687 5676 5408
f 5688 5678 6020
f 5668 6021 6014
f 5679 5680 5743
f 6021 6031 6030
f 5659 6021 5668
f 6022 6021 6015
f 6017 6024 5681
f 6018 5681 5671
f 5670 5681 5407
f 6026 5673 5776
f 5684 5672 5673
f 6036 6026 5683
f 5414 5411 5675
f 5696 5686 5411
f 5686 5687 5408
f 6028 5688 5410
f 6037 6028 5410
f 5680 6029 5743
f 6024 6034 5689
f 6025 5689 5682
f 5681 5689 5409
f 6036 5683 5743
f 5706 5414 5685
f 5706 5696 5414
f 6030 5698 5778
f 5413 6039 6030
f 6040 6039 5413
f 6034 6042 5700
f 6035 5700 5690
f 5689 5700 5412
f 5779 5692 5693
f 5779 6036 5692
f 5702 5691 6036
f 5707 5706 5704
f 5704 5706 5695
f 5707 5697 5706
f 6051 6045 6062
f 6038 5708 5415
f 5708 5709 5417
f 5418 5709 5708
f 6039 5708 6038
f 6042 6048 5712
f 6043 5712 5701
f 5700 5712 5416
f 6050 5704 5705
f 6050 5717 5704
f 6061 6050 5419
f 6062 5718 6050
f 6063 6052 6051
f 6053 5802 5709
f 5709 5420 5344
f 6054 5421 5422
f 6054 6056 5421
f 6047 6055 5711
f 6047 5424 6057
f 6047 6057 6056
f 6056 5423 5345
f 5714 5715 5344
f 5346 6059 5805
f 5805 6058 5427
f 6060 6061 5419
f 5429 6060 5346
f 5719 6051 6062
f 5431 5720 5806
f 5719 6062 5720
f 5809 6063 5807
f 6082 6072 6071
f 6072 6077 6076
f 6077 6082 6048
f 5804 5448 5814
f 6065 6066 5831
f 6066 6067 5851
f 6067 6068 5865
f 6068 6069 5881
f 6069 6070 5897
f 6070 6071 5914
f 6071 6073 5931
f 6073 6074 5946
f 6074 6075 5958
f 6075 6076 5975
f 6076 6078 5992
f 6078 6079 6010
f 6079 6080 6024
f 6080 6081 6042
f 4968 4961 4964
f 4967 4968 4956
f 4961 4981 4965
f 4961 4965 4964
f 4968 4964 5328
f 4982 4723 4722
f 5023 5024 4982
f 5024 4723 4982
f 4982 4969 4718
f 4696 4730 4718
f 4730 4970 4718
f 4969 4722 4718
f 4722 4696 4718
f 4734 4970 4740
f 4740 5073 4739
f 4740 4739 4697
f 4740 4697 4984
f 4734 4740 4735
f 4697 4983 4984
f 4983 4746 4984
f 4746 4971 4984
f 4971 4755 4985
f 4755 4986 4985
f 4984 4971 4985
f 4746 4755 4971
f 4985 4986 4972
f 4986 4755 4972
f 4755 5100 4972
f 4987 4988 4698
f 4760 4987 4698
f 4989 4973 4991
f 4775 4785 4973
f 4992 4973 4786
f 4786 4785 4784
f 4786 4974 4992
f 4793 4994 4993
f 4992 4974 4993
f 4974 4786 4784
f 4784 4793 4993
f 4994 4803 4995
f 4791 4993 4994
f 4995 4807 4797
f 4807 4997 4797
f 4994 4995 4797
f 4797 4996 4811
f 4996 4998 4812
f 4999 4828 4975
f 4996 4818 4999
f 4817 4999 4818
f 4817 4828 4999
f 4824 4999 4699
f 4975 4837 4832
f 4999 4975 4832
f 4832 4837 5000
f 5001 4844 5002
f 5002 4844 4843
f 5000 5002 4840
f 5000 5001 5002
f 5000 4844 5001
f 4853 5005 5003
f 5002 4843 4848
f 4853 4852 5005
f 4848 5003 4858
f 5214 4861 5005
f 4861 5223 5006
f 5006 5007 4976
f 4858 5003 5004
f 5008 4869 4978
f 5007 4869 5008
f 4869 4977 4978
f 4976 5007 5008
f 4869 4881 5009
f 5009 5011 5010
f 5009 5010 4872
f 4881 5253 5011
f 4872 5010 5011
f 5009 4881 5011
f 5253 5013 4979
f 5011 4979 5012
f 5011 5012 4885
f 5013 5014 4887
f 5012 4979 5013
f 5253 4889 5013
f 5013 4889 4900
f 4885 5012 5013
f 4894 4900 4899
f 4887 5014 4894
f 5013 4900 4894
f 4894 4907 5015
f 4899 4907 4894
f 4894 5015 4903
f 4907 4912 5015
f 4912 4917 5016
f 5016 4917 4700
f 4912 5016 4923
f 4700 4926 5017
f 5016 4700 5017
f 5017 5018 4929
f 4923 5017 4929
f 5019 4936 4934
f 5018 5019 4929
f 5018 4936 5019
f 5018 5017 4936
f 4936 4935 4934
f 4934 5021 5019
f 5019 5020 4939
f 5312 4980 5021
f 5020 5019 5021
f 4934 5312 5021
f 5021 5022 5299
f 4939 5020 5021
f 4980 4951 4967
f 5022 4980 4967
f 4951 4968 4967
f 4967 4956 4946
f 5023 4715 5024
f 4701 4966 5023
f 4706 4715 5023
f 5027 5025 5026
f 5028 5025 5027
f 4922 5025 4955
f 4884 5025 4922
f 4857 5026 4884
f 4823 5026 4857
f 4789 5027 4823
f 4759 5027 4789
f 4727 5028 4759
f 4955 5028 4727
f 4981 4707 4701
f 4964 4965 4701
f 4965 4981 4701
f 4701 4707 4706
f 4701 4706 4966
f 5029 5030 5329
f 4701 4702 5328
f 5328 4702 5029
f 5030 5029 4703
f 5031 4703 5038
f 5031 5038 5039
f 5031 4705 5332
f 5031 5332 4704
f 4703 5031 4704
f 4705 5033 5334
f 4705 5031 5032
f 5031 5039 5032
f 4706 4707 5034
f 5034 5335 4708
f 5035 4708 5337
f 5035 4709 4710
f 5035 4710 5043
f 4708 5035 5043
f 4709 5036 5046
f 4709 5035 5338
f 5035 5337 5338
f 5023 4702 4701
f 4702 5023 5047
f 4702 5047 5048
f 5048 5037 5029
f 4702 5048 5029
f 5039 5038 5052
f 5039 4713 5032
f 5037 5038 4703
f 5040 4720 5033
f 4713 5040 5032
f 5041 4706 5042
f 4715 5041 5024
f 5041 4715 4706
f 5042 4716 5055
f 4716 5042 4708
f 5042 5034 4708
f 5044 5043 4710
f 4716 5043 5055
f 5056 5045 5057
f 4717 4710 5056
f 4717 5044 4710
f 5045 5046 5036
f 4718 5047 4712
f 4718 5048 5047
f 5048 5049 5059
f 5059 5050 5048
f 5050 5059 5051
f 5038 5051 5061
f 5052 5061 5062
f 5052 4719 5039
f 5050 5038 5037
f 5053 4720 5040
f 4719 5053 4713
f 5054 4723 5041
f 5054 5041 5042
f 4722 4723 4721
f 5054 5042 4724
f 4724 5042 5055
f 4725 5043 5044
f 4724 5055 5064
f 4725 5056 5057
f 5058 5057 5045
f 5057 5058 4726
f 4728 5059 5049
f 5059 4728 4735
f 5059 4735 5069
f 5069 5060 5059
f 5061 5060 5070
f 5062 5070 5071
f 5062 4729 5052
f 5060 5061 5051
f 5063 4738 5053
f 4729 5063 4719
f 4730 4696 4721
f 5075 4721 4723
f 5054 4731 5075
f 5064 5065 5076
f 5075 4731 4732
f 4731 5054 5064
f 5054 4724 5064
f 5064 5055 4725
f 5064 5076 4732
f 4731 5064 4732
f 5065 4733 5076
f 5066 4733 4726
f 5066 4726 5058
f 4733 5066 5077
f 4734 4735 4728
f 5067 5068 5069
f 5069 5068 5070
f 5071 4736 5062
f 5069 5070 5060
f 4753 4737 4738
f 5072 4738 5063
f 4736 5072 4729
f 5073 5074 5075
f 5073 4740 5074
f 4740 4970 4730
f 5073 5075 4741
f 5073 4741 4742
f 5073 4742 5083
f 4741 5075 4732
f 5076 4743 5084
f 4741 4732 4742
f 4743 5078 5086
f 4743 5076 5077
f 5078 5077 5066
f 4743 5086 4747
f 5088 5080 5068
f 5079 5088 5068
f 4744 5079 5067
f 5081 5080 5090
f 5081 4745 5071
f 5080 5081 5070
f 5081 5090 4751
f 5082 4753 5072
f 4745 5082 4736
f 4983 4739 5083
f 4983 4697 4739
f 5084 5085 4748
f 5083 5084 5093
f 5085 4747 4748
f 5087 5086 5078
f 4747 5086 5094
f 5088 4749 5096
f 5096 5089 5088
f 4749 5088 5079
f 5090 5089 5098
f 5090 4750 4751
f 5089 5090 5080
f 5090 5098 4762
f 4769 4752 4753
f 5091 4753 5082
f 4750 5091 4745
f 5092 4754 4983
f 5092 4983 4756
f 4754 4746 4983
f 4756 4983 5093
f 5093 5084 4748
f 5093 4757 5102
f 4756 5093 4763
f 4757 5093 5094
f 5095 5094 5086
f 4757 5095 4758
f 4760 4698 4985
f 5096 4698 5106
f 5106 5097 5096
f 4698 5096 4749
f 5098 5097 5107
f 5098 5107 5108
f 5098 4761 4762
f 5097 5098 5089
f 5098 5108 4767
f 5099 4769 5091
f 4761 5099 4750
f 5100 4754 5092
f 5100 4755 4754
f 5092 4763 5111
f 5101 5102 4765
f 5111 4763 5112
f 5092 4756 4763
f 4763 5101 5112
f 5102 4764 4765
f 4764 5102 4758
f 5103 4758 5095
f 4988 5104 4698
f 4988 4989 5104
f 5104 5105 5106
f 5106 5105 5107
f 5108 4766 4767
f 5106 5107 5097
f 4783 4768 4769
f 5109 4769 5099
f 4766 5109 4761
f 5110 5100 5111
f 4990 4770 5119
f 4770 4990 5100
f 4990 4987 5100
f 5110 5111 4771
f 4770 5110 5119
f 4771 5111 5112
f 5112 5101 4765
f 5112 4772 4773
f 4771 5112 5120
f 4772 5113 5121
f 4772 5112 4764
f 5113 4764 5103
f 4772 5121 4778
f 4989 5115 5114
f 4989 4991 4779
f 5115 4779 5124
f 5124 5116 5105
f 5115 5124 5105
f 5114 5115 5104
f 5117 5116 5125
f 5117 5125 5126
f 5117 4774 5108
f 5116 5117 5107
f 5117 5126 4781
f 5118 4783 5109
f 4774 5118 4766
f 5129 5119 5110
f 4775 4973 5119
f 4973 4990 5119
f 5110 4776 5129
f 5120 4773 5130
f 5129 4776 4777
f 4776 5110 5120
f 5110 4771 5120
f 5120 5112 4773
f 5120 5130 4777
f 4776 5120 4777
f 4773 4778 5130
f 5122 5121 5113
f 4778 5121 5131
f 4779 4992 5123
f 4779 5123 5124
f 5124 5123 5125
f 5126 4780 4781
f 5124 5125 5116
f 4801 4782 4783
f 5127 4783 5118
f 4780 5127 4774
f 5128 4785 5129
f 5128 5129 4787
f 4787 5129 4777
f 5130 4788 5138
f 4787 4777 4794
f 4788 5132 5140
f 4788 5130 5131
f 5132 5131 5121
f 4788 5140 4795
f 4790 4791 4992
f 5133 5134 5123
f 5142 5133 5123
f 4791 5142 4992
f 5135 5134 5145
f 5135 5145 5146
f 5135 4792 5126
f 5134 5135 5125
f 5135 5146 4799
f 5136 4801 5127
f 4792 5136 4780
f 5137 4785 5128
f 5137 4793 4785
f 5128 4794 5148
f 5138 5139 4796
f 5148 4794 5149
f 5128 4787 4794
f 4794 5138 5149
f 5139 4795 4796
f 5141 5140 5132
f 4795 5140 5150
f 4797 5142 4791
f 5142 4797 5143
f 5142 5143 5152
f 5152 5144 5133
f 5142 5152 5133
f 5144 5152 5145
f 5146 4798 4799
f 5144 5145 5134
f 4816 4800 4801
f 5147 4801 5136
f 4798 5147 4792
f 5158 5137 5148
f 4803 5158 4802
f 5158 4803 5137
f 4803 4994 4793
f 5158 5148 4804
f 5158 4804 4808
f 4804 5148 5149
f 5149 5138 4796
f 5149 4805 5159
f 4804 5149 4808
f 4805 5151 5161
f 4805 5149 5150
f 5151 5150 5140
f 4805 5161 4809
f 5152 4812 5163
f 5163 5153 5152
f 4812 5152 5143
f 5154 5153 5165
f 5154 4806 5146
f 5153 5154 5145
f 5154 5165 4814
f 5155 4816 5147
f 4806 5155 4798
f 5156 5158 5157
f 4827 4807 5158
f 4807 4995 4802
f 5159 5160 4810
f 5157 4808 4819
f 5157 5158 4808
f 4808 5159 4819
f 5160 4809 4810
f 5162 5161 5151
f 4809 5161 4821
f 5163 4812 5172
f 5172 5164 5163
f 5165 5164 5173
f 5165 5173 5174
f 5165 4813 4814
f 5164 5165 5153
f 5165 5174 4826
f 4835 4815 4816
f 5166 4816 5155
f 4813 5166 4806
f 5167 4827 5156
f 4818 4827 4817
f 4818 4997 4807
f 5167 5156 4819
f 5167 4819 4820
f 4820 4819 4829
f 5168 5159 4810
f 5168 4821 5178
f 4819 5168 4829
f 4821 5168 4810
f 5169 4821 5161
f 4821 5169 4822
f 4699 5170 4824
f 5170 4699 5171
f 5170 5171 5172
f 4824 5170 4812
f 5172 5171 5173
f 5174 4825 4826
f 5172 5173 5164
f 5175 4835 5166
f 4825 5175 4813
f 5176 4827 5167
f 4828 4827 4836
f 5167 4829 5185
f 4827 5176 4836
f 5177 5178 4831
f 5185 4829 5186
f 5167 4820 4829
f 4829 5177 5186
f 5178 4830 4831
f 5179 4830 4822
f 5179 4822 5169
f 4830 5179 5187
f 4832 5180 4699
f 5191 5181 5171
f 5180 5191 5171
f 5182 5181 5192
f 5182 5192 5193
f 5182 4833 5174
f 5181 5182 5173
f 5182 5193 4842
f 4851 4834 4835
f 5183 4835 5175
f 4833 5183 4825
f 5184 4836 5176
f 5184 5176 5185
f 4837 4836 5000
f 4837 4975 4836
f 5184 5185 4838
f 4838 5185 5186
f 5186 5177 4831
f 5186 4839 5196
f 4838 5186 4845
f 4839 5188 5198
f 4839 5186 5187
f 5188 5187 5179
f 4839 5198 4846
f 4840 5180 4832
f 5180 4840 5189
f 5189 5190 5191
f 5191 5190 5192
f 5193 4841 4842
f 5191 5192 5181
f 5194 4851 5183
f 4841 5194 4833
f 5195 4836 5184
f 4843 4844 4836
f 5184 4845 5204
f 5196 5197 4847
f 5204 4845 5205
f 5184 4838 4845
f 4845 5196 5205
f 5197 4846 4847
f 5199 5198 5188
f 4846 5198 5206
f 4848 4858 4840
f 5190 4858 5210
f 5210 5200 5190
f 4858 5190 5189
f 5201 5200 5211
f 5201 5211 5212
f 5201 4849 5193
f 5200 5201 5192
f 5201 5212 4860
f 4868 4850 4851
f 5202 4851 5194
f 4849 5202 4841
f 5203 4852 5195
f 5203 5195 5204
f 5005 4852 5214
f 4853 4848 4843
f 5203 5204 4854
f 4852 5203 5214
f 4854 5204 5205
f 5205 5196 4847
f 5205 4855 4856
f 4854 5205 5215
f 4855 5207 5216
f 4855 5205 5206
f 5207 5206 5198
f 4855 5216 4864
f 5208 5004 5209
f 5208 5209 5210
f 5004 5208 4858
f 5210 5209 5211
f 5212 4859 4860
f 5210 5211 5200
f 5213 4868 5202
f 4859 5213 4849
f 5223 5214 5203
f 5223 4861 5214
f 5203 4862 5223
f 5215 4856 5224
f 5223 4862 4863
f 4862 5203 5215
f 5203 4854 5215
f 5215 5205 4856
f 5215 5224 4863
f 4862 5215 4863
f 4856 4864 5224
f 5217 5216 5207
f 4864 5216 5225
f 4976 4865 5004
f 5218 4865 5227
f 5227 5219 5209
f 5218 5227 5209
f 4865 5218 5004
f 5220 5219 5229
f 5220 4866 5212
f 5219 5220 5211
f 5220 5229 4874
f 4879 4867 4868
f 5221 4868 5213
f 4866 5221 4859
f 5222 5006 5223
f 4869 5007 5006
f 5222 5223 4870
f 4869 5222 5231
f 4870 5223 4863
f 5224 4871 5232
f 4870 4863 5243
f 4871 5226 5234
f 4871 5224 5225
f 5226 5225 5216
f 4871 5234 4875
f 4872 4865 5008
f 4872 5227 4865
f 5227 4872 5238
f 5238 5228 5227
f 5229 5228 5239
f 5229 5239 5240
f 5229 4873 4874
f 5228 5229 5219
f 5229 5240 4877
f 5230 4879 5221
f 4873 5230 4866
f 5242 4881 5231
f 5231 5243 5242
f 5232 5233 5245
f 5222 4870 5243
f 5243 5232 5244
f 5233 4875 5245
f 5235 5234 5226
f 4875 5234 5246
f 5011 4885 4872
f 5236 4885 5237
f 5236 5237 5238
f 4885 5236 4872
f 5238 5237 5239
f 5240 4876 4877
f 5238 5239 5228
f 4898 4878 4879
f 5241 4879 5230
f 4876 5241 4873
f 4881 4880 5253
f 4880 4881 5242
f 5242 4882 5254
f 4880 5254 5253
f 5254 4882 4890
f 4882 5242 5244
f 5242 5243 5244
f 5245 4883 5255
f 4882 5244 4890
f 4883 5247 5257
f 4883 5245 5246
f 5247 5246 5234
f 4883 5257 4892
f 4886 4887 5259
f 5248 5249 5237
f 5259 5248 5237
f 4886 5259 4885
f 5250 5249 5262
f 5250 5262 5263
f 5250 4888 5240
f 5249 5250 5239
f 5250 5263 4896
f 5251 4898 5241
f 4888 5251 4876
f 5252 5253 5254
f 5252 5254 4890
f 5252 4890 4891
f 5255 5256 4893
f 4891 4890 5265
f 4890 5255 5265
f 5256 4892 4893
f 5258 5257 5247
f 4892 5257 5267
f 4894 5259 4887
f 5259 4894 5260
f 5259 5260 5269
f 5269 5261 5248
f 5259 5269 5248
f 5261 5269 5262
f 5263 4895 4896
f 5261 5262 5249
f 4916 4897 4898
f 5264 4898 5251
f 4895 5264 4888
f 5274 4889 5252
f 4900 5274 4899
f 5274 4900 4889
f 5252 4901 5274
f 5274 4901 4908
f 4901 5252 5265
f 5252 4891 5265
f 5266 5255 4893
f 5266 4902 5275
f 4901 5265 4908
f 4902 5268 5277
f 4902 5266 5267
f 5268 5267 5257
f 4902 5277 4910
f 5269 4903 5281
f 5281 5270 5269
f 4903 5269 5260
f 5271 5270 5282
f 5271 5282 5283
f 5271 4905 5263
f 5270 5271 5262
f 5271 5283 4914
f 5272 4916 5264
f 4905 5272 4895
f 4907 4906 4917
f 4906 4907 5274
f 5273 5274 4908
f 5273 4908 4909
f 4906 5273 4917
f 5275 5276 4911
f 4909 4908 5285
f 4908 5275 5285
f 5276 4910 4911
f 5278 5277 5268
f 4910 5277 5287
f 4912 4923 4904
f 5279 4923 5280
f 5279 5280 5281
f 4923 5279 4903
f 5281 5280 5282
f 5283 4913 4914
f 5281 5282 5270
f 4933 4915 4916
f 5284 4916 5272
f 4913 5284 4905
f 5294 4917 5273
f 4912 4907 4917
f 5273 4918 5295
f 5295 4918 4927
f 4918 5273 5285
f 5273 4909 5285
f 5286 5275 4911
f 5286 4919 4920
f 4918 5285 4927
f 4919 5286 5287
f 5288 5287 5277
f 4919 5288 4921
f 4929 5290 5289
f 5301 5291 5280
f 5290 5301 5280
f 5289 5290 4923
f 5292 5291 5302
f 5292 5302 5303
f 5292 4924 5283
f 5291 5292 5282
f 5292 5303 4931
f 5293 4933 5284
f 4924 5293 4913
f 4926 4700 4917
f 5294 5295 4927
f 5294 4927 4925
f 4925 4927 5305
f 5296 5285 4920
f 4927 5296 5305
f 4928 4920 4921
f 5298 4921 5288
f 4928 5298 5297
f 4929 5299 5290
f 5299 5300 5301
f 5301 5300 5302
f 5303 5310 5321
f 5303 4930 4931
f 5301 5302 5291
f 4950 4932 4933
f 5304 4933 5293
f 4930 5304 4924
f 4935 4926 4925
f 4935 5017 4926
f 4935 4925 4937
f 4935 4937 5314
f 4937 4925 5305
f 5306 4938 5315
f 4937 5305 5314
f 4938 5307 5316
f 4938 5306 5297
f 5306 5296 5297
f 5307 5297 5298
f 4938 5316 4944
f 4939 5299 5019
f 5320 5309 5300
f 5308 5320 5300
f 5310 5309 5321
f 5321 4940 5303
f 5309 5310 5302
f 5321 5322 4948
f 5311 4950 5304
f 4940 5311 4930
f 5324 5312 4934
f 5324 4934 5313
f 5312 5324 4941
f 5313 4934 4935
f 5324 5313 4942
f 5324 5314 5325
f 5314 5315 4945
f 4942 4935 5314
f 5314 5305 5315
f 5314 4945 4943
f 5315 4944 4945
f 5317 5316 5307
f 4944 5316 4953
f 4946 4956 5318
f 5318 5319 5320
f 4946 5318 5308
f 5320 5319 5330
f 5322 5330 5331
f 5322 4947 4948
f 5320 5321 5309
f 5334 4949 4950
f 5323 4950 5311
f 4947 5323 4940
f 4960 5324 5336
f 4951 4980 4941
f 5336 5324 4952
f 5336 4952 4962
f 4952 5324 5325
f 5326 4943 4945
f 5326 4953 4954
f 4952 5325 4962
f 4953 5327 5340
f 4953 5326 4945
f 5327 4953 5316
f 5329 5330 5319
f 5328 5329 5319
f 5330 4957 5030
f 4957 5329 5030
f 5331 4704 5332
f 4704 5331 5330
f 5332 4958 5322
f 4958 5332 5333
f 5333 5334 5323
f 4958 5333 4947
f 5335 4960 5336
f 4961 4960 4707
f 4960 4961 4951
f 5335 5336 4962
f 4962 5337 4708
f 4963 5340 5339
f 5340 5341 5036
f 5338 5325 4954
f 5341 5340 5327
f 5339 5036 4711
f 4850 5342 5343
f 4897 5342 4850
f 5343 5342 4897
f 5334 5343 4959
f 4720 4714 5033
f 4714 5343 5334
f 4720 5343 4714
f 4737 5343 4720
f 4752 5343 4737
f 4768 5343 4752
f 4782 5343 4768
f 4800 5343 4782
f 4815 5343 4800
f 4834 5343 4815
f 4878 4850 4867
f 4897 4850 4878
f 4932 4897 4915
f 4949 4897 4932
f 4959 4897 4949
f 5417 5709 5722
f 5709 5344 5722
f 5443 5724 5723
f 5443 5781 5347
f 5443 5723 5440
f 5724 5744 5723
f 5443 5817 5352
f 5443 5453 5744
f 5744 5726 5723
f 5454 5726 5744
f 5727 5746 5745
f 5454 5745 5725
f 5745 5746 5465
f 5839 5470 5727
f 5839 5727 5745
f 5728 5476 5470
f 5727 5470 5746
f 5855 5747 5728
f 5747 5487 5476
f 5747 5486 5487
f 5482 5490 5748
f 5482 5748 5747
f 5855 5482 5747
f 5490 5729 5748
f 5729 5749 5748
f 5749 5729 5505
f 5729 5751 5505
f 5491 5499 5729
f 5490 5862 5729
f 5750 5752 5751
f 5750 5751 5729
f 5751 5495 5505
f 5500 5752 5750
f 5499 5870 5750
f 5752 5504 5751
f 5752 5753 5515
f 5877 5730 5752
f 5500 5877 5752
f 5730 5519 5753
f 5753 5526 5515
f 5886 5754 5753
f 5519 5886 5753
f 5731 5546 5754
f 5531 5732 5731
f 5886 5520 5731
f 5372 5733 5755
f 5755 5733 5756
f 5732 5541 5755
f 5755 5756 5732
f 5732 5756 5546
f 5756 5906 5546
f 5541 5902 5755
f 5372 5907 5756
f 5372 5554 5907
f 5733 5372 5756
f 5372 5757 5734
f 5549 5758 5757
f 5922 5549 5757
f 5755 5922 5372
f 5559 5735 5758
f 5549 5558 5758
f 5758 5735 5565
f 5558 5549 5559
f 5759 5760 5583
f 5559 5759 5735
f 5759 5583 5735
f 5559 5927 5760
f 5736 5583 5760
f 5736 5935 5762
f 5762 5944 5737
f 5762 5737 5582
f 5737 5592 5582
f 5586 5383 5944
f 5954 5738 5383
f 5383 5763 5737
f 5738 5763 5383
f 5586 5954 5383
f 5738 5954 5764
f 5764 5960 5738
f 5954 5739 5764
f 5765 5740 5969
f 5739 5612 5765
f 5765 5969 5739
f 5740 5977 5969
f 5963 5621 5765
f 5612 5963 5765
f 5621 5767 5740
f 5766 5768 5621
f 5621 5768 5767
f 5622 5768 5766
f 5622 5766 5621
f 5768 5633 5767
f 5981 5633 5768
f 5399 5770 5769
f 5769 5770 5638
f 5988 5399 5769
f 5633 5988 5769
f 5399 5650 5402
f 5402 5772 5664
f 5742 5772 5402
f 5771 5775 5772
f 5402 5658 5771
f 5771 5772 5742
f 5772 6019 5664
f 5772 5775 5774
f 5771 5773 5775
f 5658 6007 5771
f 6007 5659 5773
f 5775 5673 5774
f 6014 5775 5773
f 6014 6021 5776
f 5743 6026 5776
f 5743 5683 6026
f 6021 5679 5743
f 6029 5777 5743
f 5777 5778 5743
f 5778 6036 5743
f 6036 5778 5693
f 6030 5778 5777
f 6038 5779 5778
f 5415 5779 6038
f 5698 6038 5778
f 5778 5779 5693
f 5415 5780 5779
f 5417 5722 5780
f 5415 5708 5780
f 5780 5702 5779
f 5722 5715 5702
f 5708 5417 5780
f 5781 5440 5425
f 5783 5799 5788
f 5788 5799 5793
f 5793 5799 5794
f 5800 5799 5782
f 5782 5799 5783
f 6045 5783 6037
f 6037 5783 5784
f 5784 5783 5785
f 5785 5783 5786
f 5786 5783 5787
f 5787 5788 5789
f 5789 5788 5790
f 5790 5788 5791
f 5791 5788 5792
f 5793 5794 5795
f 5795 5794 5796
f 5796 5794 5797
f 5797 5794 5798
f 5798 5799 5827
f 5827 5799 5800
f 5347 5721 5426
f 5344 5420 5801
f 5721 5805 5426
f 5347 5425 5805
f 5420 5347 5801
f 5420 5802 5348
f 5422 5421 5348
f 6053 5422 5802
f 5421 5345 5437
f 5348 5421 5434
f 6056 5345 5421
f 5424 5804 6057
f 6057 5804 5803
f 5424 6064 5804
f 5426 5805 5427
f 5430 5429 5346
f 5425 5430 5805
f 5429 5806 6061
f 5349 5431 5806
f 5428 5349 5429
f 5431 5808 5807
f 5816 5800 5809
f 5826 5816 5808
f 5432 5808 5431
f 5420 5348 5433
f 5348 5810 5433
f 5811 5434 5810
f 5348 5811 5810
f 5421 5437 5434
f 5434 5437 5812
f 5810 5434 5435
f 5434 5812 5435
f 5813 5804 5814
f 5423 5436 5437
f 5437 5436 5812
f 5436 5814 5438
f 5803 5804 5813
f 5803 5813 5436
f 5350 5815 5439
f 5439 5815 5425
f 5822 5439 5440
f 5440 5439 5425
f 5425 5815 5430
f 5823 5815 5350
f 5815 5451 5429
f 5428 5441 5349
f 5823 5451 5815
f 5825 5826 5442
f 5442 5826 5808
f 5451 5442 5441
f 5441 5442 5431
f 5442 5808 5432
f 5452 5800 5816
f 5817 5810 5352
f 5810 5818 5352
f 5818 5435 5352
f 5433 5810 5817
f 5435 5812 5819
f 5812 5446 5819
f 5352 5435 5444
f 5435 5819 5444
f 5819 5446 5351
f 5445 5820 5821
f 5812 5445 5446
f 5446 5445 5351
f 5445 5821 5447
f 5448 6065 5820
f 5814 5448 5445
f 5436 5438 5445
f 5835 5350 5449
f 5449 5350 5439
f 5450 5833 5723
f 5833 5449 5723
f 5723 5449 5822
f 5723 5822 5440
f 5835 5823 5350
f 5824 5459 5451
f 5354 5823 5835
f 5459 5460 5451
f 5354 5824 5823
f 5837 5826 5460
f 5460 5826 5825
f 5460 5825 5442
f 5838 5827 5826
f 5443 5352 5828
f 5454 5453 5455
f 5828 5829 5840
f 5819 5351 5841
f 5841 5351 5830
f 5444 5841 5828
f 5828 5841 5829
f 5830 5351 5353
f 5444 5819 5841
f 5456 5831 5832
f 5351 5456 5353
f 5456 5832 5457
f 5820 6065 5831
f 5821 5820 5456
f 5445 5447 5456
f 5834 5835 5449
f 5725 5745 5726
f 5726 5834 5833
f 5726 5833 5450
f 5834 5836 5835
f 5845 5836 5834
f 5835 5836 5354
f 5836 5355 5354
f 5354 5459 5824
f 5468 5460 5459
f 5845 5355 5836
f 5460 5838 5837
f 5469 5798 5827
f 5846 5469 5838
f 5840 5829 5848
f 5453 5839 5455
f 5841 5353 5829
f 5829 5353 5842
f 5848 5829 5849
f 5829 5842 5849
f 5842 5353 5471
f 5830 5353 5841
f 5462 5843 5844
f 5353 5462 5471
f 5462 5844 5463
f 5831 6066 5843
f 5832 5831 5462
f 5456 5457 5462
f 5465 5466 5458
f 5745 5465 5726
f 5458 5466 5834
f 5464 5466 5465
f 5467 5845 5466
f 5355 5468 5354
f 5479 5480 5468
f 5467 5355 5845
f 5480 5846 5838
f 5480 5838 5460
f 5481 5798 5469
f 5854 5481 5846
f 5470 5847 5728
f 5847 5855 5728
f 5847 5848 5357
f 5848 5471 5357
f 5839 5848 5847
f 5461 5847 5470
f 5849 5471 5848
f 5357 5471 5472
f 5471 5850 5472
f 5842 5471 5849
f 5473 5851 5852
f 5471 5473 5850
f 5850 5473 5356
f 5473 5852 5474
f 5843 6066 5851
f 5844 5843 5473
f 5462 5463 5473
f 5475 5477 5746
f 5746 5477 5464
f 5464 5477 5466
f 5358 5488 5467
f 5478 5853 5477
f 5477 5853 5467
f 5853 5361 5467
f 5467 5479 5355
f 5488 5480 5479
f 5478 5361 5853
f 5480 5854 5846
f 5489 5797 5481
f 5861 5489 5854
f 5855 5856 5482
f 5856 5483 5360
f 5847 5856 5855
f 5483 5356 5857
f 5472 5483 5856
f 5360 5483 5863
f 5483 5857 5863
f 5472 5356 5483
f 5484 5858 5859
f 5356 5484 5857
f 5857 5484 5359
f 5484 5859 5485
f 5851 6067 5858
f 5852 5851 5484
f 5473 5474 5484
f 5362 5860 5486
f 5486 5860 5477
f 5487 5486 5475
f 5477 5860 5478
f 5860 5362 5478
f 5362 5364 5478
f 5361 5488 5358
f 5496 5497 5488
f 5867 5364 5362
f 5497 5861 5854
f 5497 5854 5480
f 5498 5797 5489
f 5869 5498 5861
f 5490 5482 5862
f 5360 5492 5862
f 5856 5862 5482
f 5863 5359 5872
f 5872 5359 5864
f 5863 5872 5492
f 5864 5359 5363
f 5857 5359 5863
f 5493 5865 5866
f 5359 5493 5363
f 5493 5866 5494
f 5858 6067 5865
f 5859 5858 5493
f 5484 5485 5493
f 5365 5867 5495
f 5495 5867 5486
f 5505 5495 5486
f 5749 5486 5747
f 5486 5867 5362
f 5367 5867 5365
f 5364 5496 5361
f 5508 5497 5496
f 5367 5364 5868
f 5367 5868 5867
f 5497 5869 5861
f 5509 5796 5498
f 5876 5509 5869
f 5491 5870 5499
f 5750 5870 5500
f 5871 5501 5870
f 5862 5871 5870
f 5872 5363 5501
f 5501 5363 5873
f 5492 5501 5871
f 5870 5501 5879
f 5501 5873 5879
f 5873 5363 5366
f 5864 5363 5872
f 5502 5874 5875
f 5363 5502 5366
f 5502 5875 5503
f 5865 6068 5874
f 5866 5865 5502
f 5493 5494 5502
f 5507 5506 5504
f 5504 5506 5495
f 5495 5506 5365
f 5506 5507 5367
f 5507 5369 5367
f 5367 5508 5364
f 5516 5517 5508
f 5517 5876 5869
f 5517 5869 5497
f 5518 5796 5509
f 5885 5518 5876
f 5878 5368 5877
f 5878 5880 5368
f 5870 5878 5877
f 5879 5366 5880
f 5366 5512 5880
f 5879 5880 5878
f 5368 5880 5510
f 5880 5512 5888
f 5873 5366 5879
f 5511 5881 5882
f 5366 5511 5512
f 5512 5511 5888
f 5511 5882 5513
f 5874 6068 5881
f 5875 5874 5511
f 5502 5503 5511
f 5370 5883 5514
f 5514 5883 5504
f 5515 5514 5504
f 5504 5883 5507
f 5370 5884 5883
f 5892 5884 5370
f 5883 5884 5507
f 5884 5528 5507
f 5369 5516 5367
f 5528 5517 5516
f 5892 5528 5884
f 5517 5885 5876
f 5530 5795 5518
f 5901 5530 5885
f 5877 5887 5519
f 5887 5886 5519
f 5510 5521 5887
f 5368 5510 5887
f 5368 5887 5877
f 5521 5888 5889
f 5887 5521 5522
f 5521 5889 5522
f 5510 5888 5521
f 5523 5890 5891
f 5888 5523 5889
f 5889 5523 5895
f 5523 5891 5524
f 5881 6069 5890
f 5882 5881 5523
f 5511 5513 5523
f 5527 5370 5525
f 5525 5370 5514
f 5537 5525 5526
f 5526 5525 5515
f 5527 5892 5370
f 5893 5538 5528
f 5538 5529 5528
f 5527 5893 5892
f 5900 5901 5529
f 5529 5901 5885
f 5529 5885 5517
f 5540 5795 5530
f 5522 5532 5894
f 5887 5522 5894
f 5886 5894 5520
f 5532 5895 5896
f 5894 5532 5533
f 5532 5896 5533
f 5522 5895 5532
f 5534 5897 5898
f 5895 5534 5896
f 5896 5534 5903
f 5534 5898 5535
f 5890 6069 5897
f 5891 5890 5534
f 5523 5524 5534
f 5546 5537 5754
f 5525 5536 5527
f 5371 5899 5536
f 5536 5899 5527
f 5899 5374 5527
f 5539 5548 5538
f 5371 5374 5899
f 5911 5901 5548
f 5548 5901 5900
f 5548 5900 5529
f 5912 5793 5901
f 5531 5902 5541
f 5533 5542 5902
f 5894 5533 5902
f 5902 5542 5543
f 5533 5903 5542
f 5544 5904 5905
f 5903 5544 5542
f 5542 5544 5373
f 5544 5905 5545
f 5897 6070 5904
f 5898 5897 5544
f 5534 5535 5544
f 5907 5547 5908
f 5906 5907 5537
f 5907 5908 5536
f 5908 5547 5371
f 5917 5547 5907
f 5376 5909 5547
f 5547 5909 5371
f 5909 5910 5371
f 5374 5539 5538
f 5556 5548 5539
f 5376 5374 5910
f 5376 5910 5909
f 5548 5912 5911
f 5557 5792 5793
f 5919 5557 5912
f 5755 5902 5922
f 5550 5373 5913
f 5543 5550 5551
f 5543 5373 5550
f 5552 5914 5915
f 5373 5552 5913
f 5913 5552 5375
f 5552 5915 5553
f 5904 6070 5914
f 5905 5904 5552
f 5544 5545 5552
f 5554 5916 5917
f 5554 5917 5907
f 5555 5918 5917
f 5917 5918 5376
f 5918 5377 5376
f 5376 5556 5374
f 5568 5569 5556
f 5555 5377 5918
f 5569 5919 5912
f 5571 5792 5557
f 5926 5571 5919
f 5549 5921 5920
f 5559 5920 5927
f 5922 5560 5921
f 5913 5375 5560
f 5560 5375 5923
f 5551 5560 5922
f 5921 5560 5561
f 5560 5923 5561
f 5923 5375 5929
f 5550 5913 5560
f 5562 5924 5925
f 5375 5562 5929
f 5562 5925 5563
f 5914 6071 5924
f 5915 5914 5562
f 5552 5553 5562
f 5567 5566 5564
f 5565 5564 5758
f 5758 5564 5916
f 5734 5916 5554
f 5564 5566 5916
f 5566 5567 5555
f 5567 5378 5555
f 5377 5568 5376
f 5570 5569 5568
f 5569 5926 5919
f 5577 5791 5571
f 5934 5577 5926
f 5760 5927 5935
f 5561 5572 5928
f 5921 5561 5928
f 5920 5928 5927
f 5572 5929 5930
f 5928 5572 5573
f 5572 5930 5573
f 5561 5929 5572
f 5574 5931 5932
f 5929 5574 5930
f 5930 5574 5937
f 5574 5932 5575
f 5924 6071 5931
f 5925 5924 5574
f 5562 5563 5574
f 5576 5933 5941
f 5941 5933 5564
f 5940 5941 5564
f 5583 5564 5565
f 5564 5933 5567
f 5933 5381 5567
f 5378 5570 5377
f 5576 5381 5933
f 5584 5934 5926
f 5584 5926 5569
f 5585 5791 5577
f 5942 5585 5934
f 5762 5936 5943
f 5936 5573 5380
f 5573 5578 5380
f 5928 5573 5936
f 5927 5936 5935
f 5380 5578 5579
f 5573 5937 5578
f 5580 5938 5939
f 5937 5580 5578
f 5578 5580 5379
f 5580 5939 5581
f 5931 6073 5938
f 5932 5931 5580
f 5574 5575 5580
f 5736 5941 5940
f 5941 5382 5576
f 5582 5382 5941
f 5582 5941 5736
f 5382 5385 5576
f 5381 5584 5378
f 5594 5595 5584
f 5593 5385 5382
f 5595 5942 5934
f 5596 5790 5585
f 5949 5596 5942
f 5943 5380 5944
f 5587 5379 5945
f 5579 5587 5588
f 5579 5379 5587
f 5589 5946 5947
f 5379 5589 5945
f 5945 5589 5384
f 5589 5947 5590
f 5938 6073 5946
f 5939 5938 5589
f 5580 5581 5589
f 5386 5593 5591
f 5591 5593 5582
f 5592 5591 5582
f 5582 5593 5382
f 5386 5948 5593
f 5385 5594 5381
f 5602 5595 5594
f 5388 5385 5948
f 5388 5948 5386
f 5595 5949 5942
f 5603 5790 5596
f 5953 5603 5949
f 5586 5955 5954
f 5944 5387 5955
f 5944 5955 5586
f 5945 5384 5597
f 5597 5384 5950
f 5588 5597 5387
f 5387 5597 5598
f 5597 5950 5598
f 5950 5384 5956
f 5587 5945 5597
f 5599 5951 5952
f 5384 5599 5956
f 5599 5952 5600
f 5946 6074 5951
f 5947 5946 5599
f 5589 5590 5599
f 5389 5591 5601
f 5738 5601 5763
f 5763 5601 5592
f 5389 5388 5591
f 5591 5388 5386
f 5388 5602 5385
f 5609 5610 5602
f 5389 5391 5388
f 5610 5953 5949
f 5610 5949 5595
f 5611 5789 5603
f 5962 5611 5953
f 5598 5964 5955
f 5954 5955 5604
f 5955 5964 5604
f 5598 5605 5613
f 5387 5598 5955
f 5605 5956 5957
f 5613 5605 5965
f 5605 5957 5965
f 5598 5956 5605
f 5606 5958 5959
f 5956 5606 5957
f 5957 5606 5390
f 5606 5959 5607
f 5951 6074 5958
f 5952 5951 5606
f 5599 5600 5606
f 5392 5389 5960
f 5960 5389 5601
f 5969 5960 5764
f 5738 5960 5601
f 5392 5961 5389
f 5608 5392 5960
f 5394 5961 5392
f 5391 5609 5388
f 5619 5610 5609
f 5394 5391 5961
f 5610 5962 5953
f 5620 5789 5611
f 5971 5620 5962
f 5604 5963 5612
f 5604 5964 5963
f 5965 5390 5613
f 5613 5390 5966
f 5393 5613 5614
f 5613 5966 5614
f 5966 5390 5973
f 5957 5390 5965
f 5615 5967 5968
f 5390 5615 5973
f 5615 5968 5616
f 5958 6075 5967
f 5959 5958 5615
f 5606 5607 5615
f 5617 5608 5969
f 5618 5977 5740
f 5617 5970 5608
f 5608 5970 5394
f 5970 5395 5394
f 5394 5619 5391
f 5630 5631 5619
f 5617 5395 5970
f 5631 5971 5962
f 5631 5962 5610
f 5632 5787 5620
f 5980 5632 5971
f 5622 5963 5623
f 5614 5624 5972
f 5393 5614 5972
f 5624 5973 5974
f 5972 5624 5625
f 5624 5974 5625
f 5614 5973 5624
f 5626 5975 5976
f 5973 5626 5974
f 5974 5626 5982
f 5626 5976 5627
f 5967 6075 5975
f 5968 5967 5626
f 5615 5616 5626
f 5628 5629 5617
f 5767 5628 5977
f 5767 5977 5618
f 5397 5978 5629
f 5629 5978 5617
f 5978 5979 5617
f 5395 5630 5394
f 5639 5631 5630
f 5397 5395 5979
f 5397 5979 5978
f 5631 5980 5971
f 5640 5787 5632
f 5987 5640 5980
f 5623 5981 5768
f 5633 5396 5988
f 5981 5625 5396
f 5625 5634 5396
f 5972 5625 5981
f 5634 5982 5983
f 5396 5634 5635
f 5634 5983 5635
f 5625 5982 5634
f 5636 5984 5985
f 5982 5636 5983
f 5983 5636 5990
f 5636 5985 5637
f 5975 6076 5984
f 5976 5975 5636
f 5626 5627 5636
f 5398 5986 5638
f 5638 5986 5628
f 5741 5638 5628
f 5633 5628 5767
f 5628 5986 5629
f 5986 5398 5397
f 5398 5400 5397
f 5397 5639 5395
f 5647 5648 5639
f 5994 5400 5398
f 5648 5987 5980
f 5648 5980 5631
f 5649 5786 5640
f 5996 5649 5987
f 5988 5989 5997
f 5635 5641 5989
f 5396 5635 5989
f 5396 5989 5988
f 5641 5990 5991
f 5989 5641 5642
f 5641 5991 5642
f 5635 5990 5641
f 5643 5992 5993
f 5990 5643 5991
f 5991 5643 5999
f 5643 5993 5644
f 5984 6076 5992
f 5985 5984 5643
f 5636 5637 5643
f 5401 5994 5645
f 5645 5994 5638
f 5646 5645 5770
f 5770 5645 5638
f 5638 5994 5398
f 5403 5994 5401
f 5400 5647 5397
f 5655 5648 5647
f 5403 5400 5995
f 5403 5995 5994
f 5648 5996 5987
f 5657 5786 5649
f 6006 5657 5996
f 5988 5997 5650
f 5642 5651 5998
f 5989 5642 5998
f 5651 5999 6000
f 5998 5651 5652
f 5651 6000 5652
f 5642 5999 5651
f 5653 6001 6002
f 5999 5653 6000
f 6000 5653 6008
f 5653 6002 5654
f 5992 6078 6001
f 5993 5992 5653
f 5643 5644 5653
f 5404 6004 6019
f 6019 6004 5645
f 6003 6019 5645
f 6003 5645 5646
f 5645 6004 5401
f 5404 6005 6004
f 5663 5404 6019
f 5665 6005 5404
f 6004 6005 5403
f 6005 5666 5403
f 5403 5655 5400
f 5666 5656 5655
f 5665 5666 6005
f 5656 6006 5996
f 5656 5996 5648
f 5667 5785 5657
f 6013 5667 6006
f 5650 6007 5658
f 6007 5652 5406
f 5998 5652 6007
f 5406 6008 6009
f 5406 6009 5660
f 5652 6008 5406
f 5661 6010 6011
f 6008 5661 6009
f 6009 5661 5405
f 5661 6011 5662
f 6001 6078 6010
f 6002 6001 5661
f 5653 5654 5661
f 5408 5665 5663
f 5664 6019 6003
f 5663 5665 5404
f 6012 5676 5666
f 5676 5677 5666
f 5408 6012 5665
f 5677 6013 6006
f 5677 6006 5656
f 5678 5785 5667
f 6020 5678 6013
f 6014 5659 5668
f 5406 6015 5659
f 5669 5405 6016
f 5660 5669 6015
f 6015 5669 6022
f 5669 6016 6022
f 5660 5405 5669
f 5670 6017 6018
f 5405 5670 6016
f 6016 5670 5407
f 5670 6018 5671
f 6010 6079 6017
f 6011 6010 5670
f 5661 5662 5670
f 5675 5674 5673
f 5673 5674 5663
f 5774 5673 6019
f 5663 5674 5408
f 5672 5675 5673
f 5674 5675 5408
f 5675 5411 5408
f 5408 5676 6012
f 5687 5677 5676
f 5677 6020 6013
f 5688 5784 5678
f 5410 5688 6020
f 5679 6021 5680
f 6021 6030 5680
f 6015 6021 5659
f 6022 5407 6021
f 6021 5407 6023
f 6031 6021 6032
f 6021 6023 6032
f 6023 5407 5409
f 6016 5407 6022
f 5681 6024 6025
f 5407 5681 5409
f 5681 6025 5682
f 6017 6079 6024
f 6018 6017 5681
f 5670 5671 5681
f 6026 5684 5673
f 5672 5684 5675
f 6036 5684 6026
f 5685 6027 5684
f 5684 6027 5675
f 6027 5414 5675
f 5411 5686 5408
f 5696 5687 5686
f 5685 5414 6027
f 5687 5410 6020
f 5687 6020 5677
f 6028 5784 5688
f 6037 5784 6028
f 5696 5410 5687
f 6029 6030 5777
f 6030 6031 5413
f 5680 6030 6029
f 6032 5409 6031
f 6031 5409 6033
f 5413 6031 6040
f 6031 6033 6040
f 6033 5409 5412
f 6023 5409 6032
f 5689 6034 6035
f 5409 5689 5412
f 5689 6035 5690
f 6024 6080 6034
f 6025 6024 5689
f 5681 5682 5689
f 5695 5694 6036
f 6036 5694 5684
f 5692 6036 5693
f 5684 5694 5685
f 5691 5695 6036
f 5694 5695 5685
f 5695 5706 5685
f 5414 5696 5411
f 5706 5697 5696
f 6044 6045 5697
f 5697 6045 5410
f 5697 5410 5696
f 6045 6037 5410
f 6030 6038 5698
f 6039 5699 5710
f 6030 6039 6038
f 6040 5412 5699
f 5699 5412 6041
f 6040 5699 6039
f 5710 5699 6046
f 5699 6041 6046
f 6041 5412 5416
f 6033 5412 6040
f 5700 6042 6043
f 5412 5700 5416
f 5700 6043 5701
f 6034 6080 6042
f 6035 6034 5700
f 5689 5690 5700
f 5705 5703 5702
f 5702 5703 5691
f 5779 5702 6036
f 5691 5703 5695
f 5703 5705 5695
f 5705 5704 5695
f 6062 6045 5707
f 5707 6045 6044
f 5707 6044 5697
f 6051 6052 6045
f 5708 5710 5418
f 5418 6053 5709
f 6039 5710 5708
f 6046 5416 5710
f 5710 5416 6047
f 5418 5710 5711
f 5710 6047 5711
f 6041 5416 6046
f 5712 6048 6049
f 5416 5712 6047
f 5712 6049 5713
f 6042 6081 6048
f 6043 6042 5712
f 5700 5701 5712
f 5419 5716 5714
f 5714 5716 5702
f 5715 5714 5702
f 5702 5716 5705
f 5716 5419 5705
f 5419 6050 5705
f 5704 5717 5707
f 6050 5718 5717
f 5717 5718 5707
f 5718 6062 5707
f 6063 5782 6052
f 5807 6063 6051
f 5711 6054 6053
f 5709 5802 5420
f 6053 6054 5422
f 5418 5711 6053
f 6055 6056 5711
f 5711 6056 6054
f 6047 6056 6055
f 5713 6049 6047
f 6047 6049 5424
f 6056 6057 5423
f 6049 6048 5424
f 5712 5713 6047
f 6059 5346 5714
f 5427 6058 5344
f 6058 6059 5344
f 5344 6059 5714
f 5714 5346 5419
f 5805 6059 6058
f 5429 6061 6060
f 5346 6060 5419
f 6061 5720 6050
f 5806 5720 6061
f 5719 5807 6051
f 5431 5719 5720
f 5720 6062 6050
f 5809 5782 6063
f 5808 5809 5807
f 5431 5807 5719
f 6077 6072 6082
f 6048 6064 5424
f 6048 6082 6064
f 6064 6082 5804
f 5804 6065 5448
f 5804 6082 6065
f 6065 6082 6066
f 6066 6082 6067
f 6067 6082 6068
f 6068 6082 6069
f 6069 6082 6070
f 6070 6082 6071
f 6071 6072 6073
f 6073 6072 6074
f 6074 6072 6075
f 6075 6072 6076
f 6076 6077 6078
f 6078 6077 6079
f 6079 6077 6080
f 6080 6077 6081
f 6081 6077 6048
f 6616 6668 7265
f 6617 6668 6616
f 6710 6668 6617
f 6644 7306 7308
f 7306 6645 7303
f 6224 7301 6645
f 7319 6644 7308
f 6644 7319 7326
f 6866 6850 6236
f 6882 6282 6898
f 6282 6295 6283
f 6310 6340 6325
f 6977 6365 6995
f 6365 6377 7013
f 6403 6377 6650
f 6650 6651 6403
f 6652 6090 6144
f 6651 7376 7399
f 6403 7399 7381
f 6653 6655 7428
f 7432 6441 7431
f 7434 6441 7432
f 6655 7434 7428
f 7320 6653 7429
f 6455 6655 7095
f 7094 7095 6655
f 6483 7094 7135
f 6483 7109 7094
f 7135 6512 7151
f 6512 6526 6513
f 6527 6096 6656
f 6527 6097 6541
f 6554 7180 6541
f 6541 6097 6657
f 6570 6098 6658
f 6658 6098 6659
f 6584 6570 6660
f 6584 7211 6570
f 6660 6658 6661
f 6666 6660 6662
f 6592 6666 7263
f 6728 6319 6663
f 6663 6114 6949
f 6326 6663 6949
f 6604 6666 6665
f 6665 6099 6667
f 6204 7469 7468
f 6618 7476 6110
f 6618 7480 7476
f 6741 7318 7480
f 6669 6671 6670
f 6108 6669 6191
f 6609 6669 6615
f 6669 6200 6671
f 6452 6731 7069
f 6731 6672 6443
f 6442 6731 6443
f 6641 6640 6673
f 6640 6579 6673
f 6673 7212 6674
f 6673 6571 6641
f 6624 6677 6676
f 6677 6626 6625
f 6678 6630 6391
f 6738 6678 6629
f 6679 6681 6680
f 6122 6679 6514
f 6740 6637 6679
f 6123 6679 6637
f 6679 7160 6681
f 6205 6682 6683
f 6744 6619 6682
f 6212 6682 6619
f 6664 6686 6114
f 6663 6685 6664
f 6348 6686 6350
f 6341 6686 6342
f 6449 6687 6450
f 7103 6633 6687
f 6687 6633 6688
f 6450 6457 6456
f 6689 6691 6673
f 6578 6690 6689
f 6690 6709 6691
f 6267 6692 6693
f 6626 6677 6692
f 6891 6692 6677
f 6630 6696 6695
f 6412 6631 6695
f 6514 6697 7169
f 6638 6697 6680
f 6684 6700 6225
f 6682 6699 6684
f 6701 6620 6220
f 6220 6621 6700
f 6702 6705 6704
f 6348 6627 6686
f 6360 6702 6348
f 6704 6978 6627
f 6688 6707 6706
f 6479 6707 6633
f 6707 6121 6634
f 6707 6635 6708
f 6709 6643 6691
f 6709 7254 6710
f 6709 6593 6643
f 6305 6725 6711
f 6113 6711 6296
f 6692 6305 6694
f 6631 6712 6118
f 6126 6714 6697
f 6125 6714 7182
f 6125 6697 6714
f 6716 6639 6714
f 6700 6717 6851
f 6621 6620 6717
f 6247 6623 6717
f 6717 6238 6237
f 6851 6717 6237
f 6718 6720 6704
f 6703 6719 6718
f 6719 6628 6720
f 6366 6720 6367
f 6495 6635 6121
f 6635 6494 6723
f 6723 6636 6724
f 6635 6485 6484
f 6722 6635 6484
f 6726 6312 6311
f 6712 6729 6119
f 6423 6729 6713
f 7068 6119 6729
f 6730 6632 6429
f 6428 6730 6429
f 6127 6732 7198
f 7204 6732 6716
f 7204 6733 6732
f 6564 6734 6733
f 6732 6641 6555
f 7198 6732 6555
f 6247 6625 6622
f 6246 6735 6247
f 6623 6251 6238
f 6720 6736 6378
f 6629 6391 6736
f 6509 6508 6739
f 6739 6123 6637
f 6739 6122 6499
f 7137 6739 6499
f 7279 6618 6110
f 6614 6604 6741
f 6741 6665 6742
f 6213 6744 6743
f 6111 6743 6205
f 6671 6743 6670
f 6671 6213 6743
f 6170 6169 6142
f 6089 6170 6142
f 7335 6169 6170
f 7339 6169 7338
f 6659 6171 6152
f 6172 6188 6745
f 6746 7375 7366
f 6746 7426 6090
f 6143 6142 6746
f 7383 6169 7339
f 7383 7375 6169
f 7372 7390 6746
f 6746 7390 7394
f 6154 6152 6747
f 6747 6106 6748
f 6748 6107 6747
f 7419 7392 6144
f 6090 7426 7422
f 7330 6644 7326
f 6662 6153 6749
f 6154 6107 6749
f 6107 6168 6749
f 6750 7359 7361
f 6750 7363 7367
f 7363 6750 7361
f 6646 6752 6083
f 6646 7330 7380
f 7359 6130 7380
f 6130 7367 7393
f 6751 6749 6173
f 6173 7323 7409
f 6751 6173 6754
f 6752 6130 6753
f 6753 7393 7433
f 7435 6753 7433
f 6753 7435 7439
f 6753 7439 7443
f 6753 7443 7345
f 6752 6753 6175
f 6754 7286 7299
f 6754 7287 7286
f 6754 7292 7287
f 6741 7296 7297
f 6754 7299 7296
f 6742 6174 6754
f 6173 7292 6754
f 6173 7307 7304
f 6654 7310 7312
f 6654 7320 7316
f 6176 7321 7324
f 6176 6654 7312
f 6175 6156 6177
f 6084 6175 6132
f 6132 6177 6178
f 6755 6176 6756
f 6756 6176 7331
f 6654 6179 6091
f 6179 6176 6755
f 6176 7324 7331
f 6756 7285 7290
f 6756 7290 7295
f 6105 6756 7295
f 6085 6178 6757
f 6177 6156 6785
f 6105 6758 6180
f 6091 6179 6180
f 6760 6101 6761
f 6086 6101 6760
f 6761 6101 6762
f 6760 6762 6134
f 6181 6180 6763
f 6092 6180 6181
f 6136 6134 6764
f 6764 6762 6765
f 6765 6762 6766
f 6136 6102 6135
f 6182 6181 6767
f 6093 6181 6182
f 6181 6788 6767
f 6138 6135 6768
f 6135 6102 6768
f 6769 6158 6102
f 6183 6182 6770
f 6094 6182 6183
f 6182 6187 6770
f 6187 6162 6770
f 6184 6138 6771
f 6649 6137 6139
f 6772 6159 6771
f 6185 6183 6773
f 6095 6183 6185
f 6774 6163 6773
f 6087 6184 6775
f 6776 6103 6775
f 6186 6185 6777
f 6656 6185 6150
f 6778 6164 6777
f 6141 6779 6780
f 6088 6140 6779
f 6140 6775 6780
f 6780 6104 6170
f 6151 6782 6781
f 6657 6186 6782
f 6783 6165 6781
f 6781 6188 6172
f 6151 6172 6171
f 6168 7322 7323
f 7348 6100 7345
f 6156 7384 7386
f 6156 7388 7384
f 6157 7397 7388
f 6100 7348 7397
f 6105 7298 7413
f 6785 7417 7420
f 7417 6785 7421
f 6785 7430 7421
f 6785 7386 7430
f 6785 7420 7442
f 6787 6759 7444
f 6759 7448 7444
f 6759 7449 7448
f 6759 7413 7449
f 6787 7446 7455
f 6784 7456 7461
f 6784 7462 7456
f 6762 6785 6784
f 6785 7442 7462
f 6766 7461 7479
f 6786 7482 7483
f 6786 7485 7482
f 6787 7455 7485
f 6788 7483 7300
f 6791 7488 7498
f 6791 7495 7488
f 6766 6791 6102
f 6766 7479 7495
f 6791 7498 7328
f 6161 6790 6789
f 6789 7288 7291
f 6790 7293 7289
f 6790 6788 7300
f 6790 7305 7294
f 6789 7309 7311
f 6161 6792 6187
f 7315 6791 7314
f 7314 6791 7317
f 6158 6159 6772
f 6791 7328 7317
f 7337 6791 7315
f 6792 7340 7344
f 6792 7347 7341
f 6792 7353 7349
f 6792 7357 7358
f 7362 6159 7360
f 7360 6159 7365
f 6159 6103 6776
f 7365 6159 7337
f 7389 6159 7362
f 6793 7395 7400
f 6793 7402 7396
f 6163 6164 6778
f 6774 6162 6163
f 6793 7408 7403
f 6793 7412 7414
f 7416 6103 7415
f 7415 6103 7418
f 6103 7424 7423
f 7418 6103 7389
f 7416 7424 6103
f 6793 7436 7438
f 6793 7440 7437
f 6164 6165 6783
f 6793 7447 7441
f 6793 7450 7451
f 7453 6104 7452
f 7452 6104 7454
f 7454 6780 7457
f 6103 7457 6780
f 6795 7471 7475
f 6795 7477 7472
f 6795 7484 7478
f 6795 7489 7493
f 7497 7335 6104
f 7497 6104 7453
f 6796 7486 7490
f 6796 7491 7487
f 6745 6166 6106
f 6745 6188 6794
f 6794 7496 7492
f 6189 7499 7336
f 6166 7494 6190
f 6167 6190 6107
f 6167 6166 6190
f 6166 7333 7332
f 6189 7336 7333
f 6797 7368 7369
f 6168 7369 7379
f 6107 6190 6797
f 6190 7373 6797
f 6111 6800 6191
f 6800 6109 6191
f 6192 6194 6801
f 6801 6197 6802
f 6801 6193 7268
f 6803 6199 6196
f 6196 6199 6804
f 6196 6198 7270
f 6196 7270 6197
f 6805 6806 7460
f 6200 6805 7325
f 6805 7272 6806
f 6202 7465 6201
f 6809 7474 6808
f 6808 7470 7466
f 6810 6110 6204
f 6810 7468 7474
f 6812 6813 6206
f 6813 6799 6798
f 6206 6798 6111
f 6814 6194 6799
f 6814 6816 6815
f 6815 6803 6817
f 6815 6195 6194
f 6815 6216 6208
f 6208 6209 6818
f 6218 6211 6818
f 6818 6804 6199
f 6208 6199 6803
f 6819 7325 7481
f 6213 7481 6212
f 6213 6200 6819
f 6822 6823 6821
f 6683 6206 6205
f 6112 6821 6683
f 6823 6812 6811
f 6821 6811 6206
f 6824 6816 6812
f 6824 6826 6825
f 6825 6216 6827
f 6825 6207 6816
f 6825 6228 6215
f 6215 6217 6828
f 6230 6218 6828
f 6828 6818 6209
f 6215 6209 6216
f 6212 6232 6220
f 6212 7481 6829
f 7352 6829 7329
f 6232 6219 6220
f 6831 6830 7364
f 7377 6221 7356
f 7364 6830 7382
f 7391 6831 7371
f 6830 6222 6846
f 7404 6833 7401
f 7406 6833 7404
f 7401 6832 6223
f 7313 6833 7406
f 6833 6644 6834
f 6841 6838 6837
f 6225 6836 6835
f 6838 6822 6820
f 6837 6820 6112
f 6839 6826 6822
f 6839 6841 6840
f 6840 6228 6842
f 6840 6214 6826
f 6840 6242 6227
f 6227 6229 6843
f 6245 6230 6843
f 6843 6828 6217
f 6227 6217 6228
f 6231 6844 6220
f 6219 6232 6233
f 6847 6846 6222
f 6233 6862 6844
f 6233 6846 6847
f 6222 6223 6848
f 6847 6863 6234
f 6233 6234 6862
f 6848 6864 6847
f 6848 6832 6849
f 6849 6834 6236
f 6849 6235 6864
f 6851 6225 6700
f 6851 6835 6836
f 6851 6836 6225
f 6852 6855 6854
f 6854 6242 6856
f 6854 6226 6841
f 6854 6257 6241
f 6241 6243 6857
f 6259 6245 6857
f 6857 6843 6229
f 6241 6229 6242
f 6247 6858 6859
f 6701 6844 6858
f 6858 6844 6860
f 6860 6844 6862
f 6863 6879 6861
f 6860 6249 6859
f 6862 6234 6863
f 6863 6864 6250
f 6861 6878 6249
f 6865 6850 6866
f 6866 6882 6865
f 6250 6865 6880
f 6251 6868 6238
f 6251 6252 6867
f 6868 6852 6851
f 6868 6851 6239
f 6868 6239 6238
f 6869 6254 6871
f 6871 6257 6872
f 6871 6240 6855
f 6870 6855 6852
f 6871 6271 6256
f 6256 6258 6873
f 6274 6259 6873
f 6873 6857 6243
f 6256 6243 6257
f 6261 6875 6260
f 6261 6246 6874
f 6874 6859 6877
f 6877 6262 6876
f 6262 6263 6875
f 6877 6249 6878
f 6878 6880 6264
f 6265 6895 6263
f 6264 6880 6266
f 6881 6865 6882
f 6882 6898 6881
f 6264 6896 6265
f 6267 6251 6625
f 6267 6883 6884
f 6886 6268 6885
f 6885 6253 6252
f 6885 6252 6251
f 6268 6254 6253
f 6887 6269 6888
f 6887 6255 6254
f 6888 6287 6270
f 6270 6272 6889
f 6289 6274 6889
f 6889 6873 6258
f 6270 6258 6271
f 6276 6875 6890
f 6890 6875 6892
f 6892 6875 6894
f 6891 6275 6292
f 6895 6280 6893
f 6277 6278 6891
f 6894 6263 6895
f 6895 6265 6279
f 6893 6911 6278
f 6897 6283 6896
f 6897 6881 6898
f 6900 6901 6899
f 6693 6883 6267
f 6113 6899 6693
f 6902 6284 6901
f 6899 6884 6883
f 6284 6886 6884
f 6904 6285 6905
f 6904 6269 6887
f 6903 6887 6886
f 6905 6300 6286
f 6286 6288 6906
f 6303 6289 6906
f 6906 6889 6272
f 6286 6272 6287
f 6291 6907 6290
f 6275 6891 6909
f 6909 6891 6910
f 6909 6293 6907
f 6910 6278 6911
f 6911 6280 6281
f 6911 6281 6294
f 6911 6928 6910
f 6910 6927 6293
f 6294 6281 6912
f 6913 6283 6295
f 6913 6310 6912
f 6916 6917 6915
f 6311 6915 6296
f 6311 6914 6916
f 6918 6297 6917
f 6915 6900 6113
f 6297 6902 6900
f 6920 6298 6921
f 6920 6285 6904
f 6919 6904 6902
f 6921 6316 6299
f 6299 6301 6922
f 6318 6303 6922
f 6922 6906 6288
f 6299 6288 6300
f 6304 6290 6923
f 6923 6907 6926
f 6926 6306 6924
f 6927 6910 6928
f 6925 6928 6307
f 6925 6945 6943
f 6926 6943 6306
f 6929 6930 6928
f 6929 6912 6931
f 6931 6948 6930
f 6928 6309 6946
f 6933 6934 6312
f 6935 6313 6934
f 6312 6916 6914
f 6313 6918 6916
f 6937 6314 6938
f 6937 6298 6920
f 6936 6920 6918
f 6938 6331 6315
f 6315 6317 6939
f 6334 6318 6939
f 6939 6922 6301
f 6315 6301 6316
f 6942 6322 6941
f 6320 6955 6319
f 6945 6308 6946
f 6945 6946 6323
f 6945 6959 6944
f 6943 6944 6322
f 6323 6946 6324
f 6947 6930 6948
f 6948 6325 6947
f 6326 6932 6321
f 6949 6328 6950
f 6950 6933 6932
f 6327 6935 6933
f 6950 6328 6952
f 6952 6329 6953
f 6952 6314 6937
f 6951 6937 6935
f 6953 6345 6330
f 6330 6332 6954
f 6347 6334 6954
f 6954 6939 6317
f 6330 6317 6331
f 6319 6955 6335
f 6336 6955 6957
f 6956 6115 6335
f 6958 6973 6957
f 6336 6337 6115
f 6957 6944 6959
f 6958 6959 6338
f 6336 6972 6337
f 6960 6961 6959
f 6960 6947 6340
f 6960 6977 6961
f 6959 6339 6975
f 6342 6963 6341
f 6963 6328 6949
f 6963 6949 6341
f 6966 6343 6967
f 6966 6329 6952
f 6965 6952 6328
f 6967 6356 6344
f 6344 6346 6968
f 6359 6347 6968
f 6968 6954 6332
f 6344 6332 6345
f 6350 6335 6969
f 6969 6115 6971
f 6971 6989 6970
f 6349 6987 6360
f 6351 6972 6352
f 6352 6992 6351
f 6971 6351 6989
f 6352 6993 6992
f 6352 6975 6974
f 6976 6961 6977
f 6977 6995 6976
f 6974 6976 6993
f 6980 6981 6979
f 6627 6342 6686
f 6627 6978 6980
f 6982 6353 6981
f 6979 6962 6342
f 6353 6964 6962
f 6984 6354 6985
f 6984 6343 6966
f 6983 6966 6964
f 6985 6371 6355
f 6355 6357 6986
f 6373 6359 6986
f 6986 6968 6346
f 6355 6346 6356
f 6361 6987 6989
f 6361 6362 6116
f 6361 6989 6991
f 6989 6351 6990
f 6990 6993 6364
f 6990 6363 6991
f 6361 7007 6362
f 6994 6976 6995
f 6995 7013 6994
f 6364 7011 6363
f 6996 6997 6366
f 6366 6978 6704
f 6998 6368 6997
f 6366 6980 6978
f 6368 6982 6980
f 7000 6369 7001
f 7000 6354 6984
f 6999 6984 6982
f 7001 6382 6370
f 6370 6372 7002
f 6385 6373 7002
f 7002 6986 6357
f 6370 6357 6371
f 6719 6387 6721
f 6719 6116 7003
f 7003 6116 7006
f 7006 6374 7005
f 6374 6375 7004
f 7010 6991 6363
f 7009 6363 6376
f 7009 7026 6375
f 7009 7028 7008
f 7011 6994 7013
f 7015 7016 6378
f 6378 6367 6720
f 6378 7014 7015
f 7017 6379 7016
f 6378 6996 6367
f 6379 6998 6996
f 7019 6380 7020
f 7019 6369 7000
f 7018 7000 6998
f 7020 6395 6381
f 6381 6383 7021
f 6397 6385 7021
f 7021 7002 6372
f 6381 6372 6382
f 6737 6386 6738
f 6737 7004 7022
f 7022 7004 7024
f 7024 7004 7025
f 7024 6388 7023
f 7025 6375 7026
f 7027 7008 7028
f 7026 7028 6389
f 6390 7043 6388
f 6389 7028 7030
f 7029 7012 7013
f 7013 6403 7030
f 6389 7044 6390
f 7032 7033 7031
f 6117 7031 6391
f 7034 6392 7033
f 7031 7015 7014
f 6392 7017 7015
f 7036 6393 7037
f 7036 6380 7019
f 7035 7019 7017
f 7037 6407 6394
f 6394 6396 7038
f 6410 6397 7038
f 7038 7021 6383
f 6394 6383 6395
f 6400 6386 7041
f 7041 7023 7042
f 7039 6398 6399
f 7043 6401 7042
f 7042 6388 7043
f 7043 6390 6401
f 7044 7030 6403
f 6402 7045 7459
f 6401 6402 7370
f 7048 7049 7047
f 6118 7047 6695
f 6118 7046 7048
f 7050 6404 7049
f 7047 7032 6117
f 6404 7034 7032
f 7052 6405 7053
f 7052 6393 7036
f 7051 7036 7034
f 7053 6419 6406
f 6406 6408 7054
f 6421 6410 7054
f 7054 7038 6396
f 6406 6396 6407
f 7055 7056 7464
f 7056 7467 7464
f 6413 7055 6412
f 6413 6399 7056
f 6399 6398 7473
f 7040 7350 7346
f 7042 7354 7351
f 6401 7370 7355
f 6402 7378 7374
f 6416 7057 6414
f 6414 7046 6118
f 7058 6417 7057
f 6414 7048 7046
f 6417 7050 7048
f 6417 7058 7059
f 7059 7065 7060
f 7059 6405 7052
f 7059 7052 7050
f 7060 6434 6418
f 6418 6420 7061
f 6437 6421 7061
f 7061 7054 6408
f 6418 6408 6419
f 6424 6411 7385
f 6423 7387 7410
f 6425 7072 7427
f 6429 7062 6428
f 7063 6430 7062
f 7062 6416 6415
f 7062 6415 6428
f 6430 7058 6416
f 6430 6431 7065
f 7065 6432 7066
f 7066 6446 6433
f 6433 6435 7067
f 6448 6437 7067
f 7067 7061 6420
f 6433 6420 6434
f 7068 6422 6438
f 6438 6439 7070
f 7069 7085 6452
f 6439 6440 7069
f 6438 7072 7071
f 6438 6426 7072
f 7073 6425 7074
f 6438 7091 6440
f 7074 6453 7073
f 7076 6427 7445
f 7463 7076 7458
f 7431 7076 7463
f 7075 7076 7093
f 7074 7093 6453
f 7078 7079 7077
f 6443 7078 7077
f 7079 6431 7063
f 7080 7082 7081
f 7080 7078 7082
f 7081 7100 7083
f 7081 6432 6431
f 7083 6462 6445
f 6445 6447 7084
f 6465 6448 7084
f 7084 7067 6435
f 6445 6435 6446
f 6451 7086 6450
f 7085 7069 7088
f 7088 7069 7090
f 7091 6453 7092
f 7091 6469 7089
f 7090 7107 7086
f 7092 7076 6455
f 7092 6454 7108
f 7092 7108 6469
f 6456 6457 7096
f 7097 7078 6444
f 7097 6444 6672
f 7098 6459 7100
f 7100 6460 7101
f 7099 7082 7078
f 7101 6475 6461
f 6461 6463 7102
f 6477 6465 7102
f 7102 7084 6447
f 6461 6447 6462
f 6466 6449 7105
f 7105 7086 7106
f 7105 6467 7104
f 7107 7089 6469
f 7106 6468 6467
f 6706 6457 6687
f 6706 7110 7111
f 7113 6472 7112
f 7112 6458 6457
f 6472 6459 6458
f 7114 6473 7115
f 7114 6460 6459
f 7115 6490 6474
f 6474 6476 7116
f 6493 6477 7116
f 7116 7102 6463
f 6474 6463 6475
f 6479 6120 7117
f 7117 6120 7118
f 6479 7129 6478
f 6480 6481 7129
f 7118 6468 7119
f 7119 6470 6471
f 7119 6471 6482
f 7119 7132 7118
f 7118 7131 6481
f 6482 6471 7120
f 7121 7109 6483
f 7121 7135 7120
f 6487 7123 6484
f 6722 6706 6708
f 6484 6486 7122
f 7124 6488 7123
f 6484 7111 7110
f 6484 7110 6706
f 6488 7113 7111
f 6488 7124 7125
f 7125 7140 7126
f 7125 6473 7114
f 7125 7114 7113
f 7126 6505 6489
f 6489 6491 7127
f 6507 6493 7127
f 7127 7116 6476
f 6489 6476 6490
f 6121 6478 6495
f 7129 6496 7128
f 6495 7143 6494
f 7131 7118 7132
f 6497 7132 6498
f 7130 6497 6496
f 7133 7134 7132
f 7133 7120 7135
f 7135 7151 7134
f 7132 7150 7149
f 7137 6485 6724
f 7138 6501 7137
f 7137 6487 6486
f 7137 6486 6485
f 6501 7124 6487
f 6501 6502 7140
f 7140 6503 7141
f 7141 6518 6504
f 6504 6506 7142
f 6521 6507 7142
f 7142 7127 6491
f 6504 6491 6505
f 6509 6494 7143
f 7145 7143 7146
f 6509 6124 6508
f 7145 6510 6124
f 7146 6497 7147
f 7147 6511 7146
f 7146 7163 6510
f 7150 6513 7149
f 7150 7134 7151
f 7149 6513 7165
f 7149 7165 6511
f 6514 7152 7153
f 7155 6515 7154
f 7154 6500 6499
f 7154 6499 6122
f 6515 6502 6500
f 7156 6516 7157
f 7156 6503 6502
f 7157 6531 6517
f 6517 6519 7158
f 6533 6521 7158
f 7158 7142 6506
f 6517 6506 6518
f 7159 6124 7162
f 7162 6522 7161
f 7160 6534 6681
f 7163 7146 6511
f 6523 6511 7164
f 7162 6523 6522
f 7164 6513 6526
f 7167 6527 7166
f 7164 6525 7179
f 7164 7179 6538
f 7171 7170 7169
f 7169 7152 6514
f 7171 6528 7170
f 7169 7153 7152
f 6528 7155 7153
f 7173 6529 7174
f 7173 6516 7156
f 7172 7156 7155
f 7174 6545 6530
f 6530 6532 7175
f 6548 6533 7175
f 7175 7158 6519
f 6530 6519 6531
f 6697 6549 6126
f 6534 7176 6697
f 7177 7160 6535
f 6536 6537 7176
f 6535 6523 7178
f 7178 6538 6539
f 7178 7194 6537
f 7179 7166 7180
f 7179 6540 7195
f 7184 7183 7182
f 7182 7168 6125
f 7184 6542 7183
f 7183 7171 7168
f 7186 6543 7187
f 7186 6529 7173
f 7185 7173 7171
f 7187 6560 6544
f 6544 6546 7188
f 6562 6548 7188
f 7188 7175 6532
f 6544 6532 6545
f 6715 7176 7189
f 7189 7176 7191
f 7191 7176 7193
f 7194 6552 7192
f 7191 6550 7190
f 7193 6537 7194
f 7194 7178 7195
f 7194 7195 6551
f 7192 7208 6550
f 7196 7197 7195
f 7196 7180 6554
f 6554 6098 7197
f 7195 6553 7209
f 6555 6556 7198
f 7198 6128 6557
f 7199 7184 7181
f 7198 7181 6127
f 6557 6558 7200
f 7200 7216 7201
f 7200 6543 6542
f 7200 6542 7184
f 7201 6574 6559
f 6559 6561 7202
f 6577 6562 7202
f 7202 7188 6546
f 6559 6546 6560
f 6564 7205 6563
f 6564 7204 7203
f 7203 7190 7207
f 7207 6565 7206
f 6565 6566 7205
f 7207 6550 7208
f 7208 6552 7209
f 7208 7209 6567
f 6568 7225 6566
f 6567 7209 6569
f 7210 7197 7211
f 6567 7226 6568
f 6571 7213 6641
f 7212 6129 7214
f 7213 6128 6556
f 7213 6556 6641
f 7214 6558 6128
f 7214 7217 7216
f 7216 7234 7218
f 7218 6586 6573
f 6573 6575 7219
f 6588 6577 7219
f 7219 7202 6561
f 6573 6561 6574
f 6579 7221 6578
f 6579 7205 7220
f 6579 6563 7205
f 7220 7205 7222
f 7222 7205 7224
f 7225 6582 7223
f 7222 6580 7221
f 7224 6566 7225
f 7225 6568 6581
f 7223 7241 6580
f 7227 7228 7226
f 7227 7210 6584
f 7227 6592 7228
f 7231 7232 7230
f 7230 6129 6572
f 7230 6572 7212
f 7232 7217 6129
f 7232 7235 7234
f 7234 7249 7236
f 7236 6596 6585
f 6585 6587 7237
f 6599 6588 7237
f 7237 7219 6575
f 6585 6575 6586
f 6690 6578 7238
f 7238 7221 7240
f 7240 6589 7239
f 7253 6600 6601
f 7241 7260 6590
f 7240 6580 7241
f 7241 6582 6583
f 7241 6583 6591
f 7240 6590 6589
f 6591 6583 7242
f 7243 7228 7244
f 7244 7263 7243
f 7242 7243 7261
f 7246 7247 6593
f 6643 6642 6691
f 7247 7231 7229
f 6593 7229 6642
f 7247 7235 7231
f 7247 7250 7249
f 7249 6594 7251
f 7251 6606 6595
f 6595 6597 7252
f 6608 6599 7252
f 7252 7237 6587
f 6595 6587 6596
f 7256 7253 7257
f 7257 6590 7258
f 7258 7261 6602
f 7258 6603 7259
f 7257 7259 7256
f 7262 7243 7263
f 7263 6614 7262
f 7265 7245 6616
f 6108 6191 7264
f 7264 6109 7265
f 7265 6109 7267
f 7266 7246 7245
f 7267 7250 7246
f 7268 6193 7269
f 7268 6594 7250
f 7269 6197 6605
f 7270 6198 7271
f 7271 6608 7270
f 7270 7252 6597
f 6605 6597 6606
f 6610 7272 6609
f 6611 7254 6610
f 7273 6202 6201
f 6612 7276 7275
f 7274 7259 7276
f 7277 6807 7275
f 6612 6203 6202
f 6613 6602 7278
f 7277 6603 6602
f 7279 7262 6614
f 7278 6110 6809
f 7278 6809 6808
f 7282 7281 6302
f 7283 7282 6409
f 7284 7283 6520
f 7281 7284 6607
f 6210 7271 6804
f 6244 6218 6230
f 6273 6244 6259
f 6302 6273 6289
f 6333 6302 6318
f 6358 6333 6347
f 6384 6358 6373
f 6409 6384 6397
f 6436 6409 6421
f 6464 6436 6448
f 6492 6464 6477
f 6520 6492 6507
f 6547 6520 6533
f 6576 6547 6562
f 6598 6576 6588
f 6607 6598 6608
f 7410 7473 7481
f 7488 7313 7422
f 7482 7405 7322
f 7522 8088 8016
f 8033 7713 8089
f 8033 8089 7522
f 8721 8279 8090
f 8724 8721 8090
f 8090 8279 8292
f 8736 8726 8091
f 8042 8090 8292
f 8092 8091 8090
f 8093 7500 8091
f 8093 8092 8042
f 7501 8093 8094
f 8325 8042 8309
f 8094 8093 8042
f 8198 7631 8093
f 8045 8094 8325
f 8095 7501 8094
f 7502 8095 8045
f 8049 8045 8046
f 8096 7502 8045
f 7503 8096 8049
f 8051 8049 8359
f 8097 7503 8049
f 7504 8097 8051
f 8053 8051 8371
f 8098 7504 8051
f 8099 8098 8053
f 8056 8053 8054
f 8100 8099 8053
f 7638 7639 8099
f 8058 8056 8400
f 8101 8100 8056
f 7640 7641 8100
f 7505 8101 8102
f 8425 8058 8411
f 8102 8101 8058
f 8229 7642 8101
f 8062 8102 8425
f 8103 7505 8102
f 8104 8103 8062
f 7506 8104 8106
f 8105 8062 8063
f 8106 8104 8062
f 8185 7645 8104
f 8106 8105 8456
f 8065 8106 8456
f 8107 7506 8106
f 7507 8107 8065
f 8787 8110 8109
f 7870 8065 8471
f 8108 7507 8065
f 8110 7507 8109
f 8110 8804 8831
f 8108 8811 8787
f 8841 8111 8112
f 8848 7894 8111
f 8111 8841 8848
f 8737 8112 7648
f 8111 7894 8515
f 8071 8111 8515
f 7509 7508 8113
f 7509 8113 8071
f 8073 8071 8529
f 8114 7509 8071
f 7510 8114 8073
f 8075 8073 8546
f 8115 7510 8073
f 7511 8115 8075
f 8078 8075 8561
f 8116 7511 8075
f 7512 8116 8078
f 8080 8078 8574
f 8117 7512 8078
f 7513 8117 8080
f 8082 8080 8587
f 8118 7513 8080
f 7514 8118 8082
f 8083 8082 8602
f 8119 7514 8082
f 7515 8119 8083
f 8084 8083 8617
f 8120 7515 8083
f 8121 8120 8084
f 7516 8121 8122
f 8647 8084 8634
f 8122 8121 8084
f 8188 7660 8121
f 8086 8122 8647
f 8123 7516 8122
f 8124 8123 8086
f 7517 8124 8126
f 8125 8086 8661
f 8126 8124 8086
f 8193 7663 8124
f 8126 8125 8692
f 7797 7816 8055
f 7790 7797 8055
f 8037 8126 8692
f 8129 7517 8126
f 8130 8129 8037
f 7716 8884 8885
f 8893 7716 8887
f 8898 8182 8893
f 8036 8898 8735
f 8034 8259 8131
f 7703 8131 7702
f 7701 8131 7522
f 8070 8069 8133
f 8069 7913 8133
f 7896 8070 8133
f 7895 8133 7579
f 7993 8002 8642
f 8142 8002 7993
f 7996 8142 7995
f 7760 8047 8134
f 7849 8136 7848
f 8136 7865 8179
f 8136 7864 7865
f 8067 8136 8457
f 7600 8137 7951
f 8081 8139 8138
f 8081 8138 7600
f 7953 7951 7952
f 7727 7728 8039
f 8128 8140 8057
f 8060 7815 8140
f 7558 8140 8401
f 8141 8069 8070
f 8072 7912 8141
f 7908 8072 8141
f 8006 8085 8142
f 8143 8011 7621
f 7996 8006 8142
f 7768 7784 8048
f 8067 8145 8066
f 8145 7877 8481
f 7859 7871 8145
f 8147 7972 7973
f 8160 8147 7976
f 7965 8147 7964
f 7963 8147 7600
f 7739 8040 7728
f 8148 7528 8040
f 8286 8287 8148
f 7740 8148 8280
f 7822 8149 8060
f 8149 8059 8060
f 8059 8419 8060
f 8150 7829 7561
f 7561 8061 8150
f 7919 8151 8072
f 8072 8152 7912
f 7919 8153 8152
f 7621 8154 8087
f 8155 8024 8154
f 8016 8035 8155
f 8482 8170 8158
f 7575 8159 7877
f 7983 7972 8160
f 8603 8160 7976
f 7746 8041 7531
f 8293 8043 7746
f 8164 8061 7833
f 8164 7843 8150
f 7834 8064 8164
f 7833 7834 8164
f 8074 8165 7919
f 8165 8153 7919
f 7928 7590 8547
f 8547 7590 7921
f 8156 8167 8052
f 8167 8157 8052
f 8168 8127 7794
f 7790 8055 8168
f 7778 8168 8167
f 7879 8169 7878
f 8169 8068 7878
f 7879 7579 8169
f 7606 8171 8162
f 8171 8161 8162
f 7993 7991 8172
f 8044 8175 8173
f 7537 8173 8043
f 8173 7752 8043
f 7760 8173 8311
f 7566 8177 8064
f 8177 8164 8064
f 8179 7856 7854
f 7597 7947 8180
f 7928 8076 8077
f 7947 8076 8180
f 8079 7947 7951
f 7929 8180 7928
f 8182 8037 8692
f 8182 8130 8037
f 8183 8196 8130
f 7727 8132 8034
f 8184 7726 7727
f 8039 8184 7727
f 8187 7671 8186
f 8185 7671 8233
f 7671 8750 8751
f 8187 8186 8190
f 8188 7684 7683
f 7678 7679 7684
f 7678 7684 7682
f 8778 8187 8190
f 8189 7646 7507
f 7647 8185 7506
f 7646 8190 8185
f 8795 8187 8786
f 8783 8190 8802
f 8806 8190 8189
f 7682 7661 8124
f 7662 8188 7516
f 7661 7682 8188
f 7680 8192 8191
f 7686 7682 7687
f 8835 7685 7507
f 7685 8839 8806
f 8193 7686 7687
f 8194 8191 7686
f 7521 7680 8191
f 7521 8194 7688
f 8775 8195 8779
f 8775 8773 8195
f 8793 7500 7630
f 8771 8793 7629
f 8779 7689 8805
f 8196 7664 8130
f 7665 8193 7517
f 7664 7688 8193
f 8196 7521 7688
f 8820 7521 8197
f 8197 8196 8200
f 8201 8199 7629
f 8846 7689 8199
f 8849 8846 8199
f 8849 8199 8853
f 8853 8199 8857
f 8761 8199 7690
f 8200 8717 8704
f 8200 8705 8710
f 8200 8722 8197
f 8197 8722 8725
f 7649 8730 8728
f 7648 7508 7649
f 7649 8742 8739
f 8201 7632 7502
f 7632 8198 7501
f 7632 8201 8198
f 8205 8201 7633
f 8202 7649 7509
f 8203 8742 7649
f 8204 8708 8703
f 7635 7633 7503
f 7634 8201 7502
f 8206 7666 8205
f 7667 7666 8206
f 8206 8205 7635
f 8207 8202 7510
f 8239 8209 8213
f 8210 7635 7504
f 7636 7635 7503
f 7691 8206 7635
f 8211 7667 8206
f 8212 8207 7511
f 7650 8207 7510
f 7673 8239 8213
f 8213 8212 7651
f 7637 8210 7504
f 7637 7691 8210
f 8215 8211 7691
f 8214 7667 8211
f 8214 7637 7692
f 7653 7651 7512
f 7652 8212 7511
f 8218 8213 7651
f 8219 7673 8213
f 8219 8218 7653
f 8220 8214 7638
f 8220 8216 8214
f 8221 8220 8225
f 8225 8220 7693
f 8223 7653 7513
f 7654 7653 7512
f 8224 8219 7653
f 7669 8227 8226
f 7694 8225 7695
f 7656 7655 7514
f 7655 8223 7513
f 8228 8224 7655
f 8232 7675 8224
f 8232 8228 7656
f 8229 7694 7695
f 8230 8226 7694
f 8230 7669 8226
f 7658 7656 7515
f 7657 7656 7514
f 7520 7519 8232
f 7520 8232 7658
f 8233 7643 8104
f 7644 8229 7505
f 7643 8231 8229
f 8235 7658 8121
f 7659 7658 7515
f 8235 7520 7658
f 7677 8237 7684
f 7684 8235 7683
f 7521 8741 8740
f 8763 8761 7690
f 8796 7666 8798
f 8800 7666 8796
f 8809 7666 8800
f 8763 7666 8809
f 8204 8824 8716
f 8829 8238 8832
f 8829 8833 8238
f 8238 7666 7667
f 8798 7666 8843
f 8832 8238 8856
f 8858 8239 7696
f 7672 8863 8209
f 8209 8824 8204
f 7696 8869 8860
f 8871 7668 8876
f 8877 7668 8871
f 8856 7668 8877
f 8876 8240 8897
f 8239 8903 7696
f 8906 8240 8916
f 8913 8240 8906
f 8217 8240 7667
f 8897 8240 8913
f 8916 7697 8745
f 7674 8243 8239
f 8709 8706 8242
f 8707 8712 8243
f 7674 8239 7673
f 8718 8239 8243
f 8243 8723 8720
f 8729 8727 8241
f 8222 7697 8216
f 8745 7697 8734
f 8753 7697 7669
f 8760 8756 8244
f 8757 8764 8244
f 8764 8729 7518
f 8770 8769 8244
f 8227 7669 8221
f 8801 7669 7699
f 8812 8807 8246
f 8808 8815 8246
f 8245 7676 7519
f 7676 7698 7675
f 8815 8770 7698
f 8825 8823 8246
f 8828 7699 8837
f 8852 8850 8247
f 8851 8855 8245
f 7677 7519 7520
f 8855 8825 8245
f 8865 8864 8247
f 8872 8234 7670
f 8892 8888 8249
f 8889 8896 8248
f 8237 7677 7520
f 8896 8865 8248
f 8911 8907 8249
f 8915 7671 8751
f 8915 7670 7671
f 8908 8904 8251
f 8905 8910 8251
f 8250 7679 7678
f 7679 8249 7677
f 8910 8911 8249
f 8752 8917 8251
f 7680 8250 8192
f 8192 8250 7678
f 8748 8251 8250
f 8251 8749 8752
f 8759 8250 7681
f 8252 8781 8780
f 8744 7681 7521
f 8784 7681 8252
f 7700 7702 7701
f 7705 7704 7700
f 8255 7706 7704
f 7711 7707 7706
f 7625 8255 7705
f 7712 8258 8257
f 8683 8257 7709
f 7710 7708 7711
f 8875 8260 8259
f 8260 8030 7713
f 8881 7714 8260
f 8900 8687 7714
f 8886 7715 8882
f 7703 7717 7523
f 7718 7719 7727
f 7718 7720 7719
f 7702 7718 7703
f 7707 7721 8264
f 8254 8271 8262
f 8264 7721 8271
f 7707 7722 7721
f 7706 8264 7704
f 7724 7733 8266
f 8257 8266 8256
f 7708 7723 7707
f 7725 8267 8038
f 8267 8738 7726
f 8746 8267 7725
f 7727 8269 7728
f 7730 8270 8268
f 7730 8268 8263
f 8271 7524 8270
f 7722 7731 7524
f 7733 8274 8273
f 8266 8273 8265
f 7723 7732 7722
f 8287 8040 7528
f 8040 8276 8275
f 8040 7725 8038
f 8765 8275 8768
f 8276 7735 8768
f 7529 8277 7736
f 7737 8278 7735
f 8789 7735 8278
f 8803 8277 7529
f 8816 7738 7527
f 8813 7529 7738
f 8292 8279 7527
f 7729 7739 7728
f 8281 7533 7748
f 7741 7533 8281
f 7526 8280 8269
f 8269 8280 7729
f 8270 7741 7526
f 7525 7532 8282
f 7524 8282 8270
f 7731 7743 7525
f 8273 8284 8272
f 7732 7742 7731
f 8287 8276 7734
f 8288 7530 8276
f 8303 8286 7744
f 7536 8289 7745
f 8289 7737 7530
f 8289 7736 7737
f 8290 7529 7736
f 8292 7527 7738
f 8309 8292 7534
f 7740 7746 7531
f 8293 8295 7747
f 7748 8294 7740
f 8297 7748 7533
f 8296 8298 7748
f 7743 7538 7532
f 7750 8299 7538
f 7751 8300 7750
f 8284 7750 8283
f 7752 8303 8163
f 8163 7744 8041
f 8303 7536 8288
f 8304 8289 7536
f 8304 7535 8289
f 8305 8304 7540
f 8307 8308 8305
f 8308 8291 7535
f 7539 7534 8308
f 8325 8309 7539
f 7747 8173 7537
f 8311 8312 7760
f 7749 8313 8295
f 8295 8311 7747
f 7538 8314 8298
f 8298 8314 7749
f 8317 8318 8316
f 8300 7541 8318
f 8299 8317 8316
f 7757 8302 8175
f 8175 8302 7752
f 7545 8321 7758
f 8321 8305 7540
f 8323 8307 8305
f 7759 7539 8324
f 7760 8329 7768
f 7543 8328 8312
f 7542 7762 8315
f 7754 7761 7543
f 7755 7763 7762
f 8315 8330 7754
f 7765 7773 8333
f 7541 8333 8318
f 8318 7764 7755
f 8134 8335 8320
f 8134 8320 8044
f 8044 8320 7757
f 8335 7545 8320
f 8334 8134 7766
f 8336 8321 7545
f 8336 7544 8321
f 8337 8336 7547
f 8339 8340 8337
f 8340 8323 7544
f 8341 7759 8340
f 8343 8046 7759
f 8342 8341 8358
f 7768 8346 7777
f 7546 8345 8329
f 7761 7769 7546
f 7769 8362 7548
f 8348 7770 8347
f 7763 7771 7770
f 7773 8351 8350
f 8333 8350 8332
f 7764 7772 7763
f 7775 7766 8047
f 7774 8334 7766
f 8353 7547 8334
f 8354 8355 8353
f 8355 8337 7547
f 8355 8354 7549
f 8357 8358 7776
f 7776 8339 8337
f 8357 8342 8358
f 8371 8359 8370
f 7777 8373 8156
f 7548 8361 8346
f 8362 8375 7551
f 8364 7779 8363
f 7771 7780 7779
f 7770 8364 8347
f 7782 7793 8366
f 8350 8366 8349
f 7772 7781 7771
f 7783 8352 7774
f 8368 7549 8352
f 7552 8369 7786
f 8369 8355 7549
f 8369 7776 8355
f 7552 8370 7787
f 7787 8357 7776
f 8373 7789 7778
f 8375 8390 7555
f 7779 7550 8376
f 7780 7791 7550
f 7793 8379 8378
f 8366 8378 8365
f 7781 7792 7780
f 8393 7794 8127
f 7794 8381 8167
f 8167 7783 8157
f 8381 7553 8367
f 8380 7794 8393
f 8382 7785 7553
f 8383 7786 7785
f 8383 7552 7786
f 7796 8383 7795
f 8384 8385 7796
f 8387 8054 7788
f 8386 8385 8399
f 8388 7797 7789
f 8389 7808 7799
f 7555 8389 8374
f 8374 8388 7789
f 8390 8389 7555
f 8390 7800 8389
f 7554 7803 8391
f 7550 8391 8376
f 7791 7803 7554
f 7802 7804 7803
f 7792 7802 7791
f 8393 8127 7816
f 8395 7556 8380
f 8394 8393 7816
f 8397 7795 7556
f 8397 7796 7795
f 8396 7806 7557
f 8398 8384 8396
f 8398 8399 8384
f 8398 8386 8399
f 8411 8400 8410
f 8402 8401 7799
f 7808 7559 8402
f 7808 8402 7799
f 7798 7799 8401
f 7807 7809 7559
f 7803 8403 8391
f 8391 8403 7801
f 8405 8406 7810
f 8696 8406 8405
f 7804 7810 7803
f 7814 7815 8060
f 7814 8140 7815
f 8140 8407 7816
f 7817 7816 8407
f 7817 7557 8394
f 7820 8396 7557
f 8409 7821 7819
f 8409 8410 7821
f 7821 8398 8396
f 8425 8411 7560
f 7822 8427 7561
f 7559 8413 8401
f 7809 7823 7559
f 7825 8417 8415
f 7813 8418 8417
f 8406 8417 7812
f 7812 8416 7810
f 7810 7825 8404
f 7829 8420 7561
f 8419 7814 8060
f 7830 7818 7814
f 7830 7820 7818
f 8421 7819 7820
f 8423 8409 7819
f 7832 7560 8424
f 7561 8427 7833
f 8427 8429 7834
f 7834 7835 7566
f 7563 8428 8413
f 7824 7836 7563
f 7836 7837 7567
f 7562 8433 8415
f 8415 8431 7824
f 7838 8434 7839
f 7838 7841 8434
f 7827 8435 7838
f 8418 7838 7826
f 8417 7838 7562
f 7844 7845 8164
f 7843 8436 8150
f 8150 7828 7829
f 8437 7565 8420
f 7568 8438 7846
f 8438 7831 7565
f 8438 7564 7831
f 8455 8440 7847
f 7847 8423 7564
f 8442 8063 7832
f 8441 8440 8455
f 8429 8443 7848
f 7567 8444 8429
f 7837 7850 7571
f 7840 7851 8447
f 7840 8446 8432
f 8432 8445 7837
f 8448 7852 7840
f 8435 7569 8448
f 8434 8448 7840
f 7855 7856 8179
f 7854 8164 8179
f 7854 7843 7844
f 8450 8437 7843
f 8450 7568 8437
f 8451 8438 7568
f 8451 7847 8438
f 8452 8451 7572
f 8454 7858 8452
f 8454 8455 7858
f 7858 8455 7847
f 8454 8441 8455
f 8471 8456 8469
f 8457 8459 8067
f 7571 8458 8443
f 8443 8457 7849
f 7570 7860 8461
f 7850 8475 7573
f 7851 7861 7860
f 7570 8461 8446
f 8446 8460 7850
f 7863 7875 8464
f 7569 8464 8448
f 8448 8462 7852
f 7852 7862 7851
f 7865 7855 8179
f 7865 7854 7855
f 8894 7865 7864
f 7574 8467 8466
f 8467 8452 7572
f 8470 8469 7867
f 7867 8454 8452
f 8874 8470 7868
f 7868 8470 7869
f 8472 8474 7871
f 7871 8474 7575
f 7573 8473 8459
f 8459 8472 7859
f 8475 8484 7576
f 8477 7872 8476
f 7861 7873 7872
f 7875 8480 8479
f 8464 8479 8463
f 7862 7874 7861
f 8883 8481 8879
f 8145 7864 8146
f 8890 8894 7864
f 8810 8481 7876
f 7574 8894 8467
f 7866 8767 7867
f 7869 8785 7868
f 7868 8785 8790
f 8482 8490 7878
f 7576 8483 8474
f 8484 8492 7578
f 8486 7880 8485
f 7873 7881 7880
f 7872 8486 8476
f 7883 7890 8488
f 8479 8488 8478
f 7874 7882 7873
f 7876 8489 8797
f 7884 8158 8170
f 7876 7877 8158
f 8821 8489 7884
f 8834 8498 7885
f 7886 7887 7579
f 8490 7886 7879
f 8492 8506 8505
f 7880 7577 8493
f 7881 7888 7577
f 7890 8496 8495
f 8488 8495 8487
f 7882 7889 7881
f 7891 8498 7892
f 7891 7892 7581
f 7892 7884 8170
f 7892 8817 7884
f 7582 8500 8499
f 8500 7885 8498
f 8499 7893 7583
f 8502 8847 7885
f 8844 8502 7894
f 8503 7894 8502
f 8503 8502 7907
f 7887 7895 7579
f 7895 8504 7896
f 8504 7897 8070
f 8504 7898 7897
f 8505 8504 8491
f 8491 8504 7887
f 8506 7899 8505
f 7580 7584 8507
f 7577 8507 8493
f 7888 7902 7580
f 8495 8509 8494
f 7889 7901 7888
f 7903 8512 8133
f 8512 7891 8133
f 8512 8497 7891
f 8512 7583 8497
f 7905 8499 7583
f 7906 7582 8513
f 7917 8513 7905
f 7906 8501 7582
f 8514 8503 7907
f 8529 8515 7586
f 7900 8517 7585
f 8519 8521 8517
f 8507 8520 7900
f 7902 7587 7584
f 7910 8522 7587
f 7911 8523 7910
f 8509 7910 8508
f 8539 8141 7912
f 8539 7913 8141
f 8525 7903 7913
f 8525 8511 7903
f 7916 7905 8525
f 8526 7917 7905
f 7915 8526 7916
f 7917 8514 7907
f 8528 7586 8514
f 8546 8529 7588
f 7588 8528 7918
f 7908 7920 7919
f 7920 8532 7919
f 7919 7921 7590
f 7909 8531 8530
f 7909 8530 8518
f 8518 8530 7908
f 7909 8534 8531
f 7587 8533 8521
f 8521 8533 7909
f 8536 8537 8535
f 8523 7589 8537
f 8522 8536 8535
f 7924 7925 8153
f 7925 8539 8152
f 8538 8524 8539
f 8543 8542 8540
f 8542 7916 8541
f 8543 7915 7916
f 7927 7918 7915
f 8545 7588 7918
f 8561 8546 7592
f 8547 8550 7928
f 7930 8548 8532
f 8532 8547 7921
f 7591 7931 8551
f 7930 7931 8549
f 7922 7932 7931
f 7591 8551 8534
f 7934 7944 8554
f 7589 8554 8537
f 8537 7933 7922
f 8556 8557 7924
f 8555 7924 8077
f 8077 7924 8153
f 8557 7593 8540
f 7936 8543 7593
f 8558 7926 8543
f 8558 7927 7926
f 7935 8558 7936
f 8558 8545 7927
f 8560 7592 8545
f 8574 8561 7595
f 7595 8560 7937
f 7929 7939 7938
f 8562 7954 7939
f 7594 8562 8550
f 8549 7940 7594
f 7940 8577 7954
f 8565 7941 8564
f 7932 7942 7941
f 7931 8563 8549
f 7944 8568 8567
f 8554 8567 8553
f 7933 7943 7932
f 7946 7947 8137
f 7947 8570 8181
f 8181 8555 8076
f 8570 7596 8556
f 7949 7936 7596
f 8571 7935 7936
f 7950 7937 7935
f 7948 8571 7949
f 8573 7595 7937
f 8587 8574 7598
f 7938 7951 7597
f 7952 8575 7953
f 8576 7966 8575
f 7954 8576 7939
f 7939 7952 7938
f 8577 8576 7954
f 8576 8589 7966
f 8579 7955 8578
f 7942 7956 7955
f 7941 8579 8564
f 7958 7970 8581
f 8567 8581 8566
f 7943 7957 7942
f 7974 8138 8139
f 7973 8583 8138
f 8138 7946 8137
f 8583 7945 7946
f 8583 8569 7945
f 8583 7599 8569
f 7961 7949 7599
f 8584 7948 7949
f 8584 7950 7948
f 7960 8584 7961
f 8584 8573 7950
f 8586 7598 8573
f 8602 8587 7601
f 7601 8586 7962
f 7953 7963 7600
f 7964 7977 8588
f 7966 7964 8575
f 8575 7964 7953
f 7966 8607 7977
f 8591 7967 8590
f 7956 7968 7967
f 7955 8591 8578
f 7970 8594 8593
f 8581 8593 8580
f 7957 7969 7956
f 8596 8582 7973
f 7971 7973 7972
f 7604 8598 8597
f 8598 7961 8596
f 8598 7960 7961
f 8598 7962 7960
f 8597 7975 7605
f 8601 7601 7962
f 8617 8602 8616
f 7965 7976 7602
f 8603 8604 7606
f 7977 8606 8605
f 7977 8605 8588
f 8607 8606 7977
f 8606 8622 7608
f 7967 7603 8608
f 7968 7978 7603
f 7980 7990 8610
f 8593 8610 8592
f 7969 7979 7968
f 8611 7982 8161
f 7982 7971 7972
f 7982 8595 7971
f 7982 7605 8595
f 8612 8597 7605
f 8612 7604 8597
f 8613 8612 7610
f 8615 7985 8613
f 8615 8616 7985
f 7985 8599 7604
f 8634 8617 7609
f 8619 7986 7606
f 8171 7987 7611
f 8621 7613 8620
f 8622 7613 8621
f 7608 8619 8604
f 8622 8638 7613
f 7607 7612 8623
f 7603 8623 8608
f 7978 7989 7607
f 7990 8626 8625
f 8610 8625 8609
f 7979 7988 7978
f 8642 8628 8172
f 8642 8172 7991
f 8172 8161 8171
f 8172 8611 7981
f 8628 7610 8611
f 8629 8630 8628
f 8630 8613 7610
f 8630 8629 7615
f 8632 8633 7992
f 7992 8615 8613
f 7614 7609 8633
f 8647 8634 7614
f 7987 7993 7611
f 7987 7994 7993
f 7613 8636 8620
f 8620 8636 7987
f 8637 8639 7997
f 7997 7998 7617
f 8638 8637 7613
f 7989 7616 7612
f 7999 8640 7616
f 8000 8641 7999
f 8625 7999 8624
f 8001 8085 7621
f 8001 8142 8085
f 8142 8642 8002
f 8643 8627 8642
f 8001 8657 8643
f 8004 8644 8643
f 8644 8630 7615
f 8644 7992 8630
f 8645 8632 8003
f 8645 8646 8632
f 7618 7614 8646
f 8661 8647 7618
f 8006 8007 7621
f 8649 8017 8650
f 7617 8649 7994
f 7994 8005 7996
f 7616 8651 8639
f 8639 8651 7998
f 8654 8655 8653
f 8641 7620 8655
f 8640 8654 8653
f 8010 8657 8143
f 8010 8087 8024
f 8010 8143 8087
f 8011 8001 7621
f 8013 8004 7619
f 8013 8003 8004
f 8659 8660 8012
f 8660 8645 8003
f 7623 7618 8660
f 8692 8661 7623
f 8007 8014 7621
f 8007 8154 8014
f 8154 8663 8015
f 8017 7626 8664
f 8017 8664 8650
f 7622 8019 8665
f 8008 8020 8019
f 7622 8665 8652
f 7620 8669 8668
f 7620 8668 8655
f 8655 8021 8008
f 8022 8670 8088
f 8670 8656 8010
f 8670 7624 8656
f 8672 8013 7624
f 8672 8012 8013
f 8671 8025 7628
f 8673 8026 8671
f 8026 8659 8012
f 8674 7623 8673
f 8691 8674 8031
f 8676 8678 8027
f 8027 7701 7522
f 8027 7700 7701
f 8018 7700 8677
f 7626 8677 8663
f 8663 8676 8016
f 8018 8680 7700
f 8679 7625 7705
f 8020 8028 7625
f 8019 8679 8018
f 8028 7711 8255
f 8681 7710 7711
f 8681 7709 7710
f 8669 7712 8683
f 8667 8682 8021
f 8021 8681 8020
f 8089 8023 8088
f 8089 8022 8023
f 8685 7628 8684
f 8030 8685 7713
f 8029 8686 8030
f 8686 8671 7628
f 8687 8029 7714
f 7715 8688 8882
f 8690 8031 8688
f 8689 8673 8671
f 8690 8691 8031
f 8032 8692 8691
f 7716 8691 8261
f 8261 8690 7715
f 8702 8695 7773
f 8695 8698 8697
f 8698 8700 7944
f 8700 8702 8669
f 8258 7724 8257
f 7712 7724 8258
f 8274 8285 8273
f 7733 8285 8274
f 8285 7751 8284
f 7751 7756 8300
f 7756 7765 7541
f 8351 7782 8350
f 7773 7782 8351
f 8379 7805 8378
f 7793 7805 8379
f 7805 8696 8392
f 8696 7827 7813
f 7842 7853 8435
f 7853 7863 7569
f 8480 7883 8479
f 7875 7883 8480
f 8496 8510 8495
f 7890 8510 8496
f 8510 7911 8509
f 7911 7923 8523
f 7923 7934 7589
f 8568 7958 8567
f 7944 7958 8568
f 8594 7980 8593
f 7970 7980 8594
f 8626 8000 8625
f 7990 8000 8626
f 8000 8009 8641
f 8738 8810 8821
f 8732 8787 8726
f 8912 8881 8716
f 6611 6609 6668
f 6710 6611 6668
f 6611 6610 6609
f 6609 6615 6668
f 7265 6668 6108
f 6645 7301 7303
f 6644 6645 7306
f 6224 6645 6644
f 6224 7313 7301
f 6236 6834 6644
f 6646 6236 6644
f 6236 6646 6083
f 6882 6236 6083
f 6083 6131 6084
f 6882 6083 6084
f 6282 6882 6084
f 6084 6132 6085
f 6282 6084 6085
f 6295 6282 6085
f 6085 6133 6086
f 6295 6085 6086
f 6647 6295 6086
f 6086 6134 6647
f 6295 6647 6310
f 6931 6912 6310
f 6648 6310 6647
f 6647 6136 6135
f 6647 6135 6648
f 6649 6310 6648
f 6648 6138 6137
f 6648 6137 6649
f 6310 6649 6340
f 6340 6947 6325
f 6977 6340 6649
f 6649 6139 6087
f 6977 6649 6087
f 6365 6977 6087
f 6087 6140 6088
f 6365 6087 6088
f 6377 6365 6088
f 6088 6141 6089
f 6377 6088 6089
f 6650 6377 6089
f 6089 6142 6650
f 6403 7013 6377
f 6651 6143 6746
f 6651 6746 6090
f 7376 6651 6652
f 7045 6403 7381
f 6652 6651 6090
f 6652 6144 7392
f 6403 6651 7399
f 6655 6653 6654
f 7428 7429 6653
f 7434 6655 6441
f 7320 6654 6653
f 6441 6655 6455
f 6655 6654 6091
f 7094 6655 6091
f 6091 6145 6092
f 7094 6091 6092
f 7135 7094 6092
f 6092 6146 6093
f 7135 6092 6093
f 6512 7135 6093
f 6093 6147 6094
f 6512 6093 6094
f 6526 6512 6094
f 6094 6148 6095
f 6526 6094 6095
f 6527 6526 6095
f 6095 6149 6096
f 6527 6095 6096
f 6541 7180 6527
f 7180 7166 6527
f 6656 6150 6097
f 6527 6656 6097
f 6657 6151 6098
f 6541 6657 6098
f 6554 6541 6098
f 6570 7211 6098
f 7211 7197 6098
f 6659 6152 6658
f 6584 7210 7211
f 6660 6570 6658
f 6661 6154 6153
f 6661 6153 6660
f 6584 6660 6592
f 7244 7228 6592
f 6666 6592 6660
f 6662 6155 6099
f 6666 6662 6099
f 6319 6335 6663
f 6321 6728 6663
f 6663 6664 6114
f 6326 6321 6663
f 6604 7263 6666
f 6665 6666 6099
f 6667 6174 6665
f 7469 6204 6110
f 6618 6741 7480
f 6108 6668 6669
f 6615 6669 6668
f 6609 6805 6669
f 6805 6200 6669
f 6669 6670 6111
f 6191 6669 6111
f 6731 6451 6672
f 6452 6451 6731
f 6442 6632 6731
f 6673 6579 6675
f 6641 6734 6640
f 6640 6564 6579
f 6579 6578 6675
f 6675 6689 6673
f 6673 6642 7212
f 6673 6674 6571
f 6676 6677 6625
f 6625 6260 6676
f 6260 6624 6676
f 6624 6276 6677
f 6677 6276 6891
f 6625 6626 6267
f 6678 7039 6630
f 6391 6629 6678
f 6738 6386 6678
f 6386 6400 6678
f 6678 6400 7039
f 6391 6630 6117
f 6122 6740 6679
f 6123 7159 6679
f 6679 7159 7160
f 6679 6680 6514
f 6682 6684 6683
f 6205 6744 6682
f 6744 6212 6619
f 6682 6212 6220
f 6683 6684 6112
f 6686 6685 6350
f 6664 6685 6686
f 6663 6350 6685
f 6350 6349 6348
f 6341 6114 6686
f 6451 6450 6672
f 6449 6466 6687
f 6466 7103 6687
f 6450 6687 6457
f 6456 6672 6450
f 6689 6690 6691
f 6673 6691 6642
f 6675 6578 6689
f 6690 6601 6709
f 6692 6694 6693
f 6267 6626 6692
f 6891 6292 6692
f 6292 6291 6692
f 6692 6291 6290
f 6693 6694 6113
f 6696 6413 6695
f 6695 6413 6412
f 6117 6630 6695
f 6630 7039 6696
f 7039 6413 6696
f 6695 6631 6118
f 6681 6698 6697
f 6514 6680 6697
f 6638 6681 6697
f 6638 6680 6681
f 6681 6534 6698
f 6698 6534 6697
f 7169 6697 6125
f 6699 6220 6700
f 6112 6684 6225
f 6684 6699 6700
f 6682 6220 6699
f 6220 6620 6621
f 6702 6703 6705
f 6348 6702 6627
f 6705 6718 6704
f 6702 6704 6627
f 6687 6688 6706
f 6688 6633 6707
f 7103 6479 6633
f 6479 6478 6707
f 6707 6478 6121
f 6707 6634 6635
f 6707 6708 6706
f 6709 6710 6616
f 6601 6600 6709
f 6709 6600 7254
f 6710 6617 6616
f 6709 6616 6593
f 6305 6304 6725
f 6113 6694 6711
f 6694 6305 6711
f 6304 6726 6725
f 6711 6725 6311
f 6296 6711 6311
f 6712 6424 6713
f 6631 6412 6712
f 6412 6424 6712
f 6713 6424 6423
f 6414 6118 6712
f 6126 6715 6714
f 6714 6715 6716
f 6126 6549 6715
f 6715 7204 6716
f 6714 6639 6127
f 7182 6714 6127
f 6620 6248 6717
f 6248 6247 6717
f 6700 6621 6717
f 6701 6248 6620
f 6248 6858 6247
f 6247 6622 6623
f 6718 6719 6720
f 6705 6703 6718
f 6719 6721 6628
f 6366 6704 6720
f 6635 6723 6724
f 6708 6635 6722
f 6634 6121 6635
f 6635 6495 6494
f 6723 6739 6636
f 6635 6724 6485
f 6726 6321 6727
f 6311 6725 6726
f 6304 6321 6726
f 6321 6320 6728
f 6312 6727 6321
f 6726 6727 6312
f 6119 6731 6730
f 6119 7069 6731
f 6712 6713 6729
f 6423 7068 6729
f 6119 7068 7069
f 6731 6632 6730
f 6428 6119 6730
f 6732 6733 6734
f 6127 6639 6732
f 6639 6716 6732
f 7204 6564 6733
f 6564 6640 6734
f 6732 6734 6641
f 6247 6735 6625
f 6238 6717 6623
f 6246 6261 6735
f 6735 6261 6260
f 6735 6260 6625
f 6622 6625 6251
f 6623 6622 6251
f 6628 6737 6736
f 6736 6738 6629
f 6736 6737 6738
f 6720 6628 6736
f 6721 6387 6628
f 6628 6387 6737
f 6724 6636 6739
f 6723 6509 6739
f 6739 6508 6123
f 6739 6637 6740
f 6739 6740 6122
f 7137 6724 6739
f 7279 6614 6618
f 6741 6604 6665
f 6742 6754 6741
f 6741 7297 7318
f 6614 6741 6618
f 6213 6212 6744
f 6111 6670 6743
f 6205 6743 6744
f 6650 6142 6143
f 6170 6104 7335
f 7335 7334 6169
f 6169 7334 7338
f 6658 6152 6154
f 6659 6098 6171
f 6152 6171 6172
f 6172 6745 6106
f 6152 6172 6106
f 6746 7366 7372
f 6746 6169 7375
f 6651 6650 6143
f 6746 6142 6169
f 7394 7426 6746
f 6661 6658 6154
f 6747 6152 6106
f 6748 6167 6107
f 6154 6747 6107
f 6144 7422 7419
f 7422 6144 6090
f 6099 6155 6751
f 6155 6662 6749
f 6662 6660 6153
f 6749 6153 6154
f 6155 6749 6751
f 6750 6130 7359
f 6646 6130 6752
f 7380 6130 6646
f 6646 6644 7330
f 6130 6750 7367
f 6174 6667 6751
f 6667 6099 6751
f 6173 6749 6168
f 6173 6168 7323
f 6173 7409 7411
f 6173 7411 7307
f 6174 6751 6754
f 6084 6131 6175
f 6131 6083 6752
f 6753 6130 7393
f 7345 6100 6753
f 6131 6752 6175
f 7296 6741 6754
f 6742 6665 6174
f 6173 7304 7292
f 7316 7310 6654
f 7312 7321 6176
f 6177 6132 6175
f 6175 6100 6156
f 6085 6132 6178
f 6175 6753 6100
f 6100 6157 6156
f 7331 7285 6756
f 6179 6654 6176
f 7295 7298 6105
f 6755 6756 6105
f 6179 6755 6105
f 6086 6133 6101
f 6133 6085 6757
f 6757 6178 6177
f 6101 6177 6785
f 6757 6177 6101
f 6133 6757 6101
f 6105 6759 6758
f 6092 6145 6180
f 6145 6091 6180
f 6180 6179 6105
f 6758 6759 6763
f 6180 6758 6763
f 6647 6134 6136
f 6134 6086 6760
f 6760 6761 6762
f 6093 6146 6181
f 6146 6092 6181
f 6763 6786 6788
f 6181 6763 6788
f 6764 6765 6136
f 6764 6134 6762
f 6765 6766 6102
f 6136 6765 6102
f 6094 6147 6182
f 6147 6093 6182
f 6767 6161 6160
f 6767 6160 6187
f 6182 6767 6187
f 6768 6102 6138
f 6138 6648 6135
f 6102 6158 6772
f 6138 6102 6772
f 6095 6148 6183
f 6148 6094 6183
f 6770 6162 6773
f 6183 6770 6773
f 6184 6139 6138
f 6771 6138 6772
f 6087 6139 6184
f 6139 6137 6138
f 6771 6159 6776
f 6184 6771 6776
f 6096 6149 6185
f 6149 6095 6185
f 6773 6163 6778
f 6185 6773 6778
f 6775 6184 6776
f 6140 6087 6775
f 6186 6150 6185
f 6777 6185 6778
f 6097 6150 6186
f 6656 6096 6185
f 6777 6164 6783
f 6186 6777 6783
f 6780 6779 6140
f 6089 6141 6170
f 6141 6088 6779
f 6780 6775 6103
f 6141 6780 6170
f 6781 6782 6186
f 6781 6186 6783
f 6098 6151 6171
f 6151 6657 6782
f 6657 6097 6186
f 6781 6165 6188
f 6151 6781 6172
f 6168 7327 7322
f 6156 6157 7388
f 6157 6100 7397
f 6785 6156 7386
f 7444 7446 6787
f 6787 6763 6759
f 6759 6105 7413
f 6784 6785 7462
f 6762 6784 6766
f 6762 6101 6785
f 6766 6784 7461
f 6786 6787 7485
f 6786 6763 6787
f 6788 6786 7483
f 6791 6766 7495
f 6161 6788 6790
f 6789 7289 7288
f 7289 6789 6790
f 6790 7294 7293
f 6160 6161 6187
f 6161 6767 6788
f 7300 7302 6790
f 6790 7302 7305
f 7311 6792 6789
f 6789 7291 7309
f 6161 6789 6792
f 6158 6791 6159
f 6158 6769 6791
f 6769 6102 6791
f 7337 6159 6791
f 6792 7341 7340
f 6792 7349 7347
f 6162 6187 6792
f 6792 7311 7353
f 7358 6793 6792
f 6792 7344 7357
f 6162 6792 6793
f 7389 6103 6159
f 6164 6163 6793
f 6793 7396 7395
f 6793 7403 7402
f 6774 6773 6162
f 6163 6162 6793
f 6793 7358 7408
f 6793 7400 7412
f 6165 6164 6793
f 6793 7437 7436
f 6793 7441 7440
f 6793 7414 7447
f 7451 6795 6793
f 6793 7438 7450
f 6165 6793 6795
f 7454 6104 6780
f 6103 7423 7457
f 6794 6165 6795
f 6795 7472 7471
f 6795 7478 7477
f 6165 6794 6188
f 6795 7451 7484
f 7493 6794 6795
f 6795 7475 7489
f 6166 6796 6189
f 6166 6794 6796
f 7490 6189 6796
f 6796 7487 7486
f 6796 7492 7491
f 6166 6745 6794
f 7492 6796 6794
f 6794 7493 7496
f 6189 7490 7499
f 6190 7494 7342
f 6166 7332 7494
f 6167 6748 6166
f 6748 6106 6166
f 6166 6189 7333
f 6190 7342 7343
f 6797 7373 7368
f 6168 7379 7327
f 6168 6797 7369
f 6168 6107 6797
f 6190 7343 7373
f 6798 6799 6800
f 6111 6798 6800
f 6800 6192 6109
f 6192 6800 6194
f 6800 6799 6194
f 6801 6194 6195
f 6801 6195 6817
f 6801 6196 6197
f 6801 6802 6193
f 6192 6801 7268
f 6196 6804 7271
f 6196 6801 6803
f 6801 6817 6803
f 6196 7271 6198
f 7460 7325 6805
f 6806 7272 6201
f 6202 6807 7465
f 6807 6202 6203
f 6807 6808 7466
f 6809 6810 7474
f 6810 6809 6110
f 6810 6204 7468
f 6811 6812 6206
f 6812 6814 6813
f 6205 6206 6111
f 6813 6814 6799
f 6206 6813 6798
f 6814 6812 6816
f 6815 6816 6207
f 6815 6207 6827
f 6815 6208 6803
f 6815 6817 6195
f 6814 6815 6194
f 6815 6827 6216
f 6208 6216 6209
f 6218 6210 6211
f 6818 6211 6804
f 6208 6818 6199
f 6213 6819 7481
f 6213 6671 6200
f 6819 6200 7325
f 6820 6822 6821
f 6822 6824 6823
f 6683 6821 6206
f 6112 6820 6821
f 6823 6824 6812
f 6821 6823 6811
f 6824 6822 6826
f 6825 6826 6214
f 6825 6214 6842
f 6825 6215 6216
f 6825 6827 6207
f 6824 6825 6816
f 6825 6842 6228
f 6215 6228 6217
f 6828 6218 6818
f 6215 6828 6209
f 6829 7356 6232
f 6212 6829 6232
f 6829 7481 7329
f 7352 7356 6829
f 6830 7356 6221
f 7356 6830 6232
f 6830 6831 6223
f 7364 7371 6831
f 6830 6846 6232
f 6830 6221 7382
f 7377 7382 6221
f 7391 7401 6831
f 6831 7401 6223
f 6830 6223 6222
f 7401 6833 6832
f 7313 6224 6833
f 6833 6224 6644
f 6835 6841 6837
f 6841 6839 6838
f 6225 6837 6112
f 6225 6835 6837
f 6838 6839 6822
f 6837 6838 6820
f 6840 6841 6226
f 6840 6226 6856
f 6840 6227 6228
f 6840 6842 6214
f 6839 6840 6826
f 6840 6856 6242
f 6227 6242 6229
f 6245 6244 6230
f 6843 6230 6828
f 6227 6843 6217
f 6219 6845 6844
f 6845 6219 6233
f 6220 6844 6701
f 6231 6219 6844
f 6231 6220 6219
f 6845 6233 6844
f 6222 6848 6847
f 6233 6232 6846
f 6233 6847 6234
f 6848 6223 6832
f 6849 6832 6833
f 6849 6833 6834
f 6850 6849 6236
f 6849 6850 6235
f 6848 6849 6864
f 6851 6852 6835
f 6237 6239 6851
f 6237 6238 6239
f 6835 6852 6841
f 6852 6853 6841
f 6852 6854 6853
f 6854 6855 6240
f 6854 6240 6872
f 6854 6241 6242
f 6854 6856 6226
f 6853 6854 6841
f 6854 6872 6257
f 6241 6257 6243
f 6259 6244 6245
f 6857 6245 6843
f 6241 6857 6229
f 6247 6859 6246
f 6858 6248 6701
f 6858 6860 6859
f 6861 6862 6863
f 6860 6862 6249
f 6864 6863 6847
f 6863 6250 6879
f 6861 6879 6878
f 6862 6861 6249
f 6250 6864 6865
f 6879 6250 6880
f 6865 6864 6235
f 6865 6235 6850
f 6866 6236 6882
f 6867 6253 6868
f 6253 6869 6868
f 6251 6867 6868
f 6867 6252 6253
f 6868 6869 6852
f 6869 6870 6852
f 6869 6871 6870
f 6869 6253 6254
f 6871 6254 6255
f 6871 6255 6888
f 6871 6256 6257
f 6871 6872 6240
f 6870 6871 6855
f 6871 6888 6271
f 6256 6271 6258
f 6274 6273 6259
f 6873 6259 6857
f 6256 6873 6243
f 6874 6876 6875
f 6876 6874 6877
f 6260 6875 6624
f 6261 6874 6875
f 6874 6246 6859
f 6876 6262 6875
f 6265 6877 6878
f 6262 6877 6263
f 6877 6859 6249
f 6878 6879 6880
f 6878 6264 6265
f 6877 6265 6263
f 6266 6880 6881
f 6881 6880 6865
f 6264 6266 6896
f 6884 6886 6885
f 6267 6885 6251
f 6267 6884 6885
f 6885 6268 6253
f 6268 6886 6887
f 6888 6269 6905
f 6888 6270 6271
f 6887 6888 6255
f 6268 6887 6254
f 6888 6905 6287
f 6270 6287 6272
f 6289 6273 6274
f 6889 6274 6873
f 6270 6889 6258
f 6890 6277 6891
f 6277 6890 6892
f 6276 6890 6891
f 6276 6624 6875
f 6892 6894 6277
f 6893 6894 6895
f 6277 6894 6278
f 6894 6875 6263
f 6895 6279 6280
f 6893 6280 6911
f 6894 6893 6278
f 6897 6898 6283
f 6280 6279 6281
f 6279 6265 6896
f 6897 6896 6266
f 6897 6266 6881
f 6898 6282 6283
f 6896 6283 6281
f 6279 6896 6281
f 6900 6902 6901
f 6693 6899 6883
f 6113 6900 6899
f 6901 6284 6884
f 6899 6901 6884
f 6284 6903 6886
f 6284 6904 6903
f 6284 6902 6904
f 6905 6285 6921
f 6905 6286 6287
f 6904 6905 6269
f 6903 6904 6887
f 6905 6921 6300
f 6286 6300 6288
f 6303 6302 6289
f 6906 6289 6889
f 6286 6906 6272
f 6275 6908 6907
f 6908 6275 6909
f 6291 6275 6907
f 6291 6292 6275
f 6908 6909 6907
f 6909 6910 6293
f 6910 6891 6278
f 6911 6294 6928
f 6912 6281 6913
f 6913 6281 6283
f 6913 6295 6310
f 6294 6912 6928
f 6916 6918 6917
f 6296 6915 6113
f 6311 6916 6915
f 6917 6297 6900
f 6915 6917 6900
f 6297 6919 6902
f 6297 6920 6919
f 6297 6918 6920
f 6921 6298 6938
f 6921 6299 6300
f 6920 6921 6285
f 6919 6920 6904
f 6921 6938 6316
f 6299 6316 6301
f 6318 6302 6303
f 6922 6303 6906
f 6299 6922 6288
f 6923 6924 6942
f 6924 6923 6926
f 6304 6942 6940
f 6304 6923 6942
f 6304 6305 6290
f 6305 6692 6290
f 6923 6290 6907
f 6924 6306 6942
f 6925 6926 6927
f 6926 6907 6293
f 6926 6293 6927
f 6925 6927 6928
f 6925 6307 6308
f 6925 6308 6945
f 6926 6925 6943
f 6929 6931 6930
f 6308 6307 6946
f 6929 6928 6912
f 6931 6310 6948
f 6928 6930 6309
f 6307 6928 6946
f 6932 6933 6312
f 6933 6935 6934
f 6311 6312 6914
f 6312 6321 6932
f 6934 6313 6916
f 6312 6934 6916
f 6313 6936 6918
f 6313 6937 6936
f 6313 6935 6937
f 6938 6314 6953
f 6938 6315 6316
f 6937 6938 6298
f 6936 6937 6920
f 6938 6953 6331
f 6315 6331 6317
f 6334 6333 6318
f 6939 6318 6922
f 6315 6939 6301
f 6940 6941 6320
f 6941 6940 6942
f 6728 6320 6319
f 6320 6321 6940
f 6321 6304 6940
f 6942 6943 6322
f 6941 6322 6955
f 6320 6941 6955
f 6944 6943 6945
f 6943 6942 6306
f 6945 6323 6959
f 6324 6946 6947
f 6947 6946 6309
f 6947 6309 6930
f 6948 6310 6325
f 6323 6324 6959
f 6326 6949 6932
f 6114 6341 6949
f 6950 6327 6933
f 6949 6950 6932
f 6327 6951 6935
f 6327 6952 6951
f 6327 6950 6952
f 6953 6329 6967
f 6953 6330 6331
f 6952 6953 6314
f 6951 6952 6937
f 6953 6967 6345
f 6330 6345 6332
f 6347 6333 6334
f 6954 6334 6939
f 6330 6954 6317
f 6956 6955 6336
f 6335 6955 6956
f 6956 6336 6115
f 6957 6955 6322
f 6957 6322 6944
f 6958 6957 6959
f 6958 6338 6973
f 6957 6973 6972
f 6336 6957 6972
f 6973 6338 6975
f 6960 6959 6324
f 6960 6324 6947
f 6960 6340 6977
f 6959 6961 6339
f 6338 6959 6975
f 6962 6964 6963
f 6342 6962 6963
f 6963 6964 6328
f 6964 6965 6328
f 6964 6966 6965
f 6967 6343 6985
f 6967 6344 6345
f 6966 6967 6329
f 6965 6966 6952
f 6967 6985 6356
f 6344 6356 6346
f 6359 6358 6347
f 6968 6347 6954
f 6344 6968 6332
f 6969 6970 6349
f 6970 6969 6971
f 6348 6349 6360
f 6349 6350 6969
f 6350 6663 6335
f 6969 6335 6115
f 6970 6989 6987
f 6349 6970 6987
f 6351 6971 6972
f 6352 6972 6973
f 6971 6115 6337
f 6971 6337 6972
f 6352 6973 6975
f 6351 6992 6990
f 6974 6975 6976
f 6976 6975 6339
f 6976 6339 6961
f 6352 6974 6993
f 6980 6982 6981
f 6627 6979 6342
f 6627 6980 6979
f 6981 6353 6962
f 6979 6981 6962
f 6353 6983 6964
f 6353 6984 6983
f 6353 6982 6984
f 6985 6354 7001
f 6985 6355 6356
f 6984 6985 6343
f 6983 6984 6966
f 6985 7001 6371
f 6355 6371 6357
f 6373 6358 6359
f 6986 6359 6968
f 6355 6986 6346
f 6987 6988 6703
f 6988 6987 6361
f 6703 6702 6987
f 6702 6360 6987
f 6988 6361 6116
f 6703 6988 6116
f 6991 6989 6990
f 6990 6992 6993
f 6990 6364 6363
f 6361 6991 7007
f 6364 6993 6994
f 6994 6993 6976
f 6995 6365 7013
f 6996 6998 6997
f 6367 6996 6366
f 6997 6368 6980
f 6366 6997 6980
f 6368 6999 6982
f 6368 7000 6999
f 6368 6998 7000
f 7001 6369 7020
f 7001 6370 6371
f 7000 7001 6354
f 6999 7000 6984
f 7001 7020 6382
f 6370 6382 6372
f 6385 6384 6373
f 7002 6373 6986
f 6370 7002 6357
f 7003 7005 7004
f 7005 7003 7006
f 6719 7004 6387
f 6719 7003 7004
f 6719 6703 6116
f 7005 6374 7004
f 7009 7006 7007
f 7009 7007 7010
f 6374 7006 6375
f 7006 6116 6362
f 7006 6362 7007
f 7010 7007 6991
f 7009 7010 6363
f 7009 7008 7026
f 7006 7009 6375
f 7011 7013 7012
f 7009 6376 7028
f 6376 6363 7011
f 7011 6364 6994
f 7011 7012 7028
f 6376 7011 7028
f 7015 7017 7016
f 6378 6736 7014
f 6736 6391 7014
f 7016 6379 6996
f 6378 7016 6996
f 6379 7018 6998
f 6379 7019 7018
f 6379 7017 7019
f 7020 6380 7037
f 7020 6381 6382
f 7019 7020 6369
f 7018 7019 7000
f 7020 7037 6395
f 6381 6395 6383
f 6397 6384 6385
f 7021 6385 7002
f 6381 7021 6372
f 6737 7023 6386
f 6737 7022 7023
f 6737 6387 7004
f 7022 7024 7023
f 6390 7025 7026
f 7024 7025 6388
f 7025 7004 6375
f 7027 7026 7008
f 7026 7027 7028
f 7026 6389 6390
f 7025 6390 6388
f 7030 7028 7029
f 7029 7013 7030
f 7029 7028 7012
f 6389 7030 7044
f 7032 7034 7033
f 6391 7031 7014
f 6117 7032 7031
f 7033 6392 7015
f 7031 7033 7015
f 6392 7035 7017
f 6392 7036 7035
f 6392 7034 7036
f 7037 6393 7053
f 7037 6394 6395
f 7036 7037 6380
f 7035 7036 7019
f 7037 7053 6407
f 6394 6407 6396
f 6410 6409 6397
f 7038 6397 7021
f 6394 7038 6383
f 7041 7040 7039
f 6400 7041 7039
f 7041 6386 7023
f 7041 7042 7040
f 7039 7040 6398
f 7040 7042 7350
f 7042 7023 6388
f 7042 6401 7354
f 6401 6390 7044
f 7045 7044 6403
f 7459 7378 6402
f 6402 7044 7045
f 6401 7044 6402
f 7048 7050 7049
f 6695 7047 6117
f 6118 7048 7047
f 7049 6404 7032
f 7047 7049 7032
f 6404 7051 7034
f 6404 7052 7051
f 6404 7050 7052
f 7053 6405 7060
f 7053 6406 6407
f 7052 7053 6393
f 7051 7052 7036
f 7053 7060 6419
f 6406 6419 6408
f 6421 6409 6410
f 7054 6410 7038
f 6406 7054 6396
f 6412 7055 6411
f 6413 7056 7055
f 6413 7039 6399
f 7473 7467 7056
f 7473 7056 6399
f 6398 7040 7346
f 7398 6411 7055
f 7350 7042 7351
f 7354 6401 7355
f 7370 6402 7374
f 6428 6416 6414
f 6416 7058 7057
f 6414 6712 6428
f 6712 6119 6428
f 6428 6415 6416
f 7057 6417 7048
f 6414 7057 7048
f 6417 7059 7050
f 7059 7058 7065
f 7060 7065 7066
f 7060 6418 6419
f 7059 7060 6405
f 7060 7066 6434
f 6418 6434 6420
f 6437 6436 6421
f 7061 6421 7054
f 6418 7061 6408
f 6424 7387 6423
f 6424 7385 7387
f 6424 6412 6411
f 7385 6411 7398
f 7405 6426 6422
f 7407 6422 6423
f 7410 7407 6423
f 7425 6427 6425
f 7427 7072 6426
f 7077 7063 7062
f 6429 7077 7062
f 6429 6632 6442
f 6429 6442 7077
f 7062 6430 6416
f 6430 7064 7058
f 6430 7065 7064
f 6430 7063 6431
f 7065 6431 6432
f 7066 6432 7083
f 7066 6433 6434
f 7064 7065 7058
f 7066 7083 6446
f 6433 6446 6435
f 6448 6436 6437
f 7067 6437 7061
f 6433 7067 6420
f 7068 7070 7069
f 7070 7068 6438
f 7068 6423 6422
f 6438 6422 6426
f 7070 6439 7069
f 7071 7072 7073
f 6439 6438 6440
f 7073 7072 6425
f 7074 6425 6427
f 7071 7073 7091
f 6438 7071 7091
f 7075 7074 7076
f 7445 7458 7076
f 7076 7074 6427
f 7431 6441 7076
f 6455 7076 6441
f 7074 7075 7093
f 7078 7080 7079
f 6442 6443 7077
f 6443 6672 7078
f 7078 6672 6444
f 7079 7080 6431
f 7077 7079 7063
f 7080 7081 6431
f 7081 7082 7100
f 7083 7100 7101
f 7083 6445 6446
f 7081 7083 6432
f 7083 7101 6462
f 6445 6462 6447
f 6465 6464 6448
f 7084 6448 7067
f 6445 7084 6435
f 7085 7087 7086
f 7087 7085 7088
f 6450 7086 6449
f 6451 7085 7086
f 6451 6452 7085
f 7087 7088 7086
f 7089 7090 7091
f 7088 7090 7086
f 7090 7069 6440
f 7090 6440 7091
f 6453 7091 7073
f 7091 7092 6469
f 7090 7089 7107
f 7092 7095 7094
f 7092 6453 7093
f 7092 7093 7076
f 7095 7092 6455
f 7092 7094 6454
f 7096 6458 7097
f 6458 7098 7097
f 6456 7097 6672
f 6456 7096 7097
f 7096 6457 6458
f 7097 7098 7078
f 7098 7099 7078
f 7098 7100 7099
f 7098 6458 6459
f 7100 6459 6460
f 7101 6460 7115
f 7101 6461 6462
f 7099 7100 7082
f 7101 7115 6475
f 6461 6475 6463
f 6477 6464 6465
f 7102 6465 7084
f 6461 7102 6447
f 7105 7104 7103
f 6466 7105 7103
f 7105 6449 7086
f 7105 7106 6467
f 7104 6467 6120
f 7103 7104 6120
f 6468 7106 7107
f 7106 7086 7107
f 6468 7107 6469
f 6468 6469 6470
f 6468 6470 7119
f 6470 6469 6471
f 7108 6454 7094
f 7109 7108 7094
f 7108 7109 6471
f 6469 7108 6471
f 7111 7113 7112
f 6706 7112 6457
f 6706 7111 7112
f 7112 6472 6458
f 6472 7113 7114
f 7115 6473 7126
f 7115 6474 6475
f 7114 7115 6460
f 6472 7114 6459
f 7115 7126 6490
f 6474 6490 6476
f 6493 6492 6477
f 7116 6477 7102
f 6474 7116 6463
f 7117 6480 6479
f 6479 7103 6120
f 7117 7118 6480
f 6479 6480 7129
f 6480 7118 6481
f 7118 6120 6467
f 7118 6467 6468
f 7119 6482 7132
f 7120 6471 7121
f 7121 6471 7109
f 7121 6483 7135
f 6482 7120 7132
f 7122 6487 6484
f 6487 7124 7123
f 6722 6484 6706
f 6484 6485 6486
f 7122 6486 6487
f 7123 6488 7111
f 6484 7123 7111
f 6488 7125 7113
f 7125 7124 7140
f 7126 7140 7141
f 7126 6489 6490
f 7125 7126 6473
f 7126 7141 6505
f 6489 6505 6491
f 6507 6492 6493
f 7127 6493 7116
f 6489 7127 6476
f 6478 7128 6495
f 7128 6478 7129
f 7129 7130 6496
f 7128 6496 7143
f 6495 7128 7143
f 6497 7130 7131
f 7130 7129 6481
f 7130 6481 7131
f 6497 7131 7132
f 6497 6498 7148
f 6497 7148 7147
f 7133 7135 7134
f 7148 6498 7149
f 7133 7132 7120
f 7132 7134 7150
f 6498 7132 7149
f 7136 6500 7137
f 6500 7138 7137
f 6499 7136 7137
f 7136 6499 6500
f 7137 6501 6487
f 6501 7139 7124
f 6501 7140 7139
f 6501 7138 6502
f 7138 6500 6502
f 7140 6502 6503
f 7141 6503 7157
f 7141 6504 6505
f 7139 7140 7124
f 7141 7157 6518
f 6504 6518 6506
f 6521 6520 6507
f 7142 6507 7127
f 6504 7142 6491
f 7143 7144 6509
f 7144 7143 7145
f 6509 6723 6494
f 7144 7145 6124
f 6509 7144 6124
f 7145 7146 6510
f 7146 7143 6496
f 7146 6496 6497
f 7147 7148 7149
f 7147 7149 6511
f 7150 7151 6513
f 7151 6512 6513
f 7153 7155 7154
f 6514 7154 6122
f 6514 7153 7154
f 7154 6515 6500
f 6515 7155 7156
f 7157 6516 7174
f 7157 6517 6518
f 7156 7157 6503
f 6515 7156 6502
f 7157 7174 6531
f 6517 6531 6519
f 6533 6520 6521
f 7158 6521 7142
f 6517 7158 6506
f 7159 7161 7160
f 7161 7159 7162
f 7159 6123 6508
f 7159 6508 6124
f 7161 6522 7160
f 6523 7162 7163
f 7162 6124 6510
f 7162 6510 7163
f 6523 7163 6511
f 6523 7164 6524
f 6523 6524 7178
f 7164 7167 7166
f 6524 7164 6538
f 7164 6511 7165
f 7164 7165 6513
f 7167 7164 6526
f 7167 6526 6527
f 7164 7166 6525
f 7168 7171 7169
f 6125 7168 7169
f 7170 6528 7153
f 7169 7170 7153
f 6528 7172 7155
f 6528 7173 7172
f 6528 7171 7173
f 7174 6529 7187
f 7174 6530 6531
f 7173 7174 6516
f 7172 7173 7156
f 7174 7187 6545
f 6530 6545 6532
f 6548 6547 6533
f 7175 6533 7158
f 6530 7175 6519
f 7177 6536 7176
f 6697 7176 6549
f 6534 7177 7176
f 7177 6534 7160
f 7177 6535 6536
f 6536 6535 6537
f 6535 7160 6522
f 6535 6522 6523
f 6538 7178 6524
f 7178 6539 7195
f 6535 7178 6537
f 6539 6538 7179
f 7179 6525 7166
f 7179 7180 6540
f 6539 7179 7195
f 7181 7184 7182
f 6127 7181 7182
f 7183 6542 7171
f 7182 7183 7168
f 6542 7185 7171
f 6542 7186 7185
f 7186 6542 6543
f 7187 6543 7201
f 7187 6544 6545
f 7186 7187 6529
f 7185 7186 7173
f 7187 7201 6560
f 6544 6560 6546
f 6562 6547 6548
f 7188 6548 7175
f 6544 7188 6532
f 6715 7190 7204
f 6715 7189 7190
f 6715 6549 7176
f 7189 7191 7190
f 7192 7193 7194
f 7191 7193 6550
f 7193 7176 6537
f 7194 6551 6552
f 7192 6552 7208
f 7193 7192 6550
f 7196 6554 7197
f 6552 6551 7209
f 7196 7195 6540
f 7196 6540 7180
f 7195 7197 6553
f 6551 7195 7209
f 7198 6557 7199
f 6555 6641 6556
f 7198 6556 6128
f 7199 6557 7184
f 7198 7199 7181
f 6557 7200 7184
f 6557 6128 6558
f 7200 6558 7216
f 7201 7216 7218
f 7201 6559 6560
f 7200 7201 6543
f 7201 7218 6574
f 6559 6574 6561
f 6577 6576 6562
f 7202 6562 7188
f 6559 7202 6546
f 7203 7206 7205
f 7206 7203 7207
f 6564 7203 7205
f 7203 7204 7190
f 7206 6565 7205
f 6568 7207 7208
f 6565 7207 6566
f 7207 7190 6550
f 7208 6567 6568
f 7207 6568 6566
f 6569 7209 7210
f 7210 7209 6553
f 7210 6553 7197
f 6567 6569 7226
f 7212 7214 7213
f 6571 7212 7213
f 6571 6674 7212
f 7212 6572 6129
f 7213 7214 6128
f 7214 7215 6558
f 7214 7216 7215
f 7214 6129 7217
f 7216 7217 7234
f 7218 7234 7236
f 7218 6573 6574
f 7215 7216 6558
f 7218 7236 6586
f 6573 6586 6575
f 6588 6576 6577
f 7219 6577 7202
f 6573 7219 6561
f 6579 7220 7221
f 6579 6564 6563
f 7220 7222 7221
f 7223 7224 7225
f 7222 7224 6580
f 7224 7205 6566
f 7225 6581 6582
f 7223 6582 7241
f 7224 7223 6580
f 6582 6581 6583
f 6581 6568 7226
f 7227 7226 6569
f 7227 6569 7210
f 7227 6584 6592
f 7226 7228 6583
f 6581 7226 6583
f 7229 7231 7230
f 6642 7230 7212
f 6642 7229 7230
f 7230 7232 6129
f 7232 7233 7217
f 7232 7234 7233
f 7232 7231 7235
f 7234 7235 7249
f 7236 7249 7251
f 7236 6585 6586
f 7233 7234 7217
f 7236 7251 6596
f 6585 6596 6587
f 6599 6598 6588
f 7237 6588 7219
f 6585 7237 6575
f 7238 7239 7253
f 7239 7238 7240
f 6690 7253 6601
f 6690 7238 7253
f 7238 6578 7221
f 7239 6589 7253
f 6590 7240 7241
f 7240 7221 6580
f 7241 6591 7260
f 6590 7260 7258
f 7242 6583 7243
f 7260 6591 7261
f 7243 6583 7228
f 7244 6592 7263
f 6591 7242 7261
f 7245 7246 6593
f 6643 6593 6642
f 6593 6616 7245
f 6593 7247 7229
f 7247 7248 7235
f 7247 7249 7248
f 7247 7246 7250
f 7249 7250 6594
f 7251 6594 7269
f 7251 6595 6596
f 7248 7249 7235
f 7251 7269 6606
f 6595 6606 6597
f 6608 6598 6599
f 7252 6599 7237
f 6595 7252 6587
f 7253 7255 7254
f 7255 7253 7256
f 6600 7253 7254
f 7255 7256 7254
f 7259 7257 7258
f 7257 7253 6589
f 7257 6589 6590
f 7258 7260 7261
f 7258 6602 6603
f 7262 7261 7243
f 7263 6604 6614
f 7261 7262 6602
f 7265 7267 7266
f 6108 7264 7265
f 7264 6191 6109
f 7266 7267 7246
f 7265 7266 7245
f 7267 7268 7250
f 7267 6109 6192
f 7267 6192 7268
f 7269 6193 6802
f 7269 6605 6606
f 7268 7269 6594
f 7269 6802 6197
f 6605 6197 7270
f 7271 6607 6608
f 7270 6608 7252
f 6605 7270 6597
f 7274 7273 7272
f 6609 7272 6805
f 6610 7274 7272
f 6611 6710 7254
f 7274 6610 7254
f 7274 6612 7273
f 7272 7273 6201
f 6612 7275 6203
f 6612 7274 7276
f 7275 7276 7277
f 7273 6612 6202
f 7274 7254 7256
f 7274 7256 7259
f 7277 7276 7259
f 7277 6613 6807
f 6203 7275 6807
f 7278 6602 7279
f 6807 6613 6808
f 6613 7277 6602
f 7277 7259 6603
f 7279 6602 7262
f 7278 7279 6110
f 6613 7278 6808
f 7282 7280 7281
f 7283 7280 7282
f 7284 7280 7283
f 7281 7280 7284
f 7271 7281 6607
f 6211 6210 6804
f 6210 7281 7271
f 6218 7281 6210
f 6244 7281 6218
f 6273 7281 6244
f 6302 7281 6273
f 6333 7282 6302
f 6358 7282 6333
f 6384 7282 6358
f 6409 7282 6384
f 6436 7283 6409
f 6464 7283 6436
f 6492 7283 6464
f 6520 7283 6492
f 6547 7284 6520
f 6576 7284 6547
f 6598 7284 6576
f 6607 7284 6598
f 7325 7460 7410
f 7410 7387 7385
f 7398 7055 7464
f 7464 7467 7473
f 7473 7352 7329
f 7410 7385 7398
f 7398 7464 7473
f 7473 7329 7481
f 7481 7325 7410
f 7410 7398 7473
f 7328 7498 7488
f 7488 7495 7479
f 7479 7461 7456
f 7456 7462 7442
f 7442 7420 7417
f 7417 7421 7430
f 7430 7386 7384
f 7384 7388 7397
f 7397 7348 7345
f 7345 7443 7439
f 7439 7435 7433
f 7433 7393 7367
f 7367 7363 7361
f 7361 7359 7380
f 7380 7330 7326
f 7326 7319 7308
f 7308 7306 7303
f 7303 7301 7313
f 7313 7406 7404
f 7404 7401 7391
f 7391 7371 7364
f 7364 7382 7377
f 7352 7473 6398
f 7346 7350 7351
f 7351 7354 7355
f 7355 7370 7374
f 7374 7378 7459
f 7459 7045 7381
f 7381 7399 7376
f 7376 6652 7392
f 7392 7419 7422
f 7422 7426 7394
f 7394 7390 7372
f 7372 7366 7375
f 7375 7383 7339
f 7339 7338 7334
f 7334 7335 7497
f 7497 7453 7452
f 7452 7454 7457
f 7457 7423 7424
f 7424 7416 7415
f 7415 7418 7389
f 7389 7362 7360
f 7360 7365 7337
f 7337 7315 7314
f 7314 7317 7328
f 7488 7479 7456
f 7314 7328 7488
f 7360 7337 7314
f 7415 7389 7360
f 7457 7424 7415
f 7497 7452 7457
f 7339 7334 7497
f 7372 7375 7339
f 7422 7394 7372
f 7376 7392 7422
f 7459 7381 7376
f 7355 7374 7459
f 7346 7351 7355
f 7352 6398 7346
f 7377 7356 7352
f 7391 7364 7377
f 7313 7404 7391
f 7308 7303 7313
f 7380 7326 7308
f 7367 7361 7380
f 7439 7433 7367
f 7397 7345 7439
f 7430 7384 7397
f 7442 7417 7430
f 7488 7456 7442
f 7360 7314 7488
f 7457 7415 7360
f 7339 7497 7457
f 7422 7372 7339
f 7459 7376 7422
f 7346 7355 7459
f 7377 7352 7346
f 7313 7391 7377
f 7380 7308 7313
f 7439 7367 7380
f 7430 7397 7439
f 7488 7442 7430
f 7457 7360 7488
f 7422 7339 7457
f 7346 7459 7422
f 7313 7377 7346
f 7439 7380 7313
f 7488 7430 7439
f 7422 7457 7488
f 7313 7346 7422
f 7488 7439 7313
f 7447 7414 7412
f 7412 7400 7395
f 7396 7402 7403
f 7447 7412 7395
f 7441 7447 7395
f 7437 7440 7441
f 7450 7438 7436
f 7437 7441 7395
f 7436 7437 7395
f 7436 7395 7396
f 7484 7451 7450
f 7484 7450 7436
f 7472 7477 7478
f 7478 7484 7436
f 7478 7436 7396
f 7472 7478 7396
f 7403 7408 7358
f 7471 7472 7396
f 7403 7358 7357
f 7396 7403 7357
f 7357 7344 7340
f 7341 7347 7349
f 7396 7357 7340
f 7396 7340 7341
f 7489 7475 7471
f 7471 7396 7341
f 7349 7353 7311
f 7471 7341 7349
f 7496 7493 7489
f 7489 7471 7349
f 7349 7311 7309
f 7309 7291 7288
f 7289 7293 7294
f 7349 7309 7288
f 7349 7288 7289
f 7496 7489 7349
f 7487 7491 7492
f 7492 7496 7349
f 7492 7349 7289
f 7487 7492 7289
f 7294 7305 7302
f 7487 7289 7294
f 7499 7490 7486
f 7486 7487 7294
f 7294 7302 7300
f 7300 7483 7482
f 7482 7485 7455
f 7455 7446 7444
f 7444 7448 7449
f 7449 7413 7298
f 7298 7295 7290
f 7290 7285 7331
f 7331 7324 7321
f 7321 7312 7310
f 7310 7316 7320
f 7320 7429 7428
f 7428 7434 7432
f 7432 7431 7463
f 7463 7458 7445
f 7445 6427 7425
f 7425 6425 7427
f 7427 6426 7405
f 7405 6422 7407
f 7407 7410 7460
f 6806 6201 7465
f 7465 6807 7466
f 7470 6808 7474
f 7474 7468 7469
f 7469 6110 7476
f 7476 7480 7318
f 7318 7297 7296
f 7296 7299 7286
f 7286 7287 7292
f 7292 7304 7307
f 7307 7411 7409
f 7409 7323 7322
f 7322 7327 7379
f 7379 7369 7368
f 7368 7373 7343
f 7343 7342 7494
f 7494 7332 7333
f 7333 7336 7499
f 7499 7486 7294
f 7294 7300 7482
f 7482 7455 7444
f 7444 7449 7298
f 7298 7290 7331
f 7331 7321 7310
f 7310 7320 7428
f 7428 7432 7463
f 7463 7445 7425
f 7425 7427 7405
f 7405 7407 7460
f 7460 6806 7465
f 7465 7466 7470
f 7470 7474 7469
f 7469 7476 7318
f 7318 7296 7286
f 7286 7292 7307
f 7307 7409 7322
f 7322 7379 7368
f 7368 7343 7494
f 7494 7333 7499
f 7499 7294 7482
f 7482 7444 7298
f 7298 7331 7310
f 7310 7428 7463
f 7463 7425 7405
f 7405 7460 7465
f 7465 7470 7469
f 7469 7318 7286
f 7286 7307 7322
f 7322 7368 7494
f 7494 7499 7482
f 7482 7298 7310
f 7310 7463 7405
f 7405 7465 7469
f 7469 7286 7322
f 7322 7494 7482
f 7482 7310 7405
f 7405 7469 7322
f 7522 8089 8088
f 8016 8088 8035
f 8033 8131 7713
f 8027 7522 8016
f 8721 8719 8279
f 8090 8091 8726
f 8726 8724 8090
f 8719 8731 8279
f 8091 7500 8743
f 8743 8736 8091
f 8042 8092 8090
f 8092 8093 8091
f 8093 7630 7500
f 8093 7629 7630
f 7501 8198 8093
f 8325 8094 8042
f 8093 7631 7629
f 8198 7629 7631
f 8045 8095 8094
f 8095 7502 7501
f 7502 7632 7501
f 8342 8049 8046
f 8049 8096 8045
f 8096 7503 7502
f 7503 7634 7502
f 7503 7633 7634
f 8051 8097 8049
f 8097 7504 7503
f 7504 7636 7503
f 7504 7635 7636
f 8053 8098 8051
f 8098 8099 7504
f 8099 7637 7504
f 8100 7638 8099
f 8386 8056 8054
f 8056 8100 8053
f 8099 7639 7692
f 7638 8214 7639
f 7693 7638 8100
f 8101 7640 8100
f 8058 8101 8056
f 8100 7641 7693
f 7640 8225 7641
f 7695 7640 8101
f 7505 8229 8101
f 8425 8102 8058
f 8101 7642 7695
f 8062 8103 8102
f 8103 8104 7505
f 8104 7644 7505
f 8104 7643 7644
f 7506 8185 8104
f 8441 8105 8063
f 8105 8106 8062
f 8104 7645 8233
f 8065 8107 8106
f 8107 7507 7506
f 7507 7647 7506
f 7507 7646 7647
f 8109 8108 8787
f 8787 8788 8110
f 8108 8792 8794
f 7870 8108 8065
f 8108 8109 7507
f 8110 8831 7507
f 8110 8788 8804
f 8108 8794 8811
f 7508 8112 8111
f 8112 8842 8841
f 8845 8844 7894
f 8848 8845 7894
f 8737 8842 8112
f 7508 7648 8112
f 8113 7508 8111
f 8071 8113 8111
f 7509 7649 7508
f 8073 8114 8071
f 8114 7510 7509
f 7510 8202 7509
f 8075 8115 8073
f 8115 7511 7510
f 7511 7650 7510
f 7511 8207 7650
f 8078 8116 8075
f 8116 7512 7511
f 7512 7652 7511
f 7512 7651 7652
f 8080 8117 8078
f 8117 7513 7512
f 7513 7654 7512
f 7513 7653 7654
f 8082 8118 8080
f 8118 7514 7513
f 7514 7655 7513
f 8083 8119 8082
f 8119 7515 7514
f 7515 7657 7514
f 7515 7656 7657
f 8084 8120 8083
f 8120 8121 7515
f 8121 7659 7515
f 8121 7658 7659
f 7516 8188 8121
f 8647 8122 8084
f 8121 7660 7683
f 8086 8123 8122
f 8123 8124 7516
f 8124 7662 7516
f 8124 7661 7662
f 7517 8193 8124
f 8125 8126 8086
f 8124 7663 7687
f 8055 7816 8127
f 7797 8057 7816
f 7797 8128 8057
f 7797 8140 8128
f 7790 7789 7797
f 8037 8129 8126
f 8129 8130 7517
f 8130 7665 7517
f 8130 7664 7665
f 8885 8887 7716
f 8893 8182 7716
f 8898 8036 8182
f 7523 8034 8131
f 7522 8131 8033
f 8131 8259 7713
f 8034 8132 8259
f 7703 7523 8131
f 7701 7702 8131
f 7579 8133 7581
f 7896 8504 8070
f 7895 7896 8133
f 7994 8142 7993
f 7994 7995 8142
f 8135 8048 7760
f 7760 8048 8047
f 8044 7760 8134
f 8134 8047 7766
f 7768 8048 8135
f 7768 8135 7760
f 8136 8067 8146
f 8136 8179 8178
f 8136 8146 7864
f 8067 8066 8146
f 7849 8457 8136
f 7600 8138 8137
f 7951 8137 8079
f 8081 8147 8139
f 7953 7600 7951
f 8039 8040 8038
f 7728 8040 8039
f 7558 8060 8140
f 7797 7798 8140
f 8057 8140 7816
f 7558 7822 8060
f 7798 8401 8140
f 8070 7897 8141
f 8069 8141 7913
f 7908 7919 8072
f 7898 7908 8141
f 7897 7898 8141
f 8006 7621 8085
f 7621 8087 8143
f 7996 8005 8006
f 8144 8050 7768
f 7768 8050 7784
f 8048 7775 8047
f 8048 7774 7775
f 8048 7784 7774
f 7777 8050 8144
f 7777 8144 7768
f 8145 7871 7877
f 8067 7859 8145
f 8066 8145 8146
f 7871 7575 7877
f 7859 8472 7871
f 7602 7976 8147
f 7600 8147 8081
f 8147 7974 8139
f 8147 7973 7974
f 8147 8160 7972
f 7965 7602 8147
f 7963 7964 8147
f 7531 8286 8148
f 7739 8148 8040
f 8148 8287 7528
f 8041 7744 8286
f 8286 7531 8041
f 7740 7531 8148
f 7739 8280 8148
f 8149 7561 8059
f 8059 7561 8419
f 7561 7833 8061
f 7822 7561 8149
f 7919 8152 8151
f 8072 8151 8152
f 8152 8153 7925
f 7590 8074 7919
f 8016 8155 8154
f 7621 8014 8154
f 8087 8154 8024
f 8155 8670 8024
f 8155 8088 8670
f 8155 8035 8088
f 8015 8016 8154
f 8156 8052 7777
f 7777 8052 8157
f 8050 7777 8157
f 8050 8157 7784
f 8157 7783 7784
f 8482 7878 8170
f 7575 8474 8482
f 7575 8482 8158
f 7575 8158 8159
f 8159 8158 7877
f 7878 8068 8170
f 8160 8161 7983
f 7606 8162 8160
f 8160 8162 8161
f 8161 7982 7983
f 8603 7606 8160
f 7747 7537 8043
f 8043 7752 8163
f 7746 8043 8041
f 8043 8163 8041
f 8293 7747 8043
f 8164 8150 8061
f 8164 7845 7843
f 7834 7566 8064
f 7833 8427 7834
f 7590 8077 8165
f 8166 8077 7590
f 8074 7590 8165
f 8165 8077 8153
f 8077 8076 8555
f 7928 8077 8166
f 7928 8166 7590
f 8156 7778 8167
f 8167 8168 7794
f 8055 8127 8168
f 7789 7790 8168
f 7778 7789 8168
f 7579 7581 8169
f 8169 7892 8068
f 8068 7892 8170
f 7892 8169 7581
f 7879 7886 7579
f 7611 8172 8171
f 7606 7986 8171
f 7993 8642 7991
f 7611 7993 8172
f 7986 8619 8171
f 8173 8175 8174
f 8176 8044 8173
f 8044 7757 8175
f 8173 8174 7752
f 8174 8175 7752
f 7760 8044 8176
f 7760 8176 8173
f 7848 8178 8179
f 7566 7835 7848
f 7566 7848 8179
f 7566 8179 8177
f 8177 8179 8164
f 7848 8136 8178
f 7835 8429 7848
f 7597 7951 7947
f 7928 8180 8076
f 7947 8181 8076
f 7947 8079 8137
f 7938 7597 8180
f 7929 7938 8180
f 7716 8182 8032
f 8182 8183 8130
f 8715 8200 8183
f 8715 8183 8036
f 8036 8735 8715
f 8036 8183 8182
f 7523 7727 8034
f 7727 7726 8132
f 8184 8267 7726
f 8184 8038 8267
f 8039 8038 8184
f 7718 7727 7523
f 7717 7718 7523
f 7645 8185 8233
f 8185 8186 7671
f 7671 8187 8750
f 8754 8750 8187
f 8755 8754 8187
f 8190 8186 8185
f 7660 8188 7683
f 7684 7679 7677
f 7682 7684 8188
f 8783 8778 8190
f 8778 8786 8187
f 7685 8189 7507
f 8189 8190 7646
f 7647 7646 8185
f 8795 8755 8187
f 8189 7685 8806
f 8806 8802 8190
f 7687 7682 8124
f 7662 7661 8188
f 7682 8191 7678
f 8191 8192 7678
f 7686 8191 7682
f 8831 8835 7507
f 8835 8839 7685
f 7663 8193 7687
f 8193 8194 7686
f 8194 7521 8191
f 7521 7681 7680
f 7688 8194 8193
f 7629 8195 8773
f 8773 8771 7629
f 7630 7629 8793
f 8779 8195 7689
f 7689 8195 7629
f 7665 7664 8193
f 7664 8196 7688
f 8196 8197 7521
f 8820 8741 7521
f 8822 8820 8197
f 8725 8822 8197
f 8198 8201 7629
f 7629 8199 7689
f 8846 8805 7689
f 8761 8857 8199
f 7690 8199 8201
f 8704 8705 8200
f 8200 8715 8714
f 8714 8717 8200
f 8183 8200 8196
f 8200 8710 8722
f 7649 8728 7648
f 7649 8739 8730
f 8201 8205 7690
f 8205 7666 7690
f 8204 8703 8747
f 8747 8203 8204
f 8202 8203 7649
f 8203 8747 8742
f 8204 8713 8708
f 8204 8716 8713
f 8204 8203 8202
f 7635 8205 7633
f 7634 7633 8201
f 8207 8208 8202
f 8202 8208 8204
f 8208 8209 8204
f 8239 7672 8209
f 8213 8209 8208
f 8213 8208 8207
f 8210 7691 7635
f 7691 8211 8206
f 8207 8212 8213
f 7637 8214 8215
f 8216 8217 8214
f 7692 7637 8099
f 7637 8215 7691
f 8215 8214 8211
f 8214 8217 7667
f 8216 8240 8217
f 7653 8218 7651
f 7652 7651 8212
f 8218 8219 8213
f 8219 7674 7673
f 7518 7674 8219
f 8221 8222 8220
f 7693 8220 7638
f 7639 8214 7692
f 8220 8222 8216
f 8221 7697 8222
f 8224 7675 8219
f 8223 8224 7653
f 8219 7675 7518
f 7655 8224 8223
f 7695 8225 7640
f 7641 8225 7693
f 8225 8226 8221
f 8226 8227 8221
f 7694 8226 8225
f 7656 8228 7655
f 8228 8232 8224
f 8232 7676 7675
f 7519 7676 8232
f 8231 7699 8230
f 7642 8229 7695
f 8229 8230 7694
f 8230 7699 7669
f 8234 7699 8231
f 8231 8230 8229
f 7658 8232 7656
f 7644 7643 8229
f 7643 8233 8231
f 8233 8234 8231
f 7671 7670 8234
f 7671 8234 8233
f 7683 8235 8121
f 8235 8236 7520
f 8236 8237 7520
f 7684 8237 8236
f 7684 8236 8235
f 8740 8744 7521
f 8763 7690 7666
f 7666 8238 8833
f 8833 8843 7666
f 7696 8860 8858
f 8858 7672 8239
f 7672 8858 8862
f 7672 8862 8863
f 8209 8863 8824
f 8240 7668 7667
f 7667 7668 8238
f 8856 8238 7668
f 8876 7668 8240
f 8239 8901 8899
f 8239 8899 8903
f 7696 8903 8869
f 8239 8718 8901
f 7697 8240 8216
f 8916 8240 7697
f 8241 8242 7674
f 7674 8242 8243
f 8242 8241 8709
f 8706 8707 8242
f 8243 8242 8707
f 8707 8711 8712
f 8243 8720 8718
f 8243 8712 8723
f 8241 7518 8729
f 8727 8709 8241
f 7518 8241 7674
f 8733 8732 7697
f 8732 8734 7697
f 7669 7697 8221
f 8753 8733 7697
f 8756 8757 8244
f 8757 8762 8764
f 7698 8244 7675
f 7675 8244 7518
f 7518 8244 8764
f 8764 8766 8729
f 8244 7698 8770
f 8769 8760 8244
f 8774 8772 7669
f 8772 8777 7669
f 8777 8753 7669
f 8801 8774 7669
f 8807 8808 8246
f 8808 8814 8815
f 7676 8245 7698
f 8245 8246 7698
f 7698 8246 8815
f 8815 8819 8770
f 8246 8245 8825
f 8823 8812 8246
f 8828 8826 7699
f 8826 8830 7699
f 7699 8234 8836
f 8836 8837 7699
f 8830 8801 7699
f 8248 8247 8245
f 8850 8851 8247
f 8245 8247 8851
f 8851 8854 8855
f 7677 8248 7519
f 7519 8248 8245
f 8855 8861 8825
f 8247 8248 8865
f 8864 8852 8247
f 8867 8866 7670
f 8866 8868 7670
f 8868 8872 7670
f 8872 8836 8234
f 8888 8889 8249
f 8248 8249 8889
f 8889 8895 8896
f 8249 8248 7677
f 8896 8902 8865
f 8907 8892 8249
f 8915 8867 7670
f 8904 8905 8251
f 8905 8909 8910
f 7679 8250 8249
f 8250 8251 8249
f 8249 8251 8910
f 8910 8914 8911
f 8917 8908 8251
f 8758 8912 8250
f 8912 8748 8250
f 7681 8250 7680
f 8748 8749 8251
f 8759 8758 8250
f 8780 8784 8252
f 8744 8791 7681
f 8252 7681 8791
f 8791 8781 8252
f 8784 8759 7681
f 7700 8253 7702
f 7702 8253 8254
f 7700 7704 8253
f 8255 7711 7706
f 7705 8255 7704
f 7711 7708 7707
f 7709 8257 7708
f 7708 8257 8256
f 8683 7712 8257
f 7710 7709 7708
f 8259 8870 8875
f 7726 8870 8132
f 8132 8870 8259
f 8259 8260 7713
f 8260 7714 8030
f 8738 8870 7726
f 8900 8882 8688
f 8881 8900 7714
f 8900 8688 8687
f 8891 7716 8261
f 8886 8261 7715
f 7716 8891 8884
f 7702 8262 7718
f 7718 8262 8263
f 7703 7718 7717
f 7718 8263 7720
f 8263 8262 7730
f 8254 8262 7702
f 8253 8264 8254
f 8254 8264 8271
f 7721 7722 7524
f 7707 7723 7722
f 7706 7707 8264
f 7704 8264 8253
f 8256 8266 7723
f 7723 8266 8265
f 8257 7724 8266
f 7708 8256 7723
f 8267 8746 8738
f 8263 8268 7720
f 7720 8268 8269
f 8268 8270 8269
f 7719 7720 7727
f 7727 7720 8269
f 7728 8269 7729
f 8269 8270 7526
f 8262 8271 7730
f 7730 8271 8270
f 7524 7731 7525
f 7722 7732 7731
f 7721 7524 8271
f 8265 8273 7732
f 7732 8273 8272
f 8266 7733 8273
f 7723 8265 7732
f 8275 8276 8768
f 8287 7734 8040
f 8040 7734 8276
f 8040 8275 7725
f 8765 8746 7725
f 8765 7725 8275
f 8276 7737 7735
f 7736 8277 8278
f 8277 8782 8776
f 8776 8278 8277
f 7530 7737 8276
f 7737 7736 8278
f 8789 8768 7735
f 8803 8782 8277
f 8816 8813 7738
f 8813 8803 7529
f 8731 7527 8279
f 8281 7740 8280
f 7729 8280 7739
f 7740 8281 7748
f 7526 7741 8281
f 7526 8281 8280
f 7533 7741 8297
f 7741 8282 8297
f 7525 7743 7532
f 7524 7525 8282
f 8270 8282 7741
f 8272 8284 7742
f 7742 8284 8283
f 7731 7742 7743
f 7742 8283 7743
f 8273 8285 8284
f 7732 8272 7742
f 8286 8288 8287
f 8287 8288 8276
f 8288 7745 7530
f 7536 7745 8288
f 8303 8288 8286
f 7535 8291 8289
f 8289 8291 8290
f 7745 8289 7530
f 8289 8290 7736
f 8290 8291 7529
f 8291 7534 7738
f 8291 7738 7529
f 7534 8292 7738
f 8309 8042 8292
f 8308 7534 8291
f 8294 7748 8293
f 8293 7748 8295
f 7740 8293 7746
f 8295 7748 7749
f 7740 8294 8293
f 8297 7532 8296
f 8296 7532 8298
f 8297 8296 7748
f 7748 8298 7749
f 8298 7532 7538
f 8282 7532 8297
f 7743 7750 7538
f 7538 8299 8316
f 7750 8300 8299
f 8284 7751 7750
f 7743 8283 7750
f 8302 7753 8301
f 8301 7753 8303
f 8302 8301 7752
f 7752 8301 8303
f 8163 8303 7744
f 8303 7753 7536
f 7540 7753 8302
f 8305 8308 8304
f 8304 8308 8306
f 7540 8304 7753
f 7753 8304 7536
f 8304 8306 7535
f 8306 8308 7535
f 7539 8309 8310
f 8307 7539 8308
f 7539 8310 7534
f 8310 8309 7534
f 8324 7539 8307
f 8311 8313 8312
f 7747 8311 8173
f 7760 8312 8327
f 8312 8313 7543
f 8313 7754 7543
f 7749 7754 8313
f 8295 8313 8311
f 8314 8316 8315
f 7749 8314 7754
f 7754 8314 8315
f 8315 8316 7542
f 8316 7755 7542
f 8316 8318 7755
f 7538 8316 8314
f 8299 8300 8317
f 8317 8300 8318
f 8300 7756 7541
f 8319 8320 8302
f 8320 7758 8302
f 8320 8319 7757
f 7757 8319 8302
f 8302 7758 7540
f 7545 7758 8320
f 7544 8323 8321
f 8321 8323 8322
f 7758 8321 7540
f 8321 8322 8305
f 8322 8323 8305
f 8046 8325 7759
f 7759 8325 8326
f 8323 7759 8324
f 8323 8324 8307
f 7759 8326 7539
f 8326 8325 7539
f 8046 8045 8325
f 8340 7759 8323
f 8327 8328 8329
f 7760 8327 8329
f 7768 8329 8344
f 8329 8328 7546
f 8328 7761 7546
f 7543 7761 8328
f 8312 8328 8327
f 7542 7755 7762
f 7754 8330 7761
f 8330 8315 7761
f 7761 8315 7762
f 7762 7763 8348
f 7755 7764 7763
f 8331 8333 7764
f 7764 8333 8332
f 7765 8694 7773
f 7541 7765 8333
f 8318 8333 8331
f 8318 8331 7764
f 8134 8334 8335
f 8334 7767 8335
f 8335 7767 7545
f 7547 7767 8334
f 8337 8340 8336
f 8336 8340 8338
f 7547 8336 7767
f 7767 8336 7545
f 8336 8338 7544
f 8338 8340 7544
f 8341 8342 8343
f 8339 8341 8340
f 8341 8343 7759
f 8343 8342 8046
f 8359 8049 8342
f 8358 8341 8339
f 8344 8345 8346
f 7768 8344 8346
f 7777 8346 8360
f 8346 8345 7548
f 8345 7769 7548
f 7546 7769 8345
f 8329 8345 8344
f 8348 7763 7770
f 7761 8348 7769
f 7769 8348 8347
f 7769 8347 8362
f 7770 7771 8364
f 7763 7772 7771
f 7762 8348 7761
f 8332 8350 7772
f 7772 8350 8349
f 8333 7773 8350
f 7764 8332 7772
f 7774 8352 8353
f 7775 7774 7766
f 7774 8353 8334
f 7549 8353 8352
f 8355 7776 8356
f 7549 8354 8353
f 8353 8355 7547
f 8355 8356 8337
f 8356 7776 8337
f 8370 8359 8357
f 7776 8358 8339
f 8357 8359 8342
f 8371 8051 8359
f 8360 8361 8373
f 7777 8360 8373
f 8156 8373 7778
f 8373 8361 7551
f 8361 8362 7551
f 7548 8362 8361
f 8346 8361 8360
f 8364 7771 7779
f 8362 8364 8363
f 8362 8363 8375
f 7779 7780 7550
f 7771 7781 7780
f 8347 8364 8362
f 8349 8366 7781
f 7781 8366 8365
f 8350 7782 8366
f 7772 8349 7781
f 7783 8367 8368
f 8367 7785 8368
f 7784 7783 7774
f 7783 8368 8352
f 8368 7785 7549
f 7553 7785 8367
f 8381 8367 7783
f 7552 7787 8369
f 7785 7786 8369
f 7785 8369 7549
f 8369 7787 7776
f 8054 8371 7788
f 7788 8371 8372
f 7552 7788 8370
f 7787 8370 8357
f 7788 8372 8370
f 8372 8371 8370
f 8054 8053 8371
f 8385 7788 7552
f 7789 8373 8374
f 8373 8375 8374
f 8374 8375 7555
f 7551 8375 8373
f 8375 7779 8376
f 8375 8376 8390
f 7550 7791 7554
f 7780 7792 7791
f 8363 7779 8375
f 8365 8378 7792
f 7792 8378 8377
f 8366 7793 8378
f 7781 8365 7792
f 7794 8380 8381
f 8380 7795 8381
f 8167 8381 7783
f 8381 7795 7553
f 7556 7795 8380
f 7795 8383 8382
f 7795 8382 7553
f 8382 8383 7785
f 8383 7796 7552
f 8385 8386 8387
f 7796 8385 7552
f 8385 8387 7788
f 8387 8386 8054
f 8400 8056 8386
f 8399 8385 8384
f 8388 7799 7797
f 7797 7799 7798
f 8388 8389 7799
f 8389 7800 7808
f 8374 8389 8388
f 8390 8391 7800
f 7808 7800 7801
f 7800 8391 7801
f 7550 7554 8391
f 8376 8391 8390
f 7802 8377 8392
f 7791 7802 7803
f 7802 8392 7804
f 8377 7805 8392
f 8378 7805 8377
f 7792 8377 7802
f 8393 8394 8395
f 8394 7806 8395
f 8393 8395 8380
f 8395 7806 7556
f 7557 7806 8394
f 8396 8384 8397
f 7806 8396 8397
f 7806 8397 7556
f 8397 8384 7796
f 8410 8400 8398
f 8398 8400 8386
f 8411 8058 8400
f 8402 7559 8401
f 7808 7807 7559
f 7807 8403 8404
f 7801 7807 7808
f 7807 8404 7809
f 8403 7811 8404
f 7803 7811 8403
f 7801 8403 7807
f 8392 8405 7810
f 7803 7810 7811
f 7811 7810 8404
f 7810 8406 7812
f 8406 8696 7813
f 8392 8696 8405
f 7804 8392 7810
f 7814 7818 8407
f 8407 7818 7817
f 7814 8407 8140
f 7817 8394 7816
f 7818 7820 7817
f 7819 7821 7820
f 7820 7821 8408
f 7817 7820 7557
f 7820 8408 8396
f 8408 7821 8396
f 7560 8411 8412
f 8409 7560 8410
f 7821 8410 8398
f 7560 8412 8410
f 8412 8411 8410
f 8424 7560 8409
f 7558 8401 7822
f 8401 8413 7822
f 7822 8413 8427
f 8413 8414 7563
f 8414 7823 7563
f 7559 8414 8413
f 7559 7823 8414
f 7563 7823 7824
f 7823 8415 7824
f 8404 8415 7823
f 7809 8404 7823
f 8416 8417 7825
f 8404 7825 8415
f 8415 8417 7562
f 8417 8418 7826
f 7813 7827 8418
f 8406 7813 8417
f 7812 8417 8416
f 7810 8416 7825
f 8420 7830 8419
f 7828 8436 7829
f 7829 8436 8420
f 7561 8420 8419
f 8419 7830 7814
f 7565 7830 8420
f 7564 8423 8421
f 8421 8423 8422
f 7565 7831 7830
f 7831 7564 7830
f 7830 7564 8421
f 7830 8421 7820
f 8421 8422 7819
f 8422 8423 7819
f 8063 8425 7832
f 7832 8425 8426
f 8423 7832 8424
f 8423 8424 8409
f 7832 8426 7560
f 8426 8425 7560
f 8063 8062 8425
f 8440 7832 8423
f 8428 8430 8427
f 8427 8430 8429
f 7834 8429 7835
f 8429 8430 7567
f 8430 7836 7567
f 7563 7836 8430
f 7563 8430 8428
f 8413 8428 8427
f 8431 8433 7824
f 7824 8433 8432
f 7836 7824 8432
f 7836 8432 7837
f 8432 8433 7840
f 8433 7839 7840
f 7562 7839 8433
f 8415 8433 8431
f 7562 7838 7839
f 7839 8434 7840
f 7838 8435 7841
f 7827 7842 8435
f 8418 7827 7838
f 8417 7826 7838
f 7843 8437 8436
f 7844 7843 7845
f 8150 8436 7828
f 8436 8437 8420
f 8437 7846 7565
f 7568 7846 8437
f 8438 7847 8439
f 7846 8438 7565
f 8438 8439 7564
f 8439 7847 7564
f 8440 8441 8442
f 7847 8440 8423
f 8440 8442 7832
f 8442 8441 8063
f 8456 8105 8441
f 8429 8444 8443
f 7848 8443 7849
f 8443 8444 7571
f 8444 7837 7571
f 7567 7837 8444
f 8445 8446 7837
f 7837 8446 7850
f 8446 8447 7570
f 8447 7851 7570
f 7840 7852 7851
f 7840 8447 8446
f 8432 8446 8445
f 7841 8435 8448
f 8435 7853 7569
f 8434 7841 8448
f 7854 8449 8450
f 8449 7857 8450
f 7855 7854 7856
f 7854 7844 8164
f 7854 8450 7843
f 8450 7857 7568
f 7572 7857 8449
f 8452 7858 8451
f 8451 7858 8453
f 7572 8451 7857
f 7857 8451 7568
f 8451 8453 7847
f 8453 7858 7847
f 8469 8456 8454
f 8454 8456 8441
f 8471 8065 8456
f 8457 8458 8459
f 8067 8459 7859
f 8459 8458 7573
f 8458 7850 7573
f 7571 7850 8458
f 8443 8458 8457
f 7570 7851 7860
f 8460 8461 7850
f 7850 8461 7860
f 7850 7860 8475
f 7860 7861 8477
f 7851 7862 7861
f 8446 8461 8460
f 8462 8464 7862
f 7862 8464 8463
f 7863 8697 7875
f 7569 7863 8464
f 8448 8464 8462
f 7852 8462 7862
f 7865 8465 8449
f 7574 8466 8465
f 8465 8466 8449
f 7865 8449 7854
f 8449 8466 7572
f 8894 7574 8465
f 8894 8465 7865
f 8467 7867 8468
f 8466 8467 7572
f 8467 8468 8452
f 8468 7867 8452
f 7866 7867 8467
f 8108 8471 8470
f 7869 8470 7867
f 7867 8469 8454
f 8470 8471 8469
f 8108 7870 8471
f 8108 8874 8792
f 7868 8790 8874
f 8874 8108 8470
f 8472 8473 8474
f 8474 8473 7576
f 8473 8475 7576
f 7573 8475 8473
f 8459 8473 8472
f 8477 7861 7872
f 8475 8477 8476
f 8475 8476 8484
f 7872 7873 8486
f 7861 7874 7873
f 7860 8477 8475
f 8463 8479 7874
f 7874 8479 8478
f 8464 7875 8479
f 7862 8463 7874
f 8880 8879 8481
f 7876 8481 7877
f 8145 8481 7864
f 8481 8883 8890
f 7864 8481 8890
f 8810 8880 8481
f 8467 8894 7866
f 7867 8767 7869
f 8482 8483 8490
f 7878 8490 7879
f 8490 8483 7578
f 8483 8484 7578
f 7576 8484 8483
f 8474 8483 8482
f 8486 7873 7880
f 8484 8486 8485
f 8484 8485 8492
f 7880 7881 7577
f 7873 7882 7881
f 8476 8486 8484
f 8478 8488 7882
f 7882 8488 8487
f 8479 7883 8488
f 7874 8478 7882
f 8799 8797 8489
f 7884 8489 8158
f 8489 7876 8158
f 8818 8817 8498
f 8821 8799 8489
f 7884 8817 8821
f 8827 8818 8498
f 8838 8834 7885
f 8834 8840 8498
f 8840 8827 8498
f 8847 8838 7885
f 7886 8490 8491
f 8490 8492 8491
f 7886 8491 7887
f 8491 8492 8505
f 7578 8492 8490
f 8492 7880 8493
f 8492 8493 8506
f 7577 7888 7580
f 7881 7889 7888
f 8485 7880 8492
f 8487 8495 7889
f 7889 8495 8494
f 8488 7890 8495
f 7882 8487 7889
f 7891 8497 8498
f 8497 7893 8498
f 8133 7891 7581
f 7892 8498 8817
f 7583 7893 8497
f 7582 8502 8500
f 7893 8499 8500
f 7893 8500 8498
f 8500 8502 7885
f 7582 8501 8502
f 8513 7582 8499
f 8502 8873 8859
f 8859 8847 8502
f 8878 8873 8502
f 8844 8878 8502
f 8515 7894 8503
f 7907 8502 8501
f 8504 8505 7585
f 7895 7887 8504
f 8504 7585 7898
f 8505 7899 7585
f 8506 8507 7899
f 7585 7899 7900
f 7899 8507 7900
f 7580 7902 7584
f 7577 7580 8507
f 8493 8507 8506
f 8494 8509 7901
f 7901 8509 8508
f 7888 7901 7902
f 7901 8508 7902
f 8495 8510 8509
f 7889 8494 7901
f 7903 8511 8512
f 8511 7904 8512
f 7913 7903 8133
f 8512 7904 7583
f 8525 7904 8511
f 8513 7907 7906
f 8525 7905 7904
f 7904 7905 7583
f 7905 8513 8499
f 7917 7907 8513
f 7586 8515 8514
f 8514 8515 8516
f 7906 7907 8501
f 8514 8516 8503
f 8516 8515 8503
f 8529 8071 8515
f 7585 8517 7898
f 7898 8517 8518
f 7898 8518 7908
f 8518 8517 7909
f 8520 7584 8519
f 8519 7584 8521
f 7900 8519 8517
f 8517 8521 7909
f 8521 7584 7587
f 8507 7584 8520
f 7900 8520 8519
f 7902 7910 7587
f 7587 8522 8535
f 7910 8523 8522
f 8509 7911 7910
f 7902 8508 7910
f 8539 8524 8525
f 8524 7914 8525
f 8539 8525 7913
f 8541 7914 8524
f 8526 7918 7917
f 8541 7916 7914
f 7914 7916 8525
f 7916 8526 7905
f 7915 7918 8526
f 7588 8529 8528
f 7918 8528 7917
f 7917 8528 8527
f 7917 8527 8514
f 8527 8528 8514
f 8528 8529 7586
f 8546 8073 8529
f 7908 8530 8532
f 8530 8531 8532
f 7920 7908 8532
f 7919 8532 7921
f 8532 8531 7930
f 8533 8535 8534
f 7909 8533 8534
f 8534 8535 7591
f 8535 7922 7591
f 8535 8537 7922
f 7587 8535 8533
f 8522 8523 8536
f 8536 8523 8537
f 8523 7923 7589
f 8540 8541 8538
f 7924 8538 7925
f 7925 8538 8539
f 8152 8539 7912
f 8538 8541 8524
f 7924 8540 8538
f 7593 8543 8540
f 8540 8542 8541
f 8542 8543 7916
f 8543 7927 7915
f 7926 7927 8543
f 7592 8546 8545
f 7927 8545 8544
f 7927 8544 7918
f 8544 8545 7918
f 8545 8546 7588
f 8561 8075 8546
f 8548 8549 8547
f 8547 8549 8550
f 8550 7929 7928
f 8550 8549 7594
f 7930 8549 8548
f 8532 8548 8547
f 7591 7922 7931
f 8531 8534 7930
f 8534 8551 7930
f 7930 8551 7931
f 7931 7932 8565
f 7922 7933 7932
f 8552 8554 7933
f 7933 8554 8553
f 7934 8699 7944
f 7589 7934 8554
f 8537 8554 8552
f 8537 8552 7933
f 8555 8556 7924
f 7924 8557 8540
f 8557 8556 7593
f 8570 8556 8555
f 7596 7936 8556
f 8556 7936 7593
f 7936 8558 8543
f 7935 7937 8558
f 7595 8561 8560
f 7937 8560 8558
f 8558 8560 8559
f 8558 8559 8545
f 8559 8560 8545
f 8560 8561 7592
f 8574 8078 8561
f 7929 8562 7939
f 8562 7940 7954
f 7594 7940 8562
f 8550 8562 7929
f 8565 7932 7941
f 8549 8563 7940
f 8563 8565 7940
f 7940 8565 8564
f 7940 8564 8577
f 7941 7942 8579
f 7932 7943 7942
f 7931 8565 8563
f 8553 8567 7943
f 7943 8567 8566
f 8554 7944 8567
f 7933 8553 7943
f 7945 8569 8570
f 8569 7599 8570
f 7946 7945 7947
f 7947 7945 8570
f 8181 8570 8555
f 8570 7599 7596
f 7599 7949 7596
f 7949 8571 7936
f 8571 7950 7935
f 7948 7950 8571
f 7598 8574 8573
f 7950 8573 8572
f 7950 8572 7937
f 8572 8573 7937
f 8573 8574 7595
f 8587 8080 8574
f 7939 8576 7952
f 7952 8576 8575
f 7938 7952 7951
f 8579 7942 7955
f 8577 8579 8576
f 8576 8579 8578
f 8576 8578 8589
f 7955 7956 8591
f 7942 7957 7956
f 8564 8579 8577
f 8566 8581 7957
f 7957 8581 8580
f 8567 7958 8581
f 7943 8566 7957
f 7973 8582 8583
f 8582 7959 8583
f 7974 7973 8138
f 8138 8583 7946
f 8583 7959 7599
f 8596 7959 8582
f 8596 7961 7959
f 7959 7961 7599
f 7961 8584 7949
f 7960 7962 8584
f 7601 8587 8586
f 7962 8586 8584
f 8584 8586 8585
f 8584 8585 8573
f 8585 8586 8573
f 8586 8587 7598
f 8602 8082 8587
f 7953 7964 7963
f 7964 8588 7965
f 7964 7966 7977
f 8591 7956 7967
f 8589 8591 7966
f 7966 8591 8590
f 7966 8590 8607
f 7967 7968 7603
f 7956 7969 7968
f 8578 8591 8589
f 8580 8593 7969
f 7969 8593 8592
f 8581 7970 8593
f 7957 8580 7969
f 7973 8595 8596
f 8595 7975 8596
f 7605 7975 8595
f 7971 8595 7973
f 7604 8600 8598
f 7975 8597 8598
f 7975 8598 8596
f 8598 8600 7962
f 7604 8599 8600
f 8616 8602 8601
f 8599 8601 8600
f 8600 8601 7962
f 8601 8602 7601
f 8617 8083 8602
f 8616 8601 8599
f 8588 8605 8603
f 8603 8605 8604
f 7965 8603 7976
f 7606 8604 8619
f 8604 8605 7608
f 8605 8606 7608
f 7965 8588 8603
f 8607 7967 8606
f 8606 7967 8608
f 8606 8608 8622
f 7603 7978 7607
f 7968 7979 7978
f 8590 7967 8607
f 8592 8610 7979
f 7979 8610 8609
f 8593 7980 8610
f 7969 8592 7979
f 8611 7984 7982
f 7981 8611 8161
f 7983 7982 7972
f 7982 7984 7605
f 7610 7984 8611
f 8613 7985 8612
f 8612 7985 8614
f 7610 8612 7984
f 7984 8612 7605
f 8612 8614 7604
f 8614 7985 7604
f 7609 8617 8618
f 8615 7609 8616
f 7985 8616 8599
f 7609 8618 8616
f 8618 8617 8616
f 8634 8084 8617
f 8633 7609 8615
f 8619 8621 8171
f 8171 8621 7987
f 8621 8620 7987
f 7608 8622 8621
f 7608 8621 8619
f 8622 8623 8638
f 7607 7989 7612
f 7603 7607 8623
f 8608 8623 8622
f 8609 8625 7988
f 7988 8625 8624
f 7978 7988 7989
f 7988 8624 7989
f 8610 7990 8625
f 7979 8609 7988
f 8642 8627 8628
f 8172 7981 8161
f 8172 8628 8611
f 7615 8628 8627
f 8630 7992 8631
f 7615 8629 8628
f 8628 8630 7610
f 8630 8631 8613
f 8631 7992 8613
f 7614 8634 8635
f 8632 7614 8633
f 7992 8633 8615
f 7614 8635 7609
f 8635 8634 7609
f 8646 7614 8632
f 7987 8636 7994
f 7995 7994 7996
f 7994 8636 7617
f 8636 7997 7617
f 7613 7997 8636
f 8638 7612 8637
f 8637 7612 8639
f 7613 8637 7997
f 7997 8639 7998
f 8639 7612 7616
f 8623 7612 8638
f 7989 7999 7616
f 7616 8640 8653
f 7999 8641 8640
f 8625 8000 7999
f 7989 8624 7999
f 8001 8643 8142
f 8142 8643 8642
f 8643 8644 8627
f 7619 8643 8657
f 8003 8632 8644
f 7619 8004 8643
f 8004 8003 8644
f 8627 8644 7615
f 8644 8632 7992
f 7618 8647 8648
f 8645 7618 8646
f 7618 8648 7614
f 8648 8647 7614
f 8661 8086 8647
f 8660 7618 8645
f 8005 8649 8650
f 8006 8005 8007
f 8005 8650 8007
f 8649 7998 8017
f 7617 7998 8649
f 7994 8649 8005
f 8651 8653 8652
f 7998 8651 8652
f 7998 8652 8017
f 8652 8653 7622
f 8653 8008 7622
f 8653 8655 8008
f 7616 8653 8651
f 8640 8641 8654
f 8654 8641 8655
f 8641 8009 7620
f 8010 8656 8657
f 8656 7624 8657
f 8011 8143 8001
f 8143 8657 8001
f 8657 7624 7619
f 8012 8660 8013
f 8013 8660 8658
f 7624 8013 7619
f 8013 8658 8003
f 8658 8660 8003
f 7623 8661 8662
f 8659 7623 8660
f 7623 8662 7618
f 8662 8661 7618
f 8692 8125 8661
f 8673 7623 8659
f 8650 8664 8007
f 8007 8664 8663
f 8154 8007 8663
f 8015 8663 8016
f 8663 8664 7626
f 7622 8008 8019
f 8017 8665 7626
f 7626 8665 8019
f 7626 8019 8018
f 8019 8020 7625
f 8008 8021 8020
f 8652 8665 8017
f 8666 8668 8021
f 8021 8668 8667
f 8668 8669 8667
f 7620 8701 8669
f 8655 8668 8666
f 8655 8666 8021
f 8022 8684 8670
f 8684 8025 8670
f 8023 8022 8088
f 8670 8010 8024
f 8670 8025 7624
f 7628 8025 8684
f 8671 8026 8672
f 8025 8671 8672
f 8025 8672 7624
f 8672 8026 8012
f 7627 8692 8674
f 8674 8692 8675
f 8026 8673 8659
f 8674 8675 7623
f 8675 8692 7623
f 8691 7627 8674
f 8031 8674 8673
f 8676 8677 8678
f 8016 8676 8027
f 8027 8678 7700
f 8678 8677 7700
f 7626 8018 8677
f 8663 8677 8676
f 8018 8679 8680
f 7700 8680 7705
f 8680 8679 7705
f 7625 8028 8255
f 8020 8681 8028
f 8019 7625 8679
f 8682 8683 8681
f 8028 8681 7711
f 8681 8683 7709
f 8667 8669 8683
f 8667 8683 8682
f 8021 8682 8681
f 7713 8684 8089
f 8089 8684 8022
f 8685 8030 7628
f 7713 8685 8684
f 8687 8688 8029
f 8688 8689 8029
f 7714 8029 8030
f 8030 8686 7628
f 8686 8029 8671
f 8029 8689 8671
f 8688 8031 8689
f 7715 8690 8688
f 8689 8031 8673
f 8691 8692 7627
f 8032 8182 8692
f 7716 8032 8691
f 8261 8691 8690
f 8702 8693 8695
f 8695 8693 8698
f 8698 8693 8700
f 8700 8693 8702
f 8669 8702 7712
f 7712 8702 7724
f 7724 8702 7733
f 7733 8702 8285
f 8285 8702 7751
f 7751 8694 7756
f 7751 8702 8694
f 7756 8694 7765
f 8694 8702 7773
f 7773 8695 7782
f 7782 8695 7793
f 7793 8695 7805
f 7805 8695 8696
f 8696 8695 7827
f 7827 8695 7842
f 7842 8697 7853
f 7842 8695 8697
f 7853 8697 7863
f 8697 8698 7875
f 7875 8698 7883
f 7883 8698 7890
f 7890 8698 8510
f 8510 8698 7911
f 7911 8699 7923
f 7911 8698 8699
f 7923 8699 7934
f 8699 8698 7944
f 7944 8700 7958
f 7958 8700 7970
f 7970 8700 7980
f 7980 8700 7990
f 7990 8700 8000
f 8000 8701 8009
f 8000 8700 8701
f 8009 8701 7620
f 8701 8700 8669
f 8746 8765 8890
f 8890 8883 8879
f 8879 8880 8810
f 8810 7876 8797
f 8797 8799 8821
f 8821 8875 8870
f 8738 8746 8890
f 8890 8879 8810
f 8810 8797 8821
f 8821 8870 8738
f 8738 8890 8810
f 8906 8916 8745
f 8745 8734 8732
f 8732 8733 8753
f 8753 8777 8772
f 8772 8774 8801
f 8801 8830 8826
f 8826 8828 8837
f 8837 8836 8872
f 8872 8868 8866
f 8866 8867 8915
f 8915 8751 8750
f 8750 8754 8755
f 8755 8795 8786
f 8786 8778 8783
f 8783 8802 8806
f 8806 8839 8835
f 8835 8831 8804
f 8804 8788 8787
f 8787 8811 8794
f 8794 8792 8874
f 8874 8790 8785
f 8785 7869 8767
f 8894 8890 8765
f 8789 8278 8776
f 8776 8782 8803
f 8803 8813 8816
f 8816 7527 8731
f 8731 8719 8721
f 8721 8724 8726
f 8726 8736 8743
f 8743 7500 8793
f 8793 8771 8773
f 8773 8775 8779
f 8779 8805 8846
f 8846 8849 8853
f 8853 8857 8761
f 8761 8763 8809
f 8809 8800 8796
f 8796 8798 8843
f 8843 8833 8829
f 8829 8832 8856
f 8856 8877 8871
f 8871 8876 8897
f 8897 8913 8906
f 8906 8745 8732
f 8732 8753 8772
f 8772 8801 8826
f 8826 8837 8872
f 8872 8866 8915
f 8915 8750 8755
f 8755 8786 8783
f 8783 8806 8835
f 8835 8804 8787
f 8787 8794 8874
f 8874 8785 8767
f 8767 7866 8894
f 8765 8768 8789
f 8789 8776 8803
f 8803 8816 8731
f 8731 8721 8726
f 8726 8743 8793
f 8793 8773 8779
f 8779 8846 8853
f 8853 8761 8809
f 8809 8796 8843
f 8843 8829 8856
f 8856 8871 8897
f 8897 8906 8732
f 8732 8772 8826
f 8826 8872 8915
f 8915 8755 8783
f 8783 8835 8787
f 8787 8874 8767
f 8767 8894 8765
f 8765 8789 8803
f 8803 8731 8726
f 8726 8793 8779
f 8779 8853 8809
f 8809 8843 8856
f 8856 8897 8732
f 8732 8826 8915
f 8915 8783 8787
f 8787 8767 8765
f 8765 8803 8726
f 8726 8779 8809
f 8809 8856 8732
f 8732 8915 8787
f 8787 8765 8726
f 8726 8809 8732
f 8823 8825 8861
f 8823 8861 8855
f 8807 8812 8823
f 8807 8823 8855
f 8808 8807 8855
f 8808 8855 8851
f 8808 8851 8850
f 8770 8815 8808
f 8756 8760 8769
f 8769 8770 8808
f 8850 8852 8864
f 8769 8808 8850
f 8756 8769 8850
f 8864 8865 8902
f 8757 8756 8850
f 8850 8864 8902
f 8850 8902 8896
f 8757 8850 8896
f 8757 8896 8889
f 8764 8757 8889
f 8888 8892 8907
f 8764 8889 8888
f 8727 8729 8764
f 8706 8709 8727
f 8706 8727 8764
f 8707 8706 8764
f 8764 8888 8907
f 8907 8911 8914
f 8907 8914 8910
f 8707 8764 8907
f 8720 8723 8712
f 8712 8707 8907
f 8907 8910 8905
f 8904 8908 8917
f 8712 8907 8905
f 8905 8904 8917
f 8917 8752 8749
f 8749 8748 8912
f 8912 8758 8759
f 8759 8784 8780
f 8780 8781 8791
f 8791 8744 8740
f 8740 8741 8820
f 8820 8822 8725
f 8725 8722 8710
f 8710 8705 8704
f 8704 8717 8714
f 8714 8715 8735
f 8735 8898 8893
f 8893 8887 8885
f 8885 8884 8891
f 8891 8261 8886
f 8886 8882 8900
f 8875 8821 8817
f 8818 8827 8840
f 8840 8834 8838
f 8838 8847 8859
f 8859 8873 8878
f 8878 8844 8845
f 8845 8848 8841
f 8841 8842 8737
f 8737 7648 8728
f 8728 8730 8739
f 8739 8742 8747
f 8747 8703 8708
f 8708 8713 8716
f 8716 8824 8863
f 8863 8862 8858
f 8858 8860 8869
f 8869 8903 8899
f 8899 8901 8718
f 8718 8720 8712
f 8712 8905 8917
f 8917 8749 8912
f 8912 8759 8780
f 8780 8791 8740
f 8740 8820 8725
f 8725 8710 8704
f 8704 8714 8735
f 8735 8893 8885
f 8885 8891 8886
f 8886 8900 8881
f 8881 8260 8875
f 8875 8817 8818
f 8818 8840 8838
f 8838 8859 8878
f 8878 8845 8841
f 8841 8737 8728
f 8728 8739 8747
f 8747 8708 8716
f 8716 8863 8858
f 8858 8869 8899
f 8899 8718 8712
f 8712 8917 8912
f 8912 8780 8740
f 8740 8725 8704
f 8704 8735 8885
f 8885 8886 8881
f 8881 8875 8818
f 8818 8838 8878
f 8878 8841 8728
f 8728 8747 8716
f 8716 8858 8899
f 8899 8712 8912
f 8912 8740 8704
f 8704 8885 8881
f 8881 8818 8878
f 8878 8728 8716
f 8716 8899 8912
f 8912 8704 8881
f 8881 8878 8716
f 9359 9361 9360
f 9320 9359 9957
f 9425 9327 9359
f 9359 9337 9361
f 9428 9362 9339
f 9362 9007 9363
f 9362 8923 9001
f 9470 9362 9001
f 9022 9364 9014
f 9340 9363 9014
f 8925 9014 9007
f 9342 9365 8926
f 9341 9365 9364
f 9020 9365 9341
f 9365 9027 9026
f 9504 9365 9026
f 8929 9366 9365
f 9027 9366 9521
f 9027 9365 9366
f 9521 9367 9039
f 9367 9368 9539
f 9528 8931 9368
f 9053 9369 9055
f 9055 8932 9048
f 9539 9055 9048
f 9343 9344 9369
f 9068 9344 9053
f 9344 9562 9370
f 9344 9061 9060
f 9555 9344 9060
f 9080 9374 9372
f 9370 9372 9373
f 9373 8935 9072
f 9373 9375 8935
f 9374 9375 9373
f 9090 9376 9375
f 9089 9346 9376
f 9346 8938 9377
f 8938 9100 9378
f 8938 8939 9377
f 9378 9379 9347
f 9381 9380 9347
f 9347 8941 9106
f 9624 9347 9106
f 9380 9382 8941
f 9381 9382 9380
f 9382 9117 9116
f 9641 9382 9116
f 9382 9384 9383
f 9135 9133 9348
f 9135 9676 9127
f 9659 9135 9127
f 9385 9386 9676
f 9135 9348 9385
f 9386 9139 9138
f 9676 9386 9138
f 9158 9389 9387
f 9386 9349 9387
f 9158 9156 9390
f 9389 9350 9387
f 9391 9167 9392
f 8947 9391 9161
f 9389 9391 9350
f 9392 9173 8949
f 9167 9351 9392
f 9181 9393 9351
f 9393 9173 9351
f 9173 9394 9725
f 8953 9395 9393
f 9748 9396 9395
f 9740 9394 9186
f 9396 9397 9395
f 9398 9352 9397
f 9196 9397 9197
f 9397 9400 9774
f 9352 9210 9400
f 9353 9403 9402
f 9404 9354 9402
f 9232 9408 9405
f 8959 9405 9225
f 9354 9404 9405
f 9408 9245 9410
f 8961 9408 9237
f 9410 9355 9408
f 9237 9411 9250
f 9355 9410 9411
f 9245 9411 9410
f 9271 9356 9414
f 8964 9414 9263
f 9411 9271 9413
f 9356 9417 9869
f 9416 9417 9356
f 9416 8968 9418
f 9869 9417 9274
f 9417 9419 9285
f 9420 9423 9292
f 9315 9424 9307
f 9308 9425 9940
f 9424 9358 9308
f 9425 9320 9319
f 9940 9425 9319
f 8997 9427 9438
f 9427 9009 9428
f 9427 9362 8991
f 9454 9438 8991
f 9430 9429 9306
f 9431 9430 9262
f 9432 9431 9215
f 9433 9432 9172
f 9434 9433 9126
f 9435 9434 9083
f 9436 9435 9038
f 9429 9436 8990
f 9333 8990 9970
f 9306 9333 9939
f 9284 9306 9906
f 9262 9284 9867
f 9236 9262 9835
f 9215 9236 9804
f 9195 9215 9772
f 9172 9195 9738
f 9150 9172 9707
f 9126 9150 9674
f 9105 9126 9639
f 9083 9105 9606
f 9059 9083 9571
f 9038 9059 9537
f 9013 9038 9502
f 8990 9013 9469
f 9361 9438 9437
f 8918 9437 8974
f 8975 8973 8974
f 9442 8980 9440
f 9440 9457 9442
f 9440 8978 8977
f 8979 9443 8980
f 8993 8982 9443
f 9443 8982 9444
f 9443 8981 8980
f 9445 8920 8986
f 8986 8987 9445
f 8986 9447 8987
f 9446 9965 9447
f 9447 9965 9448
f 9447 9463 9464
f 9448 8988 9465
f 9448 8989 9449
f 9449 9968 9451
f 9451 9969 9970
f 9452 9970 8990
f 9454 8975 9437
f 9455 8921 8976
f 9454 8976 8975
f 8921 9458 9457
f 9457 9472 9459
f 8992 9460 8993
f 9459 9005 8992
f 9460 8992 9461
f 9460 9444 8982
f 9460 8982 8993
f 8996 8984 9462
f 9462 9464 8998
f 8998 9464 9463
f 9463 9447 9465
f 9465 9478 9479
f 9466 9000 9480
f 8988 9450 9467
f 9467 9451 9452
f 9469 9452 8990
f 9467 8999 9000
f 9470 8991 9362
f 9471 8922 9453
f 9470 9453 8991
f 9003 9458 8922
f 9003 9473 9472
f 9472 9490 9474
f 9474 9017 9004
f 9476 9006 9475
f 9475 9461 8992
f 9004 8992 9005
f 9008 8995 9477
f 9477 9479 9010
f 9010 9479 9478
f 9480 9495 9496
f 9481 9000 9482
f 9482 9000 9484
f 9484 9468 9469
f 9485 9469 9013
f 9483 9011 9012
f 8926 9487 9014
f 9488 8924 9002
f 9487 9002 8923
f 8924 9015 9490
f 9490 9507 9491
f 9491 9029 9016
f 9493 9019 9492
f 9492 9476 9475
f 9016 9475 9017
f 9022 9007 9021
f 9021 9007 9494
f 9494 9496 9023
f 9021 9513 9033
f 9021 9033 9034
f 9023 9496 9495
f 9497 9012 9498
f 9497 9512 9513
f 9498 9012 9499
f 9499 9011 9501
f 9501 9484 9485
f 9502 9485 9013
f 9500 9024 9025
f 9505 8927 9486
f 9504 9486 8926
f 8927 9508 9507
f 9507 9524 9509
f 9509 9041 9028
f 9510 9493 9492
f 9028 9492 9029
f 9511 9513 9035
f 9035 9513 9512
f 9512 9497 9514
f 9514 9025 9515
f 9514 9530 9531
f 9515 9025 9516
f 9516 9024 9518
f 9518 9501 9502
f 9519 9502 9038
f 9517 9036 9037
f 9522 8928 9503
f 9521 9503 9027
f 8928 9525 9524
f 9524 9542 9526
f 9526 9050 9040
f 9527 9031 9510
f 9040 9510 9041
f 9528 9055 8931
f 9044 9032 9529
f 9529 9531 9045
f 9528 9548 9054
f 9528 9054 9055
f 9045 9531 9530
f 9530 9514 9532
f 9532 9037 9533
f 9532 9547 9548
f 9533 9037 9534
f 9534 9036 9536
f 9536 9518 9519
f 9537 9519 9038
f 9535 9046 9047
f 9540 8930 9520
f 9539 9520 9367
f 8930 9543 9542
f 9542 9558 9544
f 9544 9064 9049
f 9545 9043 9527
f 9049 9527 9050
f 9546 9548 9056
f 9056 9548 9547
f 9547 9532 9549
f 9549 9047 9550
f 9549 9564 9565
f 9550 9047 9551
f 9551 9046 9553
f 9553 9536 9537
f 9554 9537 9059
f 9552 9057 9058
f 9556 8933 9538
f 9555 9538 8932
f 8933 9559 9558
f 9558 9575 9560
f 9560 9075 9063
f 9561 9052 9545
f 9063 9545 9064
f 9067 9053 9563
f 9563 9565 9069
f 9069 9565 9564
f 9564 9549 9566
f 9566 9058 9567
f 9566 9581 9582
f 9567 9058 9568
f 9568 9057 9570
f 9570 9553 9554
f 9571 9554 9059
f 9569 9070 9071
f 9373 9061 9370
f 9072 9572 9373
f 9573 8934 9062
f 9572 9062 9061
f 8934 9576 9575
f 9575 9594 9577
f 9577 9086 9074
f 9578 9066 9561
f 9074 9561 9075
f 9078 9562 9582
f 9579 9582 9580
f 9580 9582 9581
f 9581 9566 9583
f 9583 9071 9584
f 9583 9599 9600
f 9584 9071 9585
f 9585 9070 9587
f 9587 9570 9571
f 9588 9571 9083
f 9586 9081 9082
f 9084 9072 8935
f 9084 9590 9589
f 9592 8936 9073
f 9591 9073 9072
f 8936 9595 9594
f 9594 9610 9596
f 9596 9097 9085
f 9597 9077 9578
f 9085 9578 9086
f 9090 9078 9598
f 9598 9600 9091
f 9091 9600 9599
f 9599 9583 9601
f 9601 9082 9602
f 9601 9615 9616
f 9602 9082 9603
f 9603 9081 9605
f 9605 9587 9588
f 9606 9588 9083
f 9604 9092 9093
f 9377 9084 9376
f 9607 9094 9609
f 9609 8937 9589
f 9608 9589 9590
f 9608 9590 9084
f 9095 9595 8937
f 9095 9611 9610
f 9610 9627 9612
f 9612 9108 9096
f 9613 9088 9597
f 9096 9597 9097
f 9101 9089 9614
f 9614 9616 9102
f 9102 9616 9615
f 9615 9601 9617
f 9617 9093 9618
f 9617 9632 9633
f 9618 9093 9619
f 9619 9092 9621
f 9621 9605 9606
f 9622 9606 9105
f 9620 9103 9104
f 9625 8940 9094
f 9624 9094 9607
f 9624 9607 8939
f 8940 9628 9627
f 9627 9644 9629
f 9629 9119 9107
f 9630 9099 9613
f 9107 9613 9108
f 9112 9123 9381
f 9112 9100 9111
f 9111 9101 9631
f 9631 9633 9113
f 9111 9651 9122
f 9111 9122 9123
f 9113 9633 9632
f 9632 9617 9634
f 9634 9104 9635
f 9634 9650 9651
f 9635 9104 9636
f 9636 9103 9638
f 9638 9621 9622
f 9639 9622 9105
f 9637 9114 9115
f 9642 8942 9623
f 9641 9623 8941
f 8942 9645 9644
f 9644 9662 9646
f 9646 9129 9118
f 9647 9110 9630
f 9118 9630 9119
f 9649 9651 9124
f 9124 9651 9650
f 9650 9634 9652
f 9652 9115 9653
f 9652 9668 9669
f 9653 9125 9670
f 9653 9115 9654
f 9654 9114 9656
f 9656 9638 9639
f 9657 9639 9126
f 9660 8943 9640
f 9659 9640 9117
f 8943 9663 9662
f 9662 9679 9664
f 9664 9141 9128
f 9665 9121 9647
f 9128 9647 9129
f 9133 9132 9348
f 9134 9666 9669
f 9135 9648 9666
f 9134 9669 9667
f 9134 9685 9132
f 9667 9669 9668
f 9668 9652 9670
f 9670 9684 9685
f 9671 9137 9686
f 9125 9655 9672
f 9672 9656 9657
f 9674 9657 9126
f 9672 9136 9137
f 9677 8944 9658
f 8944 9680 9679
f 9679 9695 9681
f 9681 9153 9140
f 9682 9131 9665
f 9140 9665 9141
f 9145 9699 9158
f 9132 9685 9683
f 9144 8946 9699
f 9146 9685 9684
f 9686 9147 9159
f 9686 9159 9146
f 9687 9137 9688
f 9688 9137 9690
f 9690 9673 9674
f 9691 9674 9150
f 9689 9148 9149
f 9151 9139 9387
f 9693 8945 9675
f 9388 9675 9139
f 8945 9696 9695
f 9695 9712 9697
f 9697 9164 9152
f 9698 9143 9682
f 9152 9682 9153
f 9157 9699 8946
f 9700 8946 9701
f 9157 9700 9716
f 9157 9716 9156
f 9701 9146 9159
f 9702 9149 9703
f 9159 9702 9169
f 9159 9169 9701
f 9703 9160 9702
f 9703 9149 9704
f 9704 9148 9706
f 9706 9690 9691
f 9707 9691 9150
f 9161 9388 8947
f 8949 9710 9161
f 8949 9709 9708
f 9711 8948 9692
f 9710 9692 9388
f 9162 9696 8948
f 9162 9713 9712
f 9712 9727 9714
f 9714 9178 9163
f 9715 9155 9698
f 9163 9698 9164
f 9168 9182 9167
f 9716 9700 9717
f 9717 9170 9716
f 9170 9733 8951
f 9717 9701 9169
f 9719 9702 9720
f 9720 9171 9719
f 9720 9160 9721
f 9721 9705 9723
f 9723 9706 9707
f 9724 9707 9172
f 9173 9709 8949
f 9725 9175 9726
f 9726 8950 9708
f 9174 9708 9709
f 9176 9713 8950
f 9176 9728 9727
f 9727 9743 9729
f 9729 9188 9177
f 9730 9166 9715
f 9177 9715 9178
f 9731 8951 9732
f 9732 9183 9731
f 9732 9733 9183
f 9734 9719 9735
f 9734 9750 9747
f 9735 9185 9751
f 9171 9722 9736
f 9736 9723 9724
f 9738 9724 9172
f 9736 9184 9185
f 9741 8952 9175
f 9740 9175 9725
f 8952 9744 9743
f 9743 9760 9745
f 9745 9199 9187
f 9746 9180 9730
f 9187 9730 9188
f 9192 9181 9747
f 9748 9747 9749
f 9748 9766 9191
f 9749 9747 9750
f 9750 9734 9751
f 9751 9765 9766
f 9752 9185 9753
f 9753 9185 9755
f 9755 9737 9738
f 9756 9738 9195
f 9754 9193 9194
f 9196 9186 9395
f 9758 8954 9739
f 9196 9739 9186
f 8954 9761 9760
f 9760 9776 9762
f 9762 9207 9198
f 9763 9190 9746
f 9198 9746 9199
f 9398 9211 9399
f 8955 9748 9398
f 9398 9191 9764
f 9764 9766 9203
f 9203 9766 9765
f 9767 9194 9768
f 9767 9781 9782
f 9768 9204 9783
f 9768 9194 9769
f 9769 9193 9771
f 9771 9755 9756
f 9772 9756 9195
f 9774 9197 9397
f 9773 9401 9775
f 9775 8956 9757
f 9774 9757 9197
f 9205 9761 8956
f 9205 9777 9776
f 9776 9792 9778
f 9778 9217 9206
f 9779 9201 9763
f 9206 9763 9207
f 9210 9221 9400
f 9210 9202 9780
f 9780 9782 9212
f 9212 9782 9781
f 9781 9767 9783
f 9783 9797 9798
f 9784 9214 9799
f 9204 9770 9785
f 9785 9771 9772
f 9787 9772 9215
f 9785 9213 9214
f 9402 9401 8957
f 8959 9789 9402
f 9790 8958 9401
f 8958 9793 9792
f 9792 9807 9794
f 9794 9228 9216
f 9795 9209 9779
f 9216 9779 9217
f 9404 9796 9220
f 9796 9798 9222
f 9222 9798 9797
f 9799 9812 9813
f 9800 9214 9801
f 9801 9214 9803
f 9803 9786 9787
f 9804 9787 9215
f 9802 9223 9224
f 9806 8960 9788
f 9406 9788 8959
f 9226 9793 8960
f 9226 9808 9807
f 9807 9824 9809
f 9809 9241 9227
f 9810 9219 9795
f 9227 9795 9228
f 9231 9220 9811
f 9811 9813 9233
f 9231 9829 9246
f 9231 9246 9407
f 9233 9813 9812
f 9814 9224 9815
f 9814 9828 9829
f 9815 9224 9816
f 9816 9223 9818
f 9818 9803 9804
f 9819 9804 9236
f 9817 9234 9235
f 9237 9406 8961
f 9237 9820 9822
f 9822 8963 9823
f 9823 9239 9822
f 9822 8962 9805
f 9821 9805 9406
f 9239 9808 8962
f 9239 8963 9824
f 9824 9839 9825
f 9825 9254 9240
f 9826 9230 9810
f 9240 9810 9241
f 9246 9244 9245
f 9827 9829 9247
f 9247 9829 9828
f 9828 9814 9830
f 9830 9235 9831
f 9830 9844 9845
f 9831 9235 9832
f 9832 9234 9834
f 9834 9818 9819
f 9835 9819 9236
f 9833 9248 9249
f 9250 9820 9237
f 9412 9263 9836
f 9837 8963 9238
f 9412 9238 9820
f 9251 9252 9839
f 9839 9855 9840
f 9840 9266 9253
f 9841 9243 9826
f 9253 9826 9254
f 9842 9257 9258
f 9842 9845 9843
f 9843 9846 9259
f 9843 9845 9844
f 9844 9830 9846
f 9846 9249 9847
f 9846 9860 9861
f 9847 9249 9848
f 9848 9248 9850
f 9850 9834 9835
f 9851 9835 9262
f 9849 9260 9261
f 8966 9853 9263
f 9854 8965 9836
f 9853 9836 9263
f 9264 9252 8965
f 9264 9856 9855
f 9855 9872 9857
f 9857 9277 9265
f 9858 9256 9841
f 9265 9841 9266
f 9271 9269 9415
f 9258 9861 9859
f 9270 9879 9269
f 9861 9862 9859
f 9860 9846 9862
f 9862 9261 9863
f 9862 9878 9879
f 9863 9261 9864
f 9864 9260 9866
f 9866 9850 9851
f 9867 9851 9262
f 9865 9272 9273
f 9871 9275 9870
f 9870 8967 9852
f 9869 9852 8966
f 9275 9856 8967
f 9275 9873 9872
f 9872 9892 9874
f 9874 9288 9276
f 9875 9268 9858
f 9276 9858 9277
f 9280 9269 9877
f 9877 9879 9281
f 9281 9879 9878
f 9878 9862 9880
f 9880 9273 9881
f 9880 9899 9900
f 9881 9273 9882
f 9882 9272 9884
f 9884 9866 9867
f 9885 9867 9284
f 9883 9282 9283
f 9887 9888 9889
f 9285 9274 9417
f 9285 9887 9889
f 9889 9870 9868
f 9889 9868 9274
f 9890 9873 9870
f 9890 9893 9892
f 9892 9286 9894
f 9894 9297 9287
f 9895 9279 9875
f 9287 9875 9288
f 9419 9900 9896
f 8968 9876 9900
f 9896 9900 9898
f 9897 9917 8969
f 9898 9900 9899
f 9899 9880 9901
f 9901 9283 9902
f 9901 9916 9917
f 9902 9291 9918
f 9902 9283 9903
f 9903 9282 9905
f 9905 9884 9885
f 9906 9885 9284
f 9909 9908 9907
f 9292 9907 9420
f 9909 9293 9908
f 9907 9888 9887
f 9293 9890 9888
f 9909 9294 9911
f 9911 9295 9912
f 9911 9286 9893
f 9910 9893 9890
f 9912 9312 9296
f 9913 9290 9895
f 9296 9895 9297
f 9302 8969 9914
f 9914 9917 9915
f 9303 9316 8970
f 9303 9917 9916
f 9916 9901 9918
f 9918 9933 9316
f 9919 9305 9934
f 9291 9904 9920
f 9920 9905 9906
f 9922 9906 9306
f 9920 9304 9305
f 9307 9292 9423
f 9308 9924 9307
f 9925 9294 9292
f 9310 9927 9926
f 9926 9942 9928
f 9926 9295 9911
f 9310 9911 9294
f 9928 9325 9311
f 9930 9314 9929
f 9929 9299 9913
f 9311 9913 9312
f 9424 9300 9931
f 9300 9914 9931
f 9931 8970 9932
f 8970 9316 9932
f 9934 9949 9950
f 9935 9305 9936
f 9936 9305 9938
f 9938 9921 9922
f 9939 9922 9306
f 9937 9317 9318
f 9940 9309 9308
f 9322 8971 9923
f 9940 9923 9309
f 9322 9927 8971
f 9322 9943 9942
f 9322 9323 9943
f 9942 9336 9944
f 9944 9326 9324
f 9324 9960 9945
f 9945 9960 9946
f 9946 9930 9945
f 9945 9930 9929
f 9324 9929 9325
f 9947 9950 9948
f 9328 8972 9327
f 9330 9950 9949
f 9951 9318 9952
f 9951 9338 9330
f 9952 9318 9953
f 9953 9317 9955
f 9955 9938 9939
f 9956 9939 9333
f 9954 9331 9332
f 8918 8974 9958
f 8974 8973 9958
f 9958 8919 9334
f 9958 9323 9321
f 9957 9321 9320
f 9959 8980 9335
f 9335 9960 9336
f 9335 8981 9961
f 9961 8981 9962
f 9962 9946 9961
f 9961 9946 9960
f 9337 8985 9361
f 9337 8972 9963
f 9337 9327 8972
f 9963 8972 9964
f 9337 8920 9445
f 9337 9445 8985
f 9963 9446 8920
f 9964 9330 9338
f 9965 9332 9966
f 9338 9965 9446
f 9966 8989 9965
f 9966 9332 9967
f 9967 9331 9969
f 9969 9955 9956
f 9970 9956 9333
f 9973 9972 9065
f 9974 9973 9154
f 9975 9974 9242
f 9972 9975 8983
f 8994 8983 9444
f 9018 8994 9461
f 9030 9018 9493
f 9042 9030 9031
f 9051 9042 9043
f 9065 9051 9052
f 9076 9065 9066
f 9087 9076 9077
f 9098 9087 9088
f 9109 9098 9099
f 9120 9109 9110
f 9130 9120 9121
f 9142 9130 9131
f 9154 9142 9143
f 9165 9154 9155
f 9179 9165 9166
f 9189 9179 9180
f 9200 9189 9190
f 9208 9200 9201
f 9218 9208 9209
f 9229 9218 9219
f 9242 9229 9230
f 9255 9242 9243
f 9267 9255 9256
f 9278 9267 9268
f 9289 9278 9279
f 9298 9289 9290
f 9313 9298 9299
f 8983 9930 9946
f 10478 10445 10062
f 10479 10435 10478
f 10429 10478 10062
f 9982 10104 10105
f 10446 10104 9982
f 10447 10446 9982
f 10096 10097 10480
f 10481 10446 10447
f 10482 10608 10481
f 10599 10482 10481
f 9985 10120 10482
f 10120 10448 10482
f 10131 10485 10483
f 10449 10483 10484
f 10484 10621 10449
f 10487 10488 10450
f 10450 10486 9991
f 10644 10487 10450
f 10490 10451 10489
f 10673 10490 10152
f 10491 10165 10452
f 10165 10490 10452
f 10492 10000 10173
f 10165 10453 10492
f 9997 10165 10491
f 10455 10493 10454
f 10454 10000 10453
f 10493 10000 10454
f 10002 10698 10455
f 10698 10494 10455
f 10494 10493 10455
f 10198 10456 10005
f 10495 10494 10456
f 10495 10204 10723
f 10199 10495 10714
f 10217 10497 10457
f 10210 10457 10730
f 10728 10457 10199
f 10011 10498 10458
f 10499 10736 10458
f 10500 10459 10501
f 10223 10500 10498
f 10237 10504 10502
f 10504 10503 10502
f 10223 10502 10500
f 10502 10501 10459
f 10759 10237 10502
f 10017 10505 10460
f 10460 10504 10238
f 10505 10506 10253
f 10248 10460 10238
f 10020 10265 10506
f 10017 10020 10461
f 10258 10789 10020
f 10462 10508 10020
f 10508 10507 10020
f 10508 10265 10507
f 10270 10463 10462
f 10287 10026 10463
f 10465 10464 10281
f 10292 10465 10281
f 10509 10298 10510
f 10509 10296 10297
f 10833 10509 10292
f 10512 10855 10466
f 10513 10855 10512
f 10514 10513 10315
f 10514 10324 10513
f 10315 10515 10514
f 10468 10467 10517
f 10517 10467 10036
f 10890 10039 10340
f 10359 10519 10520
f 10521 10369 10469
f 10353 10049 10521
f 10523 10521 10049
f 10524 10522 10521
f 10374 10524 10937
f 10373 10524 10523
f 10471 10526 10470
f 10526 10524 10470
f 10526 10943 10525
f 10387 10472 10526
f 10472 10404 10526
f 10474 10528 10473
f 10418 10476 10529
f 10445 10475 10530
f 10418 10530 10477
f 10477 10475 10476
f 10531 10478 10424
f 10532 10443 10444
f 10086 10533 10532
f 10554 10539 10538
f 10539 10544 10543
f 10544 10549 10548
f 10549 10554 10553
f 10553 10535 10084
f 10535 10536 10428
f 10536 10537 10409
f 10537 10538 10386
f 10538 10540 10363
f 10540 10541 10339
f 10541 10542 10314
f 10542 10543 10291
f 10543 10545 10269
f 10545 10546 10247
f 10546 10547 10222
f 10547 10548 10197
f 10548 10550 10178
f 10550 10551 10151
f 10551 10552 10130
f 10552 10553 10110
f 10444 10555 10440
f 10440 10442 10441
f 10556 10532 10075
f 10067 10440 10479
f 10066 10067 10479
f 10557 10068 10067
f 10558 10088 10069
f 10070 10558 11008
f 10070 10559 10558
f 10558 10573 10088
f 10560 9976 10559
f 10073 10071 9976
f 9976 10560 10070
f 10074 10563 10562
f 10074 10562 11010
f 11010 10072 10073
f 10564 10076 10556
f 10076 10077 10442
f 10565 10437 10077
f 10078 10566 10565
f 10565 11014 10437
f 9978 10567 10079
f 10080 10081 9978
f 10080 10083 10081
f 10570 10084 10569
f 10095 10570 10569
f 10584 10569 10082
f 10068 10085 10444
f 10085 10572 10086
f 10069 10085 10068
f 10573 10087 10088
f 9977 9979 10574
f 9976 10574 10559
f 10071 10090 9977
f 10562 10577 10576
f 10562 10576 10561
f 10072 10089 10071
f 10578 10091 10097
f 10091 10578 10533
f 10578 10564 10075
f 10580 10079 10078
f 10581 9978 10079
f 9981 10581 10092
f 10582 10093 9981
f 10582 10583 10093
f 10093 10080 9978
f 10598 10584 10094
f 10097 10599 9982
f 10585 10098 10599
f 10586 10112 10098
f 9980 10586 10572
f 10572 10585 10086
f 10588 10099 9980
f 10587 10589 10099
f 10099 10100 10112
f 10090 9983 9979
f 10101 10590 9983
f 10576 10591 10590
f 10576 10590 10575
f 10103 10104 10481
f 10106 10578 10097
f 10105 10579 10578
f 10594 10092 10593
f 10595 9981 10092
f 9984 10595 10107
f 10596 10108 9984
f 10596 10597 10108
f 10108 10582 9981
f 10612 10598 10109
f 10482 10600 10111
f 10112 10601 10098
f 10100 10616 9987
f 10603 9986 10602
f 9983 10602 10589
f 10605 10125 10604
f 10590 10113 10102
f 10608 10103 10481
f 10606 10608 10115
f 10623 10609 10608
f 10608 10107 10607
f 10609 9984 10107
f 9988 10609 10116
f 10610 10117 9988
f 10610 10611 10117
f 10117 10596 9984
f 10628 10612 10118
f 10120 10629 10449
f 10613 10121 10629
f 10614 10133 10121
f 9987 10614 10600
f 10600 10613 10111
f 10615 10617 10122
f 10616 10615 9987
f 10102 9989 9986
f 10123 10618 9989
f 10125 10619 10618
f 10125 10618 10604
f 10126 10115 10448
f 10621 10606 10115
f 10624 10116 10623
f 10625 9988 10116
f 9990 10625 10127
f 10626 10128 9990
f 10626 10627 10128
f 10128 10610 9988
f 10643 10628 10129
f 10629 10131 10449
f 10131 10630 10644
f 10630 10132 10644
f 10631 10145 10132
f 10133 10631 10121
f 10133 10634 10631
f 10631 10134 10145
f 9989 10633 10617
f 10617 10632 10122
f 10135 10136 10124
f 10618 10135 10124
f 10138 10636 10485
f 10636 10622 10621
f 10637 10636 10138
f 10639 10127 10638
f 10640 9990 10127
f 9993 10640 10139
f 10641 10140 9993
f 10641 10642 10140
f 10140 10626 9990
f 10657 10643 10141
f 10487 10646 10143
f 10134 10144 10145
f 9992 9994 10647
f 10146 10155 9992
f 9992 10647 10634
f 10124 10146 9992
f 10147 10650 10649
f 10136 10146 10124
f 10651 10148 10451
f 10488 10138 10486
f 10148 10637 10138
f 10653 10139 10652
f 10654 9993 10139
f 9996 10654 10149
f 10655 10656 9996
f 9996 10641 9993
f 10671 10657 10150
f 10660 10153 9995
f 10659 10661 10153
f 10153 10154 10168
f 10155 9998 9994
f 10155 10662 9998
f 10649 10663 10662
f 10649 10662 10648
f 10665 10158 10490
f 10158 10665 10451
f 10160 10667 10157
f 10161 10159 10160
f 10667 10149 10666
f 9999 10149 10161
f 10669 10162 9999
f 10669 10670 10162
f 10162 10655 9996
f 10682 10671 10163
f 10672 10166 10683
f 10674 10180 10166
f 10154 10167 10168
f 10167 10676 10674
f 10674 10169 10180
f 9998 10675 10661
f 10170 10171 10156
f 10662 10170 10156
f 10173 10665 10490
f 10173 10157 10665
f 10678 10160 10157
f 10174 10678 10692
f 10678 10173 10000
f 10174 10161 10160
f 10679 9999 10161
f 10001 10679 10175
f 10680 10176 10001
f 10680 10681 10176
f 10176 10669 9999
f 10697 10682 10177
f 10683 10454 10165
f 10454 10684 10179
f 10685 10191 10684
f 10180 10685 10166
f 10169 10686 10685
f 10685 10701 10191
f 10183 10181 10687
f 10183 10687 10676
f 10184 10690 10689
f 10171 10182 10156
f 10185 10678 10000
f 10693 10175 10174
f 10694 10001 10175
f 10004 10694 10186
f 10695 10187 10004
f 10695 10696 10187
f 10187 10680 10001
f 10712 10697 10188
f 10698 10699 10190
f 10191 10700 10684
f 10684 10698 10179
f 10701 10716 10007
f 10003 10006 10702
f 10687 10702 10686
f 10181 10193 10003
f 10689 10705 10704
f 10689 10704 10688
f 10182 10192 10181
f 10706 10691 10185
f 10708 10186 10707
f 10709 10004 10186
f 10008 10709 10194
f 10710 10195 10008
f 10710 10711 10195
f 10195 10695 10004
f 10727 10712 10196
f 10190 10198 10005
f 10190 10714 10198
f 10714 10200 10728
f 10713 10212 10200
f 10007 10713 10699
f 10715 10717 10201
f 10716 10715 10007
f 10193 10009 10006
f 10202 10718 10009
f 10704 10719 10718
f 10704 10718 10703
f 10723 10706 10205
f 10721 10723 10204
f 10738 10724 10723
f 10723 10194 10722
f 10724 10008 10194
f 10010 10724 10206
f 10725 10207 10010
f 10725 10726 10207
f 10207 10710 10008
f 10743 10727 10208
f 10730 10211 10210
f 10731 10224 10211
f 10212 10731 10200
f 10212 10734 10731
f 10731 10213 10224
f 10009 10733 10717
f 10717 10732 10201
f 10214 10215 10203
f 10718 10214 10203
f 10217 10204 10497
f 10736 10721 10204
f 10218 10740 10739
f 10739 10206 10738
f 10740 10010 10206
f 10012 10740 10219
f 10741 10220 10012
f 10741 10742 10220
f 10220 10725 10010
f 10756 10743 10221
f 10210 10223 10011
f 10745 10759 10223
f 10746 10758 10759
f 10224 10746 10211
f 10213 10747 10746
f 10746 10760 10758
f 10227 10225 10748
f 10227 10748 10734
f 10228 10751 10750
f 10215 10226 10203
f 10752 10737 10736
f 10752 10739 10737
f 10753 10218 10739
f 10232 10231 10753
f 10232 10753 10229
f 10233 10231 10232
f 10231 10219 10218
f 10233 10012 10219
f 10754 10234 10014
f 10754 10755 10234
f 10234 10741 10012
f 10770 10756 10235
f 10759 10758 10757
f 10760 10240 10758
f 10013 10015 10761
f 10748 10761 10747
f 10225 10243 10013
f 10750 10764 10763
f 10750 10763 10749
f 10226 10242 10225
f 10244 10503 10504
f 10503 10230 10501
f 10782 10766 10232
f 10767 10014 10233
f 10016 10767 10245
f 10768 10769 10016
f 10016 10754 10014
f 10788 10770 10246
f 10772 10774 10773
f 10771 10773 10248
f 10774 10250 10249
f 10239 10771 10238
f 10241 10772 10239
f 10775 10777 10772
f 10761 10776 10241
f 10243 10018 10015
f 10251 10778 10018
f 10763 10779 10778
f 10763 10778 10762
f 10254 10244 10504
f 10783 10245 10782
f 10784 10016 10245
f 10019 10784 10255
f 10786 10787 10019
f 10019 10768 10016
f 10802 10788 10256
f 10773 10258 10017
f 10789 10790 10803
f 10790 10259 10803
f 10791 10273 10259
f 10250 10791 10249
f 10249 10789 10773
f 10250 10794 10791
f 10791 10260 10273
f 10018 10793 10777
f 10777 10792 10250
f 10261 10262 10252
f 10778 10261 10252
f 10265 10796 10506
f 10796 10781 10253
f 10798 10255 10797
f 10799 10019 10255
f 10022 10799 10266
f 10800 10267 10022
f 10800 10801 10267
f 10267 10786 10019
f 10816 10802 10268
f 10803 10270 10020
f 10803 10805 10270
f 10270 10271 10023
f 10260 10272 10273
f 10021 10024 10806
f 10274 10285 10021
f 10021 10806 10794
f 10252 10274 10021
f 10275 10809 10808
f 10262 10274 10252
f 10276 10810 10463
f 10463 10264 10265
f 10812 10266 10811
f 10813 10022 10266
f 10027 10813 10277
f 10814 10278 10027
f 10814 10815 10278
f 10278 10800 10022
f 10830 10816 10279
f 10817 10831 10281
f 10817 10282 10831
f 10817 10284 10282
f 10819 10283 10025
f 10818 10820 10283
f 10285 10028 10024
f 10285 10821 10028
f 10808 10822 10821
f 10808 10821 10807
f 10826 10287 10464
f 10824 10826 10464
f 10839 10827 10826
f 10826 10277 10825
f 10827 10027 10277
f 10029 10827 10288
f 10828 10289 10029
f 10828 10829 10289
f 10289 10814 10027
f 10844 10830 10290
f 10831 10292 10281
f 10284 10832 10282
f 10835 10030 10834
f 10028 10834 10820
f 10837 10309 10836
f 10821 10294 10286
f 10298 10464 10510
f 10839 10464 10297
f 10838 10297 10296
f 10299 10841 10840
f 10840 10288 10839
f 10841 10029 10288
f 10032 10841 10300
f 10842 10301 10032
f 10842 10843 10301
f 10301 10828 10029
f 10861 10844 10302
f 10845 10847 10304
f 10847 10305 10315
f 10846 10318 10305
f 10031 10846 10833
f 10849 10306 10031
f 10848 10850 10306
f 10286 10033 10030
f 10307 10851 10033
f 10309 10852 10851
f 10309 10851 10836
f 10310 10513 10324
f 10855 10296 10466
f 10855 10838 10296
f 10855 10840 10838
f 10856 10299 10840
f 10035 10856 10869
f 10312 10311 10035
f 10311 10300 10299
f 10857 10032 10300
f 10034 10857 10312
f 10859 10860 10034
f 10034 10842 10032
f 10874 10861 10313
f 10863 10331 10317
f 10318 10863 10305
f 10318 10866 10863
f 10863 10319 10331
f 10033 10865 10850
f 10850 10864 10306
f 10320 10321 10308
f 10851 10320 10308
f 10323 10515 10516
f 10868 10854 10310
f 10325 10870 10869
f 10325 10869 10882
f 10870 10312 10035
f 10038 10312 10326
f 10872 10327 10038
f 10872 10873 10327
f 10327 10859 10034
f 10887 10874 10328
f 10316 10875 10036
f 10517 10876 10888
f 10317 10875 10316
f 10319 10330 10331
f 10037 10040 10877
f 10333 10040 10037
f 10037 10877 10866
f 10308 10333 10037
f 10334 11031 10879
f 10321 10332 10308
f 10880 10335 10347
f 10335 10880 10467
f 10467 10323 10516
f 10880 10868 10323
f 10883 10326 10325
f 10884 10038 10326
f 10042 10884 10336
f 10885 10337 10042
f 10885 10886 10337
f 10337 10872 10038
f 10903 10887 10338
f 10888 10340 10039
f 10041 10889 10876
f 10891 10889 10041
f 10040 10892 10877
f 10879 10896 10894
f 10893 10894 10344
f 11031 10895 10879
f 10332 10893 10040
f 10897 10346 10519
f 10346 10897 10347
f 10897 10881 10880
f 10899 10336 10898
f 10900 10042 10336
f 10045 10900 10348
f 10901 10349 10045
f 10901 10902 10349
f 10349 10885 10042
f 10919 10903 10350
f 10904 10906 10352
f 10044 10905 10890
f 10890 10904 10341
f 10342 10905 10044
f 10343 10354 10342
f 10910 10911 10909
f 10908 10909 10355
f 10894 10908 10043
f 10358 10469 10369
f 10359 10345 10519
f 10913 10912 10358
f 10915 10348 10914
f 10916 10045 10348
f 10048 10916 10360
f 10917 10361 10048
f 10917 10918 10361
f 10361 10901 10045
f 10936 10919 10362
f 10921 10364 10049
f 10920 10376 10364
f 10047 10920 10906
f 10046 10925 10924
f 10923 10365 10047
f 10922 10924 10365
f 10366 10926 10367
f 10911 10926 10356
f 10909 10366 10046
f 10929 10913 10358
f 10930 10929 10381
f 10932 10360 10931
f 10933 10048 10360
f 10050 10933 10370
f 10934 10935 10050
f 10050 10917 10048
f 10949 10936 10371
f 10937 10375 10374
f 10938 10951 10375
f 10376 10938 10364
f 10364 10937 10049
f 10376 10941 10938
f 10368 10377 10940
f 10368 10940 10924
f 10924 10939 10365
f 10926 10378 10368
f 10943 10381 10525
f 10943 10930 10381
f 10382 10945 10380
f 10945 10370 10944
f 10946 10050 10370
f 10052 10946 10383
f 10947 10384 10052
f 10947 10948 10384
f 10384 10934 10050
f 10962 10949 10385
f 10374 10375 10471
f 10951 10950 10375
f 10051 10053 10952
f 10390 10053 10051
f 10051 10952 10941
f 10377 10390 10051
f 10390 10391 10053
f 10392 11036 10954
f 10378 10390 10377
f 10955 10394 10393
f 10394 10380 10943
f 10955 10382 10380
f 10972 10957 10956
f 10956 10955 10404
f 10404 10955 10393
f 10395 10957 10972
f 10957 10383 10382
f 10958 10052 10383
f 10055 10958 10395
f 10960 10961 10055
f 10055 10947 10052
f 10977 10962 10396
f 10388 10398 10472
f 10963 10399 10474
f 10389 10963 10388
f 10966 10965 10054
f 10053 10967 10952
f 10954 10970 10968
f 10391 10968 10402
f 11036 10969 10954
f 10473 10971 10527
f 10404 10393 10526
f 10405 10973 10972
f 10405 10972 10403
f 10973 10395 10972
f 10058 10395 10406
f 10975 10407 10058
f 10975 10976 10407
f 10407 10960 10055
f 10990 10977 10408
f 10399 10410 10474
f 10410 10979 10418
f 10057 10978 10964
f 10964 10410 10399
f 10401 10411 10400
f 10981 10982 10412
f 10969 10984 10983
f 10968 10981 10056
f 10476 10985 10528
f 10528 10971 10473
f 10986 10403 10971
f 10986 10405 10403
f 11001 10987 10986
f 10986 10406 10405
f 10987 10058 10406
f 10061 10987 10414
f 10988 10415 10061
f 10988 10989 10415
f 10415 10975 10058
f 11007 10990 10416
f 10418 10992 10530
f 10530 10430 10062
f 10994 10421 10060
f 10998 10999 10997
f 10996 10997 10422
f 10982 10996 10059
f 11000 10424 10478
f 10424 11000 10475
f 10475 10413 10476
f 11000 10985 10413
f 10425 11003 11002
f 11002 10414 11001
f 11003 10061 10414
f 10065 11003 10426
f 11005 11006 10065
f 10065 10988 10061
f 11018 11007 10427
f 10430 10429 10062
f 10478 10066 10479
f 10430 10557 10066
f 10419 10431 10064
f 10419 11009 10431
f 11009 9976 10070
f 10432 11010 10433
f 10433 10073 9976
f 11011 10074 11010
f 10997 10432 10063
f 11012 11013 10479
f 10435 11000 10478
f 11013 10425 11002
f 10077 11012 10442
f 11014 10436 10437
f 10436 11015 10437
f 10437 10426 10425
f 11014 10065 10426
f 10438 11016 10567
f 10567 11014 10566
f 10081 10438 10567
f 11016 11005 10065
f 10569 11018 10568
f 10083 11017 10081
f 11038 11021 10114
f 11021 11025 11024
f 11025 11029 10295
f 11029 11035 11034
f 11035 11038 10434
f 11019 11020 10577
f 10591 10114 10592
f 11020 10114 10591
f 10619 10137 10620
f 10125 10137 10619
f 10663 10172 10664
f 11022 10172 10663
f 11023 11024 10705
f 10719 10216 10720
f 11024 10216 10719
f 11026 11027 10764
f 10779 10263 10780
f 11027 10263 10779
f 10822 10295 10823
f 11028 10295 10822
f 10852 10322 10853
f 10309 10322 10852
f 10895 10357 10896
f 11031 11032 10895
f 10357 10927 10911
f 11032 11033 10357
f 10927 10379 10928
f 11033 10379 10927
f 11036 11037 10969
f 10984 10423 10983
f 10423 10434 10999
f 11037 10434 10423
f 9320 9425 9359
f 9425 9426 9327
f 9327 9337 9359
f 9359 9360 8918
f 9957 9359 8918
f 9427 9339 9362
f 9428 9009 9362
f 9009 9008 9362
f 9362 9008 9007
f 9363 9340 8923
f 9362 9363 8923
f 9022 9020 9364
f 8923 9340 9014
f 9007 9014 9363
f 8925 9022 9014
f 9022 9021 9020
f 9020 9341 9364
f 9364 9342 8926
f 9014 9364 8926
f 9342 9364 9365
f 9020 9034 9365
f 9034 9033 9365
f 9365 9033 9032
f 9365 9032 8929
f 9504 8926 9365
f 8929 9367 9366
f 8929 9044 9367
f 9367 9044 9528
f 9528 9368 9367
f 9521 9366 9367
f 8931 9055 9368
f 9055 9054 9053
f 9053 9343 9369
f 9369 9344 8932
f 9055 9369 8932
f 9539 9368 9055
f 9343 9053 9344
f 9068 9067 9344
f 9344 9067 9562
f 9344 9370 9061
f 9555 8932 9344
f 9371 9080 9372
f 9372 9374 9373
f 9080 9079 9374
f 9370 9371 9372
f 9370 9080 9371
f 9080 9078 9079
f 9374 9079 9375
f 9090 9089 9376
f 9089 9345 9346
f 9375 9376 9084
f 8935 9375 9084
f 9376 9346 9377
f 9346 9345 8938
f 9345 9089 8938
f 8938 9101 9100
f 9378 9347 8939
f 8938 9378 8939
f 9347 9379 9112
f 9112 9381 9347
f 8939 9347 9624
f 9378 9100 9379
f 9347 9380 8941
f 9382 9383 9117
f 9381 9123 9382
f 9123 9122 9382
f 9382 9122 9648
f 9641 8941 9382
f 9384 9135 9117
f 9383 9384 9117
f 9382 9135 9384
f 9135 9134 9133
f 9135 9385 9676
f 9659 9117 9135
f 9348 9145 9386
f 9145 9158 9386
f 9385 9348 9386
f 9386 9387 9139
f 9349 9158 9387
f 9158 9390 9389
f 9386 9158 9349
f 9158 9157 9156
f 9387 9350 8947
f 9388 9387 8947
f 9151 9387 9388
f 9391 9390 9167
f 8947 9350 9391
f 9389 9390 9391
f 9156 9168 9390
f 9390 9168 9167
f 9391 9392 8949
f 9161 9391 8949
f 9392 9351 9173
f 9167 9182 9351
f 9351 9182 9181
f 9181 8953 9393
f 9393 9394 9173
f 9393 9395 9394
f 8953 9192 9395
f 9395 9192 9748
f 9748 8955 9396
f 9394 9395 9186
f 9740 9725 9394
f 8955 9398 9397
f 9396 8955 9397
f 9398 9399 9352
f 9196 9395 9397
f 9397 9352 9400
f 9399 9211 9352
f 9211 9210 9352
f 9400 9353 8957
f 9401 9400 8957
f 9774 9400 9401
f 9403 9404 9402
f 8957 9353 9402
f 9353 9400 9403
f 9403 9221 9404
f 9402 9354 8959
f 9232 9407 9408
f 8959 9354 9405
f 9404 9232 9405
f 9407 9409 9408
f 9405 9408 8961
f 9406 9405 8961
f 9225 9405 9406
f 9408 9409 9245
f 9407 9246 9409
f 9409 9246 9245
f 9408 9355 9237
f 9411 9413 9412
f 9237 9355 9411
f 9245 9842 9411
f 9411 9842 9258
f 9412 9413 8964
f 9250 9411 9412
f 9271 9415 9356
f 8964 9413 9414
f 9413 9271 9414
f 9415 9416 9356
f 9414 9356 8966
f 9263 9414 8966
f 9416 9418 9417
f 8966 9356 9869
f 9415 9269 9416
f 9416 9269 9280
f 9280 9876 9416
f 9416 9876 8968
f 9419 9420 9285
f 9417 9418 9419
f 9418 8968 9419
f 9420 9419 8969
f 9285 9420 9887
f 9421 9301 9423
f 9421 9422 9301
f 9420 8969 9421
f 8969 9422 9421
f 8969 9302 9422
f 9422 9302 9301
f 9301 9357 9307
f 9420 9421 9423
f 9357 9315 9307
f 9307 9424 9308
f 9423 9301 9307
f 9301 9315 9357
f 9358 9329 9425
f 9329 9426 9425
f 9308 9358 9425
f 9424 9329 9358
f 9426 9329 9327
f 8997 8996 9427
f 9427 8996 8995
f 9427 8995 9009
f 9428 9339 9427
f 9438 9427 8991
f 9454 9437 9438
f 9431 9429 9430
f 9432 9429 9431
f 9433 9429 9432
f 9434 9429 9433
f 9435 9429 9434
f 9436 9429 9435
f 9333 9429 8990
f 9306 9429 9333
f 9284 9430 9306
f 9262 9430 9284
f 9236 9431 9262
f 9215 9431 9236
f 9195 9432 9215
f 9172 9432 9195
f 9150 9433 9172
f 9126 9433 9150
f 9105 9434 9126
f 9083 9434 9105
f 9059 9435 9083
f 9038 9435 9059
f 9013 9436 9038
f 8990 9436 9013
f 9361 8984 9438
f 8918 9360 9437
f 9360 9361 9437
f 9361 8985 8984
f 9438 8984 8997
f 8974 9437 8975
f 8976 9439 8973
f 8975 8976 8973
f 9439 8976 8921
f 9439 9440 8977
f 9439 8977 8919
f 8973 9439 8919
f 9440 9439 9441
f 9439 8921 9441
f 9440 9441 9457
f 9442 9457 9459
f 9442 8979 8980
f 9440 8980 8978
f 9443 9444 9962
f 8979 8993 9443
f 8979 9442 8993
f 9442 9459 8993
f 9443 9962 8981
f 8985 9445 8984
f 9445 8987 9464
f 8984 9445 9464
f 9447 9448 9465
f 8987 9447 9464
f 8986 9446 9447
f 8986 8920 9446
f 9449 9451 9450
f 9448 9450 8988
f 9448 9449 9450
f 9448 9965 8989
f 9449 8989 9968
f 9451 9968 9969
f 9452 9451 9970
f 9453 9455 9454
f 8991 9453 9454
f 9455 9453 8922
f 9454 9455 8976
f 8921 9456 9441
f 8921 9457 9456
f 8921 9455 9458
f 9455 8922 9458
f 9457 9458 9472
f 9459 9472 9474
f 9459 8992 8993
f 9456 9457 9441
f 9459 9474 9005
f 9460 9461 9444
f 8996 9462 8995
f 8996 8997 8984
f 9462 8984 9464
f 9462 8998 9479
f 8995 9462 9479
f 9465 9466 9480
f 8998 9465 9479
f 8998 9463 9465
f 9465 9480 9478
f 9467 9469 9468
f 9466 9467 9000
f 9466 8988 9467
f 9466 9465 8988
f 9467 9450 9451
f 9469 9467 9452
f 9467 9468 8999
f 9002 9471 9470
f 9001 9002 9470
f 9001 8923 9002
f 9471 9002 8924
f 9471 9003 8922
f 9470 9471 9453
f 9003 9471 9473
f 9471 8924 9473
f 9472 9473 9490
f 9474 9490 9491
f 9474 9004 9005
f 9003 9472 9458
f 9474 9491 9017
f 9004 9017 9475
f 9476 9018 9006
f 9475 9006 9461
f 9004 9475 8992
f 9008 9477 9007
f 9008 9009 8995
f 9477 8995 9479
f 9477 9010 9496
f 9007 9477 9496
f 9480 9481 9012
f 9010 9480 9496
f 9010 9478 9480
f 9480 9012 9495
f 9482 9484 9483
f 9481 9483 9012
f 9481 9482 9483
f 9481 9480 9000
f 9484 9000 8999
f 9484 8999 9468
f 9485 9484 9469
f 9483 9484 9011
f 9486 9488 9487
f 9014 9487 8923
f 8926 9486 9487
f 9488 9486 8927
f 9487 9488 9002
f 8924 9489 9473
f 8924 9490 9489
f 8924 9488 9015
f 9488 8927 9015
f 9490 9015 9507
f 9491 9507 9509
f 9491 9016 9017
f 9489 9490 9473
f 9491 9509 9029
f 9016 9029 9492
f 9493 9018 9019
f 9492 9019 9476
f 9016 9492 9475
f 9020 9021 9034
f 9022 8925 9007
f 9494 9007 9496
f 9494 9023 9513
f 9021 9494 9513
f 9497 9498 9025
f 9023 9497 9513
f 9023 9495 9497
f 9497 9495 9012
f 9499 9501 9500
f 9498 9500 9025
f 9498 9499 9500
f 9499 9012 9011
f 9501 9011 9484
f 9502 9501 9485
f 9500 9501 9024
f 9503 9505 9504
f 9026 9503 9504
f 9026 9027 9503
f 9505 9503 8928
f 9504 9505 9486
f 8927 9506 9015
f 8927 9507 9506
f 8927 9505 9508
f 9505 8928 9508
f 9507 9508 9524
f 9509 9524 9526
f 9509 9028 9029
f 9506 9507 9015
f 9509 9526 9041
f 9028 9041 9510
f 9510 9031 9493
f 9028 9510 9492
f 9033 9511 9032
f 9511 9033 9513
f 9511 9035 9531
f 9032 9511 9531
f 9514 9515 9037
f 9035 9514 9531
f 9035 9512 9514
f 9514 9497 9025
f 9516 9518 9517
f 9515 9517 9037
f 9515 9516 9517
f 9516 9025 9024
f 9518 9024 9501
f 9519 9518 9502
f 9517 9518 9036
f 9520 9522 9521
f 9039 9520 9521
f 9039 9367 9520
f 9522 9520 8930
f 9521 9522 9503
f 8928 9523 9508
f 8928 9524 9523
f 8928 9522 9525
f 9522 8930 9525
f 9524 9525 9542
f 9526 9542 9544
f 9526 9040 9041
f 9523 9524 9508
f 9526 9544 9050
f 9040 9050 9527
f 9527 9043 9031
f 9040 9527 9510
f 9044 9529 9528
f 9044 8929 9032
f 9529 9032 9531
f 9529 9045 9548
f 9528 9529 9548
f 9532 9533 9047
f 9045 9532 9548
f 9045 9530 9532
f 9532 9514 9037
f 9534 9536 9535
f 9533 9535 9047
f 9533 9534 9535
f 9534 9037 9036
f 9536 9036 9518
f 9537 9536 9519
f 9535 9536 9046
f 9538 9540 9539
f 9048 9538 9539
f 9048 8932 9538
f 9540 9538 8933
f 9539 9540 9520
f 8930 9541 9525
f 8930 9542 9541
f 8930 9540 9543
f 9540 8933 9543
f 9542 9543 9558
f 9544 9558 9560
f 9544 9049 9050
f 9541 9542 9525
f 9544 9560 9064
f 9049 9064 9545
f 9545 9052 9043
f 9049 9545 9527
f 9054 9546 9053
f 9546 9054 9548
f 9546 9056 9565
f 9053 9546 9565
f 9549 9550 9058
f 9056 9549 9565
f 9056 9547 9549
f 9549 9532 9047
f 9551 9553 9552
f 9550 9552 9058
f 9550 9551 9552
f 9551 9047 9046
f 9553 9046 9536
f 9554 9553 9537
f 9552 9553 9057
f 9062 9556 9555
f 9060 9062 9555
f 9060 9061 9062
f 9556 9062 8934
f 9555 9556 9538
f 8933 9557 9543
f 8933 9558 9557
f 8933 9556 9559
f 9556 8934 9559
f 9558 9559 9575
f 9560 9575 9577
f 9560 9063 9064
f 9557 9558 9543
f 9560 9577 9075
f 9063 9075 9561
f 9561 9066 9052
f 9063 9561 9545
f 9067 9563 9562
f 9067 9068 9053
f 9563 9053 9565
f 9563 9069 9582
f 9562 9563 9582
f 9566 9567 9071
f 9069 9566 9582
f 9069 9564 9566
f 9566 9549 9058
f 9568 9570 9569
f 9567 9569 9071
f 9567 9568 9569
f 9568 9058 9057
f 9570 9057 9553
f 9571 9570 9554
f 9569 9570 9070
f 9073 9573 9572
f 9373 9572 9061
f 9072 9073 9572
f 9573 9073 8936
f 9572 9573 9062
f 8934 9574 9559
f 8934 9575 9574
f 8934 9573 9576
f 9573 8936 9576
f 9575 9576 9594
f 9577 9594 9596
f 9577 9074 9075
f 9574 9575 9559
f 9577 9596 9086
f 9074 9086 9578
f 9578 9077 9066
f 9074 9578 9561
f 9582 9579 9078
f 9079 9078 9090
f 9078 9080 9562
f 9080 9370 9562
f 9579 9580 9600
f 9078 9579 9600
f 9583 9584 9082
f 9580 9583 9600
f 9580 9581 9583
f 9583 9566 9071
f 9585 9587 9586
f 9584 9586 9082
f 9584 9585 9586
f 9585 9071 9070
f 9587 9070 9570
f 9588 9587 9571
f 9586 9587 9081
f 9589 9592 9591
f 9084 9591 9072
f 9084 9589 9591
f 9592 9589 8937
f 9591 9592 9073
f 8936 9593 9576
f 8936 9594 9593
f 8936 9592 9595
f 9592 8937 9595
f 9594 9595 9610
f 9596 9610 9612
f 9596 9085 9086
f 9593 9594 9576
f 9596 9612 9097
f 9085 9097 9597
f 9597 9088 9077
f 9085 9597 9578
f 9090 9598 9089
f 9375 9079 9090
f 9598 9078 9600
f 9598 9091 9616
f 9089 9598 9616
f 9601 9602 9093
f 9091 9601 9616
f 9091 9599 9601
f 9601 9583 9082
f 9603 9605 9604
f 9602 9604 9093
f 9602 9603 9604
f 9603 9082 9081
f 9605 9081 9587
f 9606 9605 9588
f 9604 9605 9092
f 9607 9609 9608
f 9377 9608 9084
f 9377 9607 9608
f 9377 8939 9607
f 9609 9094 8940
f 9609 9095 8937
f 9608 9609 9589
f 9095 9609 9611
f 9609 8940 9611
f 9610 9611 9627
f 9612 9627 9629
f 9612 9096 9097
f 9095 9610 9595
f 9612 9629 9108
f 9096 9108 9613
f 9613 9099 9088
f 9096 9613 9597
f 9101 8938 9089
f 9614 9089 9616
f 9614 9102 9633
f 9101 9614 9633
f 9617 9618 9104
f 9102 9617 9633
f 9102 9615 9617
f 9617 9601 9093
f 9619 9621 9620
f 9618 9620 9104
f 9618 9619 9620
f 9619 9093 9092
f 9621 9092 9605
f 9622 9621 9606
f 9620 9621 9103
f 9623 9625 9624
f 9106 9623 9624
f 9106 8941 9623
f 9625 9623 8942
f 9624 9625 9094
f 8940 9626 9611
f 8940 9627 9626
f 8940 9625 9628
f 9625 8942 9628
f 9627 9628 9644
f 9629 9644 9646
f 9629 9107 9108
f 9626 9627 9611
f 9629 9646 9119
f 9107 9119 9630
f 9630 9110 9099
f 9107 9630 9613
f 9112 9111 9123
f 9112 9379 9100
f 9111 9100 9101
f 9631 9101 9633
f 9631 9113 9651
f 9111 9631 9651
f 9634 9635 9115
f 9113 9634 9651
f 9113 9632 9634
f 9634 9617 9104
f 9636 9638 9637
f 9635 9637 9115
f 9635 9636 9637
f 9636 9104 9103
f 9638 9103 9621
f 9639 9638 9622
f 9637 9638 9114
f 9640 9642 9641
f 9116 9640 9641
f 9116 9117 9640
f 9642 9640 8943
f 9641 9642 9623
f 8942 9643 9628
f 8942 9644 9643
f 8942 9642 9645
f 9642 8943 9645
f 9644 9645 9662
f 9646 9662 9664
f 9646 9118 9119
f 9643 9644 9628
f 9646 9664 9129
f 9118 9129 9647
f 9647 9121 9110
f 9118 9647 9630
f 9122 9649 9648
f 9649 9122 9651
f 9649 9124 9669
f 9648 9649 9669
f 9652 9653 9670
f 9124 9652 9669
f 9124 9650 9652
f 9652 9634 9115
f 9654 9656 9655
f 9653 9655 9125
f 9653 9654 9655
f 9654 9115 9114
f 9656 9114 9638
f 9657 9656 9639
f 9658 9660 9659
f 9127 9658 9659
f 9127 9676 9658
f 9660 9658 8944
f 9659 9660 9640
f 8943 9661 9645
f 8943 9662 9661
f 8943 9660 9663
f 9660 8944 9663
f 9662 9663 9679
f 9664 9679 9681
f 9664 9128 9129
f 9661 9662 9645
f 9664 9681 9141
f 9128 9141 9665
f 9665 9131 9121
f 9128 9665 9647
f 9133 9134 9132
f 9134 9135 9666
f 9135 9382 9648
f 9666 9648 9669
f 9134 9667 9685
f 9670 9671 9686
f 9667 9670 9685
f 9667 9668 9670
f 9670 9686 9684
f 9672 9674 9673
f 9671 9672 9137
f 9671 9125 9672
f 9671 9670 9125
f 9672 9655 9656
f 9674 9672 9657
f 9672 9673 9136
f 9675 9677 9676
f 9138 9675 9676
f 9138 9139 9675
f 9677 9675 8945
f 9676 9677 9658
f 8944 9678 9663
f 8944 9679 9678
f 8944 9677 9680
f 9677 8945 9680
f 9679 9680 9695
f 9681 9695 9697
f 9681 9140 9141
f 9678 9679 9663
f 9681 9697 9153
f 9140 9153 9682
f 9682 9143 9131
f 9140 9682 9665
f 9132 9683 9144
f 9145 9144 9699
f 9144 9145 9132
f 9145 9348 9132
f 9683 9146 8946
f 9144 9683 8946
f 9686 9687 9149
f 9146 9684 9686
f 9146 9683 9685
f 9686 9149 9147
f 9688 9690 9689
f 9687 9689 9149
f 9687 9688 9689
f 9687 9686 9137
f 9690 9137 9136
f 9690 9136 9673
f 9691 9690 9674
f 9689 9690 9148
f 9692 9693 9388
f 9151 9388 9139
f 9693 9692 8948
f 9388 9693 9675
f 8945 9694 9680
f 8945 9695 9694
f 8945 9693 9696
f 9693 8948 9696
f 9695 9696 9712
f 9697 9712 9714
f 9697 9152 9153
f 9694 9695 9680
f 9697 9714 9164
f 9152 9164 9698
f 9698 9155 9143
f 9152 9698 9682
f 8946 9700 9157
f 9157 9158 9699
f 9701 8946 9146
f 9702 9159 9147
f 9702 9147 9149
f 9704 9706 9705
f 9703 9705 9160
f 9703 9704 9705
f 9704 9149 9148
f 9706 9148 9690
f 9707 9706 9691
f 9708 9711 9710
f 9161 9710 9388
f 8949 9708 9710
f 9711 9708 8950
f 9711 9162 8948
f 9710 9711 9692
f 9162 9711 9713
f 9711 8950 9713
f 9712 9713 9727
f 9714 9727 9729
f 9714 9163 9164
f 9162 9712 9696
f 9714 9729 9178
f 9163 9178 9715
f 9715 9166 9155
f 9163 9715 9698
f 9168 9716 9182
f 9168 9156 9716
f 9717 9169 9170
f 9716 9170 8951
f 9182 9716 8951
f 9718 9169 9719
f 9170 9169 9733
f 9717 9700 9701
f 9719 9169 9702
f 9718 9719 9733
f 9169 9718 9733
f 9721 9723 9722
f 9720 9722 9171
f 9720 9721 9722
f 9720 9702 9160
f 9721 9160 9705
f 9723 9705 9706
f 9724 9723 9707
f 9725 9726 9174
f 9173 9174 9709
f 9174 9173 9725
f 9726 9175 8952
f 9726 9176 8950
f 9174 9726 9708
f 9176 9726 9728
f 9726 8952 9728
f 9727 9728 9743
f 9729 9743 9745
f 9729 9177 9178
f 9176 9727 9713
f 9729 9745 9188
f 9177 9188 9730
f 9730 9180 9166
f 9177 9730 9715
f 9182 9731 9181
f 9731 9182 8951
f 9731 9183 9747
f 9181 9731 9747
f 9734 9735 9751
f 9183 9734 9747
f 9183 9733 9734
f 9732 8951 9733
f 9734 9733 9719
f 9736 9738 9737
f 9735 9736 9185
f 9735 9171 9736
f 9735 9719 9171
f 9736 9722 9723
f 9738 9736 9724
f 9736 9737 9184
f 9739 9741 9740
f 9186 9739 9740
f 9741 9739 8954
f 9740 9741 9175
f 8952 9742 9728
f 8952 9743 9742
f 8952 9741 9744
f 9741 8954 9744
f 9743 9744 9760
f 9745 9760 9762
f 9745 9187 9188
f 9742 9743 9728
f 9745 9762 9199
f 9187 9199 9746
f 9746 9190 9180
f 9187 9746 9730
f 9192 9747 9748
f 9192 8953 9181
f 9748 9749 9766
f 9751 9752 9194
f 9749 9751 9766
f 9749 9750 9751
f 9751 9194 9765
f 9753 9755 9754
f 9752 9754 9194
f 9752 9753 9754
f 9752 9751 9185
f 9755 9185 9184
f 9755 9184 9737
f 9756 9755 9738
f 9754 9755 9193
f 9757 9758 9196
f 9197 9757 9196
f 9758 9757 8956
f 9196 9758 9739
f 8954 9759 9744
f 8954 9760 9759
f 8954 9758 9761
f 9758 8956 9761
f 9760 9761 9776
f 9762 9776 9778
f 9762 9198 9199
f 9759 9760 9744
f 9762 9778 9207
f 9198 9207 9763
f 9763 9201 9190
f 9198 9763 9746
f 9398 9202 9211
f 9398 9764 9202
f 9398 9748 9191
f 9764 9191 9766
f 9764 9203 9782
f 9202 9764 9782
f 9767 9768 9783
f 9203 9767 9782
f 9203 9765 9767
f 9767 9765 9194
f 9769 9771 9770
f 9768 9770 9204
f 9768 9769 9770
f 9769 9194 9193
f 9771 9193 9755
f 9772 9771 9756
f 9773 9775 9774
f 9401 9773 9774
f 9775 9401 8958
f 9775 9205 8956
f 9774 9775 9757
f 9205 9775 9777
f 9775 8958 9777
f 9776 9777 9792
f 9778 9792 9794
f 9778 9206 9207
f 9205 9776 9761
f 9778 9794 9217
f 9206 9217 9779
f 9779 9209 9201
f 9206 9779 9763
f 9210 9780 9221
f 9210 9211 9202
f 9780 9202 9782
f 9780 9212 9798
f 9221 9780 9798
f 9783 9784 9799
f 9212 9783 9798
f 9212 9781 9783
f 9783 9799 9797
f 9785 9787 9786
f 9784 9785 9214
f 9784 9204 9785
f 9784 9783 9204
f 9785 9770 9771
f 9787 9785 9772
f 9785 9786 9213
f 9788 9790 9789
f 9402 9789 9401
f 8959 9788 9789
f 9790 9788 8960
f 9789 9790 9401
f 8958 9791 9777
f 8958 9792 9791
f 8958 9790 9793
f 9790 8960 9793
f 9792 9793 9807
f 9794 9807 9809
f 9794 9216 9217
f 9791 9792 9777
f 9794 9809 9228
f 9216 9228 9795
f 9795 9219 9209
f 9216 9795 9779
f 9404 9220 9231
f 9404 9221 9796
f 9403 9400 9221
f 9796 9221 9798
f 9796 9222 9813
f 9220 9796 9813
f 9799 9800 9224
f 9222 9799 9813
f 9222 9797 9799
f 9799 9224 9812
f 9801 9803 9802
f 9800 9802 9224
f 9800 9801 9802
f 9800 9799 9214
f 9803 9214 9213
f 9803 9213 9786
f 9804 9803 9787
f 9802 9803 9223
f 9805 9806 9406
f 9225 9406 8959
f 9806 9805 8962
f 9806 9226 8960
f 9406 9806 9788
f 9226 9806 9808
f 9806 8962 9808
f 9807 9808 9824
f 9809 9824 9825
f 9809 9227 9228
f 9226 9807 9793
f 9809 9825 9241
f 9227 9241 9810
f 9810 9230 9219
f 9227 9810 9795
f 9232 9231 9407
f 9232 9404 9231
f 9811 9220 9813
f 9811 9233 9829
f 9231 9811 9829
f 9814 9815 9235
f 9233 9814 9829
f 9233 9812 9814
f 9814 9812 9224
f 9816 9818 9817
f 9815 9817 9235
f 9815 9816 9817
f 9816 9224 9223
f 9818 9223 9803
f 9819 9818 9804
f 9817 9818 9234
f 9237 9821 9406
f 9237 9822 9821
f 9822 9820 9238
f 9822 9238 8963
f 9822 9239 8962
f 9821 9822 9805
f 9239 9823 8963
f 9824 8963 9839
f 9825 9839 9840
f 9825 9240 9241
f 9239 9824 9808
f 9825 9840 9254
f 9240 9254 9826
f 9826 9243 9230
f 9240 9826 9810
f 9246 9827 9244
f 9827 9246 9829
f 9827 9247 9845
f 9244 9827 9845
f 9830 9831 9249
f 9247 9830 9845
f 9247 9828 9830
f 9830 9814 9235
f 9832 9834 9833
f 9831 9833 9249
f 9831 9832 9833
f 9832 9235 9234
f 9834 9234 9818
f 9835 9834 9819
f 9833 9834 9248
f 9836 9837 9412
f 9250 9412 9820
f 9412 8964 9263
f 9837 9836 8965
f 9837 9251 8963
f 9412 9837 9238
f 9251 9838 8963
f 9251 9839 9838
f 9251 9837 9252
f 9837 8965 9252
f 9839 9252 9855
f 9840 9855 9857
f 9840 9253 9254
f 9838 9839 8963
f 9840 9857 9266
f 9253 9266 9841
f 9841 9256 9243
f 9253 9841 9826
f 9842 9843 9257
f 9842 9245 9244
f 9842 9244 9845
f 9843 9259 9861
f 9257 9843 9861
f 9846 9847 9261
f 9259 9846 9861
f 9843 9844 9846
f 9846 9830 9249
f 9848 9850 9849
f 9847 9849 9261
f 9847 9848 9849
f 9848 9249 9248
f 9850 9248 9834
f 9851 9850 9835
f 9849 9850 9260
f 9852 9854 9853
f 8966 9852 9853
f 9854 9852 8967
f 9854 9264 8965
f 9853 9854 9836
f 9264 9854 9856
f 9854 8967 9856
f 9855 9856 9872
f 9857 9872 9874
f 9857 9265 9266
f 9264 9855 9252
f 9857 9874 9277
f 9265 9277 9858
f 9858 9268 9256
f 9265 9858 9841
f 9258 9859 9270
f 9271 9270 9269
f 9270 9271 9258
f 9271 9411 9258
f 9258 9257 9861
f 9270 9859 9879
f 9862 9863 9273
f 9859 9862 9879
f 9861 9860 9862
f 9862 9846 9261
f 9864 9866 9865
f 9863 9865 9273
f 9863 9864 9865
f 9864 9261 9260
f 9866 9260 9850
f 9867 9866 9851
f 9865 9866 9272
f 9868 9870 9869
f 9274 9868 9869
f 9870 9275 8967
f 9869 9870 9852
f 9275 9871 9873
f 9871 9870 9873
f 9872 9873 9892
f 9874 9892 9894
f 9874 9276 9277
f 9275 9872 9856
f 9874 9894 9288
f 9276 9288 9875
f 9875 9279 9268
f 9276 9875 9858
f 9280 9877 9876
f 9877 9269 9879
f 9877 9281 9900
f 9876 9877 9900
f 9880 9881 9283
f 9281 9880 9900
f 9281 9878 9880
f 9880 9862 9273
f 9882 9884 9883
f 9881 9883 9283
f 9881 9882 9883
f 9882 9273 9272
f 9884 9272 9866
f 9885 9884 9867
f 9883 9884 9282
f 9888 9890 9889
f 9285 9886 9274
f 9285 9889 9886
f 9889 9890 9870
f 9886 9889 9274
f 9890 9891 9873
f 9890 9892 9891
f 9892 9893 9286
f 9894 9286 9912
f 9894 9287 9288
f 9891 9892 9873
f 9894 9912 9297
f 9287 9297 9895
f 9895 9290 9279
f 9287 9895 9875
f 9419 9897 8969
f 9419 9896 9897
f 9419 8968 9900
f 9896 9898 9917
f 9897 9896 9917
f 9901 9902 9918
f 9898 9901 9917
f 9898 9899 9901
f 9901 9880 9283
f 9903 9905 9904
f 9902 9904 9291
f 9902 9903 9904
f 9903 9283 9282
f 9905 9282 9884
f 9906 9905 9885
f 9420 9907 9887
f 9292 9909 9907
f 9909 9292 9294
f 9908 9293 9888
f 9907 9908 9888
f 9293 9910 9890
f 9293 9911 9910
f 9293 9909 9911
f 9912 9295 9928
f 9912 9296 9297
f 9911 9912 9286
f 9910 9911 9893
f 9912 9928 9312
f 9296 9312 9913
f 9913 9299 9290
f 9296 9913 9895
f 9914 9915 9303
f 9301 9914 9300
f 9301 9302 9914
f 9914 8969 9917
f 9914 9303 8970
f 9918 9919 9934
f 9303 9918 9316
f 9303 9916 9918
f 9303 9915 9917
f 9918 9934 9933
f 9920 9922 9921
f 9919 9920 9305
f 9919 9291 9920
f 9919 9918 9291
f 9920 9904 9905
f 9922 9920 9906
f 9920 9921 9304
f 9923 9925 9924
f 9307 9924 9292
f 9308 9923 9924
f 9308 9309 9923
f 9925 9923 8971
f 9925 9310 9294
f 9924 9925 9292
f 9310 9925 9927
f 9925 8971 9927
f 9926 9927 9942
f 9928 9942 9944
f 9928 9311 9312
f 9926 9928 9295
f 9310 9926 9911
f 9928 9944 9325
f 9311 9325 9929
f 9930 9313 9314
f 9929 9314 9299
f 9311 9929 9913
f 9424 9932 9947
f 9424 9931 9932
f 9424 9315 9300
f 9315 9301 9300
f 9931 9914 8970
f 9932 9316 9950
f 9934 9935 9318
f 9316 9934 9950
f 9316 9933 9934
f 9934 9318 9949
f 9936 9938 9937
f 9935 9937 9318
f 9935 9936 9937
f 9935 9934 9305
f 9938 9305 9304
f 9938 9304 9921
f 9939 9938 9922
f 9937 9938 9317
f 9321 9322 9940
f 9319 9321 9940
f 9319 9320 9321
f 9322 9321 9323
f 9940 9322 9923
f 9322 9941 9927
f 9322 9942 9941
f 9942 9943 9336
f 9944 9324 9325
f 9941 9942 9927
f 9944 9336 9326
f 9324 9326 9960
f 9324 9945 9929
f 9947 9948 9328
f 9329 9328 9327
f 9328 9329 9947
f 9329 9424 9947
f 9947 9932 9950
f 9948 9330 8972
f 9328 9948 8972
f 9951 9952 9332
f 9330 9949 9951
f 9330 9948 9950
f 9951 9949 9318
f 9953 9955 9954
f 9952 9954 9332
f 9952 9953 9954
f 9953 9318 9317
f 9955 9317 9938
f 9956 9955 9939
f 9954 9955 9331
f 8918 9958 9957
f 9958 8973 8919
f 9958 9334 9323
f 9957 9958 9321
f 9336 9334 8978
f 8978 9959 9336
f 9334 9336 9323
f 9334 8919 8977
f 9334 8977 8978
f 9959 8978 8980
f 9959 9335 9336
f 9323 9336 9943
f 9335 9961 9960
f 9336 9960 9326
f 9335 8980 8981
f 9962 8983 9946
f 9964 9338 9963
f 9337 9963 8920
f 9963 9338 9446
f 9964 8972 9330
f 9965 9338 9951
f 9965 9951 9332
f 9967 9969 9968
f 9966 9968 8989
f 9966 9967 9968
f 9967 9332 9331
f 9969 9331 9955
f 9970 9969 9956
f 9973 9971 9972
f 9974 9971 9973
f 9975 9971 9974
f 9972 9971 9975
f 9444 8983 9962
f 9461 8994 9444
f 8994 9972 8983
f 9006 9018 9461
f 9018 9972 8994
f 9019 9018 9476
f 9031 9030 9493
f 9030 9972 9018
f 9043 9042 9031
f 9042 9972 9030
f 9052 9051 9043
f 9051 9972 9042
f 9066 9065 9052
f 9065 9972 9051
f 9077 9076 9066
f 9076 9973 9065
f 9088 9087 9077
f 9087 9973 9076
f 9099 9098 9088
f 9098 9973 9087
f 9110 9109 9099
f 9109 9973 9098
f 9121 9120 9110
f 9120 9973 9109
f 9131 9130 9121
f 9130 9973 9120
f 9143 9142 9131
f 9142 9973 9130
f 9155 9154 9143
f 9154 9973 9142
f 9166 9165 9155
f 9165 9974 9154
f 9180 9179 9166
f 9179 9974 9165
f 9190 9189 9180
f 9189 9974 9179
f 9201 9200 9190
f 9200 9974 9189
f 9209 9208 9201
f 9208 9974 9200
f 9219 9218 9209
f 9218 9974 9208
f 9230 9229 9219
f 9229 9974 9218
f 9243 9242 9230
f 9242 9974 9229
f 9256 9255 9243
f 9255 9975 9242
f 9268 9267 9256
f 9267 9975 9255
f 9279 9278 9268
f 9278 9975 9267
f 9290 9289 9279
f 9289 9975 9278
f 9299 9298 9290
f 9298 9975 9289
f 9314 9313 9299
f 9313 9975 9298
f 9930 9975 9313
f 8983 9975 9930
f 10479 11013 10435
f 10479 10441 10442
f 10440 10441 10479
f 10429 10430 10478
f 10096 10480 10086
f 9982 10106 10097
f 9982 10105 10106
f 10446 10481 10104
f 9982 10481 10447
f 10096 10585 10097
f 9982 10599 10481
f 10482 10115 10608
f 10482 10448 10115
f 10111 9985 10482
f 10120 10449 10126
f 10120 10126 10448
f 10449 10621 10126
f 9985 10613 10120
f 10483 10485 10484
f 10131 10486 10485
f 10449 10131 10483
f 10484 10485 10621
f 10485 10486 10138
f 10131 9991 10486
f 10644 9991 10131
f 10487 10451 10488
f 9991 10644 10450
f 10450 10488 10486
f 10488 10451 10148
f 10487 10489 10451
f 10143 10489 10487
f 9997 10491 10490
f 10489 10143 10490
f 10490 10158 10451
f 10491 10452 10490
f 10673 9997 10490
f 10143 10152 10490
f 10165 10492 10490
f 10492 10173 10490
f 10492 10453 10000
f 10165 10454 10453
f 9997 10672 10165
f 10493 10185 10000
f 10179 10002 10455
f 10179 10455 10454
f 10190 10005 10494
f 10002 10179 10698
f 10698 10190 10494
f 10494 10185 10493
f 10494 10706 10185
f 10005 10456 10494
f 10496 10497 10495
f 10198 10495 10456
f 10495 10205 10494
f 10495 10723 10205
f 10495 10497 10204
f 10496 10457 10497
f 10199 10457 10496
f 10199 10496 10495
f 10198 10714 10495
f 10457 10011 10217
f 10011 10736 10217
f 10011 10458 10736
f 10210 10011 10457
f 10728 10730 10457
f 10498 10501 10499
f 10498 10500 10501
f 10011 10223 10498
f 10458 10498 10499
f 10499 10501 10736
f 10237 10238 10504
f 10223 10759 10502
f 10500 10502 10459
f 10502 10503 10501
f 10017 10461 10505
f 10460 10505 10504
f 10505 10254 10504
f 10505 10253 10254
f 10505 10461 10506
f 10773 10017 10460
f 10248 10773 10460
f 10020 10507 10265
f 10017 10258 10020
f 10461 10020 10506
f 10803 10020 10789
f 10462 10463 10508
f 10020 10270 10462
f 10508 10463 10265
f 10463 10026 10276
f 10270 10023 10463
f 10271 10281 10287
f 10463 10023 10271
f 10271 10287 10463
f 10281 10464 10287
f 10465 10509 10464
f 10511 10304 10509
f 10304 10466 10509
f 10292 10509 10465
f 10509 10510 10464
f 10509 10297 10298
f 10509 10466 10296
f 10833 10304 10511
f 10833 10511 10509
f 10315 10513 10512
f 10304 10512 10466
f 10513 10854 10855
f 10304 10847 10512
f 10036 10516 10515
f 10514 10515 10324
f 10515 10868 10324
f 10036 10467 10516
f 10316 10036 10515
f 10315 10316 10515
f 10517 10039 10468
f 10468 10347 10467
f 10036 10875 10517
f 10467 10347 10335
f 10888 10039 10517
f 10039 10519 10347
f 10518 10520 10039
f 10039 10520 10519
f 10468 10039 10347
f 10519 10346 10347
f 10890 10520 10518
f 10890 10518 10039
f 10520 10469 10359
f 10520 10521 10469
f 10890 10341 10520
f 10469 10912 10359
f 10352 10521 10520
f 10904 10352 10520
f 10341 10904 10520
f 10521 10522 10369
f 10352 10353 10521
f 10522 10929 10369
f 10353 10921 10049
f 10049 10373 10523
f 10523 10524 10521
f 10524 10381 10522
f 10524 10525 10381
f 10471 10470 10524
f 10374 10471 10524
f 10373 10937 10524
f 10471 10375 10526
f 10526 10525 10524
f 10526 10394 10943
f 10526 10393 10394
f 10387 10388 10472
f 10375 10387 10526
f 10963 10473 10527
f 10963 10474 10473
f 10398 10963 10472
f 10472 10963 10527
f 10472 10527 10404
f 10418 10529 10528
f 10528 10529 10476
f 10410 10528 10474
f 10418 10477 10476
f 10410 10418 10528
f 10530 10062 10445
f 10445 10531 10475
f 10477 10530 10475
f 10475 10531 10424
f 10531 10445 10478
f 10444 10085 10532
f 10532 10533 10075
f 10533 10097 10091
f 10533 10480 10097
f 10086 10480 10533
f 10086 10532 10085
f 10554 10534 10539
f 10539 10534 10544
f 10544 10534 10549
f 10549 10534 10554
f 10553 10554 10535
f 10535 10554 10536
f 10536 10554 10537
f 10537 10554 10538
f 10538 10539 10540
f 10540 10539 10541
f 10541 10539 10542
f 10542 10539 10543
f 10543 10544 10545
f 10545 10544 10546
f 10546 10544 10547
f 10547 10544 10548
f 10548 10549 10550
f 10550 10549 10551
f 10551 10549 10552
f 10552 10549 10553
f 10444 10556 10555
f 10440 10555 10442
f 10555 10556 10442
f 10556 10443 10532
f 10444 10443 10556
f 10068 10444 10440
f 10067 10068 10440
f 10066 10557 10067
f 10068 10557 10069
f 10557 10558 10069
f 11008 10558 10557
f 10070 10560 10559
f 10558 10559 10573
f 9976 10071 9977
f 10073 10072 10071
f 11010 10562 10072
f 10072 10562 10561
f 10074 11019 10563
f 10075 10564 10556
f 10556 10076 10442
f 10076 10564 10077
f 10564 10565 10077
f 10078 10565 10564
f 10079 10567 10078
f 10078 10567 10566
f 10565 10566 11014
f 9978 10081 10567
f 10082 10569 10080
f 10080 10569 10568
f 10080 10568 10083
f 10570 10553 10084
f 10095 10553 10570
f 10584 10095 10569
f 10583 10082 10080
f 10571 10088 10085
f 10085 10088 10572
f 10572 10088 9980
f 10088 10588 9980
f 10088 10087 10588
f 10069 10088 10571
f 10069 10571 10085
f 10573 10574 10087
f 10087 10574 10588
f 9977 10090 9979
f 9976 9977 10574
f 10559 10574 10573
f 10561 10576 10089
f 10089 10576 10575
f 10071 10089 10090
f 10089 10575 10090
f 10562 11019 10577
f 10072 10561 10089
f 10579 10580 10578
f 10578 10580 10078
f 10533 10578 10075
f 10578 10078 10564
f 10593 10580 10579
f 9981 10093 10581
f 10092 10581 10593
f 10593 10581 10580
f 10580 10581 10079
f 10581 10093 9978
f 10094 10584 10582
f 10582 10584 10583
f 10093 10583 10080
f 10583 10584 10082
f 10584 10553 10095
f 10110 10553 10584
f 10598 10110 10584
f 10597 10094 10582
f 10086 10585 10096
f 10097 10585 10599
f 10585 10586 10098
f 10586 10099 10112
f 9980 10099 10586
f 10572 10586 10585
f 10588 9979 10587
f 10587 9979 10589
f 10588 10587 10099
f 10099 10589 10100
f 10589 9979 9983
f 10574 9979 10588
f 10575 10590 10101
f 10590 10591 10592
f 10090 10101 9983
f 9983 10590 10102
f 10590 10592 10605
f 10576 11020 10591
f 10090 10575 10101
f 10103 10594 10105
f 10105 10594 10593
f 10103 10105 10104
f 10106 10105 10578
f 10105 10593 10579
f 10607 10594 10103
f 9984 10108 10595
f 10107 10595 10607
f 10607 10595 10594
f 10594 10595 10092
f 10595 10108 9981
f 10109 10598 10596
f 10596 10598 10597
f 10108 10597 10582
f 10597 10598 10094
f 10598 10552 10110
f 10119 10552 10598
f 10612 10119 10598
f 10611 10109 10596
f 10098 10601 10599
f 10599 10601 10600
f 10482 10599 10600
f 10600 10601 9987
f 10601 10100 9987
f 10112 10100 10601
f 10100 10602 10616
f 10603 10102 9986
f 9983 10102 10603
f 9983 10603 10602
f 10589 10602 10100
f 10113 10605 10604
f 10113 10604 10102
f 10605 10114 10125
f 10592 10114 10605
f 10590 10605 10113
f 10608 10607 10103
f 10623 10608 10606
f 9988 10117 10609
f 10116 10609 10623
f 10608 10609 10107
f 10609 10117 9984
f 10118 10612 10610
f 10610 10612 10611
f 10117 10611 10596
f 10611 10612 10109
f 10612 10552 10119
f 10130 10552 10612
f 10628 10130 10612
f 10627 10118 10610
f 10111 10613 9985
f 10120 10613 10629
f 10613 10614 10121
f 10614 10122 10133
f 9987 10122 10614
f 10600 10614 10613
f 10616 9986 10615
f 10615 9986 10617
f 9987 10615 10122
f 10617 9986 9989
f 10602 9986 10616
f 10604 10618 10123
f 10618 10619 10620
f 10102 10123 9989
f 9989 10618 10124
f 10618 10620 10635
f 10102 10604 10123
f 10622 10624 10621
f 10621 10624 10623
f 10126 10621 10115
f 10621 10623 10606
f 10638 10624 10622
f 9990 10128 10625
f 10127 10625 10638
f 10638 10625 10624
f 10624 10625 10116
f 10625 10128 9988
f 10129 10628 10626
f 10626 10628 10627
f 10128 10627 10610
f 10627 10628 10118
f 10628 10551 10130
f 10142 10551 10628
f 10643 10142 10628
f 10642 10129 10626
f 10121 10631 10629
f 10629 10631 10630
f 10131 10629 10630
f 10630 10631 10132
f 10122 10632 10133
f 10632 10633 10133
f 10133 10633 10634
f 10631 10634 10134
f 10634 10633 9992
f 10633 10124 9992
f 9989 10124 10633
f 10617 10633 10632
f 10135 10635 10147
f 10135 10147 10136
f 10635 10137 10147
f 10620 10137 10635
f 10618 10635 10135
f 10637 10639 10636
f 10636 10639 10638
f 10485 10636 10621
f 10636 10638 10622
f 10652 10639 10637
f 9993 10140 10640
f 10139 10640 10652
f 10652 10640 10639
f 10639 10640 10127
f 10640 10140 9990
f 10141 10643 10641
f 10641 10643 10642
f 10140 10642 10626
f 10642 10643 10129
f 10643 10551 10142
f 10151 10551 10643
f 10657 10151 10643
f 10656 10141 10641
f 10645 10145 10644
f 10644 10145 10646
f 10487 10644 10646
f 10143 10646 10152
f 10646 10145 9995
f 10145 10660 9995
f 10145 10144 10660
f 10132 10145 10645
f 10132 10645 10644
f 10134 10647 10144
f 10144 10647 10660
f 9992 10155 9994
f 10634 10647 10134
f 10147 10649 10146
f 10146 10649 10648
f 10146 10648 10155
f 10147 11022 10650
f 10136 10147 10146
f 10651 10653 10148
f 10148 10653 10652
f 10488 10148 10138
f 10148 10652 10637
f 10666 10653 10651
f 10149 10654 10666
f 10666 10654 10653
f 10653 10654 10139
f 10654 9996 9993
f 10150 10657 10655
f 10655 10657 10656
f 9996 10656 10641
f 10656 10657 10141
f 10657 10550 10151
f 10164 10550 10657
f 10671 10164 10657
f 10670 10150 10655
f 9995 10658 10152
f 10152 10658 10168
f 10152 10168 10673
f 10658 10153 10168
f 9995 10153 10658
f 10646 9995 10152
f 10660 9994 10659
f 10659 9994 10661
f 10660 10659 10153
f 10153 10661 10154
f 10661 9994 9998
f 10647 9994 10660
f 10648 10662 10155
f 10662 10663 10664
f 9998 10662 10156
f 10662 10664 10677
f 10649 11022 10663
f 10157 10667 10665
f 10665 10667 10666
f 10451 10665 10651
f 10665 10666 10651
f 10160 10159 10667
f 9999 10162 10149
f 10149 10162 10668
f 10161 10149 10159
f 10667 10159 10149
f 10149 10668 9996
f 10668 10162 9996
f 10163 10671 10669
f 10669 10671 10670
f 10162 10670 10655
f 10670 10671 10150
f 10671 10550 10164
f 10178 10550 10671
f 10682 10178 10671
f 10681 10163 10669
f 10673 10674 10672
f 10673 10672 9997
f 10165 10672 10683
f 10672 10674 10166
f 10168 10167 10674
f 10168 10674 10673
f 10154 10675 10167
f 10167 10675 10676
f 10674 10676 10169
f 10676 10675 10183
f 10675 10156 10183
f 9998 10156 10675
f 10661 10675 10154
f 10170 10677 10184
f 10170 10184 10171
f 10677 10172 10184
f 10664 10172 10677
f 10662 10677 10170
f 10173 10678 10157
f 10678 10174 10160
f 10001 10176 10679
f 10175 10679 10174
f 10174 10679 10161
f 10679 10176 9999
f 10177 10682 10680
f 10680 10682 10681
f 10176 10681 10669
f 10681 10682 10163
f 10682 10548 10178
f 10189 10548 10682
f 10697 10189 10682
f 10696 10177 10680
f 10166 10685 10683
f 10683 10685 10684
f 10454 10683 10684
f 10180 10169 10685
f 10169 10687 10686
f 10685 10686 10701
f 10687 10181 10003
f 10183 10182 10181
f 10676 10687 10169
f 10184 10689 10182
f 10182 10689 10688
f 10156 10182 10183
f 10184 11023 10690
f 10171 10184 10182
f 10691 10693 10185
f 10185 10693 10692
f 10185 10692 10678
f 10692 10693 10174
f 10707 10693 10691
f 10004 10187 10694
f 10186 10694 10707
f 10707 10694 10693
f 10693 10694 10175
f 10694 10187 10001
f 10188 10697 10695
f 10695 10697 10696
f 10187 10696 10680
f 10696 10697 10177
f 10697 10548 10189
f 10197 10548 10697
f 10712 10197 10697
f 10711 10188 10695
f 10684 10700 10698
f 10698 10700 10699
f 10699 10700 10007
f 10700 10701 10007
f 10191 10701 10700
f 10701 10702 10716
f 10003 10193 10006
f 10687 10003 10702
f 10686 10702 10701
f 10688 10704 10192
f 10192 10704 10703
f 10181 10192 10193
f 10192 10703 10193
f 10689 11023 10705
f 10182 10688 10192
f 10706 10708 10707
f 10205 10706 10494
f 10706 10707 10691
f 10722 10708 10706
f 10008 10195 10709
f 10194 10709 10722
f 10722 10709 10708
f 10708 10709 10186
f 10709 10195 10004
f 10196 10712 10710
f 10710 10712 10711
f 10195 10711 10695
f 10711 10712 10188
f 10712 10547 10197
f 10209 10547 10712
f 10727 10209 10712
f 10726 10196 10710
f 10190 10713 10714
f 10199 10714 10728
f 10714 10713 10200
f 10713 10201 10212
f 10007 10201 10713
f 10699 10713 10190
f 10716 10006 10715
f 10715 10006 10717
f 10007 10715 10201
f 10717 10006 10009
f 10702 10006 10716
f 10703 10718 10202
f 10718 10719 10720
f 10193 10202 10009
f 10009 10718 10203
f 10718 10720 10735
f 10704 11024 10719
f 10193 10703 10202
f 10723 10722 10706
f 10738 10723 10721
f 10010 10207 10724
f 10206 10724 10738
f 10723 10724 10194
f 10724 10207 10008
f 10208 10727 10725
f 10725 10727 10726
f 10207 10726 10710
f 10726 10727 10196
f 10727 10547 10209
f 10222 10547 10727
f 10743 10222 10727
f 10742 10208 10725
f 10729 10731 10728
f 10728 10731 10730
f 10730 10731 10211
f 10200 10731 10729
f 10200 10729 10728
f 10201 10732 10212
f 10732 10733 10212
f 10212 10733 10734
f 10731 10734 10213
f 10734 10733 10227
f 10733 10203 10227
f 10009 10203 10733
f 10717 10733 10732
f 10214 10735 10228
f 10214 10228 10215
f 10735 10216 10228
f 10720 10216 10735
f 10718 10735 10214
f 10737 10739 10736
f 10736 10739 10738
f 10217 10736 10204
f 10736 10738 10721
f 10012 10220 10740
f 10219 10740 10218
f 10739 10740 10206
f 10740 10220 10010
f 10221 10743 10741
f 10741 10743 10742
f 10220 10742 10725
f 10742 10743 10208
f 10743 10546 10222
f 10236 10546 10743
f 10756 10236 10743
f 10755 10221 10741
f 10744 10746 10210
f 10210 10746 10745
f 10223 10210 10745
f 10745 10746 10759
f 10224 10213 10746
f 10211 10746 10744
f 10211 10744 10210
f 10213 10748 10747
f 10746 10747 10760
f 10748 10225 10013
f 10227 10226 10225
f 10734 10748 10213
f 10228 10750 10226
f 10226 10750 10749
f 10203 10226 10227
f 10228 11026 10751
f 10215 10228 10226
f 10229 10753 10752
f 10230 10229 10501
f 10229 10752 10501
f 10501 10752 10736
f 10752 10753 10739
f 10753 10231 10218
f 10014 10234 10233
f 10231 10233 10219
f 10233 10234 10012
f 10235 10756 10754
f 10754 10756 10755
f 10234 10755 10741
f 10755 10756 10221
f 10756 10546 10236
f 10247 10546 10756
f 10770 10247 10756
f 10769 10235 10754
f 10757 10239 10237
f 10237 10239 10238
f 10757 10758 10239
f 10758 10240 10239
f 10759 10757 10237
f 10760 10761 10240
f 10239 10240 10241
f 10240 10761 10241
f 10013 10243 10015
f 10748 10013 10761
f 10747 10761 10760
f 10749 10763 10242
f 10242 10763 10762
f 10225 10242 10243
f 10242 10762 10243
f 10750 11026 10764
f 10226 10749 10242
f 10244 10232 10765
f 10765 10232 10229
f 10244 10765 10503
f 10503 10765 10230
f 10765 10229 10230
f 10782 10232 10244
f 10245 10767 10782
f 10782 10767 10766
f 10232 10766 10233
f 10766 10767 10233
f 10767 10016 10014
f 10246 10770 10768
f 10768 10770 10769
f 10016 10769 10754
f 10769 10770 10235
f 10770 10545 10247
f 10257 10545 10770
f 10788 10257 10770
f 10787 10246 10768
f 10771 10772 10773
f 10238 10771 10248
f 10773 10774 10249
f 10774 10772 10250
f 10239 10772 10771
f 10776 10015 10775
f 10775 10015 10777
f 10241 10775 10772
f 10772 10777 10250
f 10777 10015 10018
f 10761 10015 10776
f 10241 10776 10775
f 10762 10778 10251
f 10778 10779 10780
f 10243 10251 10018
f 10018 10778 10252
f 10778 10780 10795
f 10763 11027 10779
f 10243 10762 10251
f 10781 10783 10253
f 10253 10783 10782
f 10254 10253 10244
f 10253 10782 10244
f 10797 10783 10781
f 10784 10019 10785
f 10255 10784 10797
f 10797 10784 10783
f 10783 10784 10245
f 10784 10785 10016
f 10785 10019 10016
f 10256 10788 10786
f 10786 10788 10787
f 10019 10787 10768
f 10787 10788 10246
f 10788 10545 10257
f 10269 10545 10788
f 10802 10269 10788
f 10801 10256 10786
f 10249 10791 10789
f 10789 10791 10790
f 10773 10789 10258
f 10790 10791 10259
f 10792 10793 10250
f 10250 10793 10794
f 10791 10794 10260
f 10794 10793 10021
f 10793 10252 10021
f 10018 10252 10793
f 10777 10793 10792
f 10261 10795 10275
f 10261 10275 10262
f 10795 10263 10275
f 10780 10263 10795
f 10778 10795 10261
f 10264 10798 10796
f 10796 10798 10797
f 10264 10796 10265
f 10506 10796 10253
f 10796 10797 10781
f 10811 10798 10264
f 10022 10267 10799
f 10266 10799 10811
f 10811 10799 10798
f 10798 10799 10255
f 10799 10267 10019
f 10268 10802 10800
f 10800 10802 10801
f 10267 10801 10786
f 10801 10802 10256
f 10802 10543 10269
f 10280 10543 10802
f 10816 10280 10802
f 10815 10268 10800
f 10804 10273 10803
f 10803 10273 10805
f 10270 10805 10271
f 10805 10273 10025
f 10273 10819 10025
f 10273 10272 10819
f 10259 10273 10804
f 10259 10804 10803
f 10260 10806 10272
f 10272 10806 10819
f 10021 10285 10024
f 10794 10806 10260
f 10275 10808 10274
f 10274 10808 10807
f 10274 10807 10285
f 10275 11028 10809
f 10262 10275 10274
f 10026 10812 10810
f 10810 10812 10811
f 10026 10810 10276
f 10463 10810 10264
f 10810 10811 10264
f 10825 10812 10026
f 10027 10278 10813
f 10277 10813 10825
f 10825 10813 10812
f 10812 10813 10266
f 10813 10278 10022
f 10279 10816 10814
f 10814 10816 10815
f 10278 10815 10800
f 10815 10816 10268
f 10816 10543 10280
f 10291 10543 10816
f 10830 10291 10816
f 10829 10279 10814
f 10271 10025 10817
f 10025 10283 10817
f 10281 10271 10817
f 10817 10283 10284
f 10805 10025 10271
f 10819 10024 10818
f 10818 10024 10820
f 10819 10818 10283
f 10283 10820 10284
f 10820 10024 10028
f 10806 10024 10819
f 10807 10821 10285
f 10821 10822 10823
f 10028 10821 10286
f 10821 10823 10837
f 10808 11028 10822
f 10287 10826 10026
f 10826 10825 10026
f 10839 10826 10824
f 10029 10289 10827
f 10288 10827 10839
f 10826 10827 10277
f 10827 10289 10027
f 10290 10830 10828
f 10828 10830 10829
f 10289 10829 10814
f 10829 10830 10279
f 10830 10542 10291
f 10303 10542 10830
f 10844 10303 10830
f 10843 10290 10828
f 10831 10832 10833
f 10292 10831 10833
f 10833 10832 10031
f 10832 10849 10031
f 10832 10293 10849
f 10284 10293 10832
f 10282 10832 10831
f 10284 10834 10293
f 10293 10834 10849
f 10835 10286 10030
f 10028 10286 10835
f 10028 10835 10834
f 10820 10834 10284
f 10294 10837 10836
f 10294 10836 10286
f 10837 10295 10309
f 10823 10295 10837
f 10821 10837 10294
f 10838 10840 10297
f 10297 10840 10839
f 10298 10297 10464
f 10839 10824 10464
f 10032 10301 10841
f 10300 10841 10299
f 10840 10841 10288
f 10841 10301 10029
f 10302 10844 10842
f 10842 10844 10843
f 10301 10843 10828
f 10843 10844 10290
f 10844 10542 10303
f 10314 10542 10844
f 10861 10314 10844
f 10860 10302 10842
f 10845 10846 10847
f 10833 10845 10304
f 10512 10847 10315
f 10847 10846 10305
f 10846 10306 10318
f 10031 10306 10846
f 10833 10846 10845
f 10849 10030 10848
f 10848 10030 10850
f 10849 10848 10306
f 10850 10030 10033
f 10834 10030 10849
f 10836 10851 10307
f 10851 10852 10853
f 10286 10307 10033
f 10033 10851 10308
f 10851 10853 10867
f 10286 10836 10307
f 10854 10856 10855
f 10310 10854 10513
f 10855 10856 10840
f 10856 10311 10299
f 10035 10311 10856
f 10869 10856 10854
f 10857 10034 10858
f 10312 10857 10311
f 10311 10857 10300
f 10857 10858 10032
f 10858 10034 10032
f 10313 10861 10859
f 10859 10861 10860
f 10034 10860 10842
f 10860 10861 10302
f 10861 10541 10314
f 10329 10541 10861
f 10874 10329 10861
f 10873 10313 10859
f 10862 10863 10315
f 10315 10863 10316
f 10316 10863 10317
f 10305 10863 10862
f 10305 10862 10315
f 10306 10864 10318
f 10864 10865 10318
f 10318 10865 10866
f 10863 10866 10319
f 10866 10865 10037
f 10865 10308 10037
f 10033 10308 10865
f 10850 10865 10864
f 10320 10867 10334
f 10320 10334 10321
f 10867 10322 10334
f 10853 10322 10867
f 10851 10867 10320
f 10323 10868 10515
f 10324 10868 10310
f 10868 10869 10854
f 10869 10870 10035
f 10882 10869 10868
f 10038 10327 10312
f 10312 10327 10871
f 10326 10312 10325
f 10325 10312 10870
f 10312 10871 10034
f 10871 10327 10034
f 10328 10874 10872
f 10872 10874 10873
f 10327 10873 10859
f 10873 10874 10313
f 10874 10541 10329
f 10339 10541 10874
f 10887 10339 10874
f 10886 10328 10872
f 10317 10331 10875
f 10875 10331 10876
f 10517 10875 10876
f 10876 10331 10041
f 10331 10891 10041
f 10331 10330 10891
f 10319 10877 10330
f 10330 10877 10891
f 10333 10332 10040
f 10866 10877 10319
f 10334 10879 10332
f 10332 10879 10878
f 10308 10332 10333
f 10334 11030 11031
f 10321 10334 10332
f 10881 10883 10880
f 10880 10883 10882
f 10467 10880 10323
f 10880 10882 10868
f 10882 10883 10325
f 10898 10883 10881
f 10042 10337 10884
f 10336 10884 10898
f 10898 10884 10883
f 10883 10884 10326
f 10884 10337 10038
f 10338 10887 10885
f 10885 10887 10886
f 10337 10886 10872
f 10886 10887 10328
f 10887 10540 10339
f 10351 10540 10887
f 10903 10351 10887
f 10902 10338 10885
f 10888 10889 10890
f 10340 10888 10890
f 10890 10889 10044
f 10889 10342 10044
f 10889 10343 10342
f 10876 10889 10888
f 10891 10892 10343
f 10343 10892 10043
f 10891 10343 10889
f 10892 10344 10043
f 10040 10344 10892
f 10877 10892 10891
f 10878 10879 10893
f 10893 10879 10894
f 10879 10895 10896
f 10040 10893 10344
f 10344 10894 10043
f 10894 10896 10910
f 10332 10878 10893
f 10345 10899 10897
f 10897 10899 10898
f 10345 10897 10519
f 10347 10897 10880
f 10897 10898 10881
f 10914 10899 10345
f 10045 10349 10900
f 10348 10900 10914
f 10914 10900 10899
f 10899 10900 10336
f 10900 10349 10042
f 10350 10903 10901
f 10901 10903 10902
f 10349 10902 10885
f 10902 10903 10338
f 10903 10540 10351
f 10363 10540 10903
f 10919 10363 10903
f 10918 10350 10901
f 10904 10905 10906
f 10352 10906 10353
f 10906 10905 10047
f 10905 10923 10047
f 10905 10354 10923
f 10890 10905 10904
f 10343 10907 10354
f 10354 10907 10046
f 10342 10354 10905
f 10354 10046 10923
f 10907 10355 10046
f 10043 10355 10907
f 10043 10907 10343
f 10908 10910 10909
f 10910 10357 10911
f 10043 10908 10355
f 10355 10909 10046
f 10909 10911 10356
f 10896 10357 10910
f 10894 10910 10908
f 10913 10915 10912
f 10912 10915 10914
f 10358 10912 10469
f 10359 10912 10345
f 10912 10914 10345
f 10931 10915 10913
f 10048 10361 10916
f 10360 10916 10931
f 10931 10916 10915
f 10915 10916 10348
f 10916 10361 10045
f 10362 10919 10917
f 10917 10919 10918
f 10361 10918 10901
f 10918 10919 10350
f 10919 10538 10363
f 10372 10538 10919
f 10936 10372 10919
f 10935 10362 10917
f 10906 10920 10921
f 10353 10906 10921
f 10921 10920 10364
f 10920 10365 10376
f 10047 10365 10920
f 10923 10046 10922
f 10922 10046 10924
f 10046 10367 10925
f 10923 10922 10365
f 10924 10925 10368
f 10925 10367 10368
f 10356 10926 10366
f 10926 10927 10928
f 10046 10366 10367
f 10367 10926 10368
f 10926 10928 10942
f 10911 10927 10926
f 10909 10356 10366
f 10930 10932 10929
f 10929 10932 10931
f 10381 10929 10522
f 10369 10929 10358
f 10929 10931 10913
f 10944 10932 10930
f 10370 10933 10944
f 10944 10933 10932
f 10932 10933 10360
f 10933 10050 10048
f 10371 10936 10934
f 10934 10936 10935
f 10050 10935 10917
f 10935 10936 10362
f 10936 10538 10372
f 10386 10538 10936
f 10949 10386 10936
f 10948 10371 10934
f 10364 10938 10937
f 10049 10937 10373
f 10937 10938 10375
f 10365 10939 10376
f 10939 10940 10376
f 10376 10940 10941
f 10938 10941 10951
f 10941 10940 10051
f 10940 10377 10051
f 10368 10378 10377
f 10924 10940 10939
f 10378 10942 10392
f 10942 10379 10392
f 10928 10379 10942
f 10926 10942 10378
f 10380 10945 10943
f 10943 10945 10944
f 10943 10944 10930
f 10382 10383 10945
f 10052 10384 10946
f 10383 10946 10945
f 10945 10946 10370
f 10946 10384 10050
f 10385 10949 10947
f 10947 10949 10948
f 10384 10948 10934
f 10948 10949 10371
f 10949 10537 10386
f 10397 10537 10949
f 10962 10397 10949
f 10961 10385 10947
f 10950 10054 10388
f 10375 10388 10387
f 10054 10389 10388
f 10950 10951 10054
f 10375 10950 10388
f 10054 10951 10966
f 10951 10952 10966
f 10941 10952 10951
f 10392 10954 10390
f 10390 10954 10953
f 10390 10953 10391
f 10392 11034 11036
f 10378 10392 10390
f 10956 10957 10955
f 10394 10955 10380
f 10955 10957 10382
f 10958 10055 10959
f 10395 10958 10957
f 10957 10958 10383
f 10958 10959 10052
f 10959 10055 10052
f 10396 10962 10960
f 10960 10962 10961
f 10055 10961 10947
f 10961 10962 10385
f 10962 10537 10397
f 10409 10537 10962
f 10977 10409 10962
f 10976 10396 10960
f 10054 10965 10963
f 10963 10965 10964
f 10388 10963 10398
f 10963 10964 10399
f 10964 10965 10057
f 10965 10400 10057
f 10965 10401 10400
f 10389 10054 10963
f 10966 10967 10401
f 10401 10967 10056
f 10966 10401 10965
f 10967 10402 10056
f 10053 10402 10967
f 10952 10967 10966
f 10953 10954 10391
f 10391 10954 10968
f 10954 10969 10970
f 10053 10391 10402
f 10402 10968 10056
f 10968 10970 10983
f 10971 10972 10404
f 10527 10971 10404
f 10404 10972 10956
f 10403 10972 10971
f 10058 10407 10395
f 10395 10407 10974
f 10406 10395 10405
f 10405 10395 10973
f 10395 10974 10055
f 10974 10407 10055
f 10408 10977 10975
f 10975 10977 10976
f 10407 10976 10960
f 10976 10977 10396
f 10977 10536 10409
f 10417 10536 10977
f 10990 10417 10977
f 10989 10408 10975
f 10978 10057 10410
f 10410 10057 10979
f 10418 10979 10991
f 10979 10057 10060
f 10057 10994 10060
f 10057 10411 10994
f 10964 10978 10410
f 10401 10980 10411
f 10411 10980 10059
f 10400 10411 10057
f 10411 10059 10994
f 10980 10412 10059
f 10056 10412 10980
f 10056 10980 10401
f 10968 10983 10981
f 10981 10983 10982
f 10056 10981 10412
f 10412 10982 10059
f 10982 10983 10998
f 10969 11037 10984
f 10970 10969 10983
f 10413 10985 10476
f 10528 10985 10971
f 10985 10986 10971
f 11001 10986 10985
f 10061 10415 10987
f 10414 10987 11001
f 10986 10987 10406
f 10987 10415 10058
f 10416 10990 10988
f 10988 10990 10989
f 10415 10989 10975
f 10989 10990 10408
f 10990 10536 10417
f 10428 10536 10990
f 11007 10428 10990
f 11006 10416 10988
f 10060 10993 10991
f 10991 10993 10992
f 10418 10991 10992
f 10530 10992 10430
f 10992 10993 10064
f 10993 10419 10064
f 10993 10420 10419
f 10421 10420 10993
f 10060 10421 10993
f 10979 10060 10991
f 10994 10995 10420
f 10420 10995 10063
f 10994 10420 10421
f 10995 10422 10063
f 10059 10422 10995
f 10059 10995 10994
f 10996 10998 10997
f 10998 10423 10999
f 10059 10996 10422
f 10422 10997 10063
f 10997 10999 11011
f 10983 10423 10998
f 10982 10998 10996
f 11013 11002 11000
f 11000 11002 11001
f 10475 11000 10413
f 11000 11001 10985
f 11003 10065 11004
f 10426 11003 10425
f 11002 11003 10414
f 11003 11004 10061
f 11004 10065 10061
f 10427 11007 11005
f 11005 11007 11006
f 10065 11006 10988
f 11006 11007 10416
f 11007 10535 10428
f 10439 10535 11007
f 11018 10439 11007
f 11017 10427 11005
f 10430 10064 11008
f 10064 10431 11008
f 10478 10430 10066
f 10430 11008 10557
f 11008 10431 10070
f 10992 10064 10430
f 10420 10063 10419
f 10419 10063 11009
f 10063 10433 11009
f 10431 11009 10070
f 11009 10433 9976
f 10997 11011 10432
f 10432 11011 11010
f 10063 10432 10433
f 10433 11010 10073
f 11011 10434 10074
f 10999 10434 11011
f 10077 10437 11012
f 11012 10437 11013
f 10442 11012 10479
f 10435 11013 11000
f 11013 10437 10425
f 10567 11016 11014
f 10436 11014 11015
f 10437 11015 10426
f 11015 11014 10426
f 11014 11016 10065
f 10438 11017 11016
f 10568 11018 11017
f 10081 11017 10438
f 11016 11017 11005
f 11017 11018 10427
f 11018 10535 10439
f 10084 10535 11018
f 10569 10084 11018
f 10083 10568 11017
f 11038 11035 11021
f 11021 11035 11025
f 11025 11035 11029
f 10434 11019 10074
f 10434 11038 11019
f 10563 11019 10562
f 10577 11020 10576
f 11019 11038 11020
f 11020 11038 10114
f 10114 11021 10125
f 10125 11021 10137
f 10137 11022 10147
f 10137 11021 11022
f 10650 11022 10649
f 11022 11021 10172
f 10172 11023 10184
f 10172 11021 11023
f 10690 11023 10689
f 10705 11024 10704
f 11023 11021 11024
f 11024 11025 10216
f 10216 11026 10228
f 10216 11025 11026
f 10751 11026 10750
f 10764 11027 10763
f 11026 11025 11027
f 11027 11025 10263
f 10263 11028 10275
f 10263 11025 11028
f 10809 11028 10808
f 11028 11025 10295
f 10295 11029 10309
f 10309 11029 10322
f 10322 11030 10334
f 10322 11029 11030
f 11030 11029 11031
f 10895 11032 10357
f 11031 11029 11032
f 10357 11033 10927
f 11032 11029 11033
f 11033 11029 10379
f 10379 11034 10392
f 10379 11029 11034
f 11034 11035 11036
f 11036 11035 11037
f 10984 11037 10423
f 11037 11035 10434
f 12273 12126 12272
f 12126 11039 12127
f 11479 12126 12833
f 11512 12051 12128
f 12128 11799 11798
f 12128 12047 12201
f 11512 12201 12875
f 11520 12129 12130
f 12130 12051 11520
f 11531 12133 12889
f 11531 12136 12133
f 12133 12137 11821
f 12133 11811 12135
f 12133 11070 12131
f 12129 12134 12131
f 11541 12136 11530
f 11541 12139 11821
f 12903 12060 12138
f 12140 12058 11540
f 11561 12141 12142
f 12142 12144 11833
f 12142 12138 12060
f 11561 12060 11550
f 11573 12066 11840
f 11573 12141 11560
f 12145 11849 11848
f 12145 11848 12146
f 12145 12066 11572
f 12148 12150 11859
f 11859 11857 12148
f 11592 12147 11582
f 12948 12073 12149
f 12150 11869 11868
f 12149 12071 11591
f 12151 11888 11878
f 12151 11869 12073
f 12948 12151 12073
f 12956 12153 12154
f 12078 12154 11619
f 12154 12076 12956
f 12964 11619 11618
f 12964 12081 12157
f 11896 11071 12155
f 11896 12078 11619
f 11636 12156 12157
f 11636 12081 11627
f 11048 12159 12090
f 12972 11637 12159
f 11629 12159 11637
f 12090 12159 12089
f 12093 12162 11652
f 11652 12162 11923
f 11652 11923 13213
f 11652 12241 11644
f 11661 12161 12162
f 12163 12161 11931
f 12165 12167 12166
f 11680 12168 13011
f 12101 11948 12168
f 12168 12167 11670
f 11689 12170 11680
f 12169 12101 11680
f 11698 12105 12172
f 12172 12176 11967
f 12172 12102 12169
f 11698 12169 11689
f 11708 12173 12174
f 12174 12179 11975
f 12174 11975 12176
f 11708 12105 11697
f 12180 11982 12179
f 12177 12175 12173
f 12177 12173 11707
f 11729 12111 11991
f 11729 12178 11718
f 12182 12114 12183
f 12183 12113 12000
f 12183 12000 11999
f 11738 12111 11728
f 13065 12116 12184
f 12184 12113 13058
f 11755 12120 12185
f 12185 12188 13288
f 12185 12014 12186
f 11746 12185 12116
f 11765 12187 11766
f 12187 12022 13297
f 12187 13297 12188
f 11766 12120 11754
f 11778 12190 12123
f 11778 12123 11765
f 11039 11093 12127
f 11083 12191 11039
f 11073 12127 11074
f 12193 12192 11819
f 12196 12195 11922
f 11965 12196 11957
f 12199 12198 12035
f 12192 12199 11787
f 11805 11787 11797
f 11819 11805 13124
f 11831 11819 13139
f 11847 12193 13154
f 12193 11831 13154
f 11866 11847 13167
f 11887 12194 11877
f 12194 11866 11877
f 11902 11887 13192
f 11922 11902 11913
f 11940 11922 11930
f 11957 11940 13233
f 11965 11957 13246
f 11981 11965 13247
f 13267 11981 11990
f 12008 12197 13272
f 12197 13267 13272
f 12021 12008 13286
f 12035 12021 13303
f 11787 12035 13316
f 11502 12875 12200
f 12875 12201 12200
f 12201 12047 12200
f 12200 13319 11502
f 12203 12244 12091
f 12203 12092 12204
f 12203 12608 12593
f 11293 12203 12593
f 12205 12041 12206
f 12205 12046 12189
f 12205 12189 11778
f 11041 12207 11081
f 11093 12208 11094
f 11041 11103 12208
f 11110 12209 12050
f 12380 12209 11110
f 11109 12053 12209
f 12054 11117 12209
f 12054 11043 11117
f 12397 12056 11043
f 11045 11131 12056
f 11045 11137 12210
f 12210 11153 12213
f 12211 11144 12210
f 11153 12212 12213
f 12214 11159 11144
f 12214 12215 12216
f 11167 12217 12216
f 12216 12219 11173
f 12444 12218 12217
f 12218 12221 12219
f 11173 12219 11174
f 12220 12222 11188
f 11195 11194 12222
f 12492 12222 11194
f 12222 12224 11200
f 12223 12224 12222
f 11208 12223 11209
f 11207 11225 12223
f 12223 12070 12224
f 11200 12224 11201
f 12227 12072 12226
f 12224 12226 12225
f 12070 11225 12226
f 12226 11223 12227
f 12226 11218 11217
f 11223 12229 12227
f 11223 12230 12229
f 11238 12229 12230
f 12072 12228 11231
f 12074 12233 12231
f 12229 12231 12075
f 12074 12231 12229
f 11259 12237 12234
f 12557 12234 12233
f 12557 12235 12234
f 12080 12085 12234
f 12237 12085 12080
f 12239 11063 11278
f 12085 11278 12238
f 11270 12239 12084
f 11645 12241 12240
f 12241 11915 12242
f 12242 11914 12158
f 12244 11303 12243
f 12092 12244 12243
f 11309 12096 12244
f 12608 12243 11303
f 12244 11315 11303
f 11308 12096 11309
f 11323 12246 12245
f 11322 12099 12246
f 11315 12245 11316
f 11322 12248 12247
f 12650 12248 11322
f 12650 12249 12248
f 12249 12100 12248
f 12250 12251 11340
f 12100 11340 11339
f 12252 11353 11340
f 12252 12253 12254
f 12251 12253 12252
f 12253 12104 12254
f 11353 12254 11354
f 12255 11370 12107
f 12104 12103 12255
f 11359 12255 12103
f 12107 11379 12255
f 11386 12257 12107
f 12258 12259 11379
f 12258 12260 12259
f 11397 12261 12258
f 11397 12262 12261
f 12259 12260 11390
f 12110 12263 12261
f 11395 12263 12110
f 12264 11414 11403
f 11409 12265 11410
f 11424 11051 12266
f 11414 12265 11415
f 12267 12799 12268
f 12266 11428 11424
f 12268 12269 12267
f 12799 12119 12268
f 11445 11444 12119
f 12119 11443 12270
f 11459 11451 11443
f 12270 12122 12119
f 12122 11451 11450
f 11473 12273 12271
f 12125 12271 11457
f 12042 12275 12274
f 12274 12275 12045
f 11042 12276 11044
f 12052 12277 12276
f 12276 12277 12411
f 12278 12340 12044
f 12090 12280 12279
f 12095 12280 12094
f 12276 12281 12055
f 12055 12281 11058
f 11521 12055 11058
f 12283 12282 11449
f 12284 12283 11402
f 12287 12286 11277
f 12290 12289 11143
f 12282 12290 11092
f 11477 11092 11485
f 11449 11477 12819
f 11427 11449 12789
f 11402 11427 12755
f 11378 11402 12720
f 11352 12284 11366
f 12284 11378 11366
f 11328 12286 11338
f 12286 11352 11338
f 11302 11328 12625
f 11277 11302 12592
f 11255 11277 12564
f 11229 12287 12527
f 12287 11255 12527
f 11199 12289 11216
f 12289 11229 11216
f 11172 11199 12467
f 11143 11172 12434
f 11115 11143 12402
f 11092 11115 11102
f 12279 12291 11654
f 12098 12291 12097
f 11534 11532 12292
f 11523 12292 11532
f 11521 11150 12057
f 12295 12057 12059
f 12292 12057 12295
f 11663 11049 12293
f 12097 12294 12098
f 12293 12098 12666
f 12295 12062 11046
f 11534 12295 11046
f 12293 12297 12296
f 11672 12296 11683
f 11663 12296 11672
f 12666 12298 12293
f 12297 12298 12302
f 11553 12299 12065
f 11553 11551 12299
f 11046 12299 11551
f 12062 12300 12299
f 11672 11683 11681
f 12297 12302 12301
f 12306 12301 12696
f 12064 12304 11562
f 12303 12304 12067
f 12106 11690 12305
f 11683 12305 11690
f 12696 12307 12306
f 11564 12308 11574
f 12303 12309 12068
f 12106 12108 12310
f 13028 11699 12310
f 12106 12310 11699
f 12306 12311 12106
f 12069 12313 12312
f 11574 12312 11584
f 12312 12313 12319
f 12108 12316 12314
f 12319 12318 12317
f 11595 11593 12317
f 11584 12317 11593
f 11721 11719 12320
f 11050 12320 11719
f 12315 11407 12321
f 12109 12321 12112
f 12322 12318 12553
f 12109 12324 11730
f 12323 12324 12780
f 12115 12323 12780
f 13052 12323 12115
f 12941 12325 11611
f 12322 12554 12077
f 12043 12329 12328
f 11487 12327 12042
f 11054 12328 12327
f 12278 12329 12043
f 12348 12329 12347
f 12042 12329 12348
f 13052 12331 12330
f 13052 12330 11740
f 12331 12115 12117
f 12118 12330 12331
f 11611 12079 11621
f 12326 11269 12332
f 12083 12332 12082
f 11040 12333 11496
f 12049 12334 12048
f 13067 11747 11052
f 12331 12121 12118
f 11629 11047 12335
f 12086 12337 11064
f 12087 12083 12086
f 12335 12336 12087
f 11496 12338 11504
f 11042 12338 12052
f 11053 12340 11757
f 11053 12341 12340
f 12118 12341 11053
f 12340 12341 12827
f 11073 12126 12127
f 12342 11075 12343
f 11074 12834 12126
f 12343 11096 11076
f 12344 11078 12345
f 11076 12838 11077
f 12345 11098 11079
f 12346 11056 12347
f 12347 11056 12045
f 12348 12045 12275
f 11079 11480 11080
f 11082 12349 11081
f 12350 11082 12351
f 12349 12366 11081
f 11084 12352 12353
f 12353 11086 12354
f 12354 11088 12353
f 12353 11085 11084
f 11484 11091 11087
f 11087 11091 12355
f 12355 11485 11092
f 11087 11089 11090
f 11087 11090 11088
f 12356 11095 12357
f 12356 11075 11074
f 12357 11106 12359
f 12359 11097 12360
f 12359 11078 11076
f 12358 11076 11096
f 12360 11108 12362
f 12363 12379 12048
f 12363 12048 12334
f 12362 11056 11079
f 12361 11079 11098
f 12050 12364 12381
f 12050 12366 12365
f 11041 11081 12366
f 12367 12350 12368
f 11111 11084 12369
f 12369 11085 12370
f 12370 11088 11099
f 11090 11089 12371
f 12371 11089 12355
f 12371 12355 11092
f 12371 11102 11090
f 11099 11101 11100
f 12372 11105 12373
f 12372 11095 11094
f 11104 11094 12208
f 12373 11120 12375
f 12375 11107 12376
f 12375 11097 12359
f 12374 12359 11106
f 12376 11122 12378
f 12378 11057 12379
f 12379 11057 12339
f 12378 12363 12362
f 12377 12362 11108
f 12382 12398 12380
f 11109 12397 11043
f 12382 12365 12383
f 12383 12367 11111
f 12384 12369 12385
f 12384 11112 11111
f 12385 11100 11113
f 11113 11101 12386
f 12386 11101 12387
f 12387 11090 11102
f 12387 11102 11115
f 12387 11116 12386
f 11113 11114 11128
f 11117 11103 12209
f 12388 11119 12389
f 12388 11105 11104
f 11118 11104 11103
f 12389 11134 12391
f 12391 11121 12392
f 12391 11107 12375
f 12390 12375 11120
f 11122 12408 12395
f 12392 11136 12408
f 12395 11123 12394
f 12394 12411 12277
f 12394 12339 12395
f 12395 11057 12378
f 12393 12378 11122
f 11125 12397 12396
f 12398 12383 11126
f 12396 11124 12413
f 11125 12413 11045
f 11126 11111 12399
f 12399 11112 12400
f 11126 12416 11127
f 11128 12401 12400
f 11128 11114 12401
f 12401 11114 12402
f 12402 12386 11116
f 12402 11116 11115
f 12401 11129 11130
f 11131 11118 11043
f 12403 11133 12404
f 12403 11119 11132
f 12404 11147 12406
f 12406 11135 12407
f 12406 11121 12391
f 12405 12391 11134
f 12410 12411 12409
f 12407 11149 12409
f 12411 11058 12281
f 12409 11123 12408
f 12414 11124 12415
f 12415 11127 11154
f 12412 12428 11153
f 11154 12416 12418
f 12418 12399 12417
f 12417 11140 12418
f 12418 11138 11154
f 11140 12433 12418
f 11130 11129 11139
f 11139 11129 12419
f 12419 12402 11143
f 11139 11141 11142
f 11139 11142 12433
f 11144 11131 12210
f 12420 11146 12421
f 12420 11133 12403
f 11145 12403 11131
f 12421 11163 12423
f 12423 11148 12424
f 12423 11135 12406
f 12422 12406 11147
f 12424 11165 12426
f 12426 11059 12427
f 12427 11059 12059
f 12427 12059 12057
f 12427 11058 12410
f 12426 12410 12409
f 12425 12409 11149
f 12212 11168 12215
f 12429 12412 12430
f 12430 12414 11154
f 12428 11151 11152
f 12431 11138 12432
f 12431 11155 11154
f 11142 12435 12434
f 11156 11142 12432
f 11142 11141 12435
f 12435 11141 12419
f 12434 12419 11143
f 11142 12452 11157
f 11142 11157 11158
f 11159 11145 11144
f 11159 11161 11160
f 12436 11162 12437
f 12436 11146 11145
f 12437 11176 12439
f 12439 11164 12440
f 12439 11148 12423
f 12438 12423 11163
f 12440 11178 12442
f 12442 11166 12443
f 12443 12460 12061
f 12443 12061 12062
f 12442 11059 12426
f 12441 12426 11165
f 11167 11152 12446
f 12446 11151 12447
f 12447 12429 11182
f 12447 11181 12446
f 11182 11154 12449
f 12449 11155 12448
f 12448 11170 12449
f 12449 12462 11182
f 11169 12452 12451
f 11170 12465 12449
f 11158 11157 11169
f 12451 12434 11172
f 11169 12467 11171
f 11169 11171 12465
f 11173 11161 12216
f 12453 11175 12454
f 12453 11162 11160
f 11174 11160 11161
f 12454 11190 12456
f 12456 11177 12457
f 12456 11164 12439
f 12455 12439 11176
f 11178 12473 12459
f 12457 11192 12473
f 12459 11060 12063
f 12460 12063 12064
f 12459 11166 12442
f 12458 12442 11178
f 12218 11195 12220
f 12461 12445 11181
f 11181 11183 12461
f 12464 12463 12462
f 12462 11184 12479
f 11182 12479 11183
f 12465 11171 11185
f 12467 12450 12451
f 12467 12451 11172
f 11185 11186 12482
f 11185 12482 11187
f 12221 11174 12219
f 11188 11189 12468
f 12468 12484 12469
f 12468 11175 11174
f 12469 11203 12471
f 12471 11191 12472
f 12471 11177 12456
f 12470 12456 11190
f 12472 11205 12474
f 12475 12491 12067
f 12475 12067 12304
f 12474 11060 12473
f 11194 11180 12476
f 12477 11179 12478
f 12478 12461 11183
f 12478 11183 11196
f 12476 11193 12492
f 12479 11184 12480
f 12480 12463 12481
f 12479 11197 11196
f 12481 12496 12480
f 11187 12482 12481
f 12482 11186 12483
f 12483 12466 12467
f 12483 12467 11199
f 12482 11198 12496
f 11200 11189 12222
f 12484 11202 12485
f 12485 11219 12487
f 12487 11204 12488
f 12487 11191 12471
f 12486 12471 11203
f 12488 11221 12490
f 12490 11061 12491
f 12491 11061 12309
f 12490 12475 12474
f 12489 12474 11205
f 12493 11193 12494
f 12494 12477 11210
f 11210 11196 12495
f 12495 11211 11210
f 12497 12498 12483
f 12496 11198 12497
f 12497 11198 12498
f 12483 11216 12512
f 12497 11213 11214
f 12497 11214 11215
f 11217 11201 12224
f 11218 12499 11217
f 12499 12513 12500
f 12499 11202 11201
f 12500 11233 12502
f 12502 11220 12503
f 12502 11204 12487
f 12501 12487 11219
f 12503 11235 12505
f 12506 12520 12319
f 12506 12319 12313
f 12505 11061 12490
f 12504 12490 11221
f 12507 11206 12508
f 12508 12493 12509
f 12508 12524 12507
f 12509 11211 12510
f 12510 12497 12511
f 12509 11226 12524
f 12511 11241 12510
f 12511 11215 11227
f 11214 11213 12512
f 12512 11216 11229
f 12512 11230 11214
f 11227 11228 11241
f 12513 11232 12514
f 12514 11243 12516
f 12516 11234 12517
f 12516 11220 12502
f 12515 12502 11233
f 12517 11245 12519
f 12519 11236 12520
f 12520 11236 12319
f 12519 12506 12505
f 12518 12505 11235
f 11238 11224 12522
f 12523 11222 11239
f 11239 12507 12524
f 12522 11237 12521
f 11239 12524 11226
f 11226 11240 11239
f 11241 12526 12541
f 11241 11228 12526
f 12526 11228 12527
f 12527 11214 11230
f 12527 11230 11229
f 12526 11242 12541
f 12075 11231 12229
f 12232 12528 12075
f 12232 12530 12529
f 12529 12545 12531
f 12529 11232 11231
f 12531 11256 12533
f 12533 11244 12534
f 12533 11234 12516
f 12532 12516 11243
f 12534 12551 12535
f 12535 11246 12536
f 12553 11236 12536
f 12535 11236 12519
f 12535 12519 11245
f 11248 12521 12537
f 12538 11237 12539
f 12539 12523 11249
f 12537 11247 12557
f 11249 11239 12540
f 12540 11250 11249
f 11251 12544 12543
f 12541 11242 11251
f 11251 11242 12544
f 12543 12527 11255
f 11251 11252 11253
f 11251 11253 11254
f 12233 12530 12232
f 12236 12546 12545
f 12545 12565 12547
f 12547 11266 12549
f 12549 11257 12550
f 12549 11244 12533
f 12548 12533 11256
f 11062 12553 12552
f 12551 12570 12552
f 12550 11268 12570
f 12552 11246 12535
f 12555 11271 11258
f 11258 12557 12556
f 12558 11247 12559
f 12559 12538 12560
f 12556 12558 12555
f 12559 12575 12558
f 12560 11250 12561
f 12560 11260 12575
f 12562 11263 12561
f 12562 11254 11261
f 11261 11253 12563
f 12563 12542 12543
f 12564 12543 11255
f 11261 11262 11263
f 12238 12236 12234
f 12565 11265 12566
f 11264 12546 12236
f 12566 11281 12568
f 12568 11267 12569
f 12568 11257 12549
f 12567 12549 11266
f 12569 11283 12571
f 12572 12586 12082
f 12572 12082 12332
f 12571 11062 12570
f 12574 12558 12575
f 12575 11287 12574
f 11272 12575 12576
f 12576 11260 12577
f 12577 12589 12576
f 12576 11273 11272
f 11263 11262 11274
f 11274 11262 12578
f 12578 12563 12564
f 12578 12564 11277
f 11274 11275 11276
f 11274 11276 12589
f 11278 11264 12238
f 11278 11293 11279
f 12579 11280 12580
f 12579 11265 11264
f 12580 11295 12582
f 12582 11282 12583
f 12582 11267 12568
f 12581 12568 11281
f 12583 11297 12585
f 12585 11064 12586
f 12586 11064 12337
f 12585 12572 12571
f 12584 12571 11283
f 11286 12203 12088
f 11285 12573 11299
f 11286 11270 12573
f 12587 12573 11287
f 11287 12603 12587
f 11285 11299 12203
f 11288 11272 12588
f 12588 11273 12589
f 12589 11291 12588
f 12588 11289 11288
f 12590 11276 11290
f 11290 11275 12592
f 12592 11275 12578
f 12592 12578 11277
f 11290 11292 12606
f 11290 12606 11291
f 12593 11294 12594
f 12593 11280 11279
f 12593 11279 11293
f 12594 11305 12596
f 12596 11296 12597
f 12596 11282 12582
f 12595 12582 11295
f 12597 11307 12599
f 12599 11065 12600
f 12600 11065 12089
f 12600 12089 12159
f 12599 11064 12585
f 12598 12585 11297
f 11298 12618 12244
f 12602 11284 12603
f 11300 11288 12604
f 12604 11289 12605
f 11301 12606 12622
f 12605 11291 11301
f 12606 11292 12607
f 12607 12591 12592
f 12607 12592 11302
f 12606 12623 12622
f 12609 11304 12610
f 12609 11294 12608
f 12610 11318 12612
f 12612 11306 12613
f 12612 11296 12596
f 12611 12596 11305
f 12613 11320 12615
f 12615 12634 12616
f 12616 12634 12094
f 12616 12094 12280
f 12615 11065 12599
f 12614 12599 11307
f 11310 12618 12617
f 12619 12601 12620
f 12620 11324 12619
f 12620 11300 12621
f 12621 12604 12622
f 12622 11312 12621
f 12621 11311 12620
f 11314 12626 12625
f 11314 12623 12626
f 12625 12607 11302
f 11316 12247 12627
f 12627 11317 12628
f 12627 11304 11303
f 12628 11330 12630
f 12630 11319 12631
f 12630 11306 12612
f 12629 12612 11318
f 12631 11332 12633
f 12633 11321 12634
f 12094 11334 12097
f 12633 12634 12615
f 12632 12615 11320
f 12245 11308 11323
f 11323 11310 12636
f 12636 12617 11324
f 11324 12652 12636
f 11323 12650 11322
f 12637 11311 12638
f 12637 11325 12653
f 12637 12653 12652
f 12638 11312 11326
f 11326 11314 12639
f 12639 12624 12625
f 12640 12625 11328
f 11326 11327 11336
f 12099 11316 12246
f 12641 11329 12642
f 12641 11317 12247
f 12642 11342 12644
f 12644 11331 12645
f 12644 11319 12630
f 12643 12630 11330
f 12648 11334 12647
f 12645 11344 12647
f 12647 11333 12648
f 11334 12666 12294
f 12647 11321 12633
f 12646 12633 11332
f 12249 11347 12250
f 12651 12635 12652
f 12653 11325 12654
f 12653 11335 11348
f 11336 11327 12655
f 12655 11327 12657
f 12657 12639 12640
f 12657 12640 11328
f 12657 11338 12655
f 12100 12247 12248
f 12658 11341 12659
f 12658 11329 12641
f 11339 12641 12247
f 12659 11356 12661
f 12661 11343 12662
f 12661 11331 12644
f 12660 12644 11342
f 12665 12666 12664
f 12662 11358 12664
f 12666 12302 12298
f 12664 11333 12647
f 12663 12647 11344
f 12667 12649 12668
f 12668 12651 11348
f 11347 11360 11346
f 12668 12684 12667
f 12669 11335 12670
f 11349 12671 11350
f 12670 12656 11349
f 11349 11337 12671
f 12671 11337 12673
f 12673 12655 11338
f 12673 11338 11352
f 12671 11351 11350
f 12674 11355 12675
f 12674 11341 12658
f 11354 12658 11340
f 12675 11367 12677
f 12677 11357 12678
f 12677 11343 12661
f 12676 12661 11356
f 12681 12665 12680
f 12678 11369 12680
f 12681 12696 12301
f 12680 12665 12664
f 12679 12664 11358
f 11361 11346 11360
f 12682 11345 11362
f 11362 12667 12684
f 11360 12698 11359
f 11362 12684 12683
f 12683 12669 12685
f 12683 11363 11362
f 12685 11350 11364
f 11364 11351 12686
f 12686 12672 12673
f 12673 11366 12686
f 11364 11365 12702
f 12256 12688 12687
f 12687 12706 12689
f 12687 11355 11354
f 12256 11354 12254
f 12689 11382 12691
f 12691 11368 12692
f 12691 11357 12677
f 12690 12677 11367
f 12695 12696 12694
f 12692 11384 12694
f 12695 12712 12307
f 12694 12681 12680
f 12693 12680 11369
f 12699 12715 12697
f 11370 12698 12697
f 11371 11359 12698
f 12700 12682 11372
f 11372 11362 12701
f 12701 11373 11372
f 12703 12686 12705
f 12702 11365 12703
f 12703 11365 12686
f 12705 11366 11378
f 12703 11375 11376
f 12703 11376 11377
f 11379 12256 12255
f 12706 11381 12707
f 11380 12688 12256
f 12707 11391 12709
f 12709 11383 12710
f 12709 11368 12691
f 12708 12691 11382
f 12307 12712 12711
f 11384 12726 12711
f 12710 11393 12726
f 12711 11385 12307
f 12307 11066 12108
f 12711 12695 12694
f 12711 12694 11384
f 11386 11370 12713
f 12715 12700 12716
f 12716 11373 12717
f 12717 12703 12718
f 12716 11387 12733
f 12716 12733 12715
f 12718 12735 12717
f 12718 11377 11388
f 11388 11376 12719
f 12719 12704 12705
f 12720 12705 11378
f 11388 11389 12735
f 12259 11380 11379
f 11390 12738 12721
f 12721 12739 12722
f 12721 11381 11380
f 12722 11404 12724
f 12724 11392 12725
f 12724 11383 12709
f 12723 12709 11391
f 12725 11406 12727
f 12727 12747 12728
f 12728 11067 12315
f 12728 12315 12316
f 12728 11066 11385
f 12727 11385 12726
f 11396 11386 12730
f 12730 12713 12731
f 12731 12713 12715
f 12731 12715 11411
f 12729 11394 11395
f 11411 12733 12732
f 12732 11398 11411
f 12735 11389 11399
f 11399 11389 12737
f 12737 12719 12720
f 12737 12720 11402
f 11399 11400 12754
f 11399 12754 11401
f 11403 11390 12261
f 11403 12740 12739
f 12739 12756 12741
f 12741 11417 12743
f 12743 11405 12744
f 12743 11392 12724
f 12742 12724 11404
f 12744 11419 12746
f 12746 11068 12747
f 12747 11068 12112
f 12747 12112 12321
f 12746 12747 12727
f 12745 12727 11406
f 11410 11395 12748
f 12749 11394 12750
f 12750 12730 11411
f 12751 11398 12752
f 12752 12734 12753
f 12751 11412 11411
f 12753 11413 12752
f 11401 12754 12753
f 12754 11400 12755
f 12755 12736 12737
f 12755 12737 11402
f 12754 12768 11413
f 11414 12740 11403
f 12756 11416 12757
f 12759 11418 12760
f 12759 11405 12743
f 12758 12743 11417
f 12760 11432 12762
f 12762 11420 12763
f 12763 12780 12324
f 12762 11068 12746
f 12761 12746 11419
f 11424 11409 11423
f 11423 11408 12764
f 12764 11408 12765
f 12765 12749 11435
f 11423 11433 11422
f 11435 11411 12766
f 12766 11412 12767
f 12766 12784 11435
f 12768 12771 12770
f 11425 12768 12766
f 12770 12755 11427
f 12768 12789 11426
f 11428 12265 11424
f 11428 11430 12773
f 12773 11416 11415
f 11429 11415 12265
f 12774 12759 12773
f 12776 11431 12777
f 12776 11418 12759
f 11432 12796 12779
f 12777 11441 12796
f 12779 12798 12117
f 12779 11420 12762
f 12778 12762 11432
f 11434 11422 11433
f 12782 11421 12783
f 12783 12764 11435
f 12781 12782 12799
f 12785 12786 12784
f 12783 12801 12782
f 12784 11436 12801
f 12785 11439 12786
f 11437 12787 12785
f 12789 12769 12770
f 12789 12770 11427
f 12787 11438 11439
f 12792 12772 12790
f 12269 11430 12267
f 11430 12791 12790
f 12807 12776 12772
f 12794 11440 12795
f 12794 11431 12776
f 12795 11454 12797
f 12797 12814 12798
f 12798 12814 12121
f 12797 12779 12796
f 11445 12799 12815
f 12815 12782 12801
f 11445 12815 11443
f 11446 12801 12802
f 12802 11436 12803
f 11438 12819 11447
f 12803 11439 11447
f 12804 12788 12789
f 12804 12789 11449
f 11447 11448 12818
f 12806 12807 12805
f 11450 11451 12805
f 12808 11452 12807
f 12805 12792 12791
f 11450 12791 12269
f 11452 12794 12807
f 12810 11453 12811
f 12810 11440 12794
f 12811 11470 12813
f 12813 11455 12814
f 12121 11455 12341
f 12813 12814 12797
f 12812 12797 11454
f 11458 12815 11472
f 11459 11443 12815
f 12816 11442 11460
f 11458 11472 11457
f 11460 11446 12817
f 12817 11461 11460
f 12818 11448 11462
f 11462 11448 12819
f 12819 12804 11449
f 11462 11463 11464
f 11462 11464 11465
f 11466 11479 12806
f 12806 11467 12820
f 12820 11468 12806
f 11466 12805 11451
f 11468 12808 12806
f 12822 11469 12823
f 12822 11453 12810
f 12821 12810 12808
f 12823 11481 12825
f 12826 12841 12044
f 12827 12044 12340
f 12825 11455 12813
f 12824 12813 11470
f 11473 11457 11472
f 12828 11456 12847
f 12847 12816 11474
f 11472 12843 11473
f 11474 11460 12829
f 12829 11461 12830
f 12831 11476 12830
f 12831 11465 11475
f 11464 11463 12832
f 12832 11463 12819
f 12832 12819 11477
f 12832 11478 11464
f 11475 11483 11476
f 12835 12342 12836
f 12836 12343 11077
f 12833 11467 11479
f 12836 11468 12835
f 12838 12344 12839
f 12838 11469 11468
f 12839 11080 11480
f 12346 12347 12329
f 12346 12044 12841
f 12840 12826 12825
f 11480 12825 11481
f 11482 11083 11039
f 11482 12843 12842
f 11482 11473 12843
f 12844 11471 12845
f 12845 12828 12847
f 11482 11082 11083
f 12845 12352 12844
f 12845 12847 12846
f 12846 12829 12848
f 12846 11086 12352
f 12850 12355 12849
f 11483 12849 11484
f 12848 11476 11483
f 12850 11464 11478
f 12850 11478 11477
f 12850 11485 12355
f 12849 11091 11484
f 12852 12851 11487
f 12852 11488 12854
f 12852 11486 12851
f 11489 11498 12855
f 12854 11499 11498
f 12855 13092 12856
f 12855 11491 11489
f 11493 12858 12857
f 12857 12866 11494
f 12857 13091 13092
f 11496 11487 11040
f 11495 12860 12859
f 12859 11499 12861
f 12859 11488 12853
f 11495 12853 11487
f 11498 11506 12862
f 12859 11507 11506
f 12862 12858 12863
f 12862 11492 11498
f 11501 12865 12864
f 12862 11509 12865
f 12864 12874 12866
f 12866 12874 11502
f 12864 12857 12858
f 11503 12876 12868
f 12868 11507 12869
f 12868 11497 12860
f 11503 12860 11496
f 11506 11516 12870
f 12868 11517 11516
f 12870 11509 12871
f 12870 11500 11506
f 12872 11510 12874
f 12875 11511 11512
f 12872 12874 12865
f 12872 12865 11509
f 11044 11504 11042
f 11513 12876 11044
f 11513 11522 12877
f 12877 11517 12878
f 12877 11505 12876
f 11516 11525 12879
f 12877 11526 11525
f 12879 12873 12880
f 12879 11508 11516
f 11519 11528 12881
f 12879 11529 11528
f 12882 12129 11520
f 12881 11510 12873
f 11521 11514 11044
f 11522 11533 12883
f 12883 11526 12884
f 12883 11515 11522
f 11525 11536 12885
f 12883 11537 11536
f 12885 11529 12886
f 12885 11518 11525
f 12888 12129 12887
f 12885 11539 12887
f 12887 11530 12888
f 12889 11530 11531
f 12887 12129 11528
f 11533 11542 12890
f 12890 11537 12891
f 12890 11524 11533
f 11536 11545 12892
f 12890 11546 11545
f 12892 11539 12893
f 12892 11527 11536
f 12895 11530 12894
f 12892 11549 11548
f 12894 11540 12895
f 12896 11540 11541
f 12894 11530 12887
f 12894 12887 11539
f 11542 11552 12897
f 12897 11546 12898
f 12897 11535 11542
f 11545 11555 12899
f 12897 11556 11555
f 12899 11549 12900
f 12899 11538 11545
f 11548 12902 12901
f 12901 12909 11550
f 12901 11540 11548
f 11551 11543 11046
f 11552 11563 12904
f 12904 11556 12905
f 12904 11544 11552
f 11555 11566 12906
f 12904 11567 11566
f 12906 12902 12907
f 12906 11547 11555
f 12906 11570 12908
f 12908 11559 12909
f 12910 11560 11561
f 12910 11550 12909
f 12908 12909 12902
f 11563 11575 12911
f 12911 11567 12912
f 12911 11554 11563
f 11566 11577 12913
f 12911 11578 11577
f 12913 11570 12914
f 12913 11557 11566
f 11569 12916 12915
f 12917 11572 11573
f 12915 11559 12908
f 11569 12908 11570
f 11575 12919 12918
f 12918 11578 12920
f 12918 11565 11575
f 11577 11586 12921
f 12918 11587 11586
f 12921 12916 12922
f 12921 11568 11577
f 11580 12924 12923
f 12925 11582 12145
f 12923 11571 12916
f 11584 12919 11574
f 11583 12927 12926
f 12926 11587 12928
f 12926 11576 12919
f 11586 11597 12929
f 12926 11598 11597
f 12929 12924 12930
f 12929 11579 11586
f 11589 12932 12931
f 12931 11581 12924
f 11594 11603 12933
f 12933 11598 12934
f 12933 11585 12927
f 11594 12927 11584
f 11597 11605 12935
f 12933 11606 11605
f 12935 12932 12936
f 12935 11588 11597
f 11600 12938 12937
f 12935 11608 12938
f 12937 12948 12939
f 12937 11590 12932
f 11603 12941 12940
f 12940 11606 12942
f 12940 11596 11603
f 11605 11614 12943
f 12940 11615 11614
f 12943 11608 12944
f 12943 11599 11605
f 12947 12948 12945
f 12943 11617 12946
f 12945 11609 12947
f 12947 12956 11610
f 12945 11601 12938
f 12945 12938 11608
f 11612 12950 12949
f 12949 11615 12951
f 12949 11604 12941
f 11614 11623 12952
f 12949 11624 11623
f 12952 11617 12953
f 12952 11607 11614
f 12957 12956 12954
f 12954 11618 12957
f 12957 11618 11619
f 12957 11619 12956
f 12954 11609 12946
f 12954 12946 11617
f 11621 12950 11611
f 11620 11628 12958
f 12958 11624 12959
f 12958 11613 12950
f 11623 11631 12960
f 12958 11632 11631
f 12960 12955 12961
f 12960 11616 11623
f 11626 12963 12962
f 12962 12970 11627
f 12962 11618 12955
f 11628 11638 12965
f 12965 11632 12966
f 12965 11622 11628
f 11631 11640 12967
f 12965 11641 11640
f 12967 12963 12968
f 12967 11625 11631
f 12967 11643 12969
f 12969 11635 12970
f 12970 12156 11636
f 12969 12962 12963
f 11638 12972 12971
f 12971 11641 12973
f 12971 11630 11638
f 11640 11648 12974
f 12971 11649 11648
f 12974 11643 12975
f 12974 11633 11640
f 12978 12156 12976
f 12974 11651 12977
f 12976 11644 12978
f 12979 11644 11645
f 12976 11635 12969
f 12976 12969 11643
f 12279 12972 11048
f 11646 12980 12279
f 11646 12982 12981
f 12981 11649 12983
f 12981 11639 12972
f 11648 11656 12984
f 12981 11657 11656
f 12984 11651 12985
f 12984 11642 11648
f 12988 11644 12986
f 12984 11659 12987
f 12986 12093 12988
f 12989 12093 11652
f 12986 11644 12977
f 12986 12977 11651
f 11654 12982 12279
f 11653 11662 12990
f 12990 11657 12991
f 12990 11647 12982
f 11656 11665 12992
f 12990 11666 11665
f 12992 11659 12993
f 12992 11650 11656
f 12995 12093 12994
f 12992 11669 11668
f 12994 11660 12995
f 12994 12093 12987
f 12994 12987 11659
f 11662 11671 12997
f 12997 11666 12998
f 12997 11655 11662
f 11665 11674 12999
f 12997 11675 11674
f 12999 11669 13000
f 12999 11658 11665
f 13002 11661 13001
f 12999 11678 13001
f 13001 11670 13002
f 13003 11670 12164
f 13001 11660 11668
f 11671 13005 13004
f 13004 11675 13006
f 13004 11664 11671
f 11674 11685 13007
f 13004 11686 11685
f 13007 11678 13008
f 13007 11667 11674
f 11677 13010 13009
f 13009 11679 11680
f 13009 11670 13001
f 11677 13001 11678
f 11682 13013 13012
f 13012 11686 13014
f 13012 11673 13005
f 11682 13005 11672
f 11685 11693 13015
f 13012 11694 11693
f 13015 13010 13016
f 13015 11676 11685
f 11688 13018 13017
f 13019 11689 11680
f 13019 11680 11679
f 13017 11679 13010
f 11691 13021 13020
f 13020 11694 13022
f 13020 11684 13013
f 11691 13013 11683
f 11693 11701 13023
f 13020 11702 11701
f 13023 13018 13024
f 13023 11687 11693
f 11696 11704 13025
f 13023 11705 11704
f 13025 13033 11697
f 13026 11697 11698
f 13025 11689 13018
f 13027 11702 13029
f 13027 11692 13021
f 13028 13021 12106
f 11701 11712 13030
f 13027 11713 11712
f 13030 11705 13031
f 13030 11695 11701
f 13030 11716 13032
f 13032 11706 13033
f 13034 11707 11708
f 13034 11697 13033
f 13032 13033 11704
f 11709 13035 11710
f 11709 13037 13036
f 13036 11713 13038
f 13036 11700 13028
f 11712 11723 13039
f 13036 11724 11723
f 13039 11716 13040
f 13039 11703 11712
f 11715 13042 13041
f 13043 11718 12177
f 13041 11706 13032
f 11715 13032 11716
f 11719 11710 11050
f 11720 11731 13044
f 13044 11724 13045
f 13044 11711 13037
f 11720 13037 11710
f 11723 11733 13046
f 13044 11734 11733
f 13046 13042 13047
f 13046 11714 11723
f 11726 13049 13048
f 13050 11728 11729
f 13048 11717 13042
f 11731 13052 13051
f 13051 11734 13053
f 13051 11722 11731
f 11733 11742 13054
f 13051 11743 11742
f 13054 13049 13055
f 13054 11725 11733
f 11736 13057 13056
f 13056 11727 13049
f 11739 11748 13059
f 13059 11743 13060
f 13059 11732 13052
f 11742 11750 13061
f 13059 11751 11750
f 13061 13057 13062
f 13061 11735 11742
f 11745 13063 13064
f 13064 11737 13057
f 11747 11740 11052
f 11748 13067 13066
f 13066 11751 13068
f 13066 11741 11748
f 11750 11759 13069
f 13066 11760 11759
f 13069 13063 13070
f 13069 11744 11750
f 11753 11762 13071
f 13069 11763 11762
f 13071 13078 11754
f 13072 11754 11755
f 13071 11746 13063
f 11757 13067 11053
f 11756 11768 13073
f 13073 11760 13074
f 13073 11749 13067
f 11759 11769 13075
f 13073 11770 11769
f 13075 11763 13076
f 13075 11752 11759
f 13075 11773 13077
f 13077 11764 13078
f 13079 11765 11766
f 13079 11754 13078
f 13077 13078 11762
f 11768 11054 13080
f 13080 11770 13081
f 13080 11758 11768
f 11769 11775 13082
f 13080 11776 11775
f 13082 11773 13083
f 13082 11761 11769
f 11772 13085 13084
f 13084 11055 11778
f 13084 11764 13077
f 11772 13077 11773
f 11486 13088 13087
f 11774 12851 13087
f 11486 11776 13088
f 13087 13088 11054
f 11775 11489 13089
f 11486 11490 11489
f 13089 13085 13090
f 13089 11771 11775
f 13093 13094 13091
f 11777 13092 13091
f 13094 13318 12205
f 13091 11055 13085
f 13095 11781 13096
f 11780 13310 11779
f 11782 13098 13097
f 13096 11792 13098
f 13097 13101 13099
f 13097 13314 11782
f 13101 13107 13102
f 13100 11786 13101
f 13101 11786 13107
f 13102 11797 11787
f 13101 13317 11785
f 11788 11780 12200
f 13103 11790 13104
f 13103 11781 11780
f 13104 11802 11791
f 13105 11793 13106
f 11791 13098 11792
f 13106 11804 11794
f 11794 11795 13107
f 13107 13114 13115
f 13108 13115 11805
f 13108 11797 13107
f 11794 11786 13100
f 13109 11800 13110
f 13109 11790 11788
f 11798 11788 11789
f 11801 13111 13112
f 13110 11807 13111
f 13112 13120 13113
f 13113 11804 13112
f 13112 11793 11791
f 11801 11791 11802
f 11803 13116 13115
f 11810 13116 11803
f 13115 13124 11805
f 11803 11796 11795
f 11803 11795 11804
f 12130 13118 13117
f 12130 12135 13118
f 13117 13125 13119
f 13117 11800 11798
f 12132 11798 11799
f 13119 11813 11806
f 13120 11808 13121
f 11806 13111 11807
f 13123 13116 13122
f 11809 13122 11810
f 13121 11816 11809
f 13124 13131 11819
f 13122 13116 11810
f 11811 13126 13125
f 13125 13132 13127
f 11811 13118 12135
f 13127 11824 11812
f 13128 11814 13129
f 13128 11808 11806
f 11812 11806 11813
f 13130 13123 11815
f 13129 11817 11815
f 11815 11818 13130
f 13131 13139 11819
f 11815 11809 11816
f 13132 11822 13133
f 11820 13126 11821
f 11823 13134 13135
f 13133 11828 13134
f 13135 13144 13136
f 13135 11814 11812
f 11823 11812 11824
f 13138 13140 13139
f 11825 13138 13135
f 13138 13137 13140
f 13139 13148 11831
f 13138 11818 11817
f 13141 11826 13143
f 13141 11822 13132
f 13142 13132 11820
f 13143 11836 11827
f 13144 13151 13145
f 13152 13136 13145
f 11827 13134 11828
f 13147 13140 13146
f 11829 13146 13136
f 13148 13154 11831
f 13146 13137 13136
f 13149 11834 13150
f 13149 11826 13142
f 13150 11843 11835
f 13152 13159 13153
f 13153 11838 13152
f 11835 11827 11836
f 11838 11829 13152
f 11839 13161 13153
f 13153 13161 13155
f 13153 11830 13147
f 13153 13147 11829
f 13156 11841 13157
f 13156 11834 11833
f 11840 11833 12144
f 13157 11852 11842
f 13158 11844 13159
f 13158 11837 11835
f 11842 11835 11843
f 13162 13155 13161
f 11845 11839 13159
f 13159 11855 13160
f 13163 13167 11847
f 11858 11850 13164
f 11858 11841 13156
f 11848 13156 12146
f 11851 11853 13165
f 13164 11861 11853
f 13165 11853 13166
f 13166 11855 13165
f 13165 11844 11842
f 11851 11842 11852
f 11854 13168 13167
f 11864 11856 11854
f 11854 11856 13168
f 13167 11867 11866
f 11854 11846 13160
f 11854 13160 11855
f 11857 11849 12147
f 11858 13170 13169
f 13169 13176 13171
f 13169 11850 11858
f 13171 11872 11860
f 13172 11862 13173
f 11860 11853 11861
f 11863 13174 11864
f 13173 11875 11863
f 13174 11865 13175
f 13175 11877 11866
f 13175 11867 13168
f 13174 11856 11864
f 13176 11870 13177
f 11868 13170 11859
f 11871 11873 13178
f 13177 11881 11873
f 13178 11873 13179
f 13179 11875 13178
f 13178 11862 11860
f 11871 11860 11872
f 11884 11876 11874
f 11874 11876 13180
f 13180 11877 13175
f 11874 11865 13174
f 11874 13174 11875
f 11878 11868 12152
f 13181 11879 13182
f 13181 11870 11868
f 13182 11892 11880
f 13183 11882 13184
f 11880 11873 11881
f 11886 13180 13185
f 11883 13185 11884
f 13184 11885 11883
f 13186 13192 11887
f 13185 11876 11884
f 13187 11890 13188
f 13187 11879 11878
f 11891 11893 13189
f 13188 11898 11893
f 13189 11893 13190
f 13189 11882 11880
f 11891 11880 11892
f 11894 13191 13189
f 11901 11895 13191
f 13191 11895 13192
f 13192 11903 11902
f 13191 11886 11885
f 11896 13193 11889
f 11896 13195 13194
f 13194 13202 13196
f 13194 11890 11889
f 13196 11908 11897
f 13197 11899 13198
f 11897 11893 11898
f 13200 13192 13199
f 11900 13199 11901
f 13198 11911 11900
f 13201 11913 11902
f 13201 11903 13192
f 13199 11895 11901
f 13202 11906 13203
f 13203 11918 11907
f 13204 11909 13205
f 13204 11899 11897
f 11907 11897 11908
f 11912 13200 11910
f 13205 11920 11910
f 13206 13212 11922
f 13206 11913 13200
f 11910 11900 11911
f 13207 11916 13208
f 13207 11906 11905
f 11915 11905 12158
f 11917 13209 13210
f 13208 11926 13209
f 13210 13216 13211
f 13211 11920 13210
f 13210 11909 11907
f 11917 11907 11918
f 11929 11921 11919
f 11919 11921 13212
f 13212 11930 11922
f 11919 11912 11920
f 13213 11915 12160
f 13214 11924 13215
f 13214 11916 11915
f 13215 11934 11925
f 13216 11927 13217
f 11925 13209 11926
f 13219 13212 13218
f 11928 13218 11929
f 13217 11937 11928
f 13220 11941 11940
f 13220 11930 13212
f 13218 11921 11929
f 12163 11923 12162
f 13221 11932 13222
f 13221 11924 11923
f 13222 11943 11933
f 13223 11935 13224
f 13223 11927 11925
f 11933 11925 11934
f 11939 13219 11936
f 13224 11938 11936
f 13225 13233 11940
f 13225 11941 13219
f 11936 11928 11937
f 13226 11931 12161
f 12166 13228 13227
f 13227 13234 13229
f 13227 11932 11931
f 11942 11944 13230
f 13229 11951 11944
f 13230 11944 13231
f 13230 11935 11933
f 11942 11933 11943
f 11945 13232 13230
f 11954 11946 13232
f 13232 11946 13233
f 13233 11958 11957
f 13232 11939 11938
f 11947 13228 12167
f 13234 11949 13235
f 13235 11961 11950
f 13236 11952 13237
f 11950 11944 11951
f 13239 13233 13238
f 11953 13238 11954
f 13237 11955 11953
f 13240 13246 11957
f 13240 11958 13233
f 13238 11946 11954
f 13241 11959 13242
f 13241 11949 11948
f 11966 11948 11072
f 11960 11962 13243
f 13242 11970 11962
f 13243 11962 13244
f 13243 11952 11950
f 11960 11950 11961
f 11963 13245 13243
f 11973 11964 13245
f 13245 11964 13247
f 13245 11956 11953
f 13245 11953 11955
f 13248 11968 13249
f 13248 11959 13241
f 13249 11978 11969
f 13250 11971 13251
f 11969 11962 11970
f 11974 13247 13252
f 11972 13252 11973
f 13251 11979 11972
f 13253 13260 11981
f 13252 11964 11973
f 13254 11976 13255
f 13254 11968 13248
f 11975 13248 12176
f 11977 13256 13257
f 13255 11985 13256
f 13257 13263 13258
f 13258 11979 13257
f 13257 11971 11969
f 11977 11969 11978
f 11988 11980 13259
f 13259 11980 13260
f 13260 11990 11981
f 13259 11974 11979
f 13261 11983 13262
f 13261 11976 11975
f 11982 11975 12179
f 13262 11994 11984
f 13263 11986 13264
f 11984 13256 11985
f 13266 13260 13265
f 11987 13265 11988
f 13264 11997 11987
f 13267 11990 13260
f 13265 11980 11988
f 13268 11992 13269
f 13268 11983 11982
f 11991 11982 12180
f 11993 11995 13270
f 13269 12003 11995
f 13270 11995 13271
f 13271 11997 13270
f 13270 11986 11984
f 11993 11984 11994
f 12006 11998 11996
f 11996 11998 13273
f 11996 11989 11987
f 11996 11987 11997
f 13280 12001 13274
f 13280 11992 13268
f 11999 13268 12183
f 13274 12011 12002
f 13275 12004 13276
f 12002 11995 12003
f 13278 13273 13277
f 12005 13277 12006
f 13276 12013 12005
f 13279 13286 12008
f 13277 11998 12006
f 12184 12000 12113
f 12186 13280 12184
f 13281 12009 13282
f 13281 12001 13280
f 12010 13283 13284
f 13282 12016 13283
f 13284 13291 13285
f 13285 12013 13284
f 13284 12004 12002
f 12010 12002 12011
f 12012 13287 13286
f 12019 13287 12012
f 13286 13295 12021
f 12012 12007 12005
f 12012 12005 12013
f 13288 13296 13290
f 13288 12009 12186
f 13290 12024 12015
f 13291 12017 13292
f 12015 13283 12016
f 13294 13287 13293
f 12018 13293 12019
f 13292 12025 12018
f 13295 13303 12021
f 13293 13287 12019
f 13296 13304 13298
f 13297 13289 12188
f 12023 13299 13300
f 13298 12029 13299
f 13300 13306 13301
f 13301 12025 13300
f 13300 12017 12015
f 12023 12015 12024
f 13302 12033 13303
f 13303 12036 12035
f 13302 12020 12018
f 13302 12018 12025
f 12190 12022 12123
f 13304 12027 13305
f 12026 13297 12022
f 13305 12038 12028
f 13306 12030 13307
f 12028 13299 12029
f 12031 13308 12032
f 13307 12040 12031
f 12033 12034 13309
f 13309 13316 12035
f 13309 12036 12033
f 13308 13302 12032
f 13320 13310 13311
f 13320 11779 13310
f 13311 13095 13312
f 13312 12038 13311
f 13311 12027 12026
f 12038 11782 13313
f 13312 11783 11782
f 13314 12040 13313
f 13313 12030 12028
f 12039 13317 13316
f 13314 13101 13315
f 13315 11785 12039
f 13316 13102 11787
f 12039 12034 12033
f 12039 12033 12040
f 11494 11502 13319
f 11494 12867 11502
f 13321 12202 11780
f 13321 11779 13320
f 12273 11482 12126
f 12272 12126 11069
f 11473 11482 12273
f 12126 11482 11039
f 11479 11069 12126
f 11511 11520 11512
f 11512 11520 12051
f 12128 12051 11799
f 12128 11789 12047
f 11512 12128 12201
f 12129 12131 12130
f 12130 12132 11799
f 12882 11520 11511
f 12131 11070 12130
f 12130 11799 12051
f 12889 12133 12129
f 11531 11530 12136
f 12133 12136 12137
f 12133 11821 11811
f 12133 12135 11070
f 12134 12133 12131
f 12129 12133 12134
f 11541 11821 12137
f 11540 12058 11541
f 11541 12058 12139
f 12139 12140 11821
f 11541 12137 12136
f 12140 12138 11832
f 12903 12140 11540
f 12903 12138 12140
f 12903 11550 12060
f 12140 11832 13142
f 12140 13142 11820
f 12140 12139 12058
f 12142 12141 12143
f 11561 11560 12141
f 12142 12143 12144
f 12142 11833 11832
f 12142 11832 12138
f 11561 12142 12060
f 12143 11840 12144
f 12143 11573 11840
f 12917 11573 11560
f 11572 12066 11573
f 11840 12066 12146
f 11573 12143 12141
f 12925 12145 11572
f 12145 11582 12147
f 12145 12147 11849
f 12145 12146 12066
f 11592 11591 12148
f 11591 12071 12148
f 12148 12071 12150
f 11859 11858 11857
f 12148 11857 12147
f 11592 12148 12147
f 12149 11869 12150
f 12939 12149 11591
f 12149 12939 12948
f 12149 12073 11869
f 12071 12149 12150
f 12151 11610 12956
f 12956 12076 12151
f 12151 12076 11888
f 12152 12151 11878
f 12151 12152 11869
f 12948 11610 12151
f 12153 11619 12154
f 12956 11619 12153
f 12078 12155 12154
f 12154 12155 11071
f 12154 11889 11888
f 12154 11888 12076
f 11896 12157 11904
f 12964 11896 11619
f 12964 12157 11896
f 12964 11627 12081
f 11896 11904 13195
f 11896 11889 11071
f 11896 12155 12078
f 12157 12156 12240
f 12157 12158 11904
f 12157 12240 12158
f 12158 11905 11904
f 11636 12157 12081
f 12335 12087 12159
f 11048 12972 12159
f 12972 11638 11637
f 11629 12335 12159
f 12087 12086 12159
f 13213 12160 12241
f 11652 13213 12241
f 12161 12163 12162
f 12996 11661 12093
f 11661 12164 12161
f 11661 12162 12093
f 12164 12165 12166
f 13003 12164 11661
f 12164 11670 12165
f 12165 11670 12167
f 12166 12167 13228
f 12166 13226 12161
f 12164 12166 12161
f 13011 12168 11670
f 11680 12101 12168
f 12101 12171 11072
f 12101 11072 11948
f 12168 11948 11947
f 12168 11947 12167
f 11680 12170 12169
f 11689 12169 12170
f 12169 12102 11966
f 12171 12169 11966
f 12169 12171 12101
f 11698 11697 12105
f 12172 12105 12176
f 12172 11967 11966
f 12172 11966 12102
f 11698 12172 12169
f 12174 12173 12175
f 11708 11707 12173
f 12174 12175 12179
f 12174 12176 12105
f 11708 12174 12105
f 12177 12180 12179
f 12177 12178 12180
f 13043 12177 11707
f 12177 11718 12178
f 12177 12179 12175
f 12181 11991 12180
f 12181 11729 11991
f 13050 11729 11718
f 11728 12111 11729
f 11991 12111 12183
f 12181 12180 12178
f 11729 12181 12178
f 11738 12182 12183
f 13058 11738 11728
f 11738 13058 12182
f 13058 12113 12182
f 12182 12113 12114
f 12183 12114 12113
f 11738 12183 12111
f 13065 12184 13058
f 13065 11746 12116
f 12116 12185 12186
f 12184 12116 12186
f 11755 11754 12120
f 12185 12120 12188
f 12185 13288 12014
f 11746 11755 12185
f 12188 11766 12187
f 11765 12123 12187
f 12187 12123 12022
f 11766 12188 12120
f 11778 12189 12190
f 13086 11778 11765
f 12190 12189 12046
f 12190 12046 12037
f 11039 12191 11093
f 11083 11082 12191
f 12191 11082 11081
f 12127 11093 11074
f 12194 12192 12193
f 12195 12192 12194
f 12196 12192 12195
f 11965 12192 12196
f 12197 12192 11965
f 12198 12192 12197
f 12199 12192 12198
f 11805 12192 11787
f 11819 12192 11805
f 11831 12193 11819
f 11847 12194 12193
f 11866 12194 11847
f 11887 12195 12194
f 11902 12195 11887
f 11922 12195 11902
f 11940 12196 11922
f 11957 12196 11940
f 11981 12197 11965
f 13267 12197 11981
f 12008 12198 12197
f 12021 12198 12008
f 12035 12198 12021
f 11787 12199 12035
f 11502 12874 12875
f 12200 12047 11789
f 12200 11789 11788
f 12200 12202 13319
f 11063 12088 12203
f 11299 11298 12203
f 12203 11298 12244
f 12203 12091 12092
f 12203 12204 12608
f 11293 11063 12203
f 12205 12206 12037
f 12205 13318 12041
f 12206 12041 13320
f 12206 13320 12037
f 12205 12037 12046
f 12207 11041 12208
f 12191 11081 11093
f 11081 12207 12208
f 12381 11110 12050
f 11093 11081 12208
f 11041 12050 11103
f 12050 12209 11103
f 12380 11109 12209
f 11109 11043 12053
f 12209 12053 12054
f 12054 12053 11043
f 12397 11125 12056
f 12056 11125 11045
f 11117 11043 11118
f 11043 12056 11131
f 11045 12210 11131
f 11045 12412 11137
f 12210 11137 11153
f 12210 12213 12211
f 12212 12214 11144
f 12212 12215 12214
f 12211 12212 11144
f 12211 12213 12212
f 11153 11152 12212
f 11168 11167 12216
f 12214 12216 11159
f 12215 11168 12216
f 12217 12218 12219
f 12216 12217 12219
f 11167 12444 12217
f 12444 11180 12218
f 12218 12220 12221
f 12220 11188 12221
f 12220 11195 12222
f 12492 12223 12222
f 11188 12222 11189
f 12492 11209 12223
f 11208 11207 12223
f 12223 11225 12070
f 12224 12225 11217
f 12224 12070 12226
f 11225 11224 12226
f 12226 11224 11223
f 12227 12228 12072
f 12226 12072 11218
f 11217 12225 12226
f 12227 12229 12228
f 11223 11238 12230
f 11238 12074 12229
f 12228 12229 11231
f 12231 12233 12232
f 12074 12557 12233
f 12075 12231 12232
f 12235 11259 12234
f 11259 11258 12237
f 12557 11259 12235
f 12237 12080 12234
f 12233 12234 12236
f 11258 11271 12085
f 11271 11270 12085
f 12234 12085 12238
f 12237 11258 12085
f 11270 12084 12085
f 12085 12239 11278
f 12085 12084 12239
f 11270 11286 12239
f 12239 11286 12088
f 12239 12088 11063
f 12240 12242 12158
f 12240 12241 12242
f 12979 11645 12156
f 11645 11644 12241
f 12241 12160 11915
f 12242 11915 11914
f 11645 12240 12156
f 12204 12243 12608
f 12204 12092 12243
f 12092 12091 12244
f 12618 11310 12244
f 12244 11310 11309
f 12244 12096 11315
f 11308 12245 12096
f 11323 11322 12246
f 12245 12246 11316
f 11315 12096 12245
f 12650 12649 12249
f 12249 12250 12100
f 12099 11322 12247
f 12251 12252 11340
f 12250 11347 12251
f 12251 11347 11346
f 12100 12250 11340
f 11361 11359 12253
f 12251 11361 12253
f 12253 11359 12103
f 12253 12103 12104
f 11353 12252 12254
f 12255 11371 11370
f 11359 11371 12255
f 12104 12255 12256
f 12107 12257 11397
f 11397 12258 11379
f 12107 11397 11379
f 11370 11386 12107
f 12258 12261 12260
f 11397 11396 12262
f 12262 11395 12110
f 12262 12110 12261
f 12260 12261 11390
f 12263 12264 11403
f 12263 11410 12264
f 12261 12263 11403
f 11410 12265 12264
f 11409 11424 12265
f 11423 11422 11424
f 11424 11422 11051
f 11414 12264 12265
f 11051 11434 12267
f 12267 11434 12799
f 12266 12267 11428
f 12266 11051 12267
f 12268 12119 12269
f 12799 11445 12119
f 12119 11444 11443
f 12119 12122 12269
f 11459 11457 11451
f 12270 11443 12122
f 11457 11466 11451
f 12122 11443 11451
f 12125 11473 12271
f 11466 11457 12271
f 11457 11473 12125
f 12271 12273 12272
f 11466 12271 12272
f 11040 11487 12274
f 11487 12042 12274
f 12042 12348 12275
f 11514 11513 11044
f 11042 12052 12276
f 12052 12339 12277
f 12055 11044 12276
f 11054 11767 12278
f 11767 12340 12278
f 11054 11768 11767
f 11757 12124 11767
f 12124 12340 11767
f 12043 11054 12278
f 12982 11646 12279
f 11048 12090 12279
f 12090 12089 12280
f 12095 12279 12280
f 11523 11522 11521
f 11044 12055 11521
f 12276 12411 12281
f 12057 11523 11521
f 12284 12282 12283
f 12285 12282 12284
f 12286 12282 12285
f 12287 12282 12286
f 12288 12282 12287
f 12289 12282 12288
f 12290 12282 12289
f 11477 12282 11092
f 11449 12282 11477
f 11427 12283 11449
f 11402 12283 11427
f 11378 12284 11402
f 11352 12285 12284
f 12286 12285 11352
f 11302 12286 11328
f 11277 12286 11302
f 11255 12287 11277
f 11229 12288 12287
f 12289 12288 11229
f 11172 12289 11199
f 11143 12289 11172
f 11115 12290 11143
f 11092 12290 11115
f 11049 11654 12291
f 12095 12097 12291
f 12279 12095 12291
f 12095 12094 12097
f 12098 11049 12291
f 11534 11533 11532
f 11523 12057 12292
f 11521 11058 11150
f 11663 11662 11049
f 11049 12098 12293
f 12097 11334 12294
f 12666 12098 12294
f 12295 12059 12062
f 11543 11542 11046
f 11534 12292 12295
f 12299 11046 12062
f 12293 12298 12297
f 11663 12293 12296
f 11683 12296 12297
f 12299 12300 12064
f 11553 11552 11551
f 12062 12061 12300
f 12300 12061 12064
f 12065 12299 12064
f 12306 11683 12301
f 11683 11682 11681
f 11683 12297 12301
f 12302 12665 12681
f 12302 12681 12301
f 12305 11683 12306
f 11564 11562 12303
f 11562 12304 12303
f 11564 11563 11562
f 11553 12065 11562
f 12065 12064 11562
f 12064 12063 12304
f 12068 11564 12303
f 12106 11691 11690
f 12106 12305 12306
f 12068 12309 12308
f 12919 11575 11574
f 11564 12068 12308
f 12303 12067 12309
f 12069 12308 12309
f 12069 11574 12308
f 12106 12311 12108
f 11710 13028 12310
f 12306 12307 12311
f 12311 12307 12108
f 11574 12069 12312
f 12069 12309 12313
f 12317 11584 12312
f 11050 11710 12314
f 12314 12316 12315
f 11710 12310 12314
f 12310 12108 12314
f 12108 11066 12316
f 12109 12314 12315
f 12109 11050 12314
f 11595 11594 11593
f 12317 12312 12319
f 11236 12318 12319
f 11721 11720 11719
f 11050 12109 12320
f 12109 12315 12321
f 12315 11067 11407
f 12941 11602 12322
f 11602 12318 12322
f 12941 11603 11602
f 11595 12317 11602
f 12317 12318 11602
f 12077 12941 12322
f 13052 11730 12323
f 11730 12324 12323
f 13052 11731 11730
f 11721 12320 11730
f 12320 12109 11730
f 12109 12112 12324
f 12077 12554 12325
f 12950 11612 11611
f 12941 12077 12325
f 12322 12553 12554
f 12326 12325 12554
f 12079 12325 12326
f 12079 11611 12325
f 11054 12043 12328
f 12278 12044 12329
f 12042 12328 12329
f 12042 12327 12328
f 11052 11740 12330
f 13052 12115 12331
f 12118 11052 12330
f 11047 11621 12079
f 12079 12326 12332
f 12326 11062 11269
f 12083 12079 12332
f 12083 11047 12079
f 12274 12334 12333
f 11040 12274 12333
f 12274 12045 12334
f 12049 12333 12334
f 12049 11496 12333
f 11053 13067 11052
f 13067 11748 11747
f 12331 12117 12121
f 11053 11052 12118
f 12336 12335 12083
f 11629 11628 11047
f 11047 12083 12335
f 12083 12082 12337
f 12086 12083 12337
f 12087 12336 12083
f 11042 11504 12338
f 12049 12339 12338
f 11496 12049 12338
f 12049 12048 12339
f 12052 12338 12339
f 12118 12121 12341
f 12827 12341 11455
f 12124 11757 12340
f 11073 11074 12126
f 12342 11074 11075
f 12343 11075 12357
f 12343 11076 11077
f 11074 12342 12834
f 12343 12357 11096
f 12344 11076 11078
f 12345 11078 12360
f 12345 11079 11080
f 11076 12344 12838
f 12345 12360 11098
f 12346 11079 11056
f 12348 12347 12045
f 11079 12346 11480
f 11082 12350 12349
f 12351 11082 12844
f 12351 11084 12368
f 12349 12350 12366
f 11084 12351 12352
f 12351 12844 12352
f 12353 12352 11086
f 12354 11086 12848
f 12354 11087 11088
f 11087 12355 11089
f 11087 12354 11484
f 12354 12848 11484
f 11093 11094 11074
f 12356 11094 11095
f 12357 11095 12373
f 12356 12357 11075
f 11094 12356 11074
f 11096 12359 12358
f 11096 12357 12359
f 12357 12373 11106
f 12360 11097 12376
f 12359 12360 11078
f 12358 12359 11076
f 11098 12362 12361
f 11098 12360 12362
f 12360 12376 11108
f 12363 12334 12045
f 12363 12045 11056
f 12362 12363 11056
f 12361 12362 11079
f 12365 12366 12367
f 12050 12365 12364
f 12050 11041 12366
f 12367 12366 12350
f 12368 12350 12351
f 12364 12365 12381
f 12368 11111 12367
f 11111 12368 11084
f 12369 11084 11085
f 12370 11085 12353
f 12370 11099 11100
f 12370 12353 11088
f 11099 11088 11090
f 12371 11092 11102
f 11099 11090 11101
f 11103 11104 12208
f 12372 11104 11105
f 12373 11105 12389
f 12372 12373 11095
f 11104 12372 11094
f 11106 12375 12374
f 11106 12373 12375
f 12373 12389 11120
f 12376 11107 12392
f 12375 12376 11097
f 12374 12375 12359
f 11108 12378 12377
f 11108 12376 12378
f 12376 12392 11122
f 12048 12379 12339
f 12378 12379 12363
f 12377 12378 12362
f 12380 12381 12382
f 12382 12383 12398
f 11109 12380 12397
f 12380 11110 12381
f 12382 12381 12365
f 12383 12365 12367
f 12380 12398 12397
f 12384 11111 12369
f 12385 12369 12370
f 12385 11113 11128
f 12384 12385 11112
f 12385 12370 11100
f 11113 11100 11101
f 12387 11101 11090
f 12387 11115 11116
f 11113 12386 11114
f 11117 11118 11103
f 11118 11132 12388
f 12388 11132 11119
f 12389 11119 12404
f 12388 12389 11105
f 11118 12388 11104
f 11120 12391 12390
f 11120 12389 12391
f 12389 12404 11134
f 12392 11121 12407
f 12391 12392 11107
f 12390 12391 12375
f 11122 12395 12393
f 11122 12392 12408
f 12392 12407 11136
f 12395 12408 11123
f 12394 11123 12411
f 12394 12277 12339
f 12395 12339 11057
f 12393 12395 12378
f 12396 12398 11127
f 12396 12397 12398
f 12398 11126 11127
f 12396 11127 11124
f 11125 12396 12413
f 11126 12383 11111
f 12399 11111 11112
f 12400 11112 12385
f 11126 12399 12416
f 12401 12402 12419
f 12400 12401 11130
f 12400 12385 11128
f 12402 11114 12386
f 12401 12419 11129
f 11131 11132 11118
f 11132 11131 12403
f 12404 11133 12421
f 12403 12404 11119
f 11134 12406 12405
f 11134 12404 12406
f 12404 12421 11147
f 12407 11135 12424
f 12406 12407 11121
f 12405 12406 12391
f 11136 12409 12408
f 11136 12407 12409
f 12407 12424 11149
f 12411 12410 11058
f 12409 12411 11123
f 12412 12413 12414
f 11137 12412 11153
f 12412 11045 12413
f 12414 12413 11124
f 12415 11124 11127
f 12415 11154 12414
f 11154 11127 12416
f 12418 12416 12399
f 12417 12399 12400
f 12417 11139 11140
f 11139 12419 11141
f 11140 11139 12433
f 11139 12417 11130
f 12417 12400 11130
f 11144 11145 11131
f 12420 11145 11146
f 12421 11146 12437
f 12420 12421 11133
f 11145 12420 12403
f 11147 12423 12422
f 11147 12421 12423
f 12421 12437 11163
f 12424 11148 12440
f 12423 12424 11135
f 12422 12423 12406
f 11149 12426 12425
f 11149 12424 12426
f 12424 12440 11165
f 12427 12057 11150
f 12427 11150 11058
f 12426 12427 12410
f 12425 12426 12409
f 12212 11152 11168
f 11152 11153 12428
f 12429 12428 12412
f 12430 12412 12414
f 12428 12429 11151
f 12430 11154 12429
f 12431 11154 11138
f 12432 11138 12418
f 12431 12432 11155
f 11142 12434 12452
f 12432 11142 11158
f 11156 12433 11142
f 11156 12432 12433
f 12432 12418 12433
f 12434 12435 12419
f 11159 11160 11145
f 11159 12216 11161
f 12436 11160 11162
f 12437 11162 12454
f 12436 12437 11146
f 11160 12436 11145
f 11163 12439 12438
f 11163 12437 12439
f 12437 12454 11176
f 12440 11164 12457
f 12439 12440 11148
f 12438 12439 12423
f 11165 12442 12441
f 11165 12440 12442
f 12440 12457 11178
f 12443 11166 12460
f 12443 12062 12059
f 12443 12059 11059
f 12442 12443 11059
f 12441 12442 12426
f 12445 11167 12446
f 11167 12445 12444
f 11167 11168 11152
f 12446 11152 11151
f 12447 11151 12429
f 12447 11182 11181
f 11182 12429 11154
f 12449 11154 11155
f 12448 11155 12432
f 12448 11169 11170
f 11169 12451 12450
f 11170 11169 12465
f 11169 12448 11158
f 12448 12432 11158
f 11169 11157 12452
f 12451 12452 12434
f 11169 12450 12467
f 11173 11174 11161
f 12453 11174 11175
f 12454 11175 12469
f 12453 12454 11162
f 11174 12453 11160
f 11176 12456 12455
f 11176 12454 12456
f 12454 12469 11190
f 12457 11177 12472
f 12456 12457 11164
f 12455 12456 12439
f 11178 12459 12458
f 11178 12457 12473
f 12457 12472 11192
f 12459 12473 11060
f 12460 12459 12063
f 12460 12064 12061
f 12459 12460 11166
f 12458 12459 12442
f 11180 12444 12461
f 12218 11180 11195
f 12461 12444 12445
f 11181 12445 12446
f 11181 11182 11183
f 11180 12461 11179
f 12464 12462 12449
f 12464 11185 12463
f 12462 12463 11184
f 11182 12462 12479
f 11185 12467 12466
f 12463 11185 11187
f 11185 12464 12465
f 12464 12449 12465
f 11185 11171 12467
f 11185 12466 11186
f 12221 11188 11174
f 12468 11189 12484
f 12469 12484 12485
f 12468 12469 11175
f 11188 12468 11174
f 11190 12471 12470
f 11190 12469 12471
f 12469 12485 11203
f 12472 11191 12488
f 12471 12472 11177
f 12470 12471 12456
f 11192 12474 12473
f 11192 12472 12474
f 12472 12488 11205
f 12475 12304 12063
f 12475 12063 11060
f 12474 12475 11060
f 12476 11180 12477
f 11194 11195 11180
f 12477 11180 11179
f 12478 11179 12461
f 12476 12477 11193
f 11194 12476 12492
f 12478 11196 12477
f 11196 11183 12479
f 12480 11184 12463
f 12479 12480 11197
f 12482 12483 12498
f 12481 12482 12496
f 12481 12463 11187
f 12483 11186 12466
f 12482 12498 11198
f 11200 11201 11189
f 12484 11201 11202
f 12485 11202 12500
f 11201 12484 11189
f 11203 12487 12486
f 11203 12485 12487
f 12485 12500 11219
f 12488 11204 12503
f 12487 12488 11191
f 12486 12487 12471
f 11205 12490 12489
f 11205 12488 12490
f 12488 12503 11221
f 12067 12491 12309
f 12490 12491 12475
f 12489 12490 12474
f 11208 12492 12493
f 11207 11208 11225
f 11208 11209 12492
f 12493 12492 11193
f 12494 11193 12477
f 11208 12493 11206
f 12494 11210 12493
f 11210 12477 11196
f 12495 11196 11197
f 12495 11197 12480
f 12495 11212 12497
f 12495 12497 11211
f 12497 12483 12512
f 11212 12496 12497
f 11212 12495 12496
f 12495 12480 12496
f 12483 11199 11216
f 12497 12512 11213
f 12499 11218 12513
f 12500 12513 12514
f 12499 12500 11202
f 11217 12499 11201
f 11219 12502 12501
f 11219 12500 12502
f 12500 12514 11233
f 12503 11220 12517
f 12502 12503 11204
f 12501 12502 12487
f 11221 12505 12504
f 11221 12503 12505
f 12503 12517 11235
f 12506 12313 12309
f 12506 12309 11061
f 12505 12506 11061
f 12504 12505 12490
f 11224 11208 12507
f 11224 11225 11208
f 12507 11208 11206
f 12508 11206 12493
f 11224 12507 11222
f 12508 12509 12524
f 12509 12493 11210
f 12509 11210 11211
f 12510 11211 12497
f 12509 12510 11226
f 12511 11227 11241
f 12511 12497 11215
f 11227 11215 11214
f 12512 11229 11230
f 11227 11214 11228
f 12072 11231 11218
f 12513 11231 11232
f 12514 11232 12531
f 11231 12513 11218
f 11233 12516 12515
f 11233 12514 12516
f 12514 12531 11243
f 12517 11234 12534
f 12516 12517 11220
f 12515 12516 12502
f 11235 12519 12518
f 11235 12517 12519
f 12517 12534 11245
f 12519 12520 12506
f 12518 12519 12505
f 12522 11224 12523
f 11238 12522 12521
f 11238 11223 11224
f 12523 11224 11222
f 11239 11222 12507
f 12522 12523 11237
f 12525 11226 12510
f 12525 11241 12541
f 11226 12525 11240
f 12526 12527 12544
f 12525 12510 11241
f 12527 11228 11214
f 12526 12544 11242
f 12075 12528 11231
f 12232 12529 12528
f 12529 12530 12545
f 12531 12545 12547
f 12529 12531 11232
f 12528 12529 11231
f 11243 12533 12532
f 11243 12531 12533
f 12531 12547 11256
f 12534 11244 12550
f 12533 12534 11234
f 12532 12533 12516
f 11245 12534 12535
f 12534 12550 12551
f 12536 11246 12553
f 12553 12318 11236
f 12535 12536 11236
f 12537 12521 12538
f 12074 11248 12557
f 11248 12074 12521
f 12074 11238 12521
f 12538 12521 11237
f 12539 11237 12523
f 12537 12538 11247
f 11248 12537 12557
f 12539 11249 12538
f 11249 12523 11239
f 12540 11239 11240
f 12540 11240 12525
f 12540 11251 12562
f 12540 12562 11250
f 11251 12543 12542
f 12562 11251 11254
f 11251 12540 12541
f 12540 12525 12541
f 12543 12544 12527
f 11251 12542 11252
f 12233 12236 12530
f 12545 12546 12565
f 12547 12565 12566
f 12236 12545 12530
f 11256 12549 12548
f 11256 12547 12549
f 12547 12566 11266
f 12550 11257 12569
f 12549 12550 11244
f 12548 12549 12533
f 11062 12554 12553
f 12551 12550 12570
f 12550 12569 11268
f 12552 12570 11062
f 12554 11062 12326
f 12552 12553 11246
f 12551 12552 12535
f 12556 12557 12558
f 11258 12556 12555
f 11258 11259 12557
f 12558 12557 11247
f 12559 11247 12538
f 12559 12560 12575
f 12560 12538 11249
f 12560 11249 11250
f 12561 11250 12562
f 12560 12561 11260
f 12562 11261 11263
f 11261 11254 11253
f 12563 11253 11252
f 12563 11252 12542
f 12564 12563 12543
f 11261 12563 11262
f 12238 11264 12236
f 12565 11264 11265
f 12566 11265 12580
f 11264 12565 12546
f 11266 12568 12567
f 11266 12566 12568
f 12566 12580 11281
f 12569 11267 12583
f 12568 12569 11257
f 12567 12568 12549
f 11268 12571 12570
f 11268 12569 12571
f 12569 12583 11283
f 12572 12332 11269
f 12572 11269 11062
f 12571 12572 11062
f 12573 12555 12574
f 11271 12573 11270
f 12573 11271 12555
f 12574 12555 12558
f 12575 11272 11287
f 12576 12575 11260
f 12577 11260 12561
f 12577 11274 12589
f 11274 12578 11275
f 11274 12577 11263
f 12577 12561 11263
f 12578 11262 12563
f 11278 11279 11264
f 11278 11063 11293
f 12579 11279 11280
f 12580 11280 12594
f 12579 12580 11265
f 11279 12579 11264
f 11281 12582 12581
f 11281 12580 12582
f 12580 12594 11295
f 12583 11282 12597
f 12582 12583 11267
f 12581 12582 12568
f 11283 12585 12584
f 11283 12583 12585
f 12583 12597 11297
f 12082 12586 12337
f 12585 12586 12572
f 12584 12585 12571
f 11299 12573 12587
f 11286 11285 12203
f 11285 11286 12573
f 11287 12573 12574
f 11287 11288 12603
f 11299 12587 11284
f 11288 11287 11272
f 12588 11272 11273
f 12589 11273 12576
f 12589 11290 11291
f 11290 12592 12591
f 11290 12589 12590
f 12590 12589 11276
f 11290 11276 11275
f 11290 12591 11292
f 12593 12608 11294
f 12594 11294 12610
f 12593 12594 11280
f 11295 12596 12595
f 11295 12594 12596
f 12594 12610 11305
f 12597 11296 12613
f 12596 12597 11282
f 12595 12596 12582
f 11297 12599 12598
f 11297 12597 12599
f 12597 12613 11307
f 12600 12159 12086
f 12600 12086 11064
f 12599 12600 11064
f 12598 12599 12585
f 12601 11299 12602
f 11298 11299 12618
f 12602 11299 11284
f 12603 11284 12587
f 11299 12601 12618
f 12603 11300 12602
f 11300 12603 11288
f 12604 11288 11289
f 12605 11289 12588
f 12605 11301 12622
f 12606 12607 12626
f 12605 12588 11291
f 11301 11291 12606
f 12607 11292 12591
f 12606 12626 12623
f 11303 12609 12608
f 12609 11303 11304
f 12610 11304 12628
f 12609 12610 11294
f 11305 12612 12611
f 11305 12610 12612
f 12610 12628 11318
f 12613 11306 12631
f 12612 12613 11296
f 12611 12612 12596
f 11307 12615 12614
f 11307 12613 12615
f 12613 12631 11320
f 12616 12280 12089
f 12616 12089 11065
f 12615 12616 11065
f 12614 12615 12599
f 12617 12618 12619
f 11309 11310 11308
f 12619 12618 12601
f 12620 12601 12602
f 12620 12602 11300
f 12621 11300 12604
f 12622 12604 12605
f 11314 12625 12624
f 11312 12623 11314
f 11312 12622 12623
f 12625 12626 12607
f 11314 12624 11313
f 11315 11316 11303
f 12627 12247 11317
f 12628 11317 12642
f 12627 12628 11304
f 11316 12627 11303
f 11318 12630 12629
f 11318 12628 12630
f 12628 12642 11330
f 12631 11319 12645
f 12630 12631 11306
f 12629 12630 12612
f 11320 12633 12632
f 11320 12631 12633
f 12631 12645 11332
f 12634 11321 11334
f 12094 12634 11334
f 12632 12633 12615
f 12635 11323 12636
f 11323 11308 11310
f 12636 11310 12617
f 11324 12617 12619
f 11324 12637 12652
f 11323 12635 12650
f 12637 11324 12620
f 12637 12620 11311
f 12638 11311 12621
f 12638 11326 11336
f 12637 12638 11325
f 12638 12621 11312
f 11326 11312 11314
f 12639 11314 11313
f 12639 11313 12624
f 12640 12639 12625
f 11326 12639 11327
f 12099 12247 11316
f 12642 11329 12659
f 12641 12642 11317
f 11330 12644 12643
f 11330 12642 12644
f 12642 12659 11342
f 12645 11331 12662
f 12644 12645 11319
f 12643 12644 12630
f 11332 12647 12646
f 11332 12645 12647
f 12645 12662 11344
f 12648 11333 12666
f 11334 12648 12666
f 12647 11334 11321
f 12646 12647 12633
f 12649 12650 12651
f 12249 12649 11347
f 12651 12650 12635
f 12652 12635 12636
f 12652 11348 12651
f 11348 12652 12653
f 12654 11325 12638
f 12654 11336 12656
f 12653 12654 11335
f 11336 12655 12656
f 12654 12638 11336
f 12657 11327 12639
f 12657 11328 11338
f 12656 12655 11337
f 12100 11339 12247
f 11339 11340 12658
f 12659 11341 12675
f 12658 12659 11329
f 11339 12658 12641
f 11342 12661 12660
f 11342 12659 12661
f 12659 12675 11356
f 12662 11343 12678
f 12661 12662 11331
f 12660 12661 12644
f 11344 12664 12663
f 11344 12662 12664
f 12662 12678 11358
f 12666 12665 12302
f 12664 12666 11333
f 12663 12664 12647
f 11360 11347 12667
f 12667 11347 12649
f 12668 12649 12651
f 11360 12667 11345
f 12668 11348 12684
f 12669 11348 11335
f 12670 11335 12654
f 12670 11349 11350
f 11348 12669 12684
f 12671 12673 12672
f 12670 12654 12656
f 11349 12656 11337
f 12673 11337 12655
f 12671 12672 11351
f 11353 11354 11340
f 12674 11354 11355
f 12675 11355 12689
f 12674 12675 11341
f 11354 12674 12658
f 11356 12677 12676
f 11356 12675 12677
f 12675 12689 11367
f 12678 11357 12692
f 12677 12678 11343
f 12676 12677 12661
f 11358 12680 12679
f 11358 12678 12680
f 12678 12692 11369
f 12679 12680 12664
f 12698 11360 12682
f 11361 11360 11359
f 11361 12251 11346
f 12682 11360 11345
f 11362 11345 12667
f 12698 12682 12699
f 12683 12684 12669
f 12685 12669 12670
f 12685 11364 12702
f 12683 12685 11363
f 12685 12670 11350
f 11364 11350 11351
f 12686 11351 12672
f 12673 11352 11366
f 11364 12686 11365
f 12104 12256 12254
f 12687 12688 12706
f 12689 12706 12707
f 12687 12689 11355
f 12256 12687 11354
f 11367 12691 12690
f 11367 12689 12691
f 12689 12707 11382
f 12692 11368 12710
f 12691 12692 11357
f 12690 12691 12677
f 11369 12694 12693
f 11369 12692 12694
f 12692 12710 11384
f 12696 12695 12307
f 12694 12696 12681
f 12693 12694 12680
f 12697 12698 12699
f 12699 12700 12715
f 11370 11371 12698
f 12700 12699 12682
f 12697 12715 12714
f 11370 12697 12714
f 11372 12682 11362
f 12701 11362 11363
f 12701 11363 12685
f 12701 11374 12703
f 12701 12703 11373
f 12703 12705 12704
f 11374 12702 12703
f 11374 12701 12702
f 12701 12685 12702
f 12705 12686 11366
f 12703 12704 11375
f 11379 11380 12256
f 12706 11380 11381
f 12707 11381 12722
f 11380 12706 12688
f 11382 12709 12708
f 11382 12707 12709
f 12707 12722 11391
f 12710 11383 12725
f 12709 12710 11368
f 12708 12709 12691
f 11384 12710 12726
f 12710 12725 11393
f 12711 12726 11385
f 12307 11385 11066
f 12711 12712 12695
f 12713 11370 12714
f 12714 12715 12713
f 12257 11386 11397
f 12716 12700 11372
f 12716 11372 11373
f 12717 11373 12703
f 12716 12717 11387
f 12718 11388 12735
f 12718 12703 11377
f 11388 11377 11376
f 12719 11376 11375
f 12719 11375 12704
f 12720 12719 12705
f 11388 12719 11389
f 12259 11390 11380
f 12721 12738 12739
f 12722 12739 12741
f 12721 12722 11381
f 11390 12721 11380
f 11391 12724 12723
f 11391 12722 12724
f 12722 12741 11404
f 12725 11392 12744
f 12724 12725 11383
f 12723 12724 12709
f 11393 12727 12726
f 11393 12725 12727
f 12725 12744 11406
f 12728 12747 11067
f 12728 12316 11066
f 12727 12728 11385
f 12729 11396 12730
f 12262 11396 11395
f 11396 11397 11386
f 12730 11386 12713
f 12729 12730 11394
f 11396 12729 11395
f 12731 11411 12730
f 11411 12715 12733
f 12732 12733 11387
f 12732 11387 12717
f 12732 11399 12734
f 12732 12734 11398
f 11399 12737 12736
f 12734 11399 11401
f 11399 12732 12735
f 12732 12717 12735
f 12737 11389 12719
f 11399 12736 11400
f 11403 12738 11390
f 11403 12739 12738
f 12739 12740 12756
f 12741 12756 12757
f 11404 12743 12742
f 11404 12741 12743
f 12741 12757 11417
f 12744 11405 12760
f 12743 12744 11392
f 12742 12743 12724
f 11406 12746 12745
f 11406 12744 12746
f 12744 12760 11419
f 12747 12321 11407
f 12747 11407 11067
f 12745 12746 12727
f 12748 11395 12749
f 11410 11408 11409
f 11410 12748 11408
f 11410 12263 11395
f 12749 11395 11394
f 12750 11394 12730
f 12748 12749 11408
f 12750 11411 12749
f 12751 11411 11398
f 12752 11398 12734
f 12751 12752 11412
f 12754 12755 12771
f 12753 12754 11413
f 12753 12734 11401
f 12755 11400 12736
f 12754 12771 12768
f 11414 11415 12740
f 12756 11415 11416
f 12757 11416 12773
f 11415 12756 12740
f 11417 12759 12758
f 11417 12757 12759
f 12757 12773 12759
f 12760 11418 12777
f 12759 12760 11405
f 12758 12759 12743
f 11419 12762 12761
f 11419 12760 12762
f 12760 12777 11432
f 12763 11420 12780
f 12763 12324 12112
f 12763 12112 11068
f 12762 12763 11068
f 12761 12762 12746
f 11433 11423 12764
f 11423 11409 11408
f 12765 11408 12749
f 11433 12764 11421
f 12765 11435 12764
f 11435 12749 11411
f 12766 11411 11412
f 12767 11412 12752
f 12767 11425 12766
f 12768 12770 12769
f 12766 12768 11426
f 11425 11413 12768
f 11425 12767 11413
f 12767 12752 11413
f 12770 12771 12755
f 12768 12769 12789
f 12772 12774 12773
f 11428 11429 12265
f 11429 11428 12773
f 11428 12267 11430
f 12773 11430 12772
f 11429 12773 11415
f 12774 12775 12759
f 12774 12776 12775
f 12774 12772 12776
f 12777 11431 12795
f 12776 12777 11418
f 12775 12776 12759
f 12779 12115 12780
f 11432 12779 12778
f 11432 12777 12796
f 12777 12795 11441
f 12115 12779 12117
f 12779 12780 11420
f 12778 12779 12762
f 12781 11433 12782
f 11434 11433 12799
f 11434 11051 11422
f 12782 11433 11421
f 12783 11421 12764
f 11433 12781 12799
f 12783 11435 12801
f 12785 12784 12766
f 12784 12786 11436
f 11435 12784 12801
f 12787 12789 12788
f 12785 12787 11439
f 11437 11426 12787
f 11437 12785 11426
f 12785 12766 11426
f 12787 11426 12789
f 12787 12788 11438
f 12790 12791 12792
f 12792 12807 12772
f 11430 12269 12791
f 11430 12790 12772
f 12807 12793 12776
f 12807 12794 12793
f 12795 11440 12811
f 12794 12795 11431
f 12793 12794 12776
f 11441 12797 12796
f 11441 12795 12797
f 12795 12811 11454
f 12117 12798 12121
f 12797 12798 12779
f 12815 12801 12800
f 11444 11445 11443
f 12815 12799 12782
f 12815 12800 11442
f 12801 11446 12800
f 12802 12801 11436
f 12803 11436 12786
f 12803 11447 12818
f 11438 12804 12819
f 12803 12786 11439
f 11447 11439 11438
f 12804 11438 12788
f 11447 12819 11448
f 12806 12808 12807
f 12122 11450 12269
f 12805 12807 12792
f 11450 12805 12791
f 11452 12809 12794
f 11452 12810 12809
f 11452 12808 12810
f 12811 11453 12823
f 12810 12811 11440
f 12809 12810 12794
f 11454 12813 12812
f 11454 12811 12813
f 12811 12823 11470
f 12121 12814 11455
f 12812 12813 12797
f 11472 12815 12816
f 11459 11458 11457
f 11458 11459 12815
f 12816 12815 11442
f 11460 11442 12800
f 11472 12816 11456
f 11460 12800 11446
f 12817 11446 12802
f 12817 12802 12803
f 12817 11462 12831
f 12817 12831 11461
f 11462 12819 11463
f 12831 11462 11465
f 11462 12817 12818
f 12817 12803 12818
f 11466 12272 11479
f 12272 11069 11479
f 12806 11479 11467
f 12820 11467 12835
f 11466 12806 12805
f 11468 12821 12808
f 11468 12822 12821
f 12820 12835 11468
f 12822 11468 11469
f 12823 11469 12839
f 12822 12823 11453
f 12821 12822 12810
f 11470 12825 12824
f 11470 12823 12825
f 12823 12839 11481
f 12827 12826 12044
f 12826 12827 11455
f 12825 12826 11455
f 12824 12825 12813
f 12843 11472 12828
f 12828 11472 11456
f 12847 11456 12816
f 12843 12828 11471
f 11474 12816 11460
f 12829 11460 11461
f 12830 11461 12831
f 11474 12829 12847
f 12831 11475 11476
f 11475 11465 11464
f 12832 11477 11478
f 11475 11464 11483
f 12833 12834 12835
f 12833 12126 12834
f 12835 12834 12342
f 12836 12342 12343
f 12833 12835 11467
f 12836 12837 11468
f 12836 12838 12837
f 12836 11077 12838
f 12839 12344 12345
f 12839 11480 11481
f 12838 12839 11469
f 12837 12838 11468
f 12841 12840 12346
f 12839 12345 11080
f 12840 11480 12346
f 12346 12329 12044
f 12840 12841 12826
f 11480 12840 12825
f 12842 12843 12844
f 12844 12843 11471
f 12845 11471 12828
f 12842 12844 11082
f 11482 12842 11082
f 12845 12846 12352
f 12846 12847 12829
f 12848 12829 12830
f 12848 11483 11484
f 12846 12848 11086
f 11483 12850 12849
f 12848 12830 11476
f 12850 11483 11464
f 12850 11477 11485
f 12849 12355 11091
f 11487 12851 11774
f 12852 11487 12853
f 12852 12853 11488
f 12854 11488 12861
f 12854 11489 11490
f 12852 12854 11486
f 11489 12854 11498
f 12854 12861 11499
f 12855 11498 11492
f 12855 11492 12863
f 12855 11493 13092
f 12855 12856 11491
f 12857 13318 13093
f 11493 12855 12858
f 12855 12863 12858
f 13318 12857 11494
f 12857 13093 13091
f 11493 12857 13092
f 11496 11495 11487
f 11495 11496 12860
f 12859 12860 11497
f 12859 11497 12869
f 12859 11498 11499
f 12859 12861 11488
f 11495 12859 12853
f 11498 12859 11506
f 12859 12869 11507
f 12862 11506 11500
f 12862 11500 12871
f 12862 11501 12858
f 12862 12863 11492
f 11501 12862 12865
f 12862 12871 11509
f 12864 12865 12874
f 12867 12866 11502
f 12864 12866 12857
f 11501 12864 12858
f 11504 11503 11496
f 11503 11504 12876
f 12868 12876 11505
f 12868 11505 12878
f 12868 11506 11507
f 12868 12869 11497
f 11503 12868 12860
f 11506 12868 11516
f 12868 12878 11517
f 12870 11516 11508
f 12870 11508 12880
f 12870 12872 11509
f 12870 12871 11500
f 12872 12870 12873
f 12870 12880 12873
f 12872 12873 11510
f 12874 11510 11511
f 12875 12874 11511
f 11044 12876 11504
f 11513 12877 12876
f 11513 11514 11522
f 12877 11522 11515
f 12877 11515 12884
f 12877 11516 11517
f 12877 12878 11505
f 11516 12877 11525
f 12877 12884 11526
f 12879 11525 11518
f 12879 11518 12886
f 12879 11519 12873
f 12879 12880 11508
f 12881 12882 11511
f 11519 12879 11528
f 12879 12886 11529
f 12881 11528 12129
f 12882 12881 12129
f 12881 11511 11510
f 11519 12881 12873
f 11521 11522 11514
f 11522 11523 11533
f 12883 11533 11524
f 12883 11524 12891
f 12883 11525 11526
f 12883 12884 11515
f 11525 12883 11536
f 12883 12891 11537
f 12885 11536 11527
f 12885 11527 12893
f 12885 11528 11529
f 12885 12886 11518
f 12888 12889 12129
f 11528 12885 12887
f 12885 12893 11539
f 12889 12888 11530
f 11532 11533 11523
f 11533 11534 11542
f 12890 11542 11535
f 12890 11535 12898
f 12890 11536 11537
f 12890 12891 11524
f 11536 12890 11545
f 12890 12898 11546
f 12892 11545 11538
f 12892 11538 12900
f 12892 12894 11539
f 12892 12893 11527
f 12895 12896 11530
f 12894 12892 11548
f 12892 12900 11549
f 12894 11548 11540
f 12896 12895 11540
f 12896 11541 11530
f 11046 11542 11534
f 11542 11543 11552
f 12897 11552 11544
f 12897 11544 12905
f 12897 11545 11546
f 12897 12898 11535
f 11545 12897 11555
f 12897 12905 11556
f 12899 11555 11547
f 12899 11547 12907
f 12899 11548 11549
f 12899 12900 11538
f 12901 12903 11540
f 11548 12899 12902
f 12899 12907 12902
f 12901 12902 12909
f 12903 12901 11550
f 11551 11552 11543
f 11552 11553 11563
f 12904 11563 11554
f 12904 11554 12912
f 12904 11555 11556
f 12904 12905 11544
f 11555 12904 11566
f 12904 12912 11567
f 12906 11566 11557
f 12906 11557 12914
f 12906 11558 12902
f 12906 12907 11547
f 11558 12906 12908
f 12906 12914 11570
f 12909 11559 11560
f 12910 12909 11560
f 12910 11561 11550
f 11558 12908 12902
f 11562 11563 11553
f 11563 11564 11575
f 12911 11575 11565
f 12911 11565 12920
f 12911 11566 11567
f 12911 12912 11554
f 11566 12911 11577
f 12911 12920 11578
f 12913 11577 11568
f 12913 11568 12922
f 12913 11569 11570
f 12913 12914 11557
f 12915 12917 11560
f 11569 12913 12916
f 12913 12922 12916
f 12915 12916 11571
f 12915 11571 11572
f 12917 12915 11572
f 12915 11560 11559
f 11569 12915 12908
f 11574 11575 11564
f 12918 12919 11576
f 12918 11576 12928
f 12918 11577 11578
f 12918 12920 11565
f 11577 12918 11586
f 12918 12928 11587
f 12921 11586 11579
f 12921 11579 12930
f 12921 11580 12916
f 12921 12922 11568
f 12923 12925 11572
f 11580 12921 12924
f 12921 12930 12924
f 12923 12924 11581
f 12923 11581 11582
f 12925 12923 11582
f 12923 11572 11571
f 11580 12923 12916
f 11584 11583 12919
f 11583 11584 12927
f 12926 12927 11585
f 12926 11585 12934
f 12926 11586 11587
f 12926 12928 11576
f 11583 12926 12919
f 11586 12926 11597
f 12926 12934 11598
f 12929 11597 11588
f 12929 11588 12936
f 12929 11589 12924
f 12929 12930 11579
f 12931 11592 11582
f 11589 12929 12932
f 12929 12936 12932
f 12931 12932 11590
f 12931 11590 11591
f 11592 12931 11591
f 12931 11582 11581
f 11589 12931 12924
f 11593 11594 11584
f 11594 11595 11603
f 12933 11603 11596
f 12933 11596 12942
f 12933 11597 11598
f 12933 12934 11585
f 11594 12933 12927
f 11597 12933 11605
f 12933 12942 11606
f 12935 11605 11599
f 12935 11599 12944
f 12935 11600 12932
f 12935 12936 11588
f 12937 12939 11591
f 11600 12935 12938
f 12935 12944 11608
f 12937 12938 11601
f 12937 11601 12948
f 12937 11591 11590
f 11600 12937 12932
f 11602 11603 11595
f 12940 12941 11604
f 12940 11604 12951
f 12940 11605 11606
f 12940 12942 11596
f 11605 12940 11614
f 12940 12951 11615
f 12943 11614 11607
f 12943 11607 12953
f 12943 12945 11608
f 12943 12944 11599
f 12945 12943 12946
f 12943 12953 11617
f 12945 12946 11609
f 12947 11609 12956
f 12948 12947 11610
f 12945 12948 11601
f 11611 11612 12941
f 12949 12950 11613
f 12949 11613 12959
f 12949 11614 11615
f 12949 12951 11604
f 11612 12949 12941
f 11614 12949 11623
f 12949 12959 11624
f 12952 11623 11616
f 12952 11616 12961
f 12952 12954 11617
f 12952 12953 11607
f 12954 12952 12955
f 12952 12961 12955
f 12954 12955 11618
f 12954 12956 11609
f 11621 11620 12950
f 11620 11621 11628
f 12958 11628 11622
f 12958 11622 12966
f 12958 11623 11624
f 12958 12959 11613
f 11620 12958 12950
f 11623 12958 11631
f 12958 12966 11632
f 12960 11631 11625
f 12960 11625 12968
f 12960 11626 12955
f 12960 12961 11616
f 12962 12964 11618
f 11626 12960 12963
f 12960 12968 12963
f 12964 12962 11627
f 11626 12962 12955
f 11047 11628 11621
f 11628 11629 11638
f 12965 11638 11630
f 12965 11630 12973
f 12965 11631 11632
f 12965 12966 11622
f 11631 12965 11640
f 12965 12973 11641
f 12967 11640 11633
f 12967 11633 12975
f 12967 11634 12963
f 12967 12968 11625
f 11634 12967 12969
f 12967 12975 11643
f 12970 11635 12156
f 12970 11636 11627
f 12969 12970 12962
f 11634 12969 12963
f 11637 11638 11629
f 12971 12972 11639
f 12971 11639 12983
f 12971 11640 11641
f 12971 12973 11630
f 11640 12971 11648
f 12971 12983 11649
f 12974 11648 11642
f 12974 11642 12985
f 12974 12976 11643
f 12974 12975 11633
f 12978 12979 12156
f 12976 12974 12977
f 12974 12985 11651
f 12976 12977 11644
f 12979 12978 11644
f 12976 12156 11635
f 12279 12980 12972
f 11646 12981 12980
f 12981 12982 11647
f 12981 11647 12991
f 12981 11648 11649
f 12981 12983 11639
f 12980 12981 12972
f 11648 12981 11656
f 12981 12991 11657
f 12984 11656 11650
f 12984 11650 12993
f 12984 12986 11651
f 12984 12985 11642
f 12988 12989 11644
f 12986 12984 12987
f 12984 12993 11659
f 12986 12987 12093
f 12989 12988 12093
f 12989 11652 11644
f 11654 11653 12982
f 11653 11654 11662
f 12990 11662 11655
f 12990 11655 12998
f 12990 11656 11657
f 12990 12991 11647
f 11653 12990 12982
f 11656 12990 11665
f 12990 12998 11666
f 12992 11665 11658
f 12992 11658 13000
f 12992 12994 11659
f 12992 12993 11650
f 12995 12996 12093
f 12994 12992 11668
f 12992 13000 11669
f 12994 11668 11660
f 12995 11660 11661
f 12996 12995 11661
f 11049 11662 11654
f 11662 11663 11671
f 12997 11671 11664
f 12997 11664 13006
f 12997 11665 11666
f 12997 12998 11655
f 11665 12997 11674
f 12997 13006 11675
f 12999 11674 11667
f 12999 11667 13008
f 12999 11668 11669
f 12999 13000 11658
f 13002 13003 11661
f 11668 12999 13001
f 12999 13008 11678
f 13003 13002 11670
f 13001 11661 11660
f 11672 11671 11663
f 11671 11672 13005
f 13004 13005 11673
f 13004 11673 13014
f 13004 11674 11675
f 13004 13006 11664
f 11674 13004 11685
f 13004 13014 11686
f 13007 11685 11676
f 13007 11676 13016
f 13007 11677 11678
f 13007 13008 11667
f 13009 13011 11670
f 11677 13007 13010
f 13007 13016 13010
f 13009 13010 11679
f 13011 13009 11680
f 11677 13009 13001
f 11681 11682 11672
f 11682 11683 13013
f 13012 13013 11684
f 13012 11684 13022
f 13012 11685 11686
f 13012 13014 11673
f 11682 13012 13005
f 11685 13012 11693
f 13012 13022 11694
f 13015 11693 11687
f 13015 11687 13024
f 13015 11688 13010
f 13015 13016 11676
f 13017 13019 11679
f 11688 13015 13018
f 13015 13024 13018
f 13017 13018 11689
f 13019 13017 11689
f 11688 13017 13010
f 11690 11691 11683
f 11691 12106 13021
f 13020 13021 11692
f 13020 11692 13029
f 13020 11693 11694
f 13020 13022 11684
f 11691 13020 13013
f 11693 13020 11701
f 13020 13029 11702
f 13023 11701 11695
f 13023 11695 13031
f 13023 11696 13018
f 13023 13024 11687
f 13025 13026 11689
f 11696 13023 11704
f 13023 13031 11705
f 13025 11704 13033
f 13026 13025 11697
f 13026 11698 11689
f 11696 13025 13018
f 11699 13028 12106
f 13027 13028 11700
f 13027 11700 13038
f 13027 11701 11702
f 13027 13029 11692
f 13028 13027 13021
f 11701 13027 11712
f 13027 13038 11713
f 13030 11712 11703
f 13030 11703 13040
f 13030 11704 11705
f 13030 13031 11695
f 11704 13030 13032
f 13030 13040 11716
f 13033 11706 11707
f 13034 13033 11707
f 13034 11708 11697
f 11710 13035 13028
f 11709 13036 13035
f 11709 11710 13037
f 13036 13037 11711
f 13036 11711 13045
f 13036 11712 11713
f 13036 13038 11700
f 13035 13036 13028
f 11712 13036 11723
f 13036 13045 11724
f 13039 11723 11714
f 13039 11714 13047
f 13039 11715 11716
f 13039 13040 11703
f 13041 13043 11707
f 11715 13039 13042
f 13039 13047 13042
f 13041 13042 11717
f 13041 11717 11718
f 13043 13041 11718
f 13041 11707 11706
f 11715 13041 13032
f 11719 11720 11710
f 11720 11721 11731
f 13044 11731 11722
f 13044 11722 13053
f 13044 11723 11724
f 13044 13045 11711
f 11720 13044 13037
f 11723 13044 11733
f 13044 13053 11734
f 13046 11733 11725
f 13046 11725 13055
f 13046 11726 13042
f 13046 13047 11714
f 13048 13050 11718
f 11726 13046 13049
f 13046 13055 13049
f 13048 13049 11727
f 13048 11727 11728
f 13050 13048 11728
f 13048 11718 11717
f 11726 13048 13042
f 11730 11731 11721
f 13051 13052 11732
f 13051 11732 13060
f 13051 11733 11734
f 13051 13053 11722
f 11733 13051 11742
f 13051 13060 11743
f 13054 11742 11735
f 13054 11735 13062
f 13054 11736 13049
f 13054 13055 11725
f 13056 13058 11728
f 11736 13054 13057
f 13054 13062 13057
f 13056 13057 11737
f 13056 11737 13058
f 13056 11728 11727
f 11736 13056 13049
f 11740 11739 13052
f 11739 11740 11748
f 13059 11748 11741
f 13059 11741 13068
f 13059 11742 11743
f 13059 13060 11732
f 11739 13059 13052
f 11742 13059 11750
f 13059 13068 11751
f 13061 11750 11744
f 13061 11744 13070
f 13061 11745 13057
f 13061 13062 11735
f 13064 13065 13058
f 11745 13061 13063
f 13061 13070 13063
f 13064 13063 11746
f 13065 13064 11746
f 13064 13058 11737
f 11745 13064 13057
f 11747 11748 11740
f 13066 13067 11749
f 13066 11749 13074
f 13066 11750 11751
f 13066 13068 11741
f 11750 13066 11759
f 13066 13074 11760
f 13069 11759 11752
f 13069 11752 13076
f 13069 11753 13063
f 13069 13070 11744
f 13071 13072 11746
f 11753 13069 11762
f 13069 13076 11763
f 13071 11762 13078
f 13072 13071 11754
f 13072 11755 11746
f 11753 13071 13063
f 11757 11756 13067
f 11756 11757 11768
f 13073 11768 11758
f 13073 11758 13081
f 13073 11759 11760
f 13073 13074 11749
f 11756 13073 13067
f 11759 13073 11769
f 13073 13081 11770
f 13075 11769 11761
f 13075 11761 13083
f 13075 11762 11763
f 13075 13076 11752
f 11762 13075 13077
f 13075 13083 11773
f 13078 11764 11765
f 13079 13078 11765
f 13079 11766 11754
f 11767 11768 11757
f 13080 11054 13088
f 13080 11769 11770
f 13080 13081 11758
f 11769 13080 11775
f 13080 13088 11776
f 13082 11775 11771
f 13082 11771 13090
f 13082 11772 11773
f 13082 13083 11761
f 13084 13086 11765
f 11772 13082 13085
f 13082 13090 13085
f 13084 13085 11055
f 13086 13084 11778
f 13084 11765 11764
f 11772 13084 13077
f 12327 11774 11054
f 12327 11487 11774
f 13087 12851 11486
f 11486 11775 11776
f 11774 13087 11054
f 11775 11486 11489
f 11486 12854 11490
f 13089 11489 11491
f 13089 11491 12856
f 13089 11777 13085
f 13089 13090 11771
f 11777 13089 13092
f 13089 12856 13092
f 13094 13093 13318
f 13094 12205 11778
f 13094 11778 11055
f 13091 13094 11055
f 11777 13091 13085
f 13095 11780 11781
f 13096 11781 13104
f 13096 11782 11783
f 11780 13095 13310
f 11782 13096 13098
f 13096 13104 11792
f 13097 13098 13105
f 13097 13105 13106
f 13097 11784 13101
f 13097 13099 13314
f 13101 13102 13317
f 11784 13100 13101
f 11784 13097 13100
f 13097 13106 13100
f 13102 13107 11797
f 12200 11780 12202
f 11788 13103 11780
f 13103 11788 11790
f 13104 11790 13110
f 13104 11791 11792
f 13103 13104 11781
f 13104 13110 11802
f 13105 11791 11793
f 13106 11793 13112
f 13106 11794 13100
f 11791 13105 13098
f 13106 13112 11804
f 11794 11804 11795
f 13107 11795 11796
f 13107 11796 13114
f 13108 13107 13115
f 13108 11805 11797
f 11794 13107 11786
f 12128 11798 11789
f 13109 11798 11800
f 13110 11800 13119
f 13110 11801 11802
f 13109 13110 11790
f 11798 13109 11788
f 11801 13110 13111
f 13110 13119 11807
f 13112 13111 13120
f 13113 13120 13121
f 13113 11803 11804
f 11801 13112 11791
f 11803 13115 13114
f 11803 13113 11810
f 13113 13121 11810
f 13115 13116 13124
f 11803 13114 11796
f 12130 13117 12132
f 12130 11070 12135
f 13117 13118 13125
f 13119 13125 13127
f 13119 11806 11807
f 13117 13119 11800
f 12132 13117 11798
f 13119 13127 11813
f 13120 11806 11808
f 13121 11808 13129
f 13121 11809 11810
f 11806 13120 13111
f 11809 13123 13122
f 13123 13124 13116
f 13121 13129 11816
f 13124 13123 13131
f 11811 11821 13126
f 13125 13126 13132
f 13127 13132 13133
f 13127 11812 11813
f 11811 13125 13118
f 13127 13133 11824
f 13128 11812 11814
f 13129 11814 13135
f 13129 11815 11816
f 13128 13129 11808
f 11812 13128 11806
f 13130 13131 13123
f 13129 13135 11817
f 11815 11817 11818
f 13130 11818 13139
f 13131 13130 13139
f 11815 13123 11809
f 11821 12140 11820
f 13133 11822 13143
f 13133 11823 11824
f 11820 13132 13126
f 11823 13133 13134
f 13133 13143 11828
f 13135 13134 13144
f 13136 13144 13145
f 13136 11825 13135
f 11823 13135 11812
f 13135 13138 11817
f 11825 13137 13138
f 11825 13136 13137
f 13139 13140 13148
f 13138 13139 11818
f 13141 13142 11826
f 13143 11826 13150
f 13143 11827 11828
f 13141 13143 11822
f 13142 13141 13132
f 13143 13150 11836
f 13144 11827 13151
f 13145 13151 13152
f 13152 11829 13136
f 11827 13144 13134
f 11829 13147 13146
f 13147 13148 13140
f 13147 11830 13154
f 13148 13147 13154
f 13146 13140 13137
f 11832 11833 13142
f 13149 11833 11834
f 13150 11834 13157
f 13150 11835 11836
f 13149 13150 11826
f 11833 13149 13142
f 13151 11835 13152
f 13150 13157 11843
f 13152 11835 11837
f 13152 11837 13159
f 11835 13151 11827
f 13153 13155 13154
f 11838 13153 11829
f 13153 13159 11839
f 13155 11847 13154
f 13153 13154 11830
f 11840 12146 13156
f 13157 11841 13164
f 13157 11842 11843
f 13156 13157 11834
f 11840 13156 11833
f 13157 13164 11852
f 13158 11842 11844
f 13159 11844 13165
f 13158 13159 11837
f 11842 13158 11835
f 13160 13162 13161
f 13162 13163 13155
f 11845 13161 11839
f 11845 13160 13161
f 11845 13159 13160
f 13159 13165 11855
f 13162 13160 11846
f 13162 11846 13167
f 13163 13162 13167
f 13163 11847 13155
f 11848 11849 11858
f 13164 11850 13171
f 13164 11851 11852
f 11858 13164 11841
f 11848 11858 13156
f 11851 13164 11853
f 13164 13171 11861
f 13166 11853 13173
f 13166 11854 11855
f 11851 13165 11842
f 11854 13166 11864
f 13166 13173 11864
f 13167 13168 11867
f 11854 13167 11846
f 11857 11858 11849
f 11858 11859 13170
f 13169 13170 13176
f 13171 13176 13177
f 13171 11860 11861
f 13169 13171 11850
f 13171 13177 11872
f 13172 11860 11862
f 13173 11862 13178
f 13173 11863 11864
f 13172 13173 11853
f 11860 13172 11853
f 13174 13175 13168
f 13173 13178 11875
f 11863 11875 13174
f 13175 11866 11867
f 13174 13168 11856
f 12150 11868 11859
f 13176 11868 11870
f 13177 11870 13182
f 13177 11871 11872
f 11868 13176 13170
f 11871 13177 11873
f 13177 13182 11881
f 13179 11873 13184
f 13179 11874 11875
f 11871 13178 11860
f 11874 13180 13175
f 11874 13179 11884
f 13179 13184 11884
f 13180 11887 11877
f 11874 13175 11865
f 12152 11868 11869
f 11878 13181 11868
f 13181 11878 11879
f 13182 11879 13188
f 13182 11880 11881
f 13181 13182 11870
f 13182 13188 11892
f 13183 11880 11882
f 13184 11882 13189
f 13184 11883 11884
f 13183 13184 11873
f 11880 13183 11873
f 11883 11886 13185
f 11886 13186 13180
f 13184 13189 11885
f 11883 11885 11886
f 13186 11887 13180
f 13185 13180 11876
f 11888 11889 11878
f 12154 11071 11889
f 13187 11889 11890
f 13188 11890 13196
f 13188 11891 11892
f 13187 13188 11879
f 11889 13187 11878
f 11891 13188 11893
f 13188 13196 11898
f 13190 11893 13198
f 13190 11894 13189
f 11891 13189 11880
f 13191 13192 13186
f 13189 13191 11885
f 11894 11901 13191
f 11894 13190 11901
f 13190 13198 11901
f 13191 13186 11886
f 11896 13194 13193
f 13194 13195 13202
f 13196 13202 13203
f 13196 11897 11898
f 13194 13196 11890
f 13193 13194 11889
f 13196 13203 11908
f 13197 11897 11899
f 13198 11899 13205
f 13198 11900 11901
f 13197 13198 11893
f 11897 13197 11893
f 11900 13200 13199
f 13200 13201 13192
f 13198 13205 11911
f 13201 13200 11913
f 13201 11902 11903
f 13199 13192 11895
f 11904 11905 13195
f 13202 11905 11906
f 13203 11906 13208
f 13203 11907 11908
f 11905 13202 13195
f 13203 13208 11918
f 13204 11907 11909
f 13205 11909 13210
f 13205 11910 11911
f 13204 13205 11899
f 11907 13204 11897
f 11912 13206 13200
f 13205 13210 11920
f 11910 11920 11912
f 13206 11922 11913
f 11910 13200 11900
f 11914 11915 12158
f 13207 11915 11916
f 13208 11916 13215
f 13208 11917 11918
f 13207 13208 11906
f 11915 13207 11905
f 11917 13208 13209
f 13208 13215 11926
f 13210 13209 13216
f 13211 13216 13217
f 13211 11919 11920
f 11917 13210 11907
f 11919 13212 13206
f 11919 13211 11929
f 13211 13217 11929
f 11919 13206 11912
f 11923 13214 13213
f 13214 11923 11924
f 13215 11924 13222
f 13215 11925 11926
f 13214 13215 11916
f 13213 13214 11915
f 13215 13222 11934
f 13216 11925 11927
f 13217 11927 13224
f 13217 11928 11929
f 11925 13216 13209
f 11928 13219 13218
f 13219 13220 13212
f 13217 13224 11937
f 13220 13219 11941
f 13220 11940 11930
f 13218 13212 11921
f 12163 11931 11923
f 13221 11931 11932
f 13222 11932 13229
f 13222 11933 11934
f 13221 13222 11924
f 11931 13221 11923
f 13222 13229 11943
f 13223 11933 11935
f 13224 11935 13230
f 13224 11936 11937
f 13223 13224 11927
f 11933 13223 11925
f 11939 13225 13219
f 13224 13230 11938
f 11936 11938 11939
f 13225 11940 11941
f 11936 13219 11928
f 12166 13227 13226
f 13227 13228 13234
f 13229 13234 13235
f 13229 11942 11943
f 13227 13229 11932
f 13226 13227 11931
f 11942 13229 11944
f 13229 13235 11951
f 13231 11944 13237
f 13231 11945 13230
f 11942 13230 11933
f 13232 13233 13225
f 13230 13232 11938
f 11945 11954 13232
f 11945 13231 11954
f 13231 13237 11954
f 13232 13225 11939
f 11947 11948 13228
f 13234 11948 11949
f 13235 11949 13242
f 13235 11950 11951
f 11948 13234 13228
f 13235 13242 11961
f 13236 11950 11952
f 13237 11952 13243
f 13237 11953 11954
f 13236 13237 11944
f 11950 13236 11944
f 11953 13239 13238
f 13239 13240 13233
f 13237 13243 11955
f 13239 11953 11956
f 13239 11956 13246
f 13240 13239 13246
f 13240 11957 11958
f 13238 13233 11946
f 12171 11966 11072
f 13242 11959 13249
f 13242 11960 11961
f 13241 13242 11949
f 11966 13241 11948
f 11960 13242 11962
f 13242 13249 11970
f 13244 11962 13251
f 13244 11963 13243
f 11960 13243 11950
f 13245 13247 13246
f 13243 13245 11955
f 11963 11973 13245
f 11963 13244 11973
f 13244 13251 11973
f 13247 11965 13246
f 13245 13246 11956
f 11966 11967 13241
f 11967 12176 13248
f 13249 11968 13255
f 13249 11969 11970
f 13248 13249 11959
f 11967 13248 13241
f 13249 13255 11978
f 13250 11969 11971
f 13251 11971 13257
f 13251 11972 11973
f 13250 13251 11962
f 11969 13250 11962
f 11972 11974 13252
f 11974 13253 13247
f 13251 13257 11979
f 11972 11979 11974
f 13253 11981 13247
f 13252 13247 11964
f 13254 11975 11976
f 13255 11976 13262
f 13255 11977 11978
f 13254 13255 11968
f 11975 13254 13248
f 11977 13255 13256
f 13255 13262 11985
f 13257 13256 13263
f 13258 13263 13264
f 11977 13257 11969
f 13259 13260 13253
f 11979 11988 13259
f 11979 13258 11988
f 13258 13264 11988
f 13259 13253 11974
f 13261 11982 11983
f 13262 11983 13269
f 13262 11984 11985
f 13261 13262 11976
f 11982 13261 11975
f 13262 13269 11994
f 13263 11984 11986
f 13264 11986 13270
f 13264 11987 11988
f 11984 13263 13256
f 11987 13266 13265
f 13266 13267 13260
f 13264 13270 11997
f 13266 11987 11989
f 13266 11989 13272
f 13267 13266 13272
f 13265 13260 11980
f 11991 12183 13268
f 13269 11992 13274
f 13269 11993 11994
f 13268 13269 11983
f 11991 13268 11982
f 11993 13269 11995
f 13269 13274 12003
f 13271 11995 13276
f 13271 11996 11997
f 11993 13270 11984
f 11996 13273 13272
f 11996 13271 12006
f 13271 13276 12006
f 13273 12008 13272
f 11996 13272 11989
f 11999 12000 13280
f 13274 12001 13282
f 13274 12002 12003
f 13280 13274 11992
f 11999 13280 13268
f 13274 13282 12011
f 13275 12002 12004
f 13276 12004 13284
f 13276 12005 12006
f 13275 13276 11995
f 12002 13275 11995
f 12005 13278 13277
f 13278 13279 13273
f 13276 13284 12013
f 13278 12005 12007
f 13278 12007 13286
f 13279 13278 13286
f 13279 12008 13273
f 13277 13273 11998
f 12184 13280 12000
f 12186 13281 13280
f 13281 12186 12009
f 13282 12009 13290
f 13282 12010 12011
f 13281 13282 12001
f 12010 13282 13283
f 13282 13290 12016
f 13284 13283 13291
f 13285 13291 13292
f 13285 12012 12013
f 12010 13284 12002
f 12012 13285 12019
f 13285 13292 12019
f 13286 13287 13295
f 12012 13286 12007
f 12014 13288 12186
f 13288 12188 13289
f 13288 13289 13296
f 13290 13296 13298
f 13290 12015 12016
f 13288 13290 12009
f 13290 13298 12024
f 13291 12015 12017
f 13292 12017 13300
f 13292 12018 12019
f 12015 13291 13283
f 12018 13294 13293
f 13294 13295 13287
f 13292 13300 12025
f 13294 12018 12020
f 13294 12020 13303
f 13295 13294 13303
f 13296 13297 13304
f 13298 13304 13305
f 13298 12023 12024
f 13297 13296 13289
f 12023 13298 13299
f 13298 13305 12029
f 13300 13299 13306
f 13301 13306 13307
f 12023 13300 12015
f 12025 12032 13302
f 12025 13301 12032
f 13301 13307 12032
f 13303 12033 12036
f 13302 13303 12020
f 12190 12026 12022
f 12190 12037 12026
f 13304 12026 12027
f 13305 12027 13311
f 13305 12028 12029
f 12026 13304 13297
f 13305 13311 12038
f 13306 12028 12030
f 13307 12030 13313
f 13307 12031 12032
f 12028 13306 13299
f 12031 12033 13308
f 13307 13313 12040
f 12031 12040 12033
f 13309 12034 13316
f 13309 12035 12036
f 13308 12033 13302
f 12037 13320 12026
f 13311 13310 13095
f 13312 13095 13096
f 13320 13311 12026
f 12038 13312 11782
f 13312 13096 11783
f 13313 11782 13314
f 13314 12039 12040
f 12038 13313 12028
f 12039 13314 13315
f 13314 13099 13101
f 13315 13101 11785
f 12039 11785 13317
f 13316 13317 13102
f 12039 13316 12034
f 13319 13321 13320
f 11494 13319 13318
f 11494 12866 12867
f 13321 13319 12202
f 13321 11780 11779
f 13319 13320 12041
f 13318 13319 12041
