# Simplified by scripts/simplify-obj.py
v 0.001276 -0.084375 1.411887
v -0.000309 -0.084769 1.411652
v -0.000309 -0.083413 1.414371
v -0.000309 -0.083413 1.414371
v -0.000309 -0.084769 1.411652
v -0.001894 -0.084375 1.411888
v 0.010385 -0.089266 1.416122
v 0.013933 -0.076181 1.419681
v 0.010226 -0.089343 1.416190
v 0.010385 -0.089266 1.416122
v 0.010216 -0.089264 1.416010
v 0.013933 -0.076181 1.419681
v -0.000309 -0.060311 1.415617
v -0.000309 -0.060822 1.420998
v 0.003374 -0.060138 1.415876
v 0.012364 -0.060324 1.422322
v -0.000309 -0.060822 1.420998
v 0.011166 -0.061208 1.425203
v -0.014551 -0.076183 1.419682
v -0.011003 -0.089268 1.416122
v -0.010844 -0.089344 1.416191
v -0.011003 -0.089268 1.416122
v -0.014551 -0.076183 1.419682
v -0.010834 -0.089266 1.416011
v -0.005548 -0.079918 1.411795
v -0.005526 -0.090064 1.415604
v -0.010918 -0.077484 1.413681
v -0.009018 -0.089538 1.415788
v -0.013613 -0.076208 1.416623
v -0.014551 -0.076183 1.419682
v -0.010834 -0.089266 1.416011
v -0.014934 -0.064236 1.418275
v -0.015791 -0.064693 1.422322
v -0.013951 -0.076827 1.422570
v -0.010844 -0.089344 1.416191
v -0.014181 -0.066113 1.426502
v -0.010358 -0.079731 1.424647
v -0.009129 -0.089634 1.416125
v -0.011784 -0.061208 1.425203
v -0.015791 -0.064693 1.422322
v -0.012982 -0.060324 1.422322
v -0.008380 -0.062411 1.427828
v -0.000309 -0.060822 1.420998
v -0.004022 -0.063157 1.428727
v -0.000308 -0.072755 1.434657
v -0.000309 -0.060822 1.420998
v -0.000309 -0.063208 1.428963
v -0.000309 -0.060822 1.420998
v 0.003404 -0.063157 1.428727
v -0.000309 -0.060822 1.420998
v -0.005644 -0.090043 1.415927
v -0.007577 -0.089817 1.416020
v -0.009129 -0.089634 1.416125
v -0.003613 -0.090262 1.415861
v -0.001877 -0.090354 1.415840
v -0.000309 -0.090234 1.415849
v 0.001258 -0.090354 1.415840
v 0.002994 -0.090261 1.415861
v 0.005025 -0.090042 1.415927
v 0.009740 -0.079730 1.424647
v 0.006959 -0.089816 1.416020
v 0.008511 -0.089633 1.416124
v 0.007762 -0.062411 1.427828
v -0.000309 -0.060822 1.420998
v 0.013333 -0.076826 1.422569
v 0.008511 -0.089633 1.416124
v 0.011166 -0.061208 1.425203
v -0.000309 -0.060822 1.420998
v 0.013563 -0.066112 1.426501
v 0.015173 -0.064692 1.422321
v 0.012364 -0.060324 1.422322
v 0.015173 -0.064692 1.422321
v 0.013933 -0.076181 1.419681
v 0.010226 -0.089343 1.416190
v 0.014315 -0.064235 1.418274
v 0.012995 -0.076206 1.416622
v 0.010216 -0.089264 1.416010
v 0.008400 -0.089536 1.415787
v 0.010299 -0.077483 1.413680
v 0.004908 -0.090063 1.415604
v 0.004930 -0.079918 1.411795
v 0.003014 -0.090264 1.415525
v 0.001328 -0.090359 1.415473
v -0.000309 -0.080011 1.411173
v -0.000309 -0.090258 1.415460
v -0.003632 -0.090265 1.415526
v -0.005526 -0.090064 1.415604
v -0.005548 -0.079918 1.411795
v -0.000309 -0.060822 1.420998
v -0.000309 -0.060311 1.415617
v -0.003992 -0.060138 1.415876
v -0.000309 -0.060822 1.420998
v -0.012982 -0.060324 1.422322
v -0.011784 -0.061208 1.425203
v 0.008304 -0.080442 1.422755
v 0.008141 -0.083559 1.416777
v 0.009049 -0.082207 1.417734
v 0.009049 -0.082207 1.417734
v 0.008141 -0.083559 1.416777
v 0.012140 -0.084288 1.420572
v 0.009049 -0.082207 1.417734
v 0.010636 -0.079929 1.417843
v 0.008304 -0.080442 1.422755
v 0.012140 -0.084288 1.420572
v 0.010636 -0.079929 1.417843
v 0.009049 -0.082207 1.417734
v 0.008141 -0.083559 1.416777
v 0.005337 -0.085573 1.416511
v 0.005629 -0.089057 1.418804
v 0.010728 -0.079657 1.419189
v 0.009702 -0.081156 1.418067
v 0.008445 -0.077054 1.415235
v 0.010728 -0.079657 1.419189
v 0.011379 -0.081989 1.414209
v 0.009702 -0.081156 1.418067
v 0.005401 -0.086618 1.413510
v 0.005440 -0.085137 1.417372
v 0.008282 -0.083170 1.417864
v -0.008759 -0.083560 1.416777
v -0.008922 -0.080443 1.422755
v -0.009668 -0.082208 1.417734
v -0.008759 -0.083560 1.416777
v -0.009668 -0.082208 1.417734
v -0.012758 -0.084289 1.420573
v -0.011255 -0.079931 1.417844
v -0.009668 -0.082208 1.417734
v -0.008922 -0.080443 1.422755
v -0.011255 -0.079931 1.417844
v -0.012758 -0.084289 1.420573
v -0.009668 -0.082208 1.417734
v -0.006247 -0.089057 1.418804
v -0.005955 -0.085574 1.416511
v -0.008759 -0.083560 1.416777
v -0.010320 -0.081157 1.418067
v -0.011346 -0.079658 1.419189
v -0.008681 -0.077234 1.415224
v -0.011997 -0.081990 1.414209
v -0.011346 -0.079658 1.419189
v -0.010320 -0.081157 1.418067
v -0.008900 -0.083171 1.417864
v -0.006058 -0.085137 1.417372
v -0.006020 -0.086619 1.413510
v 0.013230 -0.061203 1.420006
v 0.012596 -0.054722 1.423412
v 0.013830 -0.054457 1.421284
v 0.008827 -0.054587 1.424673
v 0.012350 -0.067686 1.418468
v 0.004555 -0.054328 1.425094
v 0.010932 -0.073634 1.416412
v 0.001768 -0.054240 1.424696
v -0.000309 -0.054141 1.424299
v -0.000309 -0.061264 1.422916
v 0.008849 -0.078411 1.414458
v -0.000309 -0.068792 1.420938
v 0.006038 -0.081349 1.413233
v 0.008814 -0.074684 1.420076
v -0.000309 -0.077132 1.417779
v 0.003358 -0.082016 1.415177
v 0.003270 -0.083109 1.412466
v 0.001299 -0.083097 1.414623
v 0.001299 -0.083097 1.414623
v 0.001276 -0.084375 1.411887
v -0.000309 -0.083413 1.414371
v -0.000309 -0.083413 1.414371
v -0.001918 -0.083098 1.414623
v -0.000309 -0.068792 1.420938
v -0.003976 -0.082017 1.415177
v -0.000309 -0.061264 1.422916
v -0.000309 -0.054141 1.424299
v -0.002386 -0.054240 1.424696
v -0.005173 -0.054329 1.425094
v -0.009445 -0.054589 1.424674
v -0.013213 -0.054723 1.423412
v -0.013848 -0.061204 1.420007
v -0.014448 -0.054459 1.421285
v -0.012968 -0.067687 1.418468
v -0.011550 -0.073636 1.416412
v -0.009467 -0.078412 1.414459
v -0.009432 -0.074685 1.420076
v -0.006656 -0.081350 1.413233
v -0.003888 -0.083110 1.412467
v -0.001918 -0.083098 1.414623
v -0.001894 -0.084375 1.411888
v 0.001276 -0.084375 1.411887
v -0.000309 -0.081750 1.410762
v -0.000309 -0.084769 1.411652
v 0.003270 -0.083109 1.412466
v 0.006038 -0.081349 1.413233
v 0.008849 -0.078411 1.414458
v 0.010932 -0.073634 1.416412
v 0.012350 -0.067686 1.418468
v 0.013230 -0.061203 1.420006
v 0.013830 -0.054457 1.421284
v 0.012585 -0.054058 1.419368
v 0.008785 -0.053849 1.418734
v 0.004492 -0.053700 1.418744
v 0.001726 -0.053501 1.418757
v -0.000309 -0.053292 1.418771
v 0.009172 -0.075744 1.413481
v -0.002344 -0.053501 1.418757
v -0.005110 -0.053701 1.418744
v -0.009336 -0.077058 1.413123
v -0.009403 -0.053850 1.418735
v -0.001894 -0.084375 1.411888
v -0.000309 -0.084769 1.411652
v -0.003888 -0.083110 1.412467
v -0.006656 -0.081350 1.413233
v -0.009467 -0.078412 1.414459
v -0.011550 -0.073636 1.416412
v -0.012968 -0.067687 1.418468
v -0.013848 -0.061204 1.420007
v -0.014448 -0.054459 1.421285
v -0.013203 -0.054059 1.419368
v 0.009653 -0.089465 1.416197
v 0.010226 -0.089343 1.416190
v 0.013333 -0.076826 1.422569
v 0.009585 -0.089355 1.415887
v 0.012995 -0.076206 1.416622
v 0.010216 -0.089264 1.416010
v 0.008400 -0.089536 1.415787
v 0.010950 -0.063755 1.414468
v 0.014315 -0.064235 1.418274
v 0.012995 -0.076206 1.416622
v 0.010299 -0.077483 1.413680
v 0.005270 -0.063742 1.412702
v 0.004930 -0.079918 1.411795
v -0.000309 -0.063387 1.411838
v -0.000309 -0.080011 1.411173
v 0.006818 -0.089772 1.415698
v 0.010299 -0.077483 1.413680
v 0.008400 -0.089536 1.415787
v 0.004908 -0.090063 1.415604
v 0.003374 -0.060138 1.415876
v -0.000309 -0.063387 1.411838
v -0.000309 -0.060311 1.415617
v 0.005270 -0.063742 1.412702
v 0.008064 -0.059743 1.417018
v -0.000309 -0.060822 1.420998
v 0.010950 -0.063755 1.414468
v 0.011241 -0.060141 1.419258
v -0.000309 -0.060822 1.420998
v 0.014315 -0.064235 1.418274
v 0.015173 -0.064692 1.422321
v 0.012364 -0.060324 1.422322
v -0.000309 -0.060822 1.420998
v -0.010271 -0.089466 1.416198
v -0.013951 -0.076827 1.422570
v -0.010844 -0.089344 1.416191
v -0.010203 -0.089356 1.415888
v -0.010834 -0.089266 1.416011
v -0.013613 -0.076208 1.416623
v -0.009018 -0.089538 1.415788
v -0.013613 -0.076208 1.416623
v -0.014934 -0.064236 1.418275
v -0.011568 -0.063756 1.414468
v -0.010918 -0.077484 1.413681
v -0.005888 -0.063742 1.412702
v -0.005548 -0.079918 1.411795
v -0.000309 -0.063387 1.411838
v -0.000309 -0.080011 1.411173
v -0.007436 -0.089773 1.415698
v -0.009018 -0.089538 1.415788
v -0.010918 -0.077484 1.413681
v -0.005526 -0.090064 1.415604
v -0.000309 -0.090258 1.415460
v -0.001946 -0.090359 1.415473
v -0.000309 -0.080011 1.411173
v -0.005548 -0.079918 1.411795
v -0.003632 -0.090265 1.415526
v -0.003992 -0.060138 1.415876
v -0.000309 -0.060311 1.415617
v -0.000309 -0.063387 1.411838
v -0.005888 -0.063742 1.412702
v -0.008682 -0.059743 1.417018
v -0.000309 -0.060822 1.420998
v -0.011568 -0.063756 1.414468
v -0.011859 -0.060142 1.419258
v -0.000309 -0.060822 1.420998
v -0.014934 -0.064236 1.418275
v -0.015791 -0.064693 1.422322
v -0.012982 -0.060324 1.422322
v -0.000309 -0.060822 1.420998
v -0.000309 -0.089102 1.426973
v -0.000309 -0.085320 1.420419
v 0.004645 -0.084205 1.420890
v 0.005846 -0.087972 1.427236
v 0.010802 -0.084013 1.428421
v 0.008304 -0.080442 1.422755
v 0.013381 -0.077212 1.430563
v 0.010728 -0.075087 1.425282
v 0.012011 -0.068703 1.428517
v 0.013915 -0.068820 1.432884
v 0.017683 -0.079668 1.429322
v 0.021755 -0.071258 1.431253
v 0.018984 -0.071978 1.425482
v 0.015976 -0.078594 1.422836
v 0.013340 -0.087253 1.426260
v 0.012140 -0.084288 1.420572
v 0.006933 -0.091725 1.424915
v 0.010636 -0.079929 1.417843
v 0.012891 -0.076042 1.420250
v 0.014928 -0.069104 1.421913
v 0.016229 -0.067606 1.424494
v 0.021755 -0.071258 1.431253
v 0.018830 -0.066278 1.433086
v 0.005629 -0.089057 1.418804
v 0.008141 -0.083559 1.416777
v -0.000309 -0.093200 1.424385
v -0.000309 -0.089457 1.418370
v 0.004132 -0.085863 1.416740
v -0.000309 -0.086782 1.415818
v 0.005337 -0.085573 1.416511
v 0.018830 -0.066278 1.433086
v 0.013915 -0.068820 1.432884
v 0.012011 -0.068703 1.428517
v 0.016229 -0.067606 1.424494
v 0.014928 -0.069104 1.421913
v 0.010728 -0.075087 1.425282
v 0.012891 -0.076042 1.420250
v 0.008304 -0.080442 1.422755
v 0.010636 -0.079929 1.417843
v 0.004645 -0.084205 1.420890
v 0.004132 -0.085863 1.416740
v 0.005337 -0.085573 1.416511
v -0.000309 -0.085320 1.420419
v -0.000309 -0.086782 1.415818
v 0.008141 -0.083559 1.416777
v 0.008304 -0.080442 1.422755
v 0.005337 -0.085573 1.416511
v -0.000309 -0.082443 1.414011
v -0.000309 -0.081313 1.406384
v 0.005708 -0.080393 1.407043
v 0.004965 -0.081081 1.414435
v 0.010761 -0.076462 1.408517
v 0.008445 -0.077054 1.415235
v 0.013381 -0.069839 1.411178
v 0.010728 -0.071430 1.416649
v 0.012011 -0.064422 1.418083
v 0.013915 -0.061816 1.414567
v 0.021755 -0.064741 1.414347
v 0.017683 -0.072538 1.410641
v 0.018984 -0.068872 1.418448
v 0.015290 -0.076761 1.415882
v 0.013028 -0.080202 1.407828
v 0.011379 -0.081989 1.414209
v 0.006389 -0.084942 1.406339
v 0.012498 -0.078528 1.419384
v 0.010728 -0.079657 1.419189
v 0.014928 -0.068815 1.423031
v 0.016229 -0.066044 1.421929
v 0.021755 -0.064741 1.414347
v 0.018830 -0.059696 1.415990
v 0.005401 -0.086618 1.413510
v -0.000309 -0.086156 1.406058
v -0.000309 -0.087032 1.413193
v 0.008282 -0.083170 1.417864
v 0.009702 -0.081156 1.418067
v 0.004192 -0.085290 1.417138
v 0.005440 -0.085137 1.417372
v -0.000309 -0.086434 1.416866
v 0.012011 -0.064422 1.418083
v 0.013915 -0.061816 1.414567
v 0.018830 -0.059696 1.415990
v 0.016229 -0.066044 1.421929
v 0.014928 -0.068815 1.423031
v 0.010728 -0.071430 1.416649
v 0.012498 -0.078528 1.419384
v 0.008445 -0.077054 1.415235
v 0.010728 -0.079657 1.419189
v 0.004192 -0.085290 1.417138
v 0.004965 -0.081081 1.414435
v 0.005440 -0.085137 1.417372
v -0.000309 -0.082443 1.414011
v -0.000309 -0.086434 1.416866
v 0.008282 -0.083170 1.417864
v 0.005440 -0.085137 1.417372
v 0.008445 -0.077054 1.415235
v 0.009702 -0.081156 1.418067
v -0.005263 -0.084205 1.420890
v -0.000309 -0.085320 1.420419
v -0.000309 -0.089102 1.426973
v -0.006464 -0.087973 1.427236
v -0.011420 -0.084013 1.428422
v -0.008922 -0.080443 1.422755
v -0.013999 -0.077213 1.430563
v -0.011346 -0.075089 1.425283
v -0.012629 -0.068704 1.428518
v -0.014533 -0.068821 1.432885
v -0.018301 -0.079669 1.429322
v -0.019602 -0.071979 1.425482
v -0.022373 -0.071259 1.431254
v -0.016594 -0.078595 1.422837
v -0.013958 -0.087254 1.426261
v -0.012758 -0.084289 1.420573
v -0.007551 -0.091725 1.424915
v -0.011255 -0.079931 1.417844
v -0.013509 -0.076044 1.420250
v -0.015546 -0.069105 1.421914
v -0.016847 -0.067607 1.424495
v -0.022373 -0.071259 1.431254
v -0.019448 -0.066279 1.433087
v -0.006247 -0.089057 1.418804
v -0.008759 -0.083560 1.416777
v -0.000309 -0.093200 1.424385
v -0.000309 -0.089457 1.418370
v -0.004751 -0.085863 1.416740
v -0.000309 -0.086782 1.415818
v -0.005955 -0.085574 1.416511
v -0.012629 -0.068704 1.428518
v -0.014533 -0.068821 1.432885
v -0.019448 -0.066279 1.433087
v -0.016847 -0.067607 1.424495
v -0.015546 -0.069105 1.421914
v -0.011346 -0.075089 1.425283
v -0.013509 -0.076044 1.420250
v -0.008922 -0.080443 1.422755
v -0.011255 -0.079931 1.417844
v -0.004751 -0.085863 1.416740
v -0.005263 -0.084205 1.420890
v -0.005955 -0.085574 1.416511
v -0.000309 -0.085320 1.420419
v -0.000309 -0.086782 1.415818
v -0.008759 -0.083560 1.416777
v -0.008922 -0.080443 1.422755
v -0.005955 -0.085574 1.416511
v -0.000309 -0.081313 1.406384
v -0.000309 -0.082443 1.414011
v -0.006326 -0.080394 1.407043
v -0.005583 -0.081081 1.414435
v -0.011379 -0.076463 1.408517
v -0.008681 -0.077234 1.415224
v -0.013999 -0.069840 1.411179
v -0.011346 -0.071431 1.416650
v -0.012629 -0.064423 1.418083
v -0.014533 -0.061818 1.414568
v -0.018301 -0.072539 1.410641
v -0.022373 -0.064742 1.414347
v -0.019602 -0.068873 1.418449
v -0.015908 -0.076762 1.415882
v -0.013646 -0.080203 1.407828
v -0.011997 -0.081990 1.414209
v -0.007007 -0.084943 1.406339
v -0.013116 -0.078529 1.419385
v -0.011346 -0.079658 1.419189
v -0.015546 -0.068816 1.423031
v -0.016847 -0.066046 1.421930
v -0.022373 -0.064742 1.414347
v -0.019448 -0.059697 1.415991
v -0.006020 -0.086619 1.413510
v -0.000309 -0.086156 1.406058
v -0.000309 -0.087032 1.413193
v -0.008900 -0.083171 1.417864
v -0.010320 -0.081157 1.418067
v -0.004811 -0.085290 1.417138
v -0.000309 -0.086434 1.416866
v -0.006058 -0.085137 1.417372
v -0.019448 -0.059697 1.415991
v -0.014533 -0.061818 1.414568
v -0.012629 -0.064423 1.418083
v -0.016847 -0.066046 1.421930
v -0.015546 -0.068816 1.423031
v -0.011346 -0.071431 1.416650
v -0.013116 -0.078529 1.419385
v -0.008681 -0.077234 1.415224
v -0.011346 -0.079658 1.419189
v -0.005583 -0.081081 1.414435
v -0.004811 -0.085290 1.417138
v -0.006058 -0.085137 1.417372
v -0.000309 -0.082443 1.414011
v -0.000309 -0.086434 1.416866
v -0.006058 -0.085137 1.417372
v -0.008900 -0.083171 1.417864
v -0.008681 -0.077234 1.415224
v -0.010320 -0.081157 1.418067
v 0.059406 -0.059190 1.487246
v 0.061109 -0.064236 1.482511
v 0.066739 -0.053278 1.479772
v 0.066739 -0.053278 1.479772
v 0.061109 -0.064236 1.482511
v 0.063030 -0.062646 1.479466
v 0.020255 -0.072266 1.472155
v 0.028188 -0.075985 1.468884
v 0.026561 -0.076611 1.471620
v 0.021004 -0.073173 1.478583
v 0.020255 -0.072266 1.472155
v 0.026204 -0.076870 1.473838
v 0.026204 -0.076870 1.473838
v 0.020255 -0.072266 1.472155
v 0.026561 -0.076611 1.471620
v 0.063636 -0.053170 1.471087
v 0.066739 -0.053278 1.479772
v 0.062648 -0.062616 1.475491
v 0.066739 -0.053278 1.479772
v 0.063030 -0.062646 1.479466
v 0.062648 -0.062616 1.475491
v -0.060024 -0.059190 1.487247
v -0.067358 -0.053278 1.479774
v -0.061727 -0.064236 1.482512
v -0.063649 -0.062646 1.479468
v -0.061727 -0.064236 1.482512
v -0.067358 -0.053278 1.479774
v -0.028806 -0.075985 1.468884
v -0.020873 -0.072266 1.472155
v -0.027179 -0.076611 1.471620
v -0.021622 -0.073173 1.478583
v -0.026822 -0.076870 1.473838
v -0.020873 -0.072266 1.472155
v -0.020873 -0.072266 1.472155
v -0.026822 -0.076870 1.473838
v -0.027179 -0.076611 1.471620
v -0.064254 -0.053170 1.471088
v -0.063267 -0.062616 1.475492
v -0.067358 -0.053278 1.479774
v -0.063649 -0.062646 1.479468
v -0.067358 -0.053278 1.479774
v -0.063267 -0.062616 1.475492
v 0.057895 -0.066677 1.485070
v 0.061109 -0.064236 1.482511
v 0.059406 -0.059190 1.487246
v 0.054391 -0.069220 1.486998
v 0.049729 -0.064458 1.491762
v 0.050262 -0.071904 1.488284
v 0.045169 -0.074751 1.488672
v 0.036414 -0.071208 1.492772
v 0.039854 -0.077049 1.487950
v 0.035066 -0.078108 1.486293
v 0.025736 -0.074777 1.489615
v 0.031161 -0.078225 1.483432
v 0.028512 -0.077746 1.479975
v 0.021004 -0.073173 1.478583
v 0.025861 -0.070424 1.464484
v 0.028188 -0.075985 1.468884
v 0.020255 -0.072266 1.472155
v 0.031121 -0.075308 1.466261
v 0.035395 -0.074896 1.464342
v 0.037396 -0.067027 1.459538
v 0.040172 -0.074177 1.462879
v 0.044624 -0.072591 1.461822
v 0.048054 -0.063506 1.457112
v 0.048920 -0.070408 1.461783
v 0.053245 -0.067885 1.463339
v 0.057994 -0.054904 1.464639
v 0.056937 -0.065646 1.465862
v 0.059349 -0.064299 1.468657
v 0.063636 -0.053170 1.471087
v 0.026924 -0.077137 1.476542
v 0.021004 -0.073173 1.478583
v 0.026204 -0.076870 1.473838
v 0.028512 -0.077746 1.479975
v 0.061062 -0.063433 1.471918
v 0.063636 -0.053170 1.471087
v 0.062648 -0.062616 1.475491
v 0.059349 -0.064299 1.468657
v -0.058513 -0.066677 1.485071
v -0.060024 -0.059190 1.487247
v -0.061727 -0.064236 1.482512
v -0.050348 -0.064458 1.491762
v -0.055009 -0.069220 1.486998
v -0.050881 -0.071904 1.488284
v -0.045788 -0.074751 1.488672
v -0.037032 -0.071208 1.492771
v -0.040472 -0.077049 1.487949
v -0.035684 -0.078108 1.486293
v -0.026355 -0.074777 1.489615
v -0.031779 -0.078225 1.483432
v -0.029130 -0.077746 1.479974
v -0.021622 -0.073173 1.478583
v -0.026480 -0.070424 1.464484
v -0.020873 -0.072266 1.472155
v -0.028806 -0.075985 1.468884
v -0.031739 -0.075308 1.466261
v -0.036013 -0.074896 1.464343
v -0.038014 -0.067027 1.459538
v -0.040791 -0.074177 1.462879
v -0.045243 -0.072591 1.461822
v -0.048672 -0.063506 1.457113
v -0.049538 -0.070408 1.461784
v -0.053863 -0.067885 1.463340
v -0.058612 -0.054904 1.464640
v -0.057555 -0.065646 1.465862
v -0.059967 -0.064299 1.468658
v -0.064254 -0.053170 1.471088
v -0.027542 -0.077137 1.476541
v -0.026822 -0.076870 1.473838
v -0.021622 -0.073173 1.478583
v -0.029130 -0.077746 1.479974
v -0.061680 -0.063433 1.471919
v -0.063267 -0.062616 1.475492
v -0.064254 -0.053170 1.471088
v -0.059967 -0.064299 1.468658
v 0.048054 -0.063506 1.457112
v 0.040284 -0.062179 1.477782
v 0.057994 -0.054904 1.464639
v 0.037396 -0.067027 1.459538
v 0.063636 -0.053170 1.471087
v 0.025861 -0.070424 1.464484
v 0.066739 -0.053278 1.479772
v 0.020255 -0.072266 1.472155
v 0.059406 -0.059190 1.487246
v 0.021004 -0.073173 1.478583
v 0.049729 -0.064458 1.491762
v 0.025736 -0.074777 1.489615
v 0.036414 -0.071208 1.492772
v -0.040902 -0.062179 1.477782
v -0.048672 -0.063506 1.457113
v -0.058612 -0.054904 1.464640
v -0.038014 -0.067027 1.459538
v -0.064254 -0.053170 1.471088
v -0.026480 -0.070424 1.464484
v -0.067358 -0.053278 1.479774
v -0.020873 -0.072266 1.472155
v -0.060024 -0.059190 1.487247
v -0.021622 -0.073173 1.478583
v -0.050348 -0.064458 1.491762
v -0.026355 -0.074777 1.489615
v -0.037032 -0.071208 1.492771
v 0.065388 -0.062944 1.476411
v 0.062745 -0.062763 1.475664
v 0.063055 -0.062859 1.479459
v -0.063868 -0.063711 1.472685
v -0.063363 -0.062763 1.475665
v -0.061833 -0.063494 1.472245
v 0.062745 -0.062763 1.475664
v 0.063250 -0.063711 1.472683
v 0.061214 -0.063494 1.472244
v -0.063673 -0.062859 1.479460
v -0.063363 -0.062763 1.475665
v -0.066006 -0.062943 1.476413
v 0.028368 -0.076500 1.468997
v 0.025360 -0.078689 1.471089
v 0.026357 -0.077434 1.471728
v 0.024145 -0.080942 1.469994
v 0.031113 -0.075689 1.466635
v 0.035321 -0.075110 1.464756
v 0.022493 -0.085195 1.467988
v 0.040115 -0.074229 1.463269
v 0.030849 -0.077237 1.465914
v 0.020623 -0.090448 1.465525
v 0.024611 -0.089258 1.462250
v 0.029249 -0.087744 1.459353
v 0.035181 -0.085564 1.456959
v 0.041765 -0.083336 1.455278
v 0.048368 -0.081678 1.454606
v 0.043302 -0.075051 1.460993
v 0.044627 -0.072513 1.462153
v 0.054963 -0.079661 1.454900
v 0.048970 -0.070262 1.462091
v 0.053277 -0.067764 1.463727
v 0.056690 -0.066589 1.464795
v 0.056928 -0.065554 1.466331
v 0.061544 -0.076344 1.456125
v 0.059321 -0.064151 1.469102
v 0.067230 -0.072789 1.458228
v 0.061087 -0.063157 1.472052
v 0.062407 -0.063433 1.471594
v 0.064707 -0.064143 1.470478
v 0.071156 -0.070043 1.461137
v 0.068965 -0.065708 1.467840
v 0.074202 -0.067701 1.464440
v -0.022946 -0.081820 1.478376
v -0.025236 -0.079248 1.478219
v -0.028242 -0.078912 1.480638
v -0.019971 -0.084424 1.480000
v -0.031616 -0.078540 1.483142
v -0.035730 -0.078098 1.485897
v -0.015626 -0.087093 1.484555
v -0.018064 -0.088855 1.495028
v -0.010596 -0.089794 1.490575
v -0.025467 -0.087612 1.499002
v -0.044141 -0.076954 1.489973
v -0.040481 -0.076997 1.487793
v -0.032743 -0.085762 1.502100
v -0.045786 -0.074695 1.488598
v -0.050881 -0.071858 1.488213
v -0.031398 -0.081289 1.486609
v -0.040357 -0.083175 1.504134
v -0.060249 -0.067438 1.486538
v -0.055010 -0.069174 1.486929
v -0.048796 -0.079772 1.505792
v -0.058513 -0.066670 1.485002
v -0.041824 -0.079950 1.494046
v -0.057736 -0.075359 1.506094
v -0.061727 -0.064358 1.482444
v -0.066861 -0.069770 1.504454
v -0.063673 -0.062859 1.479460
v -0.066537 -0.063117 1.480270
v -0.076084 -0.063540 1.500665
v -0.085314 -0.057193 1.494282
v -0.070289 -0.063044 1.484878
v -0.094545 -0.050779 1.486443
v -0.088920 -0.054489 1.476078
v -0.083313 -0.058267 1.466541
v -0.077745 -0.062189 1.458819
v -0.066006 -0.062943 1.476413
v -0.063673 -0.062859 1.479460
v -0.072198 -0.066189 1.452086
v -0.066165 -0.065982 1.458337
v -0.061402 -0.065782 1.463206
v -0.063868 -0.063711 1.472685
v -0.063363 -0.062763 1.475665
v -0.066612 -0.063323 1.472835
v -0.061833 -0.063494 1.472245
v -0.059176 -0.065596 1.465312
v -0.060077 -0.064405 1.468977
v -0.058148 -0.065387 1.466210
v 0.063055 -0.062859 1.479459
v 0.065919 -0.063117 1.480268
v 0.065388 -0.062944 1.476411
v 0.063250 -0.063711 1.472683
v 0.062745 -0.062763 1.475664
v 0.061214 -0.063494 1.472244
v 0.059459 -0.064405 1.468976
v 0.058558 -0.065596 1.465311
v 0.057530 -0.065387 1.466209
v 0.060783 -0.065782 1.463205
v 0.065547 -0.065982 1.458336
v 0.071580 -0.066189 1.452086
v 0.077127 -0.062189 1.458818
v 0.063805 -0.064297 1.469783
v 0.082695 -0.058267 1.466540
v 0.088302 -0.054489 1.476077
v 0.093927 -0.050779 1.486441
v 0.084696 -0.057193 1.494281
v 0.075466 -0.063540 1.500664
v 0.071826 -0.061286 1.480472
v 0.066243 -0.069770 1.504453
v 0.061998 -0.066688 1.485992
v 0.063055 -0.062859 1.479459
v 0.061109 -0.064358 1.482443
v 0.057118 -0.075359 1.506094
v 0.057895 -0.066670 1.485001
v 0.048178 -0.079772 1.505792
v 0.054391 -0.069174 1.486929
v 0.039739 -0.083175 1.504135
v 0.048581 -0.075051 1.490871
v 0.050262 -0.071858 1.488213
v 0.047722 -0.078719 1.500269
v 0.032124 -0.085762 1.502101
v 0.045167 -0.074695 1.488599
v 0.039863 -0.076997 1.487793
v 0.024849 -0.087612 1.499002
v 0.035111 -0.078098 1.485897
v 0.017446 -0.088855 1.495028
v 0.030998 -0.078540 1.483142
v 0.027623 -0.078912 1.480639
v 0.030407 -0.081813 1.487104
v 0.015008 -0.087093 1.484555
v 0.009978 -0.089794 1.490576
v 0.019353 -0.084424 1.480000
v 0.022328 -0.081820 1.478376
v 0.024617 -0.079248 1.478219
v -0.025978 -0.078689 1.471089
v -0.028986 -0.076500 1.468997
v -0.026975 -0.077434 1.471728
v -0.024763 -0.080942 1.469995
v -0.030818 -0.077163 1.466599
v -0.031731 -0.075689 1.466635
v -0.035939 -0.075110 1.464756
v -0.023111 -0.085195 1.467988
v -0.040733 -0.074229 1.463269
v -0.021241 -0.090448 1.465525
v -0.025230 -0.089258 1.462250
v -0.029868 -0.087744 1.459354
v -0.035800 -0.085564 1.456959
v -0.042384 -0.083336 1.455278
v -0.048986 -0.081678 1.454607
v -0.037247 -0.076897 1.463029
v -0.045245 -0.072513 1.462153
v -0.060271 -0.068879 1.462318
v -0.055581 -0.079661 1.454900
v -0.050189 -0.071184 1.461575
v -0.049589 -0.070262 1.462091
v -0.053895 -0.067764 1.463728
v -0.057546 -0.065554 1.466332
v -0.062162 -0.076344 1.456125
v -0.059939 -0.064151 1.469103
v -0.067848 -0.072789 1.458229
v -0.058697 -0.066164 1.465423
v -0.061705 -0.063157 1.472053
v -0.063025 -0.063433 1.471595
v -0.065326 -0.064143 1.470480
v -0.071774 -0.070043 1.461138
v -0.069584 -0.065708 1.467841
v -0.074820 -0.067701 1.464441
v 0.066128 -0.063884 1.475659
v 0.062883 -0.062711 1.475642
v 0.063347 -0.062702 1.479532
v -0.063965 -0.062702 1.479534
v -0.063502 -0.062711 1.475644
v -0.066746 -0.063884 1.475660
v -0.079955 -0.071016 1.488661
v -0.077731 -0.066436 1.481579
v -0.087422 -0.066116 1.483554
v -0.071718 -0.065057 1.480344
v -0.072611 -0.075700 1.493155
v -0.067414 -0.063839 1.479773
v -0.065519 -0.079968 1.496738
v -0.063965 -0.062702 1.479534
v -0.062009 -0.064357 1.482604
v -0.058601 -0.083890 1.499312
v -0.066654 -0.067988 1.484702
v -0.058733 -0.066850 1.485239
v -0.051775 -0.087523 1.500535
v -0.055232 -0.069319 1.487234
v -0.049866 -0.079109 1.491792
v -0.051095 -0.071847 1.488560
v -0.045911 -0.074504 1.488945
v -0.040537 -0.076722 1.488120
v -0.037305 -0.084242 1.489703
v -0.035844 -0.077956 1.486207
v -0.044221 -0.090598 1.499772
v -0.031786 -0.078589 1.483441
v -0.035129 -0.092871 1.496782
v -0.028333 -0.079051 1.480938
v -0.026550 -0.094273 1.492719
v -0.025183 -0.079425 1.478526
v -0.023599 -0.082592 1.479502
v -0.021640 -0.086103 1.481044
v -0.020550 -0.094786 1.489619
v -0.018928 -0.090305 1.483718
v -0.015839 -0.094852 1.486958
v 0.063347 -0.062702 1.479532
v 0.066796 -0.063839 1.479772
v 0.066128 -0.063884 1.475659
v 0.070259 -0.065166 1.475700
v 0.071100 -0.065057 1.480342
v 0.073345 -0.065998 1.475587
v 0.077112 -0.066436 1.481577
v 0.082959 -0.068283 1.475905
v 0.086804 -0.066116 1.483552
v 0.078856 -0.070364 1.468772
v 0.074240 -0.072267 1.462551
v 0.066128 -0.063884 1.475659
v 0.069372 -0.074082 1.456837
v 0.065423 -0.071256 1.460594
v 0.061992 -0.068764 1.463693
v 0.065618 -0.066306 1.470520
v 0.062883 -0.062711 1.475642
v 0.061198 -0.063605 1.472238
v 0.059596 -0.066940 1.465475
v 0.059465 -0.064516 1.469200
v 0.057581 -0.065568 1.466831
v -0.060215 -0.066940 1.465476
v -0.060083 -0.064516 1.469200
v -0.058200 -0.065568 1.466832
v -0.061816 -0.063605 1.472239
v -0.062610 -0.068764 1.463694
v -0.066052 -0.066340 1.470347
v -0.063502 -0.062711 1.475644
v -0.066746 -0.063884 1.475660
v -0.066041 -0.071256 1.460595
v -0.070878 -0.065166 1.475701
v -0.069990 -0.074081 1.456838
v -0.074858 -0.072267 1.462552
v -0.071025 -0.065283 1.475535
v -0.079475 -0.070364 1.468774
v -0.083577 -0.068283 1.475907
v -0.077731 -0.066436 1.481579
v -0.087422 -0.066116 1.483554
v -0.071718 -0.065057 1.480344
v -0.067414 -0.063839 1.479773
v -0.066746 -0.063884 1.475660
v -0.063965 -0.062702 1.479534
v 0.077112 -0.066436 1.481577
v 0.079337 -0.071016 1.488660
v 0.086804 -0.066116 1.483552
v 0.071993 -0.075700 1.493154
v 0.071100 -0.065057 1.480342
v 0.064901 -0.079968 1.496737
v 0.066796 -0.063839 1.479772
v 0.057983 -0.083890 1.499312
v 0.063347 -0.062702 1.479532
v 0.061390 -0.064357 1.482603
v 0.058115 -0.066850 1.485238
v 0.051157 -0.087523 1.500535
v 0.065871 -0.067903 1.484641
v 0.054614 -0.069319 1.487234
v 0.050227 -0.078722 1.491733
v 0.050477 -0.071847 1.488560
v 0.045292 -0.074504 1.488945
v 0.039919 -0.076722 1.488121
v 0.035226 -0.077956 1.486207
v 0.043603 -0.090598 1.499773
v 0.031167 -0.078589 1.483442
v 0.034511 -0.092871 1.496782
v 0.027715 -0.079051 1.480939
v 0.025932 -0.094273 1.492720
v 0.034810 -0.084487 1.488664
v 0.024564 -0.079425 1.478526
v 0.022981 -0.082592 1.479502
v 0.021021 -0.086103 1.481044
v 0.019932 -0.094786 1.489619
v 0.018309 -0.090305 1.483718
v 0.015221 -0.094852 1.486958
v 0.019916 -0.090966 1.499718
v 0.027444 -0.088021 1.494335
v 0.021809 -0.089583 1.492756
v 0.033113 -0.086443 1.495805
v 0.017970 -0.092445 1.506909
v 0.038848 -0.084835 1.497060
v 0.015916 -0.094117 1.514559
v 0.044311 -0.083128 1.498053
v 0.013808 -0.095885 1.522439
v 0.020844 -0.094390 1.525093
v 0.027785 -0.092745 1.527477
v 0.049162 -0.081259 1.498737
v 0.034534 -0.090800 1.529321
v 0.053754 -0.079154 1.499214
v 0.041016 -0.088567 1.530731
v 0.046450 -0.085446 1.512749
v 0.058437 -0.076743 1.499584
v 0.047154 -0.086056 1.531810
v 0.052997 -0.083206 1.532518
v 0.058591 -0.079955 1.532815
v 0.063462 -0.073791 1.499834
v 0.064281 -0.076234 1.532754
v 0.070411 -0.071975 1.532392
v 0.076761 -0.067446 1.531878
v 0.076542 -0.067152 1.522721
v 0.076211 -0.066819 1.514157
v 0.069077 -0.070065 1.499947
v 0.075655 -0.066405 1.506779
v 0.074988 -0.065952 1.499994
v -0.020534 -0.090966 1.499717
v -0.022427 -0.089583 1.492756
v -0.028063 -0.088021 1.494334
v -0.018588 -0.092445 1.506909
v -0.033731 -0.086443 1.495805
v -0.016534 -0.094117 1.514559
v -0.039466 -0.084835 1.497060
v -0.014426 -0.095885 1.522439
v -0.021463 -0.094390 1.525093
v -0.044929 -0.083128 1.498053
v -0.028403 -0.092745 1.527477
v -0.049781 -0.081259 1.498737
v -0.035152 -0.090800 1.529321
v -0.054372 -0.079154 1.499214
v -0.047068 -0.085447 1.512757
v -0.041634 -0.088567 1.530730
v -0.059056 -0.076743 1.499584
v -0.047773 -0.086056 1.531810
v -0.053616 -0.083206 1.532518
v -0.059210 -0.079955 1.532815
v -0.064080 -0.073791 1.499833
v -0.064899 -0.076234 1.532754
v -0.071029 -0.071975 1.532391
v -0.077379 -0.067446 1.531877
v -0.077160 -0.067152 1.522721
v -0.076829 -0.066818 1.514157
v -0.069695 -0.070065 1.499947
v -0.076274 -0.066405 1.506778
v -0.075606 -0.065952 1.499993
v 0.050019 -0.069894 1.460667
v 0.046113 -0.072141 1.458579
v 0.053208 -0.068027 1.464057
v 0.041844 -0.073965 1.457911
v 0.055594 -0.066706 1.468423
v 0.037566 -0.074564 1.458783
v 0.057091 -0.066099 1.473444
v 0.033465 -0.074738 1.460863
v 0.057527 -0.066357 1.478804
v 0.029725 -0.075284 1.463818
v 0.026803 -0.075972 1.467507
v 0.025156 -0.076572 1.471793
v 0.024699 -0.077225 1.476608
v 0.025346 -0.078073 1.481887
v 0.027016 -0.078463 1.487042
v 0.029628 -0.078898 1.491497
v 0.033105 -0.079113 1.494883
v 0.037369 -0.079158 1.496834
v 0.041834 -0.077643 1.497470
v 0.045914 -0.075693 1.496936
v 0.036489 -0.074912 1.478812
v 0.049521 -0.073553 1.495317
v 0.052563 -0.071470 1.492698
v 0.054985 -0.069483 1.489011
v 0.056732 -0.067632 1.484186
v -0.050637 -0.069894 1.460667
v -0.053826 -0.068027 1.464056
v -0.046731 -0.072141 1.458579
v -0.056212 -0.066706 1.468423
v -0.042462 -0.073965 1.457911
v -0.057709 -0.066099 1.473444
v -0.038184 -0.074564 1.458783
v -0.058145 -0.066357 1.478804
v -0.034083 -0.074738 1.460863
v -0.057351 -0.067632 1.484186
v -0.055603 -0.069483 1.489011
v -0.053181 -0.071470 1.492698
v -0.050139 -0.073553 1.495317
v -0.046533 -0.075693 1.496936
v -0.042452 -0.077643 1.497470
v -0.037987 -0.079158 1.496834
v -0.033723 -0.079113 1.494883
v -0.030246 -0.078898 1.491497
v -0.027634 -0.078463 1.487042
v -0.025964 -0.078073 1.481887
v -0.037107 -0.074912 1.478810
v -0.025317 -0.077225 1.476608
v -0.025774 -0.076572 1.471792
v -0.027421 -0.075972 1.467507
v -0.030343 -0.075284 1.463817
v 0.049621 -0.073993 1.495382
v 0.052604 -0.071705 1.492692
v 0.046008 -0.076102 1.496921
v 0.054981 -0.069503 1.488913
v 0.041862 -0.077884 1.497403
v 0.056775 -0.067654 1.484110
v 0.057619 -0.066460 1.478780
v 0.057144 -0.066225 1.473418
v 0.055609 -0.066816 1.468378
v 0.053277 -0.068099 1.464014
v 0.037281 -0.079190 1.496922
v 0.032953 -0.079846 1.495166
v 0.029562 -0.079680 1.491825
v 0.027088 -0.079006 1.487315
v 0.025511 -0.078136 1.482051
v 0.024940 -0.077250 1.476676
v 0.040897 -0.075554 1.480680
v 0.025485 -0.076527 1.471831
v 0.027162 -0.075913 1.467572
v 0.029989 -0.075353 1.463950
v 0.033613 -0.074939 1.461029
v 0.037682 -0.074760 1.458867
v 0.041973 -0.074092 1.457893
v 0.046260 -0.072213 1.458537
v 0.050157 -0.069942 1.460632
v -0.050240 -0.073993 1.495382
v -0.046626 -0.076102 1.496921
v -0.053222 -0.071705 1.492692
v -0.042480 -0.077883 1.497403
v -0.055599 -0.069503 1.488913
v -0.057393 -0.067653 1.484110
v -0.058237 -0.066459 1.478779
v -0.057762 -0.066225 1.473417
v -0.056227 -0.066815 1.468378
v -0.041517 -0.075553 1.480676
v -0.053895 -0.068098 1.464014
v -0.037900 -0.079189 1.496922
v -0.033571 -0.079846 1.495166
v -0.030180 -0.079680 1.491825
v -0.027707 -0.079006 1.487315
v -0.026129 -0.078136 1.482051
v -0.025558 -0.077250 1.476676
v -0.026103 -0.076527 1.471831
v -0.027781 -0.075913 1.467571
v -0.030607 -0.075353 1.463950
v -0.034231 -0.074939 1.461028
v -0.038301 -0.074760 1.458867
v -0.042591 -0.074092 1.457893
v -0.046878 -0.072213 1.458536
v -0.050775 -0.069942 1.460632
v 0.025618 -0.078148 1.476945
v 0.026924 -0.077137 1.476542
v 0.026204 -0.076870 1.473838
v 0.064147 -0.062675 1.475852
v 0.062648 -0.062616 1.475491
v 0.063030 -0.062646 1.479466
v 0.011078 -0.090041 1.414566
v 0.010216 -0.089264 1.416010
v 0.012064 -0.089353 1.415276
v 0.009585 -0.089355 1.415887
v 0.010216 -0.089264 1.416010
v 0.009513 -0.090520 1.414034
v 0.008400 -0.089536 1.415787
v 0.006818 -0.089772 1.415698
v 0.004908 -0.090063 1.415604
v 0.003014 -0.090264 1.415525
v 0.001328 -0.090359 1.415473
v -0.000309 -0.090258 1.415460
v -0.001946 -0.090359 1.415473
v 0.003824 -0.091488 1.410558
v 0.006200 -0.091027 1.411149
v 0.001666 -0.091804 1.410169
v 0.008444 -0.090512 1.411865
v 0.014046 -0.088732 1.414907
v 0.011078 -0.090041 1.414566
v -0.003632 -0.090265 1.415526
v -0.000309 -0.091859 1.410028
v -0.002284 -0.091805 1.410169
v -0.005526 -0.090064 1.415604
v -0.004442 -0.091488 1.410558
v -0.007436 -0.089773 1.415698
v -0.006818 -0.091027 1.411149
v -0.000308 -0.092333 1.412228
v -0.009018 -0.089538 1.415788
v -0.009062 -0.090513 1.411865
v -0.010131 -0.090522 1.414034
v -0.010203 -0.089356 1.415888
v -0.011696 -0.090042 1.414566
v -0.010834 -0.089266 1.416011
v -0.011696 -0.090042 1.414566
v -0.006818 -0.091027 1.411149
v -0.009428 -0.088122 1.406713
v -0.012681 -0.089355 1.415277
v -0.004442 -0.091488 1.410558
v -0.000309 -0.091859 1.410028
v -0.014487 -0.088779 1.414956
v -0.013006 -0.089168 1.416010
v -0.011003 -0.089268 1.416122
v -0.013006 -0.089168 1.416010
v 0.003824 -0.091488 1.410558
v 0.006200 -0.091027 1.411149
v -0.011003 -0.089268 1.416122
v -0.010844 -0.089344 1.416191
v -0.010271 -0.089466 1.416198
v -0.009129 -0.089634 1.416125
v -0.007577 -0.089817 1.416020
v -0.013833 -0.090926 1.418110
v -0.005644 -0.090043 1.415927
v -0.003613 -0.090262 1.415861
v -0.001877 -0.090354 1.415840
v -0.000309 -0.090234 1.415849
v 0.001258 -0.090354 1.415840
v -0.001371 -0.097948 1.418098
v 0.002994 -0.090261 1.415861
v 0.005025 -0.090042 1.415927
v 0.006959 -0.089816 1.416020
v 0.008511 -0.089633 1.416124
v 0.009653 -0.089465 1.416197
v 0.010226 -0.089343 1.416190
v 0.011490 -0.090552 1.416883
v 0.010385 -0.089266 1.416122
v 0.012388 -0.089166 1.416009
v 0.012064 -0.089353 1.415276
v 0.010385 -0.089266 1.416122
v -0.000309 -0.100842 1.431050
v 0.034578 -0.089082 1.441522
v 0.012988 -0.034133 1.395134
v -0.000309 -0.039285 1.390769
v 0.026036 -0.025298 1.401884
v -0.013606 -0.034133 1.395134
v 0.038896 -0.013204 1.411235
v 0.053175 0.002139 1.425302
v 0.064716 0.015730 1.439494
v 0.066365 0.004850 1.434578
v 0.071318 -0.002374 1.438929
v 0.063215 -0.023186 1.422388
v 0.074818 -0.002207 1.447871
v 0.080380 -0.000061 1.465510
v 0.084830 -0.000606 1.482401
v 0.087906 -0.002230 1.498118
v 0.077216 -0.054564 1.483544
v 0.089904 -0.004115 1.512192
v 0.092446 -0.010369 1.535314
v 0.071453 -0.060462 1.481461
v 0.089052 -0.016957 1.558281
v 0.084033 -0.035122 1.483006
v 0.073961 -0.025772 1.585612
v 0.051419 -0.032523 1.605085
v 0.025822 -0.037385 1.614407
v -0.000309 -0.039557 1.616399
v -0.026440 -0.037385 1.614407
v -0.052037 -0.032523 1.605085
v -0.074579 -0.025772 1.585612
v -0.089670 -0.016957 1.558281
v -0.093065 -0.010369 1.535314
v -0.013564 -0.121455 1.555938
v -0.090522 -0.004115 1.512192
v 0.059356 -0.068758 1.489570
v -0.013485 -0.095447 1.508661
v -0.022028 -0.083320 1.484247
v -0.088524 -0.002230 1.498118
v -0.085448 -0.000606 1.482401
v -0.080998 -0.000061 1.465510
v -0.075437 -0.002207 1.447871
v -0.071936 -0.002374 1.438929
v -0.072071 -0.060462 1.481461
v -0.081887 -0.043808 1.477959
v -0.066983 0.004850 1.434578
v -0.065334 0.015731 1.439494
v -0.053793 0.002139 1.425302
v -0.039514 -0.013204 1.411235
v -0.026654 -0.025298 1.401884
v -0.053497 -0.053171 1.409023
v 0.002107 -0.076394 1.381143
v -0.062712 -0.072619 1.447975
v -0.067543 -0.061570 1.472005
v -0.000309 -0.104955 1.435951
v -0.000309 -0.107967 1.440484
v -0.006872 -0.099235 1.439427
v -0.000309 -0.107261 1.442054
v -0.000309 -0.101318 1.445995
v -0.005766 -0.094853 1.449775
v -0.000309 -0.107261 1.442054
v -0.000309 -0.107967 1.440484
v 0.002758 -0.103313 1.441357
v -0.000309 -0.104955 1.435951
v 0.023348 -0.078917 1.473793
v 0.011723 -0.084891 1.468133
v 0.024776 -0.077893 1.473815
v 0.026561 -0.076611 1.471620
v 0.028188 -0.075985 1.468884
v 0.031121 -0.075308 1.466261
v 0.035395 -0.074896 1.464342
v 0.024776 -0.077893 1.473815
v 0.040172 -0.074177 1.462879
v 0.044624 -0.072591 1.461822
v 0.048920 -0.070408 1.461783
v 0.068448 -0.065958 1.457610
v 0.053245 -0.067885 1.463339
v 0.056937 -0.065646 1.465862
v 0.059349 -0.064299 1.468657
v 0.061062 -0.063433 1.471918
v 0.062648 -0.062616 1.475491
v 0.064147 -0.062675 1.475852
v 0.068097 -0.061988 1.477414
v 0.063030 -0.062646 1.479466
v 0.066445 -0.062963 1.481181
v 0.061109 -0.064236 1.482511
v 0.064231 -0.064991 1.484857
v 0.071453 -0.060462 1.481461
v 0.057895 -0.066677 1.485070
v 0.054391 -0.069220 1.486998
v 0.050262 -0.071904 1.488284
v 0.045169 -0.074751 1.488672
v 0.039854 -0.077049 1.487950
v 0.035066 -0.078108 1.486293
v 0.025721 -0.079654 1.481057
v 0.031161 -0.078225 1.483432
v 0.028512 -0.077746 1.479975
v 0.025618 -0.078148 1.476945
v 0.026924 -0.077137 1.476542
v 0.026204 -0.076870 1.473838
v -0.027179 -0.076611 1.471620
v -0.026822 -0.076870 1.473838
v -0.025394 -0.077893 1.473815
v -0.011003 -0.089268 1.416122
v -0.010834 -0.089266 1.416011
v -0.012681 -0.089355 1.415277
v 0.024776 -0.077893 1.473815
v 0.026204 -0.076870 1.473838
v 0.026561 -0.076611 1.471620
v 0.012064 -0.089353 1.415276
v 0.010216 -0.089264 1.416010
v 0.010385 -0.089266 1.416122
v -0.026822 -0.076870 1.473838
v -0.027542 -0.077137 1.476541
v -0.026236 -0.078148 1.476945
v -0.063649 -0.062646 1.479468
v -0.063267 -0.062616 1.475492
v -0.064765 -0.062675 1.475853
v -0.012681 -0.089355 1.415277
v -0.010834 -0.089266 1.416011
v -0.072071 -0.060462 1.481461
v -0.064849 -0.064991 1.484859
v -0.067063 -0.062963 1.481183
v -0.063649 -0.062646 1.479468
v -0.061727 -0.064236 1.482512
v -0.064765 -0.062675 1.475853
v -0.058513 -0.066677 1.485071
v -0.060456 -0.068353 1.489120
v -0.055009 -0.069220 1.486998
v -0.050881 -0.071904 1.488284
v -0.063267 -0.062616 1.475492
v -0.061680 -0.063433 1.471919
v -0.059967 -0.064299 1.468658
v -0.045788 -0.074751 1.488672
v -0.057555 -0.065646 1.465862
v -0.053863 -0.067885 1.463340
v -0.040472 -0.077049 1.487949
v -0.049538 -0.070408 1.461784
v -0.045243 -0.072591 1.461822
v -0.047819 -0.075646 1.458903
v -0.040791 -0.074177 1.462879
v -0.036013 -0.074896 1.464343
v -0.031739 -0.075308 1.466261
v -0.028806 -0.075985 1.468884
v -0.027179 -0.076611 1.471620
v -0.013527 -0.085956 1.465897
v -0.025394 -0.077893 1.473815
v -0.023966 -0.078917 1.473792
v -0.025394 -0.077893 1.473815
v -0.026236 -0.078148 1.476945
v -0.026822 -0.076870 1.473838
v -0.029130 -0.077746 1.479974
v -0.027542 -0.077137 1.476541
v -0.031779 -0.078225 1.483432
v -0.035684 -0.078108 1.486293
v 0.093192 0.033816 1.460102
v 0.095110 0.034633 1.463964
v 0.094611 0.033343 1.469194
v -0.095229 0.033343 1.469194
v -0.095728 0.034633 1.463964
v -0.093810 0.033816 1.460102
v 0.073388 0.007927 1.432389
v 0.066365 0.004850 1.434578
v 0.071318 -0.002374 1.438929
v 0.074818 -0.002207 1.447871
v 0.079717 0.014311 1.433530
v 0.084694 0.017034 1.438085
v 0.080380 -0.000061 1.465510
v 0.096404 0.027566 1.446871
v 0.105985 0.036777 1.456899
v 0.108001 0.037669 1.463825
v 0.107412 0.037250 1.472553
v 0.105698 0.034490 1.483628
v 0.101034 0.029278 1.494109
v 0.099003 0.024938 1.496523
v 0.096972 0.020598 1.498936
v 0.091631 0.012999 1.496210
v 0.089246 0.010737 1.493218
v 0.099750 0.026290 1.472498
v 0.086861 0.008476 1.490226
v 0.084830 -0.000606 1.482401
v 0.077968 0.022582 1.442544
v 0.080866 0.020507 1.440653
v 0.087014 0.029974 1.451204
v 0.076710 0.017749 1.435176
v -0.071936 -0.002374 1.438929
v -0.066983 0.004850 1.434578
v -0.074006 0.007927 1.432389
v -0.080335 0.014311 1.433530
v -0.085313 0.017034 1.438084
v -0.075437 -0.002207 1.447871
v -0.100368 0.026290 1.472498
v -0.080998 -0.000061 1.465510
v -0.097022 0.027566 1.446871
v -0.106603 0.036777 1.456899
v -0.108619 0.037669 1.463825
v -0.108030 0.037250 1.472553
v -0.106317 0.034490 1.483628
v -0.101653 0.029278 1.494110
v -0.099621 0.024938 1.496523
v -0.097590 0.020598 1.498936
v -0.092249 0.012999 1.496211
v -0.089864 0.010738 1.493218
v -0.087479 0.008476 1.490226
v -0.085448 -0.000606 1.482401
v -0.081484 0.020508 1.440653
v -0.078586 0.022582 1.442544
v -0.087632 0.029974 1.451204
v -0.077329 0.017749 1.435176
v 0.089246 0.010737 1.493218
v 0.086861 0.008476 1.490226
v 0.085909 0.016955 1.490048
v 0.082617 0.021998 1.478270
v 0.076335 0.025373 1.462258
v 0.091631 0.012999 1.496210
v 0.096972 0.020598 1.498936
v 0.099003 0.024938 1.496523
v 0.101034 0.029278 1.494109
v 0.105698 0.034490 1.483628
v 0.095073 0.026839 1.494381
v 0.107412 0.037250 1.472553
v 0.094611 0.033343 1.469194
v 0.108001 0.037669 1.463825
v 0.105985 0.036777 1.456899
v 0.095110 0.034633 1.463964
v 0.093192 0.033816 1.460102
v 0.096404 0.027566 1.446871
v 0.101284 0.040609 1.458294
v 0.084694 0.017034 1.438085
v 0.087014 0.029974 1.451204
v 0.072300 0.019475 1.452952
v 0.080866 0.020507 1.440653
v 0.077968 0.022582 1.442544
v 0.079717 0.014311 1.433530
v 0.064716 0.015730 1.439494
v 0.076710 0.017749 1.435176
v 0.071798 0.015137 1.435288
v 0.066365 0.004850 1.434578
v 0.073388 0.007927 1.432389
v -0.086527 0.016955 1.490048
v -0.087479 0.008476 1.490226
v -0.089864 0.010738 1.493218
v -0.092249 0.012999 1.496211
v -0.097590 0.020598 1.498936
v -0.083236 0.021998 1.478270
v -0.076954 0.025373 1.462258
v -0.099621 0.024938 1.496523
v -0.101653 0.029278 1.494110
v -0.106317 0.034490 1.483628
v -0.108030 0.037250 1.472553
v -0.095691 0.026840 1.494379
v -0.101903 0.040610 1.458295
v -0.095229 0.033343 1.469194
v -0.108619 0.037669 1.463825
v -0.106603 0.036777 1.456899
v -0.095728 0.034633 1.463964
v -0.093810 0.033816 1.460102
v -0.097022 0.027566 1.446871
v -0.085313 0.017034 1.438084
v -0.087632 0.029974 1.451204
v -0.072918 0.019475 1.452952
v -0.081484 0.020508 1.440653
v -0.078586 0.022582 1.442544
v -0.080335 0.014311 1.433530
v -0.065334 0.015731 1.439494
v -0.077329 0.017749 1.435176
v -0.072416 0.015137 1.435288
v -0.066983 0.004850 1.434578
v -0.074006 0.007927 1.432389
v 0.043702 -0.047745 1.492094
v 0.051164 -0.044861 1.492034
v 0.050124 -0.044081 1.484554
v 0.049162 -0.043552 1.477350
v 0.036188 -0.050597 1.492212
v 0.048355 -0.043525 1.470700
v 0.028572 -0.053383 1.492447
v 0.047626 -0.043748 1.464327
v 0.040629 -0.046735 1.464699
v 0.020903 -0.056136 1.492740
v 0.020398 -0.053848 1.485860
v 0.034074 -0.048011 1.478749
v 0.033711 -0.049434 1.465074
v 0.026950 -0.051556 1.465453
v 0.020067 -0.052360 1.479058
v 0.020080 -0.052474 1.472408
v 0.020267 -0.053388 1.465835
v -0.051782 -0.044861 1.492034
v -0.044320 -0.047745 1.492094
v -0.050742 -0.044081 1.484554
v -0.036807 -0.050597 1.492213
v -0.049780 -0.043552 1.477350
v -0.029190 -0.053383 1.492447
v -0.048974 -0.043525 1.470701
v -0.021521 -0.056137 1.492740
v -0.021017 -0.053848 1.485861
v -0.048244 -0.043748 1.464327
v -0.041248 -0.046735 1.464700
v -0.034692 -0.048011 1.478748
v -0.020685 -0.052360 1.479058
v -0.020699 -0.052474 1.472408
v -0.034329 -0.049434 1.465074
v -0.027568 -0.051556 1.465453
v -0.020885 -0.053388 1.465835
v 0.077504 0.029362 1.332135
v 0.080416 0.013704 1.334538
v 0.068280 0.016641 1.341326
v 0.055690 0.018735 1.347646
v 0.075352 0.043581 1.314010
v 0.042149 0.020326 1.356186
v 0.082789 0.048529 1.291093
v 0.097515 0.047914 1.274040
v 0.113086 0.042556 1.263839
v 0.125759 0.036522 1.258554
v 0.132681 0.021075 1.257057
v 0.133607 0.001986 1.254425
v 0.033557 0.020793 1.366811
v 0.032512 0.020234 1.381217
v 0.033103 0.020029 1.394676
v 0.034361 0.020101 1.408189
v 0.041159 0.020646 1.423833
v 0.013455 0.033726 1.383919
v 0.044514 0.066489 1.268498
v -0.000309 0.050248 1.331811
v -0.000309 0.047318 1.347964
v -0.000309 0.052202 1.316605
v -0.000309 0.044414 1.367064
v -0.000309 0.055438 1.288707
v -0.000309 0.042937 1.382276
v -0.000309 0.043524 1.398429
v -0.000309 0.055575 1.269031
v -0.000419 0.055803 1.248644
v -0.000309 0.046761 1.412086
v -0.000573 0.054227 1.221502
v -0.000309 0.052290 1.417102
v -0.000350 0.051474 1.199574
v 0.000230 0.042906 1.178452
v 0.016319 0.053564 1.424045
v -0.000309 0.059445 1.423428
v 0.033965 0.044182 1.426093
v 0.048349 0.033665 1.430356
v 0.064716 0.015730 1.439494
v -0.000309 0.031413 1.145494
v -0.000309 0.023527 1.125897
v -0.000309 0.017702 1.098976
v -0.000309 0.012574 1.071870
v -0.000309 0.028033 1.043575
v 0.085016 0.032044 1.197586
v 0.075859 0.104497 0.925493
v -0.000309 0.041759 1.015854
v -0.000309 0.050162 0.992307
v -0.000309 0.055879 0.973760
v -0.000309 0.059600 0.963187
v -0.000309 0.063322 0.952614
v -0.000309 0.066355 0.935544
v -0.000309 0.067044 0.921605
v -0.000309 0.066662 0.906554
v -0.000309 0.059477 0.891880
v -0.000309 0.043596 0.877488
v 0.102729 0.012799 1.197215
v 0.108147 0.016981 1.218420
v 0.112153 0.005123 1.234309
v 0.081208 -0.084734 1.158249
v 0.097821 -0.064976 1.245173
v 0.108421 -0.057354 1.255041
v 0.116958 -0.051235 1.260463
v 0.121694 -0.045902 1.265275
v 0.122543 -0.029307 1.262116
v 0.131270 -0.012526 1.261074
v 0.102729 0.012799 1.197215
v 0.053175 0.002139 1.425302
v 0.064716 0.015730 1.439494
v 0.041159 0.020646 1.423833
v 0.034361 0.020101 1.408189
v 0.038896 -0.013204 1.411235
v 0.033103 0.020029 1.394676
v 0.026036 -0.025298 1.401884
v 0.032512 0.020234 1.381217
v 0.012988 -0.034133 1.395133
v 0.033557 0.020793 1.366811
v 0.042149 0.020326 1.356186
v -0.000309 -0.039285 1.390768
v -0.013606 -0.034133 1.395133
v -0.026654 -0.025298 1.401884
v -0.039514 -0.013204 1.411235
v 0.055690 0.018735 1.347646
v 0.068280 0.016641 1.341326
v 0.080416 0.013704 1.334538
v 0.077329 -0.003564 1.325472
v 0.076923 -0.015126 1.320345
v 0.078329 -0.028322 1.312204
v 0.086938 -0.043743 1.292783
v 0.100029 -0.049955 1.278267
v 0.111836 -0.050567 1.269507
v 0.116958 -0.051235 1.260463
v 0.121694 -0.045902 1.265275
v 0.108421 -0.057354 1.255041
v -0.000118 -0.027417 1.332350
v -0.053793 0.002139 1.425302
v -0.041778 0.020646 1.423833
v -0.065334 0.015731 1.439494
v -0.034979 0.020101 1.408189
v -0.033721 0.020029 1.394676
v -0.033130 0.020234 1.381217
v -0.034176 0.020793 1.366811
v -0.042767 0.020326 1.356186
v -0.056309 0.018735 1.347646
v -0.068899 0.016641 1.341326
v -0.081035 0.013704 1.334538
v -0.077948 -0.003564 1.325473
v -0.077541 -0.015126 1.320345
v -0.078948 -0.028322 1.312205
v -0.087556 -0.043743 1.292783
v -0.100647 -0.049956 1.278267
v -0.112454 -0.050567 1.269507
v -0.117577 -0.051235 1.260463
v -0.122313 -0.045902 1.265275
v -0.109040 -0.057354 1.255042
v -0.098440 -0.064976 1.245173
v -0.003008 -0.078712 1.282105
v -0.075591 -0.130954 1.191659
v -0.026615 -0.113335 1.173038
v -0.045483 -0.110285 1.160158
v -0.065850 -0.099743 1.154748
v -0.081826 -0.084734 1.158249
v -0.045483 -0.110285 1.160158
v -0.065850 -0.099743 1.154748
v 0.025997 -0.113335 1.173038
v 0.044864 -0.110285 1.160158
v 0.065232 -0.099743 1.154748
v 0.044864 -0.110285 1.160158
v 0.065232 -0.099743 1.154748
v 0.001999 -0.108737 1.206352
v 0.086993 -0.125296 1.191054
v 0.141965 -0.036800 1.278171
v 0.122543 -0.029307 1.262116
v 0.121694 -0.045902 1.265275
v 0.131270 -0.012526 1.261074
v 0.133607 0.001986 1.254425
v 0.155135 0.001291 1.252552
v 0.200391 -0.000752 1.254240
v 0.231663 -0.000158 1.258972
v 0.159823 -0.032812 1.268582
v 0.261192 -0.000784 1.263326
v 0.285201 -0.001210 1.265663
v 0.313780 0.000343 1.267087
v 0.327122 0.001729 1.266781
v 0.350832 0.005451 1.262582
v 0.372650 0.006340 1.260310
v 0.398103 0.004043 1.262115
v 0.423779 0.003843 1.267188
v 0.466911 -0.001401 1.273943
v 0.500944 -0.005286 1.278124
v 0.521414 -0.007400 1.277851
v 0.520686 -0.017537 1.275993
v 0.520047 -0.026761 1.278775
v 0.520536 -0.033828 1.285805
v 0.522528 -0.032319 1.293795
v 0.522907 -0.025233 1.300765
v 0.523803 -0.013408 1.305083
v 0.373406 -0.025823 1.299318
v 0.524162 -0.002697 1.304758
v 0.434297 -0.032309 1.281670
v 0.414401 0.027365 1.306663
v 0.271152 0.032461 1.285397
v 0.525019 0.004899 1.300932
v 0.523046 0.009493 1.296646
v 0.523485 0.010240 1.290969
v 0.523108 0.006212 1.285523
v 0.522248 0.001335 1.281469
v 0.521414 -0.007400 1.277851
v 0.500944 -0.005286 1.278124
v 0.466911 -0.001401 1.273943
v 0.423779 0.003843 1.267188
v 0.398103 0.004043 1.262115
v 0.372650 0.006340 1.260310
v 0.350832 0.005451 1.262582
v 0.327122 0.001729 1.266781
v 0.313780 0.000343 1.267087
v 0.285201 -0.001210 1.265663
v 0.261192 -0.000784 1.263326
v 0.231663 -0.000158 1.258972
v 0.200391 -0.000752 1.254240
v 0.155135 0.001291 1.252552
v 0.133607 0.001986 1.254425
v 0.132681 0.021075 1.257057
v 0.125759 0.036522 1.258554
v 0.113086 0.042556 1.263839
v 0.097515 0.047914 1.274040
v 0.162178 -0.011864 1.327892
v 0.082789 0.048529 1.291093
v 0.075352 0.043581 1.314010
v 0.077504 0.029362 1.332135
v 0.080416 0.013704 1.334538
v 0.077329 -0.003564 1.325472
v 0.076923 -0.015126 1.320345
v 0.078329 -0.028322 1.312204
v 0.086938 -0.043743 1.292783
v 0.100029 -0.049955 1.278267
v 0.111836 -0.050567 1.269507
v 0.121694 -0.045902 1.265275
v -0.068899 0.016641 1.341326
v -0.081035 0.013704 1.334538
v -0.078123 0.029362 1.332135
v -0.056309 0.018735 1.347646
v -0.075970 0.043581 1.314009
v -0.042767 0.020326 1.356186
v -0.083407 0.048529 1.291092
v -0.098133 0.047914 1.274040
v -0.113705 0.042556 1.263839
v -0.126377 0.036522 1.258555
v -0.133299 0.021075 1.257057
v -0.134226 0.001986 1.254425
v -0.034176 0.020793 1.366811
v -0.033130 0.020234 1.381217
v -0.033721 0.020029 1.394676
v -0.034979 0.020101 1.408189
v -0.041778 0.020646 1.423833
v -0.029080 0.065127 1.297745
v -0.000309 0.052202 1.316605
v -0.000309 0.050248 1.331811
v -0.000309 0.047318 1.347964
v -0.000309 0.044414 1.367064
v -0.000309 0.055438 1.288707
v -0.000309 0.042937 1.382276
v -0.000309 0.043524 1.398429
v -0.000309 0.055575 1.269031
v -0.000419 0.055803 1.248644
v -0.000309 0.046761 1.412086
v -0.000573 0.054227 1.221502
v -0.000309 0.052290 1.417102
v -0.000350 0.051474 1.199574
v -0.022787 0.040503 1.414905
v 0.000230 0.042906 1.178452
v -0.016937 0.053564 1.424045
v -0.000309 0.059445 1.423428
v -0.034584 0.044182 1.426093
v -0.048967 0.033665 1.430356
v -0.065334 0.015731 1.439494
v -0.000309 0.031413 1.145494
v -0.000309 0.023527 1.125897
v -0.000309 0.017702 1.098976
v -0.000309 0.012574 1.071870
v -0.111972 -0.053260 1.042821
v -0.000309 0.028033 1.043575
v -0.085634 0.032044 1.197587
v -0.000309 0.041759 1.015854
v -0.108765 0.016981 1.218420
v -0.103348 0.012799 1.197215
v -0.000309 0.050162 0.992307
v -0.113027 0.014947 1.232086
v -0.103348 0.012799 1.197215
v -0.131888 -0.012526 1.261074
v -0.123161 -0.029307 1.262116
v -0.000309 0.055879 0.973760
v -0.000309 0.059600 0.963187
v -0.122313 -0.045902 1.265275
v -0.117577 -0.051235 1.260463
v -0.109040 -0.057354 1.255042
v -0.104479 -0.081889 1.182319
v -0.000309 0.063322 0.952614
v -0.000309 0.066355 0.935544
v -0.000309 0.067044 0.921605
v -0.000309 0.066662 0.906554
v -0.000309 0.059477 0.891880
v -0.000309 0.043596 0.877488
v -0.056594 0.106783 0.931758
v -0.000309 0.030202 0.870546
v -0.000309 0.025717 0.868888
v -0.005376 0.022715 0.863165
v -0.010502 0.037478 0.855087
v -0.008822 0.011957 0.858682
v -0.033273 0.059003 0.845485
v -0.069158 0.071546 0.841948
v -0.022381 0.062546 0.857666
v -0.106173 0.060704 0.842149
v -0.132990 0.037486 0.844331
v -0.153617 0.000686 0.849644
v -0.145697 -0.033129 0.853319
v -0.121175 -0.064805 0.854192
v -0.086474 -0.080646 0.854793
v -0.069151 -0.072840 0.855318
v -0.047940 -0.061281 0.873357
v -0.047936 -0.057509 0.856058
v -0.023834 -0.055429 0.857790
v -0.023834 -0.055429 0.857790
v -0.014068 -0.035819 0.849122
v -0.008765 -0.003006 0.852538
v -0.008822 0.011957 0.858682
v -0.005376 0.022715 0.863165
v -0.000309 0.025717 0.868888
v 0.004757 0.022715 0.863165
v 0.008204 0.011957 0.858682
v -0.000309 -0.013921 0.844293
v 0.008146 -0.003006 0.852538
v 0.013450 -0.035819 0.849122
v 0.023216 -0.055429 0.857790
v 0.047322 -0.061281 0.873357
v -0.000169 -0.105445 0.930110
v 0.105816 -0.052854 1.042106
v -0.000309 0.030202 0.870546
v -0.000309 0.025717 0.868888
v 0.004757 0.022715 0.863165
v 0.011541 0.045666 0.859049
v 0.009884 0.037478 0.855087
v 0.008204 0.011957 0.858682
v 0.032655 0.059003 0.845485
v 0.068540 0.071546 0.841948
v 0.105555 0.060704 0.842148
v 0.132372 0.037486 0.844331
v 0.152998 0.000686 0.849644
v 0.145079 -0.033129 0.853319
v 0.120556 -0.064805 0.854192
v 0.085855 -0.080646 0.854793
v 0.068532 -0.072840 0.855318
v 0.047317 -0.057509 0.856057
v 0.023216 -0.055429 0.857790
v -0.142583 -0.036800 1.278172
v -0.122313 -0.045902 1.265275
v -0.123161 -0.029307 1.262116
v -0.195745 -0.029124 1.312171
v -0.131888 -0.012526 1.261074
v -0.134226 0.001986 1.254425
v -0.155753 0.001291 1.252553
v -0.201009 -0.000752 1.254241
v -0.232281 -0.000158 1.258973
v -0.325944 -0.011432 1.269636
v -0.261810 -0.000784 1.263326
v -0.285819 -0.001210 1.265664
v -0.314398 0.000343 1.267087
v -0.327740 0.001729 1.266782
v -0.351451 0.005451 1.262582
v -0.399032 -0.030624 1.296063
v -0.373269 0.006340 1.260310
v -0.398722 0.004043 1.262115
v -0.424397 0.003843 1.267188
v -0.467530 -0.001401 1.273943
v -0.501562 -0.005285 1.278124
v -0.522032 -0.007400 1.277851
v -0.521305 -0.017537 1.275992
v -0.520666 -0.026761 1.278775
v -0.521155 -0.033827 1.285806
v -0.523147 -0.032318 1.293795
v -0.523526 -0.025232 1.300766
v -0.524422 -0.013408 1.305083
v -0.524781 -0.002696 1.304758
v -0.408674 0.030778 1.298982
v -0.525637 0.004900 1.300932
v -0.523665 0.009493 1.296646
v -0.524103 0.010240 1.290969
v -0.523727 0.006212 1.285523
v -0.522867 0.001335 1.281469
v -0.522032 -0.007400 1.277851
v -0.501562 -0.005285 1.278124
v -0.467530 -0.001401 1.273943
v -0.424397 0.003843 1.267188
v -0.398722 0.004043 1.262115
v -0.373269 0.006340 1.260310
v -0.351451 0.005451 1.262582
v -0.327740 0.001729 1.266782
v -0.314398 0.000343 1.267087
v -0.285819 -0.001210 1.265664
v -0.261810 -0.000784 1.263326
v -0.232281 -0.000158 1.258973
v -0.273115 0.031120 1.289037
v -0.201009 -0.000752 1.254241
v -0.155753 0.001291 1.252553
v -0.134226 0.001986 1.254425
v -0.133299 0.021075 1.257057
v -0.126377 0.036522 1.258555
v -0.113705 0.042556 1.263839
v -0.098133 0.047914 1.274040
v -0.083407 0.048529 1.291092
v -0.075970 0.043581 1.314009
v -0.078123 0.029362 1.332135
v -0.081035 0.013704 1.334538
v -0.077948 -0.003564 1.325473
v -0.077541 -0.015126 1.320345
v -0.078948 -0.028322 1.312205
v -0.087556 -0.043743 1.292783
v -0.100647 -0.049956 1.278267
v -0.112454 -0.050567 1.269507
v -0.122313 -0.045902 1.265275
v 0.008204 0.011957 0.858682
v 0.008146 -0.003006 0.852538
v 0.006842 -0.001521 0.828372
v 0.009884 0.037478 0.855087
v 0.032655 0.059003 0.845485
v 0.006278 0.000372 0.799883
v 0.068540 0.071546 0.841948
v 0.105555 0.060704 0.842148
v 0.010133 0.000009 0.747310
v 0.014967 0.000502 0.702485
v 0.015221 0.002634 0.660369
v 0.013961 0.004940 0.623999
v 0.047783 0.076537 0.472580
v 0.014998 0.007045 0.599456
v 0.016442 0.008297 0.579157
v 0.018712 0.011404 0.560996
v 0.018251 0.014785 0.537924
v 0.019530 0.017101 0.522492
v 0.022512 0.020140 0.506056
v 0.024666 0.024264 0.490447
v 0.022072 0.027374 0.469627
v 0.017655 0.031492 0.424227
v 0.015846 0.033802 0.386125
v 0.016368 0.035509 0.352089
v 0.017468 0.036406 0.326661
v 0.034845 0.063040 0.164698
v 0.023405 0.032856 0.258006
v 0.025117 0.030574 0.214448
v 0.025546 0.027845 0.166016
v 0.024217 0.028024 0.139034
v 0.024269 0.028110 0.130042
v 0.026727 0.039387 0.128736
v 0.032018 0.051326 0.126297
v 0.033584 0.059774 0.125700
v 0.039104 0.064539 0.124492
v 0.047646 0.062899 0.124079
v 0.054042 0.057456 0.125156
v 0.070026 0.048110 0.168855
v 0.064312 0.046926 0.125694
v 0.068901 0.033630 0.126677
v 0.068088 0.019679 0.127373
v 0.059069 0.006435 0.128316
v 0.047878 0.000232 0.129247
v 0.046677 0.001233 0.235619
v 0.035779 0.006226 0.129063
v 0.025979 0.017661 0.129800
v 0.024217 0.028024 0.139034
v 0.024269 0.028110 0.130042
v 0.025546 0.027845 0.166016
v 0.025117 0.030574 0.214448
v 0.023405 0.032856 0.258006
v 0.017468 0.036406 0.326661
v 0.016368 0.035509 0.352089
v 0.042127 -0.014688 0.470930
v 0.015846 0.033802 0.386125
v 0.017655 0.031492 0.424227
v 0.022072 0.027374 0.469627
v 0.024666 0.024264 0.490447
v 0.022512 0.020140 0.506056
v 0.019530 0.017101 0.522492
v 0.018251 0.014785 0.537924
v 0.018712 0.011404 0.560996
v 0.132372 0.037486 0.844331
v 0.152998 0.000686 0.849644
v 0.056312 0.082495 0.733125
v 0.145079 -0.033129 0.853319
v 0.120556 -0.064805 0.854192
v 0.085855 -0.080646 0.854793
v 0.068532 -0.072840 0.855318
v 0.100348 -0.003708 0.545404
v 0.047317 -0.057509 0.856057
v 0.055468 -0.073911 0.762011
v 0.057160 -0.050564 0.598982
v 0.055988 -0.047790 0.585341
v 0.054940 -0.045873 0.568131
v 0.040298 -0.036641 0.537252
v 0.016442 0.008297 0.579157
v 0.014998 0.007045 0.599456
v 0.055988 -0.047790 0.585341
v 0.013961 0.004940 0.623999
v 0.015221 0.002634 0.660369
v 0.014967 0.000502 0.702485
v 0.010133 0.000009 0.747310
v 0.006278 0.000372 0.799883
v 0.006842 -0.001521 0.828372
v 0.008146 -0.003006 0.852538
v 0.013450 -0.035819 0.849122
v 0.023216 -0.055429 0.857790
v -0.008765 -0.003006 0.852538
v -0.008822 0.011957 0.858682
v -0.007460 -0.001522 0.828373
v -0.010502 0.037478 0.855087
v -0.033273 0.059003 0.845485
v -0.006896 0.000372 0.799883
v -0.069158 0.071546 0.841948
v -0.106173 0.060704 0.842149
v -0.045341 0.079125 0.764801
v -0.010751 0.000008 0.747311
v -0.015585 0.000502 0.702486
v -0.015839 0.002634 0.660369
v -0.014579 0.004939 0.623999
v -0.015616 0.007044 0.599456
v -0.017060 0.008297 0.579158
v -0.019330 0.011404 0.560996
v -0.018868 0.014784 0.537925
v -0.020147 0.017101 0.522492
v -0.023130 0.020140 0.506056
v -0.025284 0.024264 0.490448
v -0.022690 0.027374 0.469627
v -0.018273 0.031492 0.424228
v -0.016464 0.033802 0.386125
v -0.016985 0.035509 0.352089
v -0.018086 0.036406 0.326661
v -0.024023 0.032857 0.258006
v -0.025734 0.030575 0.214448
v -0.026163 0.027845 0.166016
v -0.024834 0.028024 0.139034
v -0.024886 0.028110 0.130043
v -0.027344 0.039387 0.128736
v -0.032635 0.051326 0.126297
v -0.034202 0.059775 0.125701
v -0.039721 0.064540 0.124493
v -0.048263 0.062900 0.124079
v -0.054659 0.057456 0.125156
v -0.038380 0.068221 0.170571
v -0.064929 0.046926 0.125694
v -0.069518 0.033631 0.126677
v -0.068705 0.019679 0.127373
v -0.059686 0.006435 0.128317
v -0.048495 0.000232 0.129247
v -0.070372 0.088124 0.315348
v -0.036396 0.006226 0.129063
v -0.026596 0.017661 0.129800
v -0.047294 0.001233 0.235611
v -0.024834 0.028024 0.139034
v -0.024886 0.028110 0.130043
v -0.026163 0.027845 0.166016
v -0.025734 0.030575 0.214448
v -0.024023 0.032857 0.258006
v -0.018086 0.036406 0.326661
v -0.016985 0.035509 0.352089
v -0.050337 -0.022530 0.485473
v -0.016464 0.033802 0.386125
v -0.018273 0.031492 0.424228
v -0.022690 0.027374 0.469627
v -0.025284 0.024264 0.490448
v -0.023130 0.020140 0.506056
v -0.020147 0.017101 0.522492
v -0.018868 0.014784 0.537925
v -0.019330 0.011404 0.560996
v -0.103705 -0.001093 0.552177
v -0.043817 0.055059 0.540282
v -0.132990 0.037486 0.844331
v -0.153617 0.000686 0.849644
v -0.145697 -0.033129 0.853319
v -0.121175 -0.064805 0.854192
v -0.086474 -0.080646 0.854793
v -0.069151 -0.072840 0.855318
v -0.047936 -0.057509 0.856058
v -0.057778 -0.050565 0.598982
v -0.056606 -0.047790 0.585342
v -0.055558 -0.045873 0.568131
v -0.017060 0.008297 0.579158
v -0.015616 0.007044 0.599456
v -0.056606 -0.047790 0.585342
v -0.014579 0.004939 0.623999
v -0.034789 -0.026254 0.538774
v -0.015839 0.002634 0.660369
v -0.015585 0.000502 0.702486
v -0.010751 0.000008 0.747311
v -0.006896 0.000372 0.799883
v -0.007460 -0.001522 0.828373
v -0.008765 -0.003006 0.852538
v -0.014068 -0.035819 0.849122
v -0.052676 -0.072371 0.754575
v -0.023834 -0.055429 0.857790
v 0.047878 0.000232 0.129247
v 0.059069 0.006435 0.128316
v 0.035779 0.006226 0.129063
v 0.068088 0.019679 0.127373
v 0.068901 0.033630 0.126677
v 0.064312 0.046926 0.125694
v 0.025979 0.017661 0.129800
v 0.081263 -0.020266 0.041138
v 0.085688 -0.048931 0.033865
v 0.070426 0.005115 0.043651
v 0.072080 0.032829 0.035708
v 0.064925 0.057978 0.035546
v 0.084788 -0.065092 0.033007
v 0.083564 -0.076033 0.031812
v 0.082291 -0.085539 0.029959
v 0.079881 -0.094329 0.029159
v 0.076842 -0.102868 0.027930
v 0.069686 -0.112595 0.028903
v 0.057588 -0.119862 0.029071
v 0.046334 -0.125742 0.030006
v 0.035196 -0.126037 0.030769
v 0.027858 -0.122653 0.031255
v 0.019577 -0.112684 0.031611
v 0.013817 -0.102350 0.031296
v 0.014018 -0.089919 0.033052
v 0.011515 -0.075961 0.033543
v 0.009491 -0.062577 0.032704
v 0.009408 -0.045376 0.035411
v 0.016112 -0.025803 0.037073
v 0.020376 -0.009347 0.039891
v 0.013573 0.014876 0.036938
v 0.013359 0.038159 0.036364
v 0.018584 0.061797 0.037765
v 0.024269 0.028110 0.130042
v 0.026727 0.039387 0.128736
v 0.032018 0.051326 0.126297
v 0.033584 0.059774 0.125700
v 0.039104 0.064539 0.124492
v 0.038734 0.065606 0.112632
v 0.038328 0.066726 0.100552
v 0.038190 0.070990 0.075856
v 0.037691 0.075868 0.049696
v 0.037393 0.073273 0.036695
v 0.026944 0.069382 0.037132
v 0.032281 -0.006837 0.090212
v 0.047646 0.062899 0.124079
v 0.039104 0.064539 0.124492
v 0.038734 0.065606 0.112632
v 0.054042 0.057456 0.125156
v 0.038328 0.066726 0.100552
v 0.038190 0.070990 0.075856
v 0.074287 0.042324 0.090577
v 0.050797 0.069766 0.035592
v 0.037691 0.075868 0.049696
v 0.037393 0.073273 0.036695
v -0.048495 0.000232 0.129247
v -0.059686 0.006435 0.128317
v -0.036396 0.006226 0.129063
v -0.068705 0.019679 0.127373
v -0.069518 0.033631 0.126677
v -0.064929 0.046926 0.125694
v -0.026596 0.017661 0.129800
v -0.081879 -0.020265 0.041138
v -0.071043 0.005115 0.043651
v -0.072697 0.032829 0.035708
v -0.086304 -0.048930 0.033865
v -0.065542 0.057979 0.035546
v -0.085404 -0.065092 0.033007
v -0.084181 -0.076032 0.031811
v -0.082907 -0.085539 0.029959
v -0.080497 -0.094329 0.029159
v -0.077458 -0.102868 0.027930
v -0.070302 -0.112595 0.028903
v -0.058205 -0.119862 0.029071
v -0.046950 -0.125741 0.030005
v -0.035812 -0.126037 0.030769
v -0.030841 -0.006123 0.090436
v -0.028474 -0.122653 0.031255
v -0.020193 -0.112684 0.031611
v -0.014434 -0.102349 0.031295
v -0.014634 -0.089919 0.033052
v -0.012131 -0.075961 0.033543
v -0.010108 -0.062577 0.032705
v -0.010025 -0.045375 0.035411
v -0.016729 -0.025803 0.037074
v -0.020992 -0.009347 0.039892
v -0.014190 0.014876 0.036938
v -0.013975 0.038160 0.036364
v -0.019201 0.061798 0.037765
v -0.024886 0.028110 0.130043
v -0.027344 0.039387 0.128736
v -0.032635 0.051326 0.126297
v -0.034202 0.059775 0.125701
v -0.039721 0.064540 0.124493
v -0.039351 0.065606 0.112632
v -0.038945 0.066726 0.100552
v -0.038807 0.070991 0.075857
v -0.038308 0.075868 0.049696
v -0.038010 0.073273 0.036696
v -0.027561 0.069382 0.037133
v -0.039351 0.065606 0.112632
v -0.039721 0.064540 0.124493
v -0.048263 0.062900 0.124079
v -0.038945 0.066726 0.100552
v -0.038807 0.070991 0.075857
v -0.054659 0.057456 0.125156
v -0.075158 0.041738 0.087799
v -0.051414 0.069766 0.035592
v -0.038308 0.075868 0.049696
v -0.038010 0.073273 0.036696
v 0.072080 0.032829 0.035708
v 0.064925 0.057978 0.035546
v 0.050797 0.069766 0.035592
v 0.070426 0.005115 0.043651
v 0.081263 -0.020266 0.041138
v 0.046449 -0.033435 0.008759
v 0.085688 -0.048931 0.033865
v 0.037393 0.073273 0.036695
v 0.026944 0.069382 0.037132
v 0.018584 0.061797 0.037765
v 0.013359 0.038159 0.036364
v 0.013573 0.014876 0.036938
v 0.020376 -0.009347 0.039891
v 0.016112 -0.025803 0.037073
v 0.009408 -0.045376 0.035411
v 0.009491 -0.062577 0.032704
v 0.011515 -0.075961 0.033543
v 0.014018 -0.089919 0.033052
v 0.013817 -0.102350 0.031296
v 0.084788 -0.065092 0.033007
v 0.083564 -0.076033 0.031812
v 0.082291 -0.085539 0.029959
v 0.079881 -0.094329 0.029159
v 0.076842 -0.102868 0.027930
v 0.069686 -0.112595 0.028903
v 0.057588 -0.119862 0.029071
v 0.046334 -0.125742 0.030006
v 0.035196 -0.126037 0.030769
v 0.027858 -0.122653 0.031255
v 0.019577 -0.112684 0.031611
v -0.065542 0.057979 0.035546
v -0.072697 0.032829 0.035708
v -0.051414 0.069766 0.035592
v -0.071043 0.005115 0.043651
v -0.081879 -0.020265 0.041138
v -0.086304 -0.048930 0.033865
v -0.038010 0.073273 0.036696
v -0.027561 0.069382 0.037133
v -0.019201 0.061798 0.037765
v -0.013975 0.038160 0.036364
v -0.014190 0.014876 0.036938
v -0.020992 -0.009347 0.039892
v -0.016729 -0.025803 0.037074
v -0.010025 -0.045375 0.035411
v -0.010108 -0.062577 0.032705
v -0.012131 -0.075961 0.033543
v -0.014634 -0.089919 0.033052
v -0.014434 -0.102349 0.031295
v -0.085404 -0.065092 0.033007
v -0.084181 -0.076032 0.031811
v -0.082907 -0.085539 0.029959
v -0.080497 -0.094329 0.029159
v -0.077458 -0.102868 0.027930
v -0.070302 -0.112595 0.028903
v -0.058205 -0.119862 0.029071
v -0.046950 -0.125741 0.030005
v -0.047065 -0.033435 0.008759
v -0.035812 -0.126037 0.030769
v -0.028474 -0.122653 0.031255
v -0.020193 -0.112684 0.031611
v 0.531376 -0.009166 1.278270
v 0.521414 -0.007400 1.277851
v 0.520686 -0.017538 1.275993
v 0.538326 -0.010834 1.277143
v 0.536082 -0.021365 1.273645
v 0.520047 -0.026761 1.278775
v 0.528237 -0.032103 1.277799
v 0.533931 -0.030804 1.274074
v 0.534674 -0.037676 1.283742
v 0.520536 -0.033828 1.285806
v 0.522528 -0.032319 1.293795
v 0.538207 -0.036465 1.293847
v 0.522907 -0.025233 1.300766
v 0.524950 -0.021139 1.304320
v 0.541537 -0.028857 1.299685
v 0.543447 -0.015424 1.303660
v 0.523803 -0.013408 1.305083
v 0.544456 -0.004742 1.302762
v 0.524162 -0.002697 1.304758
v 0.534314 0.012610 1.294952
v 0.525019 0.004899 1.300932
v 0.544272 0.003782 1.298999
v 0.523046 0.009493 1.296646
v 0.523485 0.010240 1.290969
v 0.543573 0.007293 1.294680
v 0.542427 0.008932 1.290097
v 0.541096 0.004318 1.283977
v 0.523108 0.006212 1.285523
v 0.539872 -0.000881 1.280658
v 0.522248 0.001335 1.281469
v 0.531376 -0.009166 1.278270
v 0.538326 -0.010834 1.277143
v 0.521414 -0.007400 1.277851
v 0.618497 0.015422 1.285429
v 0.615760 0.015305 1.285113
v 0.617189 0.011223 1.281839
v 0.617958 0.005122 1.281650
v 0.632796 0.016015 1.286220
v 0.617936 0.002384 1.285450
v 0.619702 0.003807 1.289781
v 0.638021 0.016383 1.286736
v 0.643354 0.010786 1.284081
v 0.651046 0.016459 1.287946
v 0.656306 0.016715 1.288431
v 0.620287 0.002803 1.289113
v 0.668253 0.016274 1.290532
v 0.671171 0.015177 1.292041
v 0.671966 0.013319 1.293095
v 0.671253 0.011397 1.293922
v 0.667982 0.009525 1.294006
v 0.656418 0.007382 1.293049
v 0.668467 0.010495 1.287609
v 0.622118 0.009016 1.297067
v 0.613687 0.006838 1.293810
v 0.614778 0.012915 1.295048
v 0.614017 0.017262 1.290532
v 0.630760 0.017228 1.290975
v 0.615760 0.015305 1.285113
v 0.618497 0.015422 1.285429
v 0.632796 0.016015 1.286220
v 0.638021 0.016383 1.286736
v 0.651046 0.016459 1.287946
v 0.670310 0.015822 1.295031
v 0.656306 0.016715 1.288431
v 0.667982 0.009525 1.294006
v 0.671253 0.011397 1.293922
v 0.671966 0.013319 1.293095
v 0.671171 0.015177 1.292041
v 0.668253 0.016274 1.290532
v 0.587802 -0.059736 1.268378
v 0.578381 -0.064331 1.268355
v 0.583725 -0.071227 1.269587
v 0.597903 -0.070670 1.276211
v 0.594763 -0.055541 1.275444
v 0.594480 -0.081691 1.271057
v 0.592749 -0.059884 1.282664
v 0.599274 -0.085883 1.271170
v 0.614743 -0.092510 1.276189
v 0.609015 -0.096778 1.271925
v 0.611231 -0.099547 1.274240
v 0.612348 -0.100026 1.276783
v 0.612360 -0.098576 1.279348
v 0.610997 -0.095179 1.281424
v 0.601591 -0.083158 1.283909
v 0.585507 -0.062507 1.288745
v 0.580464 -0.069444 1.287667
v 0.577759 -0.072717 1.281055
v 0.577547 -0.071613 1.273309
v 0.610997 -0.095179 1.281424
v 0.583725 -0.071227 1.269587
v 0.578381 -0.064331 1.268355
v 0.594480 -0.081691 1.271057
v 0.599274 -0.085883 1.271170
v 0.596401 -0.086610 1.284026
v 0.609015 -0.096778 1.271925
v 0.611231 -0.099547 1.274240
v 0.612348 -0.100026 1.276783
v 0.612360 -0.098576 1.279348
v 0.609475 -0.102003 1.276344
v 0.621502 -0.012941 1.293202
v 0.621403 -0.011971 1.294119
v 0.621617 -0.011540 1.288188
v 0.620735 -0.016202 1.286589
v 0.621924 -0.008024 1.284823
v 0.620268 -0.021645 1.283858
v 0.621633 -0.002567 1.285572
v 0.620279 -0.025313 1.286979
v 0.617936 0.002384 1.285450
v 0.621202 0.002498 1.290722
v 0.619702 0.003807 1.289781
v 0.617958 0.005122 1.281650
v 0.617189 0.011223 1.281839
v 0.615760 0.015305 1.285113
v 0.614017 0.017262 1.290532
v 0.606666 -0.023492 1.275894
v 0.578166 -0.020935 1.270001
v 0.591586 -0.029055 1.270269
v 0.599846 -0.037127 1.274433
v 0.561426 -0.015856 1.272252
v 0.598136 -0.048799 1.282076
v 0.607109 -0.046462 1.283643
v 0.616841 -0.037989 1.283153
v 0.615713 -0.044074 1.285640
v 0.617658 -0.032503 1.285425
v 0.618352 -0.030075 1.291650
v 0.618992 -0.028670 1.291846
v 0.545988 -0.012422 1.274731
v 0.538326 -0.010834 1.277143
v 0.539872 -0.000881 1.280658
v 0.603527 0.019181 1.293337
v 0.541096 0.004318 1.283977
v 0.542427 0.008932 1.290097
v 0.543573 0.007293 1.294680
v 0.544272 0.003782 1.298999
v 0.544456 -0.004742 1.302762
v 0.543447 -0.015424 1.303660
v 0.541537 -0.028857 1.299685
v 0.538207 -0.036465 1.293847
v 0.534674 -0.037676 1.283742
v 0.533931 -0.030804 1.274074
v 0.536082 -0.021365 1.273645
v 0.545988 -0.012422 1.274731
v 0.538326 -0.010834 1.277143
v 0.561426 -0.015856 1.272252
v 0.578166 -0.020935 1.270001
v 0.591586 -0.029055 1.270269
v 0.591819 -0.040571 1.268032
v 0.599846 -0.037127 1.274433
v 0.598136 -0.048799 1.282076
v 0.594079 -0.053493 1.282130
v 0.594763 -0.055541 1.275444
v 0.592749 -0.059884 1.282664
v 0.587802 -0.059736 1.268378
v 0.578381 -0.064331 1.268355
v 0.558802 -0.058396 1.289020
v 0.577547 -0.071613 1.273309
v 0.577759 -0.072717 1.281055
v 0.580464 -0.069444 1.287667
v 0.585507 -0.062507 1.288745
v 0.594079 -0.053493 1.282130
v 0.592749 -0.059884 1.282664
v 0.598136 -0.048799 1.282076
v 0.607109 -0.046462 1.283643
v 0.613669 -0.045549 1.292455
v 0.615713 -0.044074 1.285640
v 0.612692 -0.043448 1.297970
v 0.615330 -0.037192 1.300083
v 0.613735 -0.030802 1.298191
v 0.615873 -0.025508 1.299389
v 0.618352 -0.030075 1.291650
v 0.618992 -0.028670 1.291846
v 0.617870 -0.019863 1.301850
v 0.616517 -0.013671 1.299059
v 0.616293 -0.007767 1.298200
v 0.621403 -0.011971 1.294119
v 0.621502 -0.012941 1.293202
v 0.617161 -0.002632 1.299763
v 0.614999 0.002453 1.295995
v 0.613687 0.006838 1.293810
v 0.621202 0.002498 1.290722
v 0.619702 0.003807 1.289781
v 0.614778 0.012915 1.295048
v -0.522032 -0.007400 1.277851
v -0.531994 -0.009166 1.278270
v -0.521305 -0.017537 1.275992
v -0.538944 -0.010834 1.277144
v -0.536701 -0.021364 1.273646
v -0.520666 -0.026761 1.278775
v -0.534550 -0.030804 1.274074
v -0.535293 -0.037675 1.283742
v -0.528860 -0.032103 1.277798
v -0.521155 -0.033827 1.285806
v -0.523147 -0.032318 1.293795
v -0.538826 -0.036465 1.293847
v -0.523526 -0.025232 1.300766
v -0.542155 -0.028856 1.299685
v -0.544065 -0.015423 1.303660
v -0.524422 -0.013408 1.305083
v -0.545074 -0.004742 1.302763
v -0.525561 -0.021137 1.304321
v -0.524781 -0.002696 1.304758
v -0.525637 0.004900 1.300932
v -0.544891 0.003782 1.298999
v -0.523665 0.009493 1.296646
v -0.524103 0.010240 1.290969
v -0.544191 0.007294 1.294681
v -0.543046 0.008932 1.290097
v -0.541715 0.004319 1.283977
v -0.523727 0.006212 1.285523
v -0.540490 -0.000881 1.280659
v -0.534931 0.012611 1.294952
v -0.522867 0.001335 1.281469
v -0.531994 -0.009166 1.278270
v -0.538944 -0.010834 1.277144
v -0.522032 -0.007400 1.277851
v -0.617808 0.011223 1.281840
v -0.616379 0.015305 1.285114
v -0.619116 0.015422 1.285429
v -0.657189 0.010159 1.285003
v -0.618577 0.005123 1.281650
v -0.633415 0.016015 1.286221
v -0.618555 0.002384 1.285450
v -0.623017 0.004793 1.283953
v -0.620320 0.003808 1.289782
v -0.638639 0.016383 1.286737
v -0.651665 0.016458 1.287947
v -0.656925 0.016715 1.288433
v -0.620093 0.003206 1.291210
v -0.671074 0.011595 1.289476
v -0.668872 0.016273 1.290534
v -0.671790 0.015176 1.292043
v -0.672585 0.013318 1.293097
v -0.671872 0.011396 1.293924
v -0.668601 0.009524 1.294008
v -0.657037 0.007382 1.293051
v -0.614305 0.006839 1.293811
v -0.615396 0.012915 1.295048
v -0.614636 0.017263 1.290533
v -0.616379 0.015305 1.285114
v -0.619116 0.015422 1.285429
v -0.633415 0.016015 1.286221
v -0.624596 0.010324 1.296377
v -0.638639 0.016383 1.286737
v -0.651665 0.016458 1.287947
v -0.656925 0.016715 1.288433
v -0.668601 0.009524 1.294008
v -0.671872 0.011396 1.293924
v -0.672585 0.013318 1.293097
v -0.671790 0.015176 1.292043
v -0.671249 0.014924 1.295433
v -0.668872 0.016273 1.290534
v -0.584335 -0.071245 1.269615
v -0.578993 -0.064347 1.268378
v -0.588415 -0.059753 1.268400
v -0.595376 -0.055554 1.275464
v -0.595087 -0.081711 1.271092
v -0.593359 -0.059895 1.282684
v -0.599881 -0.085904 1.271208
v -0.598547 -0.071038 1.276067
v -0.609619 -0.096799 1.271970
v -0.611834 -0.099568 1.274287
v -0.612951 -0.100046 1.276831
v -0.612963 -0.098596 1.279395
v -0.611600 -0.095197 1.281469
v -0.615189 -0.094500 1.275760
v -0.602195 -0.083174 1.283947
v -0.599962 -0.089028 1.283750
v -0.586115 -0.062515 1.288766
v -0.581070 -0.069453 1.287693
v -0.578365 -0.072728 1.281082
v -0.578155 -0.071627 1.273336
v -0.610078 -0.102024 1.276392
v -0.611600 -0.095197 1.281469
v -0.584335 -0.071245 1.269615
v -0.578993 -0.064347 1.268378
v -0.595087 -0.081711 1.271092
v -0.599881 -0.085904 1.271208
v -0.609619 -0.096799 1.271970
v -0.611834 -0.099568 1.274287
v -0.612951 -0.100046 1.276831
v -0.612963 -0.098596 1.279395
v -0.622121 -0.012941 1.293203
v -0.622235 -0.011539 1.288188
v -0.622021 -0.011971 1.294121
v -0.621354 -0.016201 1.286590
v -0.622542 -0.008023 1.284824
v -0.620887 -0.021644 1.283859
v -0.622252 -0.002566 1.285573
v -0.620898 -0.025313 1.286980
v -0.618555 0.002384 1.285450
v -0.621820 0.002498 1.290723
v -0.620320 0.003808 1.289782
v -0.618577 0.005123 1.281650
v -0.617808 0.011223 1.281840
v -0.616379 0.015305 1.285114
v -0.614636 0.017263 1.290533
v -0.603039 0.015603 1.274795
v -0.578786 -0.020939 1.270004
v -0.592205 -0.029061 1.270274
v -0.600464 -0.037129 1.274437
v -0.562046 -0.015858 1.272253
v -0.598753 -0.048802 1.282081
v -0.607728 -0.046463 1.283645
v -0.617460 -0.037989 1.283153
v -0.616332 -0.044073 1.285640
v -0.618277 -0.032502 1.285425
v -0.618970 -0.030074 1.291650
v -0.619611 -0.028670 1.291846
v -0.546606 -0.012421 1.274732
v -0.538944 -0.010834 1.277144
v -0.540490 -0.000881 1.280659
v -0.541715 0.004319 1.283977
v -0.543046 0.008932 1.290097
v -0.544191 0.007294 1.294681
v -0.544891 0.003782 1.298999
v -0.545074 -0.004742 1.302763
v -0.544065 -0.015423 1.303660
v -0.596635 0.004821 1.302377
v -0.542155 -0.028856 1.299685
v -0.559427 -0.058410 1.289024
v -0.538826 -0.036465 1.293847
v -0.535293 -0.037675 1.283742
v -0.534550 -0.030804 1.274074
v -0.536701 -0.021364 1.273646
v -0.546606 -0.012421 1.274732
v -0.538944 -0.010834 1.277144
v -0.562046 -0.015858 1.272253
v -0.592441 -0.040572 1.268044
v -0.578786 -0.020939 1.270004
v -0.592205 -0.029061 1.270274
v -0.600464 -0.037129 1.274437
v -0.598753 -0.048802 1.282081
v -0.594693 -0.053499 1.282141
v -0.595376 -0.055554 1.275464
v -0.593359 -0.059895 1.282684
v -0.588415 -0.059753 1.268400
v -0.578993 -0.064347 1.268378
v -0.578155 -0.071627 1.273336
v -0.578365 -0.072728 1.281082
v -0.581070 -0.069453 1.287693
v -0.586115 -0.062515 1.288766
v -0.594693 -0.053499 1.282141
v -0.593359 -0.059895 1.282684
v -0.598753 -0.048802 1.282081
v -0.607728 -0.046463 1.283645
v -0.614287 -0.045549 1.292455
v -0.616332 -0.044073 1.285640
v -0.613311 -0.043448 1.297970
v -0.615949 -0.037192 1.300083
v -0.614353 -0.030802 1.298191
v -0.616491 -0.025507 1.299390
v -0.618970 -0.030074 1.291650
v -0.619611 -0.028670 1.291846
v -0.618489 -0.019863 1.301851
v -0.617136 -0.013670 1.299060
v -0.616911 -0.007766 1.298201
v -0.622021 -0.011971 1.294121
v -0.622121 -0.012941 1.293203
v -0.617780 -0.002631 1.299763
v -0.615617 0.002454 1.295996
v -0.614305 0.006839 1.293811
v -0.621820 0.002498 1.290723
v -0.620320 0.003808 1.289782
v -0.615396 0.012915 1.295048
v 0.613669 -0.045549 1.292455
v 0.612692 -0.043448 1.297970
v 0.615713 -0.044074 1.285640
v 0.615330 -0.037192 1.300083
v 0.613735 -0.030802 1.298191
v 0.618352 -0.030075 1.291650
v 0.620574 -0.030368 1.291405
v 0.635627 -0.033230 1.290296
v 0.632253 -0.034365 1.297122
v 0.641121 -0.034459 1.289858
v 0.679581 -0.043816 1.294890
v 0.655498 -0.037582 1.289355
v 0.661746 -0.038451 1.289053
v 0.636099 -0.047297 1.298784
v 0.676349 -0.040794 1.290800
v 0.679646 -0.042944 1.291473
v 0.680408 -0.045426 1.292098
v 0.679053 -0.047797 1.292699
v 0.675405 -0.049743 1.292876
v 0.660658 -0.050425 1.292545
v 0.675405 -0.049743 1.292876
v 0.679053 -0.047797 1.292699
v 0.680408 -0.045426 1.292098
v 0.679646 -0.042944 1.291473
v 0.676349 -0.040794 1.290800
v 0.661746 -0.038451 1.289053
v 0.655498 -0.037582 1.289355
v 0.673952 -0.048577 1.285403
v 0.641121 -0.034459 1.289858
v 0.630709 -0.037572 1.283931
v 0.635627 -0.033230 1.290296
v 0.620574 -0.030368 1.291405
v 0.616841 -0.037989 1.283153
v 0.618352 -0.030075 1.291650
v 0.617658 -0.032503 1.285425
v 0.616517 -0.013671 1.299059
v 0.621502 -0.012941 1.293202
v 0.623620 -0.012840 1.292693
v 0.617870 -0.019863 1.301850
v 0.640561 -0.014175 1.291571
v 0.646848 -0.014674 1.291126
v 0.615873 -0.025508 1.299389
v 0.618992 -0.028670 1.291846
v 0.620279 -0.025313 1.286979
v 0.642898 -0.030354 1.297329
v 0.620268 -0.021645 1.283858
v 0.620735 -0.016202 1.286589
v 0.621502 -0.012941 1.293202
v 0.623620 -0.012840 1.292693
v 0.632358 -0.015407 1.299291
v 0.663341 -0.016289 1.290186
v 0.627505 -0.019417 1.284417
v 0.640561 -0.014175 1.291571
v 0.670273 -0.016705 1.289802
v 0.646848 -0.014674 1.291126
v 0.669791 -0.029291 1.291599
v 0.663341 -0.016289 1.290186
v 0.668662 -0.019117 1.285347
v 0.670273 -0.016705 1.289802
v 0.685576 -0.018406 1.290456
v 0.685187 -0.026733 1.285356
v 0.689446 -0.020815 1.291167
v 0.690322 -0.023339 1.291582
v 0.689338 -0.025851 1.291804
v 0.685496 -0.028143 1.291603
v 0.685496 -0.028143 1.291603
v 0.689338 -0.025851 1.291804
v 0.690322 -0.023339 1.291582
v 0.689446 -0.020815 1.291167
v 0.685576 -0.018406 1.290456
v 0.688569 -0.021506 1.295066
v 0.621617 -0.011540 1.288188
v 0.621403 -0.011971 1.294119
v 0.621924 -0.008024 1.284823
v 0.616293 -0.007767 1.298200
v 0.617161 -0.002632 1.299763
v 0.614999 0.002453 1.295995
v 0.621202 0.002498 1.290722
v 0.623730 0.002410 1.290794
v 0.639261 0.001735 1.291020
v 0.645008 0.001548 1.291384
v 0.659295 0.000547 1.292483
v 0.680910 -0.002318 1.300266
v 0.628775 -0.004181 1.300813
v 0.621633 -0.002567 1.285572
v 0.621202 0.002498 1.290722
v 0.623730 0.002410 1.290794
v 0.641793 -0.010721 1.288988
v 0.639261 0.001735 1.291020
v 0.645008 0.001548 1.291384
v 0.659295 0.000547 1.292483
v 0.664032 -0.002563 1.289335
v 0.665068 0.000419 1.292890
v 0.678072 -0.006921 1.291583
v 0.664799 -0.010315 1.297184
v 0.665068 0.000419 1.292890
v 0.678348 -0.000696 1.295418
v 0.681345 -0.002182 1.296658
v 0.682147 -0.004331 1.297614
v 0.681332 -0.006570 1.298210
v 0.677994 -0.008643 1.298076
v 0.677994 -0.008643 1.298076
v 0.681332 -0.006570 1.298210
v 0.682147 -0.004331 1.297614
v 0.681345 -0.002182 1.296658
v 0.678348 -0.000696 1.295418
v 0.610844 -0.101275 1.278903
v 0.604081 -0.094594 1.276921
v 0.610731 -0.101977 1.277350
v 0.610319 -0.099875 1.280136
v 0.609999 -0.101319 1.275574
v 0.608747 -0.100109 1.274311
v 0.607392 -0.098844 1.273830
v 0.609140 -0.098464 1.280874
v 0.605723 -0.095344 1.281175
v 0.604199 -0.096090 1.273646
v 0.604388 -0.094621 1.280831
v 0.602975 -0.095006 1.274129
v 0.603180 -0.094460 1.279532
v 0.602408 -0.094689 1.275751
v 0.602524 -0.094529 1.277735
v 0.681380 -0.043408 1.293424
v 0.671117 -0.045230 1.295225
v 0.681857 -0.044709 1.294023
v 0.679794 -0.042345 1.293250
v 0.680711 -0.046066 1.294422
v 0.678745 -0.046970 1.294826
v 0.676719 -0.047351 1.295221
v 0.677779 -0.041574 1.293282
v 0.672798 -0.040506 1.294012
v 0.672213 -0.047220 1.296102
v 0.670605 -0.040602 1.294526
v 0.670274 -0.046667 1.296262
v 0.669606 -0.041768 1.295107
v 0.669460 -0.045277 1.296081
v 0.669372 -0.043494 1.295668
v 0.690944 -0.021771 1.293238
v 0.681116 -0.024225 1.294948
v 0.691690 -0.023077 1.293579
v 0.689552 -0.020628 1.293190
v 0.690805 -0.024553 1.293745
v 0.688631 -0.025601 1.294000
v 0.686629 -0.026028 1.294406
v 0.687526 -0.019978 1.293496
v 0.682459 -0.019229 1.294140
v 0.682012 -0.026153 1.295040
v 0.680294 -0.019476 1.294649
v 0.680172 -0.025667 1.295563
v 0.679420 -0.020717 1.295319
v 0.679416 -0.024284 1.295885
v 0.679323 -0.022471 1.295874
v 0.674843 -0.005760 1.299597
v 0.680838 -0.001276 1.298669
v 0.678761 -0.000682 1.298479
v 0.682387 -0.002230 1.299305
v 0.682880 -0.003449 1.299969
v 0.681794 -0.004838 1.300242
v 0.679868 -0.005966 1.300355
v 0.673491 -0.000113 1.298503
v 0.671111 -0.000470 1.298694
v 0.677842 -0.006404 1.300542
v 0.670188 -0.001628 1.299425
v 0.673242 -0.006496 1.300799
v 0.670081 -0.003229 1.300194
v 0.671275 -0.006083 1.300830
v 0.670274 -0.004877 1.300617
v 0.664900 0.012091 1.294802
v 0.670687 0.015802 1.294020
v 0.668703 0.016258 1.293790
v 0.672166 0.015054 1.294691
v 0.672671 0.013970 1.295264
v 0.671819 0.012690 1.295619
v 0.669867 0.011716 1.295694
v 0.663708 0.016583 1.293647
v 0.661595 0.016283 1.293850
v 0.667949 0.011276 1.295824
v 0.660733 0.015270 1.294506
v 0.663595 0.011038 1.296046
v 0.660651 0.013880 1.295283
v 0.661728 0.011337 1.296027
v 0.660868 0.012435 1.295797
v -0.613311 -0.043448 1.297970
v -0.614287 -0.045549 1.292455
v -0.616332 -0.044073 1.285640
v -0.615949 -0.037192 1.300083
v -0.614353 -0.030802 1.298191
v -0.618970 -0.030074 1.291650
v -0.621193 -0.030367 1.291405
v -0.636246 -0.033230 1.290296
v -0.641740 -0.034459 1.289858
v -0.638966 -0.044538 1.299339
v -0.656116 -0.037582 1.289356
v -0.662364 -0.038451 1.289054
v -0.676968 -0.040795 1.290801
v -0.679606 -0.044246 1.295431
v -0.680264 -0.042945 1.291474
v -0.681026 -0.045426 1.292098
v -0.679671 -0.047797 1.292699
v -0.676024 -0.049743 1.292877
v -0.661277 -0.050425 1.292546
v -0.676024 -0.049743 1.292877
v -0.679671 -0.047797 1.292699
v -0.681026 -0.045426 1.292098
v -0.680264 -0.042945 1.291474
v -0.676968 -0.040795 1.290801
v -0.674114 -0.048652 1.285345
v -0.662364 -0.038451 1.289054
v -0.656116 -0.037582 1.289356
v -0.641740 -0.034459 1.289858
v -0.636246 -0.033230 1.290296
v -0.658048 -0.040917 1.285020
v -0.621193 -0.030367 1.291405
v -0.623956 -0.035713 1.283760
v -0.617460 -0.037989 1.283153
v -0.618970 -0.030074 1.291650
v -0.618277 -0.032502 1.285425
v -0.622121 -0.012941 1.293203
v -0.617136 -0.013670 1.299060
v -0.624239 -0.012840 1.292694
v -0.618489 -0.019863 1.301851
v -0.641180 -0.014174 1.291572
v -0.632952 -0.015405 1.299295
v -0.647467 -0.014673 1.291127
v -0.634538 -0.027376 1.288902
v -0.616491 -0.025507 1.299390
v -0.619611 -0.028670 1.291846
v -0.620898 -0.025313 1.286980
v -0.620887 -0.021644 1.283859
v -0.621354 -0.016201 1.286590
v -0.622121 -0.012941 1.293203
v -0.624239 -0.012840 1.292694
v -0.663960 -0.016289 1.290187
v -0.641180 -0.014174 1.291572
v -0.670892 -0.016704 1.289803
v -0.669318 -0.020717 1.284224
v -0.647467 -0.014673 1.291127
v -0.689019 -0.023172 1.295484
v -0.663960 -0.016289 1.290187
v -0.670410 -0.029290 1.291600
v -0.670892 -0.016704 1.289803
v -0.688587 -0.023930 1.287318
v -0.686195 -0.018405 1.290457
v -0.690064 -0.020814 1.291168
v -0.690941 -0.023338 1.291584
v -0.689957 -0.025850 1.291805
v -0.686115 -0.028142 1.291605
v -0.686115 -0.028142 1.291605
v -0.689957 -0.025850 1.291805
v -0.690941 -0.023338 1.291584
v -0.690064 -0.020814 1.291168
v -0.686195 -0.018405 1.290457
v -0.622021 -0.011971 1.294121
v -0.622235 -0.011539 1.288188
v -0.622542 -0.008023 1.284824
v -0.662227 -0.010016 1.290394
v -0.616911 -0.007766 1.298201
v -0.617780 -0.002631 1.299763
v -0.615617 0.002454 1.295996
v -0.621820 0.002498 1.290723
v -0.624349 0.002411 1.290795
v -0.639879 0.001735 1.291021
v -0.626426 -0.004072 1.300869
v -0.645627 0.001549 1.291385
v -0.659914 0.000547 1.292483
v -0.622252 -0.002566 1.285573
v -0.621820 0.002498 1.290723
v -0.624349 0.002411 1.290795
v -0.639879 0.001735 1.291021
v -0.645627 0.001549 1.291385
v -0.659914 0.000547 1.292483
v -0.639853 -0.005152 1.286382
v -0.665686 0.000419 1.292891
v -0.665417 -0.010315 1.297185
v -0.665686 0.000419 1.292891
v -0.681371 -0.002341 1.300262
v -0.678966 -0.000696 1.295419
v -0.681964 -0.002182 1.296658
v -0.682766 -0.004331 1.297614
v -0.681951 -0.006570 1.298211
v -0.678612 -0.008643 1.298076
v -0.678612 -0.008643 1.298076
v -0.681951 -0.006570 1.298211
v -0.682766 -0.004331 1.297614
v -0.681964 -0.002182 1.296658
v -0.678966 -0.000696 1.295419
v -0.679669 -0.006742 1.292559
v -0.611446 -0.101294 1.278950
v -0.611333 -0.101997 1.277398
v -0.610602 -0.101340 1.275621
v -0.610921 -0.099894 1.280183
v -0.609350 -0.100130 1.274358
v -0.607995 -0.098865 1.273876
v -0.609742 -0.098482 1.280920
v -0.604683 -0.094611 1.276965
v -0.606325 -0.095361 1.281219
v -0.604803 -0.096111 1.273690
v -0.604990 -0.094639 1.280875
v -0.603580 -0.095026 1.274172
v -0.603783 -0.094478 1.279575
v -0.603012 -0.094708 1.275794
v -0.603127 -0.094548 1.277778
v -0.681998 -0.043408 1.293425
v -0.682475 -0.044709 1.294024
v -0.681329 -0.046066 1.294422
v -0.680412 -0.042345 1.293251
v -0.679364 -0.046970 1.294826
v -0.677337 -0.047351 1.295222
v -0.678397 -0.041574 1.293282
v -0.671738 -0.045211 1.295220
v -0.673417 -0.040506 1.294013
v -0.672831 -0.047220 1.296102
v -0.671224 -0.040602 1.294527
v -0.670893 -0.046667 1.296263
v -0.670225 -0.041768 1.295108
v -0.670078 -0.045277 1.296081
v -0.669991 -0.043494 1.295668
v -0.691563 -0.021771 1.293239
v -0.692308 -0.023076 1.293581
v -0.691423 -0.024552 1.293747
v -0.690170 -0.020627 1.293191
v -0.689250 -0.025600 1.294002
v -0.687248 -0.026027 1.294408
v -0.688145 -0.019977 1.293497
v -0.681740 -0.024233 1.294949
v -0.683078 -0.019228 1.294142
v -0.682631 -0.026152 1.295041
v -0.680912 -0.019476 1.294650
v -0.680790 -0.025667 1.295564
v -0.680038 -0.020716 1.295321
v -0.680035 -0.024283 1.295886
v -0.679942 -0.022471 1.295875
v -0.681457 -0.001276 1.298670
v -0.679380 -0.000682 1.298479
v -0.683005 -0.002230 1.299306
v -0.683499 -0.003449 1.299969
v -0.682413 -0.004837 1.300242
v -0.680487 -0.005966 1.300356
v -0.674110 -0.000113 1.298503
v -0.675458 -0.005741 1.299589
v -0.671730 -0.000470 1.298694
v -0.678461 -0.006404 1.300542
v -0.670806 -0.001627 1.299425
v -0.673861 -0.006496 1.300800
v -0.670699 -0.003229 1.300195
v -0.671894 -0.006083 1.300831
v -0.670893 -0.004877 1.300617
v -0.671306 0.015801 1.294022
v -0.669322 0.016258 1.293791
v -0.672785 0.015053 1.294692
v -0.673290 0.013970 1.295266
v -0.672438 0.012689 1.295621
v -0.670486 0.011715 1.295696
v -0.664327 0.016582 1.293649
v -0.665517 0.012073 1.294811
v -0.662214 0.016283 1.293852
v -0.668568 0.011275 1.295825
v -0.661352 0.015270 1.294507
v -0.664214 0.011037 1.296048
v -0.661270 0.013880 1.295285
v -0.662347 0.011337 1.296028
v -0.661487 0.012435 1.295798
v 0.660651 0.013880 1.295283
v 0.662863 0.014135 1.295821
v 0.660868 0.012435 1.295797
v 0.660733 0.015270 1.294506
v 0.661728 0.011337 1.296027
v 0.661595 0.016283 1.293850
v 0.663595 0.011038 1.296046
v 0.663708 0.016583 1.293647
v 0.668703 0.016258 1.293790
v 0.667949 0.011276 1.295824
v 0.670687 0.015802 1.294020
v 0.669867 0.011716 1.295694
v 0.672166 0.015054 1.294691
v 0.671819 0.012690 1.295619
v 0.672671 0.013970 1.295264
v 0.682880 -0.003449 1.299969
v 0.682387 -0.002230 1.299305
v 0.681794 -0.004838 1.300242
v 0.680838 -0.001276 1.298669
v 0.679868 -0.005966 1.300355
v 0.678761 -0.000682 1.298479
v 0.677842 -0.006404 1.300542
v 0.673491 -0.000113 1.298503
v 0.673147 -0.002755 1.300716
v 0.673242 -0.006496 1.300799
v 0.671111 -0.000470 1.298694
v 0.671275 -0.006083 1.300830
v 0.670188 -0.001628 1.299425
v 0.670274 -0.004877 1.300617
v 0.670081 -0.003229 1.300194
v 0.679420 -0.020717 1.295319
v 0.681810 -0.022228 1.295828
v 0.679323 -0.022471 1.295874
v 0.680294 -0.019476 1.294649
v 0.679416 -0.024284 1.295885
v 0.682459 -0.019229 1.294140
v 0.680172 -0.025667 1.295563
v 0.687526 -0.019978 1.293496
v 0.689552 -0.020628 1.293190
v 0.682012 -0.026153 1.295040
v 0.690944 -0.021771 1.293238
v 0.686629 -0.026028 1.294406
v 0.691690 -0.023077 1.293579
v 0.688631 -0.025601 1.294000
v 0.690805 -0.024553 1.293745
v 0.669372 -0.043494 1.295668
v 0.669460 -0.045277 1.296081
v 0.669606 -0.041768 1.295107
v 0.670274 -0.046667 1.296262
v 0.670605 -0.040602 1.294526
v 0.672798 -0.040506 1.294012
v 0.672213 -0.047220 1.296102
v 0.670775 -0.043423 1.295924
v 0.676719 -0.047351 1.295221
v 0.677779 -0.041574 1.293282
v 0.678745 -0.046970 1.294826
v 0.679794 -0.042345 1.293250
v 0.680711 -0.046066 1.294422
v 0.681380 -0.043408 1.293424
v 0.681857 -0.044709 1.294023
v 0.602524 -0.094529 1.277735
v 0.602408 -0.094689 1.275751
v 0.603180 -0.094460 1.279532
v 0.602975 -0.095006 1.274129
v 0.604388 -0.094621 1.280831
v 0.604199 -0.096090 1.273646
v 0.605723 -0.095344 1.281175
v 0.604167 -0.097169 1.277426
v 0.607392 -0.098844 1.273830
v 0.609140 -0.098464 1.280874
v 0.608747 -0.100109 1.274311
v 0.610319 -0.099875 1.280136
v 0.609999 -0.101319 1.275574
v 0.610844 -0.101275 1.278903
v 0.610731 -0.101977 1.277350
v -0.663478 0.014137 1.295822
v -0.661270 0.013880 1.295285
v -0.661487 0.012435 1.295798
v -0.662347 0.011337 1.296028
v -0.661352 0.015270 1.294507
v -0.664214 0.011037 1.296048
v -0.662214 0.016283 1.293852
v -0.668568 0.011275 1.295825
v -0.670486 0.011715 1.295696
v -0.664327 0.016582 1.293649
v -0.672438 0.012689 1.295621
v -0.669322 0.016258 1.293791
v -0.673290 0.013970 1.295266
v -0.671306 0.015801 1.294022
v -0.672785 0.015053 1.294692
v -0.673771 -0.002756 1.300716
v -0.683499 -0.003449 1.299969
v -0.683005 -0.002230 1.299306
v -0.681457 -0.001276 1.298670
v -0.682413 -0.004837 1.300242
v -0.679380 -0.000682 1.298479
v -0.680487 -0.005966 1.300356
v -0.678461 -0.006404 1.300542
v -0.674110 -0.000113 1.298503
v -0.673861 -0.006496 1.300800
v -0.671730 -0.000470 1.298694
v -0.671894 -0.006083 1.300831
v -0.670806 -0.001627 1.299425
v -0.670893 -0.004877 1.300617
v -0.670699 -0.003229 1.300195
v -0.680038 -0.020716 1.295321
v -0.679942 -0.022471 1.295875
v -0.680912 -0.019476 1.294650
v -0.680035 -0.024283 1.295886
v -0.683078 -0.019228 1.294142
v -0.680790 -0.025667 1.295564
v -0.688145 -0.019977 1.293497
v -0.682427 -0.022226 1.295829
v -0.690170 -0.020627 1.293191
v -0.682631 -0.026152 1.295041
v -0.691563 -0.021771 1.293239
v -0.687248 -0.026027 1.294408
v -0.692308 -0.023076 1.293581
v -0.689250 -0.025600 1.294002
v -0.691423 -0.024552 1.293747
v -0.671387 -0.043425 1.295926
v -0.669991 -0.043494 1.295668
v -0.670078 -0.045277 1.296081
v -0.670893 -0.046667 1.296263
v -0.670225 -0.041768 1.295108
v -0.671224 -0.040602 1.294527
v -0.673417 -0.040506 1.294013
v -0.672831 -0.047220 1.296102
v -0.677337 -0.047351 1.295222
v -0.678397 -0.041574 1.293282
v -0.679364 -0.046970 1.294826
v -0.680412 -0.042345 1.293251
v -0.681329 -0.046066 1.294422
v -0.681998 -0.043408 1.293425
v -0.682475 -0.044709 1.294024
v -0.604770 -0.097186 1.277471
v -0.603127 -0.094548 1.277778
v -0.603012 -0.094708 1.275794
v -0.603580 -0.095026 1.274172
v -0.603783 -0.094478 1.279575
v -0.604990 -0.094639 1.280875
v -0.604803 -0.096111 1.273690
v -0.606325 -0.095361 1.281219
v -0.607995 -0.098865 1.273876
v -0.609742 -0.098482 1.280920
v -0.609350 -0.100130 1.274358
v -0.610921 -0.099894 1.280183
v -0.610602 -0.101340 1.275621
v -0.611446 -0.101294 1.278950
v -0.611333 -0.101997 1.277398
v 0.084830 -0.000606 1.482401
v 0.087906 -0.002230 1.498118
v 0.086861 0.008476 1.490227
v 0.085909 0.016955 1.490049
v 0.089904 -0.004115 1.512192
v 0.082617 0.021998 1.478271
v 0.076335 0.025373 1.462258
v 0.092446 -0.010369 1.535314
v 0.089052 -0.016957 1.558281
v 0.073961 -0.025772 1.585611
v 0.051419 -0.032523 1.605085
v 0.025822 -0.037385 1.614406
v -0.000309 -0.010441 1.623121
v -0.000309 -0.039557 1.616398
v -0.000309 0.021111 1.624876
v -0.000309 0.051423 1.620669
v -0.000309 0.080784 1.605673
v -0.000309 0.103245 1.579166
v 0.084510 0.073516 1.585552
v 0.072300 0.019475 1.452951
v 0.064716 0.015730 1.439494
v 0.048349 0.033665 1.430356
v 0.033965 0.044182 1.426094
v 0.016319 0.053564 1.424046
v -0.000309 0.059445 1.423428
v -0.000309 0.078189 1.439034
v -0.000309 0.098248 1.463386
v 0.060819 0.074375 1.467139
v -0.000309 0.112292 1.495303
v -0.000309 0.116154 1.526068
v -0.000309 0.112080 1.552721
v -0.000309 0.116154 1.526068
v -0.000309 0.080784 1.605673
v -0.000309 0.051423 1.620669
v -0.000309 0.021111 1.624876
v -0.000309 0.112292 1.495303
v -0.000309 -0.010441 1.623121
v -0.026440 -0.037385 1.614406
v -0.000309 -0.039557 1.616398
v -0.052037 -0.032523 1.605085
v -0.074579 -0.025772 1.585611
v -0.089670 -0.016957 1.558281
v -0.093065 -0.010369 1.535314
v -0.090522 -0.004115 1.512192
v -0.088524 -0.002230 1.498118
v -0.087479 0.008476 1.490227
v -0.085448 -0.000606 1.482401
v -0.086527 0.016955 1.490049
v -0.083236 0.021998 1.478271
v -0.076954 0.025373 1.462258
v -0.085228 0.069207 1.588113
v -0.058123 0.072966 1.462557
v -0.072918 0.019475 1.452951
v -0.065334 0.015731 1.439494
v -0.048967 0.033665 1.430356
v -0.034584 0.044182 1.426094
v -0.016937 0.053564 1.424046
v -0.000309 0.098248 1.463386
v -0.000309 0.059445 1.423428
v -0.000309 0.078189 1.439034
v 0.125413 -0.021864 1.204488
v 0.127447 -0.022082 1.210645
v 0.128064 -0.001986 1.211507
v 0.131989 0.016924 1.220223
v 0.114144 -0.000801 1.194962
v 0.116157 -0.022036 1.192140
v 0.115455 0.018779 1.205883
v 0.128219 0.014265 1.213694
v 0.123334 0.037732 1.232250
v 0.137323 0.042751 1.246256
v 0.138893 0.036960 1.242396
v 0.140724 0.047953 1.261249
v 0.126916 0.049099 1.254121
v 0.138419 0.055241 1.284996
v 0.127714 0.056480 1.278791
v 0.133923 0.052616 1.303909
v 0.131560 0.057374 1.293933
v 0.127443 0.055523 1.297920
v 0.130556 0.044233 1.317291
v 0.126384 0.040718 1.323790
v 0.125474 0.046262 1.314565
v 0.127956 0.028759 1.327265
v 0.123209 0.029241 1.328513
v 0.127731 0.009439 1.332160
v 0.124940 -0.000233 1.335392
v 0.122089 0.008437 1.333134
v 0.128219 -0.012125 1.328686
v 0.121643 -0.012818 1.328086
v 0.129860 -0.039787 1.311898
v 0.123511 -0.029640 1.317311
v 0.130429 -0.028592 1.318891
v 0.126618 -0.044388 1.301421
v 0.134676 -0.043147 1.303725
v 0.128484 -0.057798 1.280756
v 0.131636 -0.059715 1.274468
v 0.137739 -0.053945 1.285565
v 0.127334 -0.063166 1.257802
v 0.132281 -0.060762 1.257499
v 0.131082 -0.061920 1.239238
v 0.130326 -0.063490 1.237982
v 0.124901 -0.064739 1.235354
v 0.131550 -0.052761 1.224747
v 0.122930 -0.058431 1.212490
v 0.129274 -0.040777 1.213845
v 0.128177 -0.051859 1.215572
v 0.119127 -0.042423 1.196456
v 0.125413 -0.021864 1.204488
v 0.127447 -0.022082 1.210645
v 0.116157 -0.022036 1.192140
v 0.191198 -0.008036 1.252788
v 0.166365 0.000007 1.284863
v 0.187602 0.015000 1.258832
v 0.213006 -0.012240 1.236378
v 0.245132 -0.014125 1.227831
v 0.244830 0.005393 1.224719
v 0.247708 0.026529 1.239326
v 0.212569 0.009493 1.236578
v 0.251222 0.041068 1.258827
v 0.192514 0.031619 1.282122
v 0.166365 0.000007 1.284863
v 0.254287 0.048689 1.281992
v 0.257613 0.050627 1.309526
v 0.196257 0.025650 1.304116
v 0.166365 0.000007 1.284863
v 0.258384 0.036884 1.328248
v 0.212483 0.049774 1.308848
v 0.256956 0.012645 1.339447
v 0.196401 0.002824 1.317595
v 0.166365 0.000007 1.284863
v 0.254575 -0.011887 1.342358
v 0.253677 -0.034706 1.334709
v 0.195892 -0.023113 1.309154
v 0.166365 0.000007 1.284863
v 0.252532 -0.051328 1.316562
v 0.221938 -0.031797 1.333359
v 0.251505 -0.060553 1.296421
v 0.192873 -0.034415 1.288366
v 0.166365 0.000007 1.284863
v 0.249940 -0.058869 1.275521
v 0.248427 -0.046968 1.256476
v 0.187449 -0.027350 1.264335
v 0.166365 0.000007 1.284863
v 0.201257 -0.042024 1.264169
v 0.246778 -0.031789 1.237879
v 0.191198 -0.008036 1.252788
v 0.166365 0.000007 1.284863
v 0.213006 -0.012240 1.236378
v 0.245132 -0.014125 1.227831
v 0.244547 -0.015158 1.225056
v 0.245132 -0.014125 1.227831
v 0.244708 0.005733 1.221710
v 0.244830 0.005393 1.224719
v 0.247869 0.027851 1.237071
v 0.247708 0.026529 1.239326
v 0.251222 0.041068 1.258827
v 0.251704 0.042957 1.257734
v 0.254287 0.048689 1.281992
v 0.254684 0.050625 1.281746
v 0.257613 0.050627 1.309526
v 0.257914 0.052775 1.310040
v 0.258698 0.038634 1.330701
v 0.258384 0.036884 1.328248
v 0.256790 0.014467 1.341899
v 0.256956 0.012645 1.339447
v 0.254180 -0.011901 1.344956
v 0.254575 -0.011887 1.342358
v 0.253677 -0.034706 1.334709
v 0.252688 -0.036073 1.337159
v 0.251836 -0.053561 1.318598
v 0.252532 -0.051328 1.316562
v 0.251505 -0.060553 1.296421
v 0.250405 -0.063375 1.296798
v 0.249940 -0.058869 1.275521
v 0.248949 -0.061928 1.275481
v 0.248360 -0.049366 1.255264
v 0.248427 -0.046968 1.256476
v 0.246389 -0.033648 1.236343
v 0.246778 -0.031789 1.237879
v 0.244547 -0.015158 1.225056
v 0.245132 -0.014125 1.227831
v 0.128064 -0.001986 1.211507
v 0.127447 -0.022082 1.210645
v 0.136303 -0.021761 1.214580
v 0.142707 -0.021223 1.218483
v 0.131989 0.016924 1.220223
v 0.161621 -0.019911 1.229354
v 0.187653 -0.017983 1.236088
v 0.212445 -0.016299 1.233417
v 0.138893 0.036960 1.242396
v 0.140724 0.047953 1.261249
v 0.138419 0.055241 1.284996
v 0.171985 0.019744 1.238104
v 0.133923 0.052616 1.303909
v 0.130556 0.044233 1.317291
v 0.146737 0.055811 1.297808
v 0.244547 -0.015158 1.225056
v 0.244708 0.005733 1.221710
v 0.247869 0.027851 1.237071
v 0.251704 0.042957 1.257734
v 0.254684 0.050625 1.281746
v 0.257914 0.052775 1.310040
v 0.258698 0.038634 1.330701
v 0.256790 0.014467 1.341899
v 0.254180 -0.011901 1.344956
v 0.252688 -0.036073 1.337159
v 0.251836 -0.053561 1.318598
v 0.250405 -0.063375 1.296798
v 0.130489 0.003175 1.335565
v 0.248949 -0.061928 1.275481
v 0.248360 -0.049366 1.255264
v 0.133892 0.041115 1.321808
v 0.127956 0.028759 1.327265
v 0.127731 0.009439 1.332160
v 0.128219 -0.012125 1.328686
v 0.130429 -0.028592 1.318891
v 0.150324 -0.057737 1.299820
v 0.134676 -0.043147 1.303725
v 0.137739 -0.053945 1.285565
v 0.132281 -0.060762 1.257499
v 0.131082 -0.061920 1.239238
v 0.131550 -0.052761 1.224747
v 0.129274 -0.040777 1.213845
v 0.246389 -0.033648 1.236343
v 0.212445 -0.016299 1.233417
v 0.244547 -0.015158 1.225056
v 0.187653 -0.017983 1.236088
v 0.161621 -0.019911 1.229354
v 0.182690 -0.046850 1.247664
v 0.142707 -0.021223 1.218483
v 0.136303 -0.021761 1.214580
v 0.127447 -0.022082 1.210645
v -0.128065 -0.022082 1.210645
v -0.126031 -0.021864 1.204488
v -0.128683 -0.001986 1.211507
v -0.128837 0.014264 1.213692
v -0.132607 0.016924 1.220223
v -0.114762 -0.000801 1.194962
v -0.116775 -0.022036 1.192140
v -0.116073 0.018779 1.205883
v -0.123952 0.037732 1.232251
v -0.139511 0.036960 1.242396
v -0.141342 0.047953 1.261250
v -0.127535 0.049099 1.254121
v -0.137939 0.042750 1.246254
v -0.139037 0.055241 1.284996
v -0.132179 0.057374 1.293932
v -0.128333 0.056480 1.278791
v -0.134541 0.052616 1.303909
v -0.128061 0.055523 1.297920
v -0.131174 0.044233 1.317291
v -0.126092 0.046262 1.314565
v -0.128574 0.028759 1.327266
v -0.123827 0.029241 1.328513
v -0.127003 0.040717 1.323790
v -0.128349 0.009439 1.332160
v -0.122707 0.008437 1.333134
v -0.125559 -0.000234 1.335393
v -0.128837 -0.012125 1.328687
v -0.122261 -0.012818 1.328086
v -0.124129 -0.029640 1.317312
v -0.131048 -0.028592 1.318892
v -0.127236 -0.044388 1.301421
v -0.130478 -0.039786 1.311898
v -0.135294 -0.043147 1.303726
v -0.129102 -0.057798 1.280756
v -0.138357 -0.053945 1.285566
v -0.127952 -0.063167 1.257802
v -0.132256 -0.059715 1.274468
v -0.132899 -0.060762 1.257500
v -0.131700 -0.061920 1.239238
v -0.130944 -0.063490 1.237982
v -0.125519 -0.064739 1.235354
v -0.132168 -0.052761 1.224748
v -0.128795 -0.051859 1.215571
v -0.123549 -0.058431 1.212490
v -0.129892 -0.040778 1.213845
v -0.119745 -0.042423 1.196456
v -0.126031 -0.021864 1.204488
v -0.128065 -0.022082 1.210645
v -0.116775 -0.022036 1.192140
v -0.166983 0.000007 1.284863
v -0.191816 -0.008036 1.252789
v -0.188220 0.015000 1.258832
v -0.213187 0.009493 1.236579
v -0.213624 -0.012241 1.236378
v -0.245750 -0.014125 1.227832
v -0.245448 0.005393 1.224720
v -0.248326 0.026529 1.239326
v -0.213100 0.049773 1.308849
v -0.251840 0.041068 1.258828
v -0.193132 0.031619 1.282123
v -0.166983 0.000007 1.284863
v -0.254905 0.048689 1.281992
v -0.258231 0.050627 1.309526
v -0.196875 0.025650 1.304117
v -0.166983 0.000007 1.284863
v -0.259002 0.036884 1.328249
v -0.257574 0.012645 1.339448
v -0.197019 0.002824 1.317595
v -0.166983 0.000007 1.284863
v -0.222555 -0.031797 1.333359
v -0.255193 -0.011886 1.342359
v -0.254295 -0.034706 1.334710
v -0.196510 -0.023113 1.309154
v -0.166983 0.000007 1.284863
v -0.253150 -0.051328 1.316563
v -0.252123 -0.060553 1.296422
v -0.193491 -0.034415 1.288366
v -0.166983 0.000007 1.284863
v -0.201874 -0.042024 1.264170
v -0.250558 -0.058869 1.275522
v -0.249045 -0.046968 1.256477
v -0.188067 -0.027350 1.264335
v -0.166983 0.000007 1.284863
v -0.247396 -0.031789 1.237880
v -0.191816 -0.008036 1.252789
v -0.166983 0.000007 1.284863
v -0.213624 -0.012241 1.236378
v -0.245750 -0.014125 1.227832
v -0.245750 -0.014125 1.227832
v -0.245165 -0.015158 1.225057
v -0.245326 0.005732 1.221711
v -0.245448 0.005393 1.224720
v -0.248487 0.027850 1.237072
v -0.248326 0.026529 1.239326
v -0.251840 0.041068 1.258828
v -0.252322 0.042957 1.257735
v -0.254905 0.048689 1.281992
v -0.255302 0.050625 1.281747
v -0.258231 0.050627 1.309526
v -0.258532 0.052775 1.310041
v -0.259316 0.038634 1.330701
v -0.259002 0.036884 1.328249
v -0.257408 0.014467 1.341899
v -0.257574 0.012645 1.339448
v -0.254798 -0.011900 1.344956
v -0.255193 -0.011886 1.342359
v -0.254295 -0.034706 1.334710
v -0.253305 -0.036073 1.337160
v -0.252454 -0.053561 1.318599
v -0.253150 -0.051328 1.316563
v -0.252123 -0.060553 1.296422
v -0.251023 -0.063375 1.296800
v -0.250558 -0.058869 1.275522
v -0.249567 -0.061928 1.275482
v -0.248978 -0.049366 1.255265
v -0.249045 -0.046968 1.256477
v -0.247008 -0.033649 1.236343
v -0.247396 -0.031789 1.237880
v -0.245165 -0.015158 1.225057
v -0.245750 -0.014125 1.227832
v -0.136921 -0.021761 1.214581
v -0.128065 -0.022082 1.210645
v -0.128683 -0.001986 1.211507
v -0.143325 -0.021223 1.218484
v -0.132607 0.016924 1.220223
v -0.162239 -0.019911 1.229355
v -0.188271 -0.017983 1.236088
v -0.213063 -0.016299 1.233418
v -0.139511 0.036960 1.242396
v -0.141342 0.047953 1.261250
v -0.139037 0.055241 1.284996
v -0.134541 0.052616 1.303909
v -0.131174 0.044233 1.317291
v -0.146287 0.056438 1.297796
v -0.128574 0.028759 1.327266
v -0.128349 0.009439 1.332160
v -0.128837 -0.012125 1.328687
v -0.131048 -0.028592 1.318892
v -0.135294 -0.043147 1.303726
v -0.138357 -0.053945 1.285566
v -0.132899 -0.060762 1.257500
v -0.131700 -0.061920 1.239238
v -0.136938 -0.039040 1.316819
v -0.132168 -0.052761 1.224748
v -0.129892 -0.040778 1.213845
v -0.134744 0.044290 1.319177
v -0.131107 0.003175 1.335566
v -0.252454 -0.053561 1.318599
v -0.253305 -0.036073 1.337160
v -0.251023 -0.063375 1.296800
v -0.254798 -0.011900 1.344956
v -0.249567 -0.061928 1.275482
v -0.257408 0.014467 1.341899
v -0.259316 0.038634 1.330701
v -0.258532 0.052775 1.310041
v -0.248978 -0.049366 1.255265
v -0.255302 0.050625 1.281747
v -0.252322 0.042957 1.257735
v -0.248487 0.027850 1.237072
v -0.172604 0.019745 1.238105
v -0.245326 0.005732 1.221711
v -0.245165 -0.015158 1.225057
v -0.247008 -0.033649 1.236343
v -0.213063 -0.016299 1.233418
v -0.245165 -0.015158 1.225057
v -0.188271 -0.017983 1.236088
v -0.162239 -0.019911 1.229355
v -0.143325 -0.021223 1.218484
v -0.176231 -0.061691 1.259988
v -0.136921 -0.021761 1.214581
v -0.128065 -0.022082 1.210645
v 0.000805 -0.019052 0.963774
v 0.095195 -0.114489 0.918659
v 0.127673 -0.090578 0.923511
v 0.054396 -0.129855 0.915968
v 0.000805 -0.019052 0.963774
v -0.000276 -0.135589 0.915223
v 0.000805 -0.019052 0.963774
v -0.055014 -0.129855 0.915968
v 0.000805 -0.019052 0.963774
v 0.152976 -0.055522 0.928725
v 0.000805 -0.019052 0.963774
v 0.157565 -0.012167 0.932319
v 0.000805 -0.019052 0.963774
v 0.142594 0.036086 0.935847
v 0.000805 -0.019052 0.963774
v -0.095814 -0.114489 0.918659
v 0.000805 -0.019052 0.963774
v -0.128291 -0.090578 0.923511
v 0.000805 -0.019052 0.963774
v 0.113238 0.073803 0.936451
v 0.000805 -0.019052 0.963774
v -0.153594 -0.055522 0.928725
v 0.000805 -0.019052 0.963774
v -0.158184 -0.012167 0.932319
v 0.000805 -0.019052 0.963774
v -0.143213 0.036086 0.935847
v 0.000805 -0.019052 0.963774
v -0.098804 0.044791 1.065018
v -0.113856 0.073803 0.936451
v 0.000805 -0.019052 0.963774
v 0.124203 0.034118 1.029988
v 0.070308 -0.135696 1.163135
v -0.084765 -0.131250 1.173737
v -0.000309 -0.101356 1.261790
v 0.022986 -0.084328 1.285631
v 0.040073 -0.066423 1.307460
v 0.051002 -0.048219 1.325212
v 0.055572 -0.022416 1.340688
v 0.130610 -0.069797 1.235573
v 0.131811 -0.067663 1.260501
v 0.127522 -0.062534 1.210614
v 0.122004 -0.045668 1.194221
v 0.130224 -0.060924 1.282738
v 0.117558 -0.022229 1.188595
v 0.126894 -0.048141 1.303993
v 0.115086 0.000776 1.191145
v 0.122819 -0.033024 1.321429
v 0.117802 0.021164 1.203168
v 0.120390 -0.015224 1.332983
v 0.076724 0.006361 1.345106
v 0.053114 0.006970 1.354107
v 0.105994 0.007550 1.336690
v 0.119737 0.007717 1.337933
v 0.101897 0.064210 1.299262
v 0.125422 0.041985 1.230145
v 0.128748 0.053717 1.254498
v 0.129709 0.059046 1.276432
v 0.129485 0.059125 1.299191
v 0.125942 0.048616 1.317665
v -0.000309 0.063854 1.216971
v -0.000309 0.068070 1.255678
v -0.000309 0.059718 1.176882
v -0.000309 0.072744 1.286463
v -0.000309 0.057928 1.127565
v 0.000551 0.055958 1.099666
v 0.000779 0.064178 1.088578
v -0.000309 0.069664 1.313742
v 0.000106 0.063397 1.069925
v -0.000309 0.064338 1.340482
v 0.000317 0.071501 1.045064
v 0.121783 0.029706 1.332423
v 0.119737 0.007717 1.337933
v 0.105994 0.007550 1.336690
v 0.076724 0.006361 1.345106
v 0.018475 0.054216 1.362713
v -0.000309 0.058059 1.362263
v 0.034553 0.045073 1.361209
v 0.046260 0.030542 1.360502
v 0.053114 0.006970 1.354107
v 0.074354 0.093742 0.936917
v 0.000805 -0.019052 0.963774
v 0.038413 0.100804 0.938426
v 0.000805 -0.019052 0.963774
v 0.001622 0.096274 0.981577
v 0.002158 0.105446 0.942659
v 0.001499 0.102375 1.005511
v 0.002144 0.101150 0.938501
v 0.000805 -0.019052 0.963774
v 0.001264 0.092788 1.027043
v 0.000805 -0.019052 0.963774
v -0.074972 0.093742 0.936917
v -0.039032 0.100804 0.938426
v 0.000805 -0.019052 0.963774
v 0.001622 0.096274 0.981577
v 0.002158 0.105446 0.942659
v 0.002144 0.101150 0.938501
v 0.000805 -0.019052 0.963774
v 0.001499 0.102375 1.005511
v 0.001264 0.092788 1.027043
v 0.000317 0.071501 1.045064
v 0.000106 0.063397 1.069925
v 0.000779 0.064178 1.088578
v 0.000551 0.055958 1.099666
v -0.000309 0.057928 1.127565
v -0.000309 0.059718 1.176882
v -0.000309 0.063854 1.216971
v -0.102590 0.064181 1.302839
v -0.000309 0.068070 1.255678
v -0.000309 0.072744 1.286463
v -0.000309 0.069664 1.313742
v -0.000309 0.064338 1.340482
v -0.019093 0.054216 1.362713
v -0.000309 0.058059 1.362263
v -0.035172 0.045073 1.361209
v -0.046878 0.030542 1.360502
v -0.077343 0.006361 1.345106
v -0.053732 0.006970 1.354107
v -0.106612 0.007550 1.336690
v -0.120355 0.007717 1.337933
v -0.122402 0.029706 1.332423
v -0.126560 0.048616 1.317665
v -0.130104 0.059125 1.299191
v -0.130327 0.059046 1.276433
v -0.129366 0.053717 1.254498
v -0.126040 0.041985 1.230145
v -0.118420 0.021164 1.203169
v -0.115705 0.000776 1.191145
v -0.118176 -0.022229 1.188595
v -0.122622 -0.045668 1.194221
v -0.128140 -0.062534 1.210614
v -0.131228 -0.069797 1.235574
v -0.023604 -0.084328 1.285631
v -0.040691 -0.066423 1.307460
v -0.132429 -0.067663 1.260502
v -0.130842 -0.060924 1.282738
v -0.127512 -0.048141 1.303993
v -0.123437 -0.033024 1.321429
v -0.051620 -0.048219 1.325212
v -0.056191 -0.022416 1.340688
v -0.121008 -0.015224 1.332983
v -0.106612 0.007550 1.336690
v -0.120355 0.007717 1.337933
v -0.077343 0.006361 1.345106
v -0.053732 0.006970 1.354107
v -0.052616 0.006538 1.351246
v -0.053781 -0.020730 1.338857
v -0.049034 -0.047072 1.322492
v -0.051620 -0.048219 1.325212
v -0.040691 -0.066423 1.307460
v -0.040320 -0.063532 1.305524
v -0.023604 -0.084328 1.285631
v -0.022403 -0.082683 1.283335
v -0.008499 -0.092730 1.269091
v -0.000309 -0.101356 1.261790
v -0.000309 -0.098648 1.260700
v 0.007881 -0.092730 1.269091
v 0.022986 -0.084328 1.285631
v 0.021784 -0.082683 1.283335
v 0.039702 -0.063532 1.305524
v 0.040073 -0.066423 1.307460
v 0.048416 -0.047072 1.322492
v 0.051002 -0.048219 1.325212
v 0.055572 -0.022416 1.340688
v 0.053163 -0.020730 1.338857
v 0.051998 0.006538 1.351246
v 0.053114 0.006970 1.354107
v 0.122089 0.008437 1.333134
v 0.119737 0.007717 1.337933
v 0.121783 0.029706 1.332423
v 0.123209 0.029241 1.328513
v 0.125942 0.048616 1.317665
v 0.125474 0.046262 1.314565
v 0.129485 0.059125 1.299191
v 0.127443 0.055523 1.297920
v 0.127714 0.056480 1.278791
v 0.129709 0.059046 1.276432
v 0.126916 0.049099 1.254121
v 0.128748 0.053717 1.254498
v 0.125422 0.041985 1.230145
v 0.123334 0.037732 1.232250
v 0.117802 0.021164 1.203168
v 0.115455 0.018779 1.205883
v 0.115086 0.000776 1.191145
v 0.114144 -0.000801 1.194962
v 0.117558 -0.022229 1.188595
v 0.116157 -0.022036 1.192140
v 0.119127 -0.042423 1.196456
v 0.122004 -0.045668 1.194221
v 0.122930 -0.058431 1.212490
v 0.127522 -0.062534 1.210614
v 0.130610 -0.069797 1.235573
v 0.124901 -0.064739 1.235354
v 0.127334 -0.063166 1.257802
v 0.131811 -0.067663 1.260501
v 0.128484 -0.057798 1.280756
v 0.130224 -0.060924 1.282738
v 0.126894 -0.048141 1.303993
v 0.126618 -0.044388 1.301421
v 0.123511 -0.029640 1.317311
v 0.122819 -0.033024 1.321429
v 0.121643 -0.012818 1.328086
v 0.120390 -0.015224 1.332983
v 0.119737 0.007717 1.337933
v 0.122089 0.008437 1.333134
v 0.053114 0.006970 1.354107
v 0.051998 0.006538 1.351246
v 0.044981 0.028182 1.357412
v 0.046260 0.030542 1.360502
v 0.032135 0.042639 1.358542
v 0.034553 0.045073 1.361209
v 0.018475 0.054216 1.362713
v 0.017208 0.051571 1.359179
v -0.000309 0.058059 1.362263
v -0.000309 0.054040 1.358231
v -0.120355 0.007717 1.337933
v -0.122707 0.008437 1.333134
v -0.122402 0.029706 1.332423
v -0.123827 0.029241 1.328513
v -0.126560 0.048616 1.317665
v -0.126092 0.046262 1.314565
v -0.130104 0.059125 1.299191
v -0.128061 0.055523 1.297920
v -0.128333 0.056480 1.278791
v -0.130327 0.059046 1.276433
v -0.127535 0.049099 1.254121
v -0.129366 0.053717 1.254498
v -0.126040 0.041985 1.230145
v -0.123952 0.037732 1.232251
v -0.118420 0.021164 1.203169
v -0.116073 0.018779 1.205883
v -0.115705 0.000776 1.191145
v -0.114762 -0.000801 1.194962
v -0.118176 -0.022229 1.188595
v -0.116775 -0.022036 1.192140
v -0.119745 -0.042423 1.196456
v -0.122622 -0.045668 1.194221
v -0.123549 -0.058431 1.212490
v -0.128140 -0.062534 1.210614
v -0.131228 -0.069797 1.235574
v -0.125519 -0.064739 1.235354
v -0.127952 -0.063167 1.257802
v -0.132429 -0.067663 1.260502
v -0.129102 -0.057798 1.280756
v -0.130842 -0.060924 1.282738
v -0.127512 -0.048141 1.303993
v -0.127236 -0.044388 1.301421
v -0.124129 -0.029640 1.317312
v -0.123437 -0.033024 1.321429
v -0.122261 -0.012818 1.328086
v -0.121008 -0.015224 1.332983
v -0.120355 0.007717 1.337933
v -0.122707 0.008437 1.333134
v -0.052616 0.006538 1.351246
v -0.053732 0.006970 1.354107
v -0.045599 0.028182 1.357413
v -0.046878 0.030542 1.360502
v -0.032753 0.042639 1.358542
v -0.035172 0.045073 1.361209
v -0.019093 0.054216 1.362713
v -0.017826 0.051571 1.359179
v -0.000309 0.058059 1.362263
v -0.000309 0.054040 1.358231
v 0.062737 -0.046210 1.330001
v 0.063432 -0.047198 1.331599
v 0.060203 -0.024605 1.342309
v 0.059497 -0.023789 1.340613
v 0.055994 -0.004178 1.350902
v 0.057043 -0.004710 1.352507
v 0.051384 0.014546 1.358502
v 0.052872 0.014375 1.359828
v 0.046194 0.031403 1.364439
v 0.044604 0.030906 1.363407
v 0.033020 0.044810 1.367477
v 0.031762 0.043489 1.366714
v 0.018144 0.052956 1.369273
v 0.017415 0.051204 1.368699
v -0.000309 0.055759 1.369642
v -0.000309 0.053812 1.369187
v -0.018034 0.051204 1.368699
v -0.018762 0.052956 1.369273
v -0.032381 0.043489 1.366714
v -0.033638 0.044810 1.367477
v -0.045223 0.030906 1.363407
v -0.046812 0.031403 1.364440
v -0.052002 0.014546 1.358502
v -0.053490 0.014375 1.359828
v -0.057662 -0.004710 1.352507
v -0.056612 -0.004178 1.350903
v -0.060822 -0.024605 1.342309
v -0.060115 -0.023789 1.340613
v -0.063355 -0.046210 1.330001
v -0.064051 -0.047199 1.331599
v 0.031267 -0.056786 1.341488
v 0.063432 -0.047198 1.331599
v 0.062737 -0.046210 1.330001
v 0.030619 -0.055650 1.339977
v 0.017181 -0.057100 1.343001
v 0.016927 -0.058245 1.344616
v 0.008023 -0.054586 1.341657
v 0.006777 -0.054862 1.343478
v 0.002906 -0.052015 1.338190
v 0.004628 -0.052541 1.337270
v -0.000796 -0.051883 1.331347
v -0.001165 -0.053404 1.329753
v -0.001829 -0.051836 1.329885
v -0.031885 -0.056786 1.341488
v -0.063355 -0.046210 1.330001
v -0.064051 -0.047199 1.331599
v -0.031237 -0.055650 1.339977
v -0.017800 -0.057100 1.343002
v -0.017545 -0.058245 1.344616
v -0.008642 -0.054586 1.341657
v -0.007395 -0.054862 1.343478
v -0.003525 -0.052015 1.338190
v -0.005246 -0.052541 1.337270
v -0.001829 -0.051836 1.329885
v -0.000796 -0.051883 1.331347
v -0.008376 -0.084028 1.283572
v -0.008499 -0.092730 1.269091
v -0.022403 -0.082683 1.283335
v -0.007962 -0.066560 1.306521
v -0.040320 -0.063532 1.305524
v -0.008421 -0.054597 1.323921
v -0.049034 -0.047072 1.322492
v -0.053781 -0.020730 1.338857
v -0.030104 -0.027975 1.346966
v -0.001829 -0.051836 1.329885
v -0.005246 -0.052541 1.337270
v -0.020849 -0.026050 1.356747
v -0.030422 -0.006136 1.367939
v -0.052616 0.006538 1.351246
v -0.035253 0.009431 1.376093
v -0.045599 0.028182 1.357413
v -0.033662 0.021724 1.381441
v -0.032753 0.042639 1.358542
v -0.026869 0.033654 1.386071
v -0.017826 0.051571 1.359179
v -0.030955 0.036264 1.374836
v -0.000309 0.054040 1.358231
v -0.015771 0.041376 1.387890
v -0.000309 0.049305 1.371219
v -0.000309 0.044590 1.388319
v -0.007662 -0.054998 1.323298
v -0.001829 -0.051836 1.329885
v -0.001165 -0.053404 1.329753
v -0.008421 -0.054597 1.323921
v -0.008421 -0.054597 1.323921
v -0.007662 -0.054998 1.323298
v -0.007962 -0.066560 1.306521
v -0.007933 -0.067556 1.307468
v -0.008463 -0.085077 1.284564
v -0.008376 -0.084028 1.283572
v -0.008499 -0.092730 1.269091
v -0.000309 0.044590 1.388319
v -0.000309 0.049305 1.371219
v 0.015153 0.041376 1.387890
v -0.000309 0.054040 1.358231
v 0.026251 0.033654 1.386071
v 0.017208 0.051571 1.359179
v 0.032135 0.042639 1.358542
v 0.033044 0.021724 1.381441
v 0.044981 0.028182 1.357412
v 0.030336 0.036263 1.374836
v 0.034634 0.009431 1.376093
v 0.051998 0.006538 1.351246
v 0.029804 -0.006136 1.367939
v 0.053163 -0.020730 1.338857
v 0.020203 -0.043980 1.337865
v 0.020231 -0.026050 1.356746
v 0.048416 -0.047072 1.322492
v 0.039702 -0.063532 1.305524
v 0.021784 -0.082683 1.283335
v 0.004628 -0.052541 1.337270
v -0.001165 -0.053404 1.329753
v 0.007881 -0.092730 1.269091
v -0.007662 -0.054998 1.323298
v -0.007933 -0.067556 1.307468
v -0.008463 -0.085077 1.284564
v -0.000309 -0.098648 1.260700
v -0.008499 -0.092730 1.269091
v 0.013675 0.046214 1.406988
v -0.000309 0.044590 1.388319
v 0.015153 0.041376 1.387890
v -0.015771 0.041376 1.387890
v 0.026251 0.033654 1.386071
v 0.033044 0.021724 1.381441
v 0.034634 0.009431 1.376093
v 0.029804 -0.006136 1.367939
v 0.029164 -0.016151 1.367347
v 0.020231 -0.026050 1.356746
v 0.004628 -0.052541 1.337270
v 0.008023 -0.054586 1.341657
v 0.017181 -0.057100 1.343001
v 0.030619 -0.055650 1.339977
v 0.062737 -0.046210 1.330001
v 0.059497 -0.023789 1.340613
v 0.055994 -0.004178 1.350902
v 0.051384 0.014546 1.358502
v 0.044604 0.030906 1.363407
v 0.031762 0.043489 1.366714
v 0.017415 0.051204 1.368699
v -0.000309 0.053812 1.369187
v -0.018034 0.051204 1.368699
v -0.032381 0.043489 1.366714
v -0.045223 0.030906 1.363407
v -0.026869 0.033654 1.386071
v -0.052002 0.014546 1.358502
v -0.033662 0.021724 1.381441
v -0.056612 -0.004178 1.350903
v -0.035253 0.009431 1.376093
v -0.030422 -0.006136 1.367939
v -0.031740 -0.015540 1.367212
v -0.060115 -0.023789 1.340613
v -0.037058 0.014836 1.382159
v -0.020849 -0.026050 1.356747
v -0.063355 -0.046210 1.330001
v -0.031237 -0.055650 1.339977
v -0.005246 -0.052541 1.337270
v -0.017800 -0.057100 1.343002
v -0.008642 -0.054586 1.341657
v -0.000796 -0.051883 1.331347
v -0.000309 -0.051995 1.306135
v -0.000309 -0.003865 1.332818
v -0.003525 -0.052015 1.338190
v -0.007395 -0.054862 1.343478
v -0.017545 -0.058245 1.344616
v -0.031885 -0.056786 1.341488
v -0.000309 0.042773 1.360980
v -0.035929 0.036274 1.391126
v -0.064051 -0.047199 1.331599
v -0.060822 -0.024605 1.342309
v -0.057662 -0.004710 1.352507
v -0.053490 0.014375 1.359828
v -0.046812 0.031403 1.364440
v -0.033638 0.044810 1.367477
v -0.018762 0.052956 1.369273
v -0.000309 0.055759 1.369642
v 0.018144 0.052956 1.369273
v 0.033020 0.044810 1.367477
v 0.046194 0.031403 1.364439
v 0.052872 0.014375 1.359828
v -0.000309 -0.003865 1.332818
v 0.037889 0.027233 1.387170
v -0.000309 -0.051995 1.306135
v -0.000796 -0.051883 1.331347
v 0.002906 -0.052015 1.338190
v 0.006777 -0.054862 1.343478
v 0.016927 -0.058245 1.344616
v 0.031267 -0.056786 1.341488
v 0.063432 -0.047198 1.331599
v 0.060203 -0.024605 1.342309
v 0.057043 -0.004710 1.352507
v 0.009978 -0.057666 1.336448
v 0.005011 -0.064429 1.324819
v 0.011379 -0.063267 1.333740
v 0.005011 -0.064429 1.324819
v 0.005735 -0.074477 1.312284
v 0.008137 -0.074427 1.318121
v 0.010809 -0.069813 1.328285
v 0.011379 -0.063267 1.333740
v 0.005011 -0.064429 1.324819
v 0.005011 -0.064429 1.324819
v 0.008137 -0.074427 1.318121
v 0.010809 -0.069813 1.328285
v 0.005011 -0.064429 1.324819
v 0.009978 -0.057666 1.336448
v 0.008267 -0.051732 1.334886
v 0.008267 -0.051732 1.334886
v 0.007191 -0.058070 1.325148
v 0.005011 -0.064429 1.324819
v 0.005225 -0.067116 1.312657
v 0.005735 -0.074477 1.312284
v 0.005011 -0.064429 1.324819
v 0.005011 -0.064429 1.324819
v 0.007191 -0.058070 1.325148
v 0.005225 -0.067116 1.312657
v -0.005630 -0.064429 1.324819
v -0.010596 -0.057666 1.336448
v -0.011997 -0.063267 1.333740
v -0.006353 -0.074477 1.312284
v -0.005630 -0.064429 1.324819
v -0.008755 -0.074427 1.318121
v -0.011997 -0.063267 1.333740
v -0.011427 -0.069813 1.328285
v -0.005630 -0.064429 1.324819
v -0.008755 -0.074427 1.318121
v -0.005630 -0.064429 1.324819
v -0.011427 -0.069813 1.328285
v -0.010596 -0.057666 1.336448
v -0.005630 -0.064429 1.324819
v -0.008886 -0.051732 1.334886
v -0.007809 -0.058070 1.325148
v -0.008886 -0.051732 1.334886
v -0.005630 -0.064429 1.324819
v -0.006353 -0.074477 1.312284
v -0.005843 -0.067116 1.312657
v -0.005630 -0.064429 1.324819
v -0.007809 -0.058070 1.325148
v -0.005630 -0.064429 1.324819
v -0.005843 -0.067116 1.312657
v 0.042770 -0.087007 1.280954
v 0.030745 -0.090599 1.280527
v 0.037912 -0.081889 1.291109
v 0.032218 -0.075581 1.301874
v 0.018752 -0.093621 1.277799
v 0.003973 -0.086962 1.288877
v 0.004420 -0.094303 1.271202
v 0.005282 -0.078992 1.304008
v 0.023360 -0.084478 1.295976
v 0.024140 -0.069476 1.310297
v 0.012750 -0.062986 1.319948
v 0.006804 -0.070403 1.314520
v 0.004346 -0.058263 1.325740
v 0.001056 -0.070067 1.318391
v -0.031363 -0.090599 1.280527
v -0.043388 -0.087007 1.280954
v -0.038531 -0.081889 1.291109
v -0.023979 -0.084478 1.295975
v -0.019370 -0.093621 1.277799
v -0.032836 -0.075581 1.301874
v -0.004591 -0.086962 1.288877
v -0.005039 -0.094303 1.271202
v -0.005900 -0.078992 1.304008
v -0.024758 -0.069476 1.310297
v -0.013368 -0.062986 1.319948
v -0.007422 -0.070403 1.314520
v -0.004964 -0.058263 1.325740
v -0.001674 -0.070067 1.318391
v 0.001056 -0.070067 1.318391
v 0.017736 -0.073736 1.308912
v 0.039142 -0.078439 1.308762
v 0.021921 -0.083618 1.309367
v 0.038180 -0.076762 1.300025
v 0.035926 -0.091063 1.305369
v 0.054200 -0.082783 1.295570
v 0.052639 -0.092317 1.301155
v 0.057541 -0.087956 1.299150
v 0.043424 -0.057071 1.345877
v 0.043699 -0.054941 1.339619
v 0.060405 -0.057056 1.345414
v 0.064822 -0.054432 1.342152
v 0.059003 -0.049400 1.339976
v 0.046399 -0.048860 1.338736
v 0.025621 -0.056323 1.341747
v 0.027062 -0.049535 1.336863
v -0.000309 -0.056815 1.330947
v 0.005735 -0.074477 1.312284
v -0.000309 -0.075089 1.311558
v -0.006353 -0.074477 1.312284
v 0.008137 -0.074427 1.318121
v -0.008755 -0.074427 1.318121
v 0.010809 -0.069813 1.328285
v -0.011427 -0.069813 1.328285
v 0.011379 -0.063267 1.333740
v -0.011997 -0.063267 1.333740
v 0.009978 -0.057666 1.336448
v -0.010596 -0.057666 1.336448
v 0.008267 -0.051732 1.334886
v -0.008886 -0.051732 1.334886
v 0.007191 -0.058070 1.325148
v -0.000308 -0.063188 1.330330
v -0.007809 -0.058070 1.325148
v 0.005225 -0.067116 1.312657
v -0.005843 -0.067116 1.312657
v 0.005735 -0.074477 1.312284
v -0.006353 -0.074477 1.312284
v -0.000309 -0.075089 1.311558
v -0.039760 -0.078439 1.308762
v -0.001674 -0.070067 1.318391
v -0.018354 -0.073736 1.308912
v -0.022539 -0.083618 1.309367
v -0.038799 -0.076762 1.300025
v -0.036545 -0.091063 1.305369
v -0.054819 -0.082783 1.295570
v -0.053257 -0.092317 1.301155
v -0.058159 -0.087956 1.299150
v -0.044042 -0.057071 1.345877
v -0.061024 -0.057056 1.345414
v -0.065440 -0.054432 1.342152
v -0.059621 -0.049400 1.339976
v -0.047017 -0.048860 1.338736
v -0.026239 -0.056323 1.341747
v -0.027680 -0.049535 1.336863
v -0.044317 -0.054941 1.339619
v -0.000309 -0.056815 1.330947
v 0.025621 -0.056323 1.341747
v -0.000309 -0.056815 1.330947
v -0.000309 -0.062759 1.326026
v 0.043424 -0.057071 1.345877
v 0.001056 -0.070067 1.318391
v 0.021921 -0.083618 1.309367
v 0.058202 -0.071733 1.324919
v 0.035926 -0.091063 1.305369
v 0.052639 -0.092317 1.301155
v 0.060405 -0.057056 1.345414
v 0.064822 -0.054432 1.342152
v 0.057541 -0.087956 1.299150
v 0.059003 -0.049400 1.339976
v 0.046399 -0.048860 1.338736
v 0.054200 -0.082783 1.295570
v 0.038180 -0.076762 1.300025
v 0.027062 -0.049535 1.336863
v 0.017736 -0.073736 1.308912
v -0.000309 -0.056815 1.330947
v 0.001056 -0.070067 1.318391
v -0.000309 -0.062759 1.326026
v -0.000309 -0.062759 1.326026
v -0.000309 -0.056815 1.330947
v -0.026239 -0.056323 1.341747
v -0.001674 -0.070067 1.318391
v -0.044042 -0.057071 1.345877
v -0.022539 -0.083618 1.309367
v -0.036545 -0.091063 1.305369
v -0.061024 -0.057056 1.345414
v -0.065440 -0.054432 1.342152
v -0.053257 -0.092317 1.301155
v -0.058159 -0.087956 1.299150
v -0.059621 -0.049400 1.339976
v -0.047017 -0.048860 1.338736
v -0.054819 -0.082783 1.295570
v -0.038799 -0.076762 1.300025
v -0.027680 -0.049535 1.336863
v -0.018354 -0.073736 1.308912
v -0.058821 -0.071733 1.324919
v -0.000309 -0.056815 1.330947
v -0.001674 -0.070067 1.318391
v -0.000309 -0.062759 1.326026
v -0.000309 -0.042080 1.069237
v 0.031320 -0.115670 1.060945
v -0.000309 -0.119414 1.060326
v -0.000309 -0.042080 1.069237
v -0.000309 -0.119414 1.060326
v -0.031938 -0.115670 1.060945
v -0.000309 -0.042080 1.069237
v -0.031938 -0.115670 1.060945
v -0.059351 -0.102866 1.062607
v -0.000309 -0.042080 1.069237
v -0.059351 -0.102866 1.062607
v -0.080377 -0.084800 1.064233
v -0.000309 -0.042080 1.069237
v -0.080377 -0.084800 1.064233
v -0.093494 -0.065381 1.066560
v -0.000309 -0.042080 1.069237
v -0.093494 -0.065381 1.066560
v -0.097358 -0.038420 1.070642
v -0.000309 -0.042080 1.069237
v -0.097358 -0.038420 1.070642
v -0.090950 -0.012860 1.073131
v -0.000309 -0.042080 1.069237
v -0.090950 -0.012860 1.073131
v -0.074529 0.006533 1.074373
v -0.000309 -0.042080 1.069237
v -0.074529 0.006533 1.074373
v -0.054796 0.016196 1.075058
v -0.000309 -0.042080 1.069237
v -0.054796 0.016196 1.075058
v -0.030027 0.023328 1.076246
v -0.000309 -0.042080 1.069237
v -0.030027 0.023328 1.076246
v -0.000309 0.023746 1.076329
v -0.000309 -0.042080 1.069237
v -0.000309 0.023746 1.076329
v 0.029408 0.023328 1.076246
v -0.000309 -0.042080 1.069237
v 0.029408 0.023328 1.076246
v 0.054178 0.016196 1.075058
v -0.000309 -0.042080 1.069237
v 0.054178 0.016196 1.075058
v 0.073911 0.006533 1.074373
v -0.000309 -0.042080 1.069237
v 0.073911 0.006533 1.074373
v 0.090332 -0.012860 1.073131
v -0.000309 -0.042080 1.069237
v 0.090332 -0.012860 1.073131
v 0.096739 -0.038420 1.070642
v -0.000309 -0.042080 1.069237
v 0.096739 -0.038420 1.070642
v 0.092876 -0.065381 1.066561
v -0.000309 -0.042080 1.069237
v 0.092876 -0.065381 1.066561
v 0.079759 -0.084800 1.064233
v -0.000309 -0.042080 1.069237
v 0.079759 -0.084800 1.064233
v 0.058733 -0.102866 1.062607
v -0.000309 -0.042080 1.069237
v 0.058733 -0.102866 1.062607
v 0.031320 -0.115670 1.060945
v -0.181682 0.018579 0.822333
v -0.185190 0.009181 0.753859
v -0.195967 0.019707 0.754839
v -0.170803 0.009423 0.821741
v -0.167518 0.016392 0.872461
v -0.158151 0.008820 0.871804
v -0.153189 0.012682 0.921280
v -0.145212 0.006209 0.920627
v -0.137954 0.008673 0.961458
v -0.134711 0.004332 0.960671
v -0.117941 0.002310 1.006365
v -0.112428 -0.091768 0.814132
v -0.119913 -0.093428 0.743544
v -0.122996 -0.105214 0.745555
v -0.117019 -0.103196 0.813266
v -0.113538 -0.101429 0.862509
v -0.108396 -0.093333 0.863864
v -0.108837 -0.099208 0.912940
v -0.105126 -0.093672 0.913194
v -0.104016 -0.096806 0.953472
v -0.101201 -0.093255 0.953773
v -0.097223 -0.094356 0.999800
v 0.182654 -0.017615 0.752864
v 0.199978 -0.028783 0.751487
v 0.185916 -0.030220 0.818765
v 0.169860 -0.020876 0.819963
v 0.172769 -0.031175 0.869020
v 0.159419 -0.024181 0.869896
v 0.158052 -0.032116 0.918471
v 0.148674 -0.027644 0.918861
v 0.143145 -0.033718 0.958440
v 0.138041 -0.030312 0.958381
v 0.123317 -0.035193 1.004309
v -0.002259 -0.122151 0.744182
v -0.001435 -0.134511 0.742889
v -0.000929 -0.138657 0.809346
v 0.000102 -0.125014 0.810823
v -0.001297 -0.138626 0.858106
v 0.001031 -0.127192 0.859353
v -0.002257 -0.136189 0.907637
v 0.002315 -0.128524 0.908538
v -0.001977 -0.133230 0.948510
v 0.000950 -0.127223 0.950076
v 0.000551 -0.127951 0.997644
v -0.000929 -0.138657 0.809346
v -0.001435 -0.134511 0.742889
v -0.024523 -0.131199 0.745086
v -0.001297 -0.138626 0.858106
v -0.043749 -0.118538 0.811676
v -0.046632 -0.118934 0.742436
v -0.041528 -0.118830 0.860387
v -0.002257 -0.136189 0.907637
v -0.039145 -0.119017 0.909719
v -0.017538 -0.127943 0.933175
v -0.001977 -0.133230 0.948510
v -0.037696 -0.120671 0.951150
v 0.000551 -0.127951 0.997644
v -0.036017 -0.122507 0.998038
v -0.000309 -0.125235 1.025327
v -0.034444 -0.120288 1.025871
v -0.032720 -0.116446 1.031973
v -0.000309 -0.121626 1.031697
v -0.046632 -0.118934 0.742436
v -0.048484 -0.129299 0.743005
v -0.045057 -0.128069 0.810263
v -0.043749 -0.118538 0.811676
v -0.041911 -0.126952 0.859417
v -0.041528 -0.118830 0.860387
v -0.040209 -0.126773 0.909031
v -0.039145 -0.119017 0.909719
v -0.038234 -0.126276 0.950252
v -0.037696 -0.120671 0.951150
v -0.036017 -0.122507 0.998038
v -0.094073 -0.113128 0.746078
v -0.090194 -0.124240 0.744569
v -0.084304 -0.120661 0.812023
v -0.089316 -0.111001 0.813554
v -0.081345 -0.119355 0.861510
v -0.084977 -0.109443 0.863228
v -0.077545 -0.118118 0.911297
v -0.080167 -0.109053 0.912652
v -0.073592 -0.115428 0.952047
v -0.076094 -0.109380 0.952795
v -0.068618 -0.111625 0.999170
v -0.078553 0.132781 0.769644
v -0.078525 0.148743 0.771703
v -0.073218 0.134694 0.837334
v -0.071387 0.120667 0.835422
v -0.066220 0.121125 0.887279
v -0.062957 0.105295 0.885352
v -0.056855 0.103866 0.934738
v -0.055632 0.093507 0.930674
v -0.046697 0.079831 0.967872
v -0.047581 0.085523 0.971082
v -0.035474 0.060456 1.011715
v 0.097863 0.102652 0.833672
v 0.107272 0.109614 0.767073
v 0.121654 0.092178 0.765585
v 0.137015 0.069348 0.829140
v 0.143587 0.072036 0.762697
v 0.130316 0.064625 0.877842
v 0.091035 0.096989 0.884431
v 0.119912 0.056182 0.928846
v 0.083041 0.087950 0.930367
v 0.110016 0.048130 0.966666
v 0.095902 0.077078 0.938107
v 0.076101 0.075806 0.968688
v 0.098195 0.032013 1.007978
v 0.069815 0.051474 1.011157
v 0.086995 0.018709 1.041837
v 0.060506 0.032615 1.043722
v 0.081636 0.014282 1.048274
v 0.057036 0.026444 1.050019
v 0.169609 0.053195 0.761755
v 0.176159 0.030032 0.758292
v 0.165922 0.026664 0.825192
v 0.156744 0.023064 0.875497
v 0.148258 0.076103 0.830612
v 0.157008 0.079091 0.760562
v 0.138582 0.070577 0.881445
v 0.125306 0.061589 0.928535
v 0.145171 0.018047 0.924081
v 0.138358 0.040106 0.927031
v 0.112759 0.049793 0.968343
v 0.132082 0.012178 0.963417
v 0.098195 0.032013 1.007978
v 0.117323 0.002247 1.006365
v 0.086995 0.018709 1.041837
v 0.105794 -0.003517 1.039547
v 0.099551 -0.005980 1.046003
v 0.081636 0.014282 1.048274
v 0.176159 0.030032 0.758292
v 0.184972 0.023124 0.756825
v 0.175964 0.020373 0.823940
v 0.165922 0.026664 0.825192
v 0.165722 0.016933 0.874031
v 0.156744 0.023064 0.875497
v 0.152667 0.012098 0.922601
v 0.145171 0.018047 0.924081
v 0.138744 0.008346 0.962111
v 0.132082 0.012178 0.963417
v 0.117323 0.002247 1.006365
v 0.185625 0.002506 0.754951
v 0.182654 -0.017615 0.752864
v 0.169860 -0.020876 0.819963
v 0.157962 -0.007504 0.895757
v 0.184972 0.023124 0.756825
v 0.159419 -0.024181 0.869896
v 0.175964 0.020373 0.823940
v 0.165722 0.016933 0.874031
v 0.148674 -0.027644 0.918861
v 0.152667 0.012098 0.922601
v 0.138041 -0.030312 0.958381
v 0.138744 0.008346 0.962111
v 0.123317 -0.035193 1.004309
v 0.117323 0.002247 1.006365
v 0.111657 -0.034782 1.035439
v 0.105794 -0.003517 1.039547
v 0.099551 -0.005980 1.046003
v 0.103954 -0.035168 1.041481
v 0.137271 -0.087369 0.748353
v 0.134798 -0.103579 0.744385
v 0.128442 -0.105379 0.811419
v 0.132430 -0.091733 0.814120
v 0.122959 -0.106402 0.860853
v 0.126421 -0.094496 0.862965
v 0.114172 -0.104343 0.911050
v 0.116309 -0.095359 0.913699
v 0.105597 -0.101098 0.951679
v 0.107936 -0.095878 0.951285
v 0.096605 -0.094356 0.999800
v 0.128442 -0.105379 0.811419
v 0.134798 -0.103579 0.744385
v 0.114780 -0.106725 0.743641
v 0.094294 -0.106261 0.744017
v 0.122959 -0.106402 0.860853
v 0.086611 -0.109321 0.811723
v 0.114172 -0.104343 0.911050
v 0.083142 -0.111627 0.860307
v 0.105597 -0.101098 0.951679
v 0.079314 -0.113882 0.910137
v 0.097160 -0.109027 0.922587
v 0.075192 -0.115594 0.949906
v 0.096605 -0.094356 0.999800
v 0.068000 -0.111625 0.999170
v 0.088829 -0.089914 1.028829
v 0.065380 -0.107448 1.026750
v 0.084939 -0.087239 1.034632
v 0.061906 -0.103516 1.033032
v 0.094294 -0.106261 0.744017
v 0.092070 -0.117151 0.743527
v 0.087084 -0.119962 0.810483
v 0.086611 -0.109321 0.811723
v 0.082774 -0.121529 0.859651
v 0.083142 -0.111627 0.860307
v 0.078512 -0.121503 0.909136
v 0.079314 -0.113882 0.910137
v 0.074785 -0.119284 0.949955
v 0.075192 -0.115594 0.949906
v 0.068000 -0.111625 0.999170
v 0.047461 -0.114758 0.744684
v 0.042023 -0.128819 0.743352
v 0.042916 -0.131495 0.809896
v 0.047405 -0.116412 0.811370
v 0.042513 -0.131691 0.858683
v 0.047222 -0.119185 0.859990
v 0.040807 -0.129568 0.908472
v 0.045574 -0.120750 0.909830
v 0.039897 -0.128089 0.948963
v 0.042872 -0.121317 0.950010
v 0.035399 -0.122507 0.998038
v 0.018242 -0.125419 0.744621
v -0.002259 -0.122151 0.744182
v 0.000102 -0.125014 0.810823
v 0.012153 -0.129806 0.908530
v 0.001031 -0.127192 0.859353
v 0.042916 -0.131495 0.809896
v 0.042023 -0.128819 0.743352
v 0.042513 -0.131691 0.858683
v 0.040807 -0.129568 0.908472
v 0.002315 -0.128524 0.908538
v 0.039897 -0.128089 0.948963
v 0.000950 -0.127223 0.950076
v 0.035399 -0.122507 0.998038
v 0.000551 -0.127951 0.997644
v 0.033825 -0.120288 1.025871
v -0.000309 -0.125235 1.025327
v 0.032102 -0.116446 1.031973
v -0.000309 -0.121626 1.031697
v -0.160429 0.056716 0.759960
v -0.167182 0.069475 0.761196
v -0.146805 0.055550 0.827315
v -0.155536 0.066935 0.828269
v -0.137044 0.053021 0.877829
v -0.144438 0.063210 0.878973
v -0.125845 0.049455 0.925622
v -0.130546 0.055416 0.926843
v -0.114443 0.042540 0.963648
v -0.117158 0.046306 0.965795
v -0.098813 0.032279 1.007978
v -0.133576 0.098776 0.765665
v -0.131227 0.115085 0.767356
v -0.121354 0.106781 0.833877
v -0.119623 0.090761 0.832231
v -0.111166 0.097134 0.884063
v -0.108111 0.083184 0.882330
v -0.098465 0.085841 0.930223
v -0.094710 0.074325 0.929025
v -0.085733 0.072995 0.967846
v -0.085968 0.066995 0.966897
v -0.070433 0.051686 1.011157
v -0.021568 0.138353 0.771090
v -0.018970 0.152141 0.773234
v -0.015758 0.136148 0.838553
v -0.017694 0.122655 0.836525
v -0.011748 0.119911 0.887494
v -0.014307 0.108855 0.885939
v -0.008508 0.103269 0.932556
v -0.009341 0.093708 0.931368
v -0.005456 0.081703 0.965607
v -0.004224 0.085350 0.969332
v -0.000309 0.060796 1.010498
v 0.039384 0.141402 0.771879
v 0.053071 0.148298 0.771120
v 0.049399 0.135885 0.836982
v 0.038078 0.123381 0.837354
v 0.045769 0.120066 0.887759
v 0.037197 0.108111 0.885932
v 0.042128 0.103501 0.932578
v 0.036158 0.093309 0.931189
v 0.039262 0.087125 0.970496
v 0.035409 0.079930 0.968928
v 0.034856 0.060554 1.011715
v 0.092018 0.108776 0.767154
v 0.107272 0.109614 0.767073
v 0.097863 0.102652 0.833672
v 0.086288 0.102846 0.833446
v 0.091035 0.096989 0.884431
v 0.081272 0.093260 0.884058
v 0.083041 0.087950 0.930367
v 0.077010 0.083776 0.930048
v 0.073572 0.071867 0.967869
v 0.076101 0.075806 0.968688
v 0.069815 0.051474 1.011157
v 0.143587 0.072036 0.762697
v 0.157008 0.079091 0.760562
v 0.148258 0.076103 0.830612
v 0.137015 0.069348 0.829140
v 0.130316 0.064625 0.877842
v 0.138582 0.070577 0.881445
v 0.125306 0.061589 0.928535
v 0.119912 0.056182 0.928846
v 0.112759 0.049793 0.968343
v 0.110016 0.048130 0.966666
v 0.098195 0.032013 1.007978
v -0.173778 -0.043162 0.816387
v -0.168151 -0.044422 0.749201
v -0.184758 -0.045880 0.748866
v -0.158625 -0.042453 0.816517
v -0.163187 -0.041010 0.866735
v -0.151693 -0.041211 0.866702
v -0.152161 -0.039042 0.916627
v -0.145287 -0.041005 0.916126
v -0.141745 -0.038286 0.956371
v -0.136392 -0.039035 0.955830
v -0.123935 -0.035193 1.004309
v -0.144725 -0.073373 0.748436
v -0.155084 -0.082102 0.746307
v -0.149958 -0.080697 0.814544
v -0.140352 -0.071012 0.816279
v -0.144450 -0.079011 0.864429
v -0.135162 -0.071884 0.865988
v -0.137441 -0.077048 0.914515
v -0.130133 -0.072417 0.915464
v -0.128935 -0.073729 0.955343
v -0.126071 -0.072037 0.954556
v -0.117593 -0.066895 1.001315
v 0.087084 -0.119962 0.810483
v 0.092070 -0.117151 0.743527
v 0.067134 -0.118354 0.744638
v 0.047461 -0.114758 0.744684
v 0.082774 -0.121529 0.859651
v 0.047405 -0.116412 0.811370
v 0.078512 -0.121503 0.909136
v 0.047222 -0.119185 0.859990
v 0.074785 -0.119284 0.949955
v 0.045574 -0.120750 0.909830
v 0.063005 -0.124141 0.914737
v 0.042872 -0.121317 0.950010
v 0.068000 -0.111625 0.999170
v 0.035399 -0.122507 0.998038
v 0.065380 -0.107448 1.026750
v 0.033825 -0.120288 1.025871
v 0.061906 -0.103516 1.033032
v 0.032102 -0.116446 1.031973
v 0.169670 -0.074485 0.814184
v 0.174209 -0.060523 0.748441
v 0.181143 -0.073031 0.747362
v 0.165112 -0.062021 0.815105
v 0.159169 -0.074061 0.864220
v 0.153137 -0.063009 0.865981
v 0.145545 -0.072909 0.914256
v 0.142236 -0.063832 0.915518
v 0.132734 -0.070846 0.954641
v 0.132577 -0.065523 0.955432
v 0.116975 -0.066895 1.001315
v 0.187773 -0.042525 0.750282
v 0.174209 -0.060523 0.748441
v 0.165112 -0.062021 0.815105
v 0.147601 -0.048408 0.922586
v 0.199978 -0.028783 0.751487
v 0.153137 -0.063009 0.865981
v 0.185916 -0.030220 0.818765
v 0.142236 -0.063832 0.915518
v 0.172769 -0.031175 0.869020
v 0.132577 -0.065523 0.955432
v 0.158052 -0.032116 0.918471
v 0.143145 -0.033718 0.958440
v 0.116975 -0.066895 1.001315
v 0.123317 -0.035193 1.004309
v 0.106087 -0.066738 1.031226
v 0.111657 -0.034782 1.035439
v 0.103954 -0.035168 1.041481
v 0.099489 -0.066461 1.037544
v 0.169670 -0.074485 0.814184
v 0.181143 -0.073031 0.747362
v 0.156929 -0.080945 0.747093
v 0.137271 -0.087369 0.748353
v 0.159169 -0.074061 0.864220
v 0.132430 -0.091733 0.814120
v 0.145545 -0.072909 0.914256
v 0.126421 -0.094496 0.862965
v 0.132734 -0.070846 0.954641
v 0.116309 -0.095359 0.913699
v 0.132672 -0.088564 0.884289
v 0.107936 -0.095878 0.951285
v 0.096605 -0.094356 0.999800
v 0.116975 -0.066895 1.001315
v 0.088829 -0.089914 1.028829
v 0.106087 -0.066738 1.031226
v 0.099489 -0.066461 1.037544
v 0.084939 -0.087239 1.034632
v -0.015758 0.136148 0.838553
v -0.018970 0.152141 0.773234
v 0.009454 0.148704 0.773190
v -0.011748 0.119911 0.887494
v 0.038078 0.123381 0.837354
v 0.039384 0.141402 0.771879
v 0.037197 0.108111 0.885932
v -0.008508 0.103269 0.932556
v 0.036158 0.093309 0.931189
v -0.004224 0.085350 0.969332
v 0.035409 0.079930 0.968928
v 0.004631 0.101845 0.930914
v 0.034856 0.060554 1.011715
v -0.000309 0.060796 1.010498
v 0.031488 0.040631 1.044387
v -0.000309 0.041712 1.043402
v 0.029627 0.034308 1.050549
v -0.000309 0.035457 1.049633
v -0.149958 -0.080697 0.814544
v -0.155084 -0.082102 0.746307
v -0.165066 -0.066435 0.749194
v -0.168151 -0.044422 0.749201
v -0.144450 -0.079011 0.864429
v -0.158625 -0.042453 0.816517
v -0.137441 -0.077048 0.914515
v -0.151693 -0.041211 0.866702
v -0.128935 -0.073729 0.955343
v -0.145287 -0.041005 0.916126
v -0.145919 -0.060208 0.919501
v -0.136392 -0.039035 0.955830
v -0.117593 -0.066895 1.001315
v -0.123935 -0.035193 1.004309
v -0.106705 -0.066738 1.031227
v -0.112275 -0.034782 1.035440
v -0.104572 -0.035168 1.041481
v -0.100107 -0.066460 1.037543
v -0.181682 0.018579 0.822333
v -0.195967 0.019707 0.754839
v -0.179897 0.040019 0.757567
v -0.160429 0.056716 0.759960
v -0.167518 0.016392 0.872461
v -0.146805 0.055550 0.827315
v -0.153189 0.012682 0.921280
v -0.137044 0.053021 0.877829
v -0.125845 0.049455 0.925622
v -0.137954 0.008673 0.961458
v -0.114443 0.042540 0.963648
v -0.134948 0.035579 0.937497
v -0.098813 0.032279 1.007978
v -0.117941 0.002310 1.006365
v -0.087613 0.018787 1.041837
v -0.106412 -0.003517 1.039547
v -0.100169 -0.005980 1.046003
v -0.082254 0.014327 1.048274
v -0.173778 -0.043162 0.816387
v -0.184758 -0.045880 0.748866
v -0.188341 -0.018555 0.751500
v -0.185190 0.009181 0.753859
v -0.163187 -0.041010 0.866735
v -0.170803 0.009423 0.821741
v -0.152161 -0.039042 0.916627
v -0.158151 0.008820 0.871804
v -0.141745 -0.038286 0.956371
v -0.145212 0.006209 0.920627
v -0.149331 -0.021422 0.932695
v -0.134711 0.004332 0.960671
v -0.123935 -0.035193 1.004309
v -0.117941 0.002310 1.006365
v -0.112275 -0.034782 1.035440
v -0.106412 -0.003517 1.039547
v -0.100169 -0.005980 1.046003
v -0.104572 -0.035168 1.041481
v -0.155536 0.066935 0.828269
v -0.167182 0.069475 0.761196
v -0.147402 0.087997 0.763619
v -0.133576 0.098776 0.765665
v -0.144438 0.063210 0.878973
v -0.119623 0.090761 0.832231
v -0.130546 0.055416 0.926843
v -0.108111 0.083184 0.882330
v -0.117158 0.046306 0.965795
v -0.094710 0.074325 0.929025
v -0.127839 0.063980 0.919870
v -0.085968 0.066995 0.966897
v -0.098813 0.032279 1.007978
v -0.070433 0.051686 1.011157
v -0.087613 0.018787 1.041837
v -0.061124 0.032666 1.043722
v -0.082254 0.014327 1.048274
v -0.057654 0.026469 1.050019
v -0.121354 0.106781 0.833877
v -0.131227 0.115085 0.767356
v -0.102298 0.123063 0.768959
v -0.078553 0.132781 0.769644
v -0.111166 0.097134 0.884063
v -0.071387 0.120667 0.835422
v -0.098465 0.085841 0.930223
v -0.062957 0.105295 0.885352
v -0.085733 0.072995 0.967846
v -0.055632 0.093507 0.930674
v -0.088152 0.089882 0.924798
v -0.046697 0.079831 0.967872
v -0.070433 0.051686 1.011157
v -0.035474 0.060456 1.011715
v -0.061124 0.032666 1.043722
v -0.032106 0.040554 1.044387
v -0.057654 0.026469 1.050019
v -0.030245 0.034242 1.050549
v -0.073218 0.134694 0.837334
v -0.078525 0.148743 0.771703
v -0.048170 0.143311 0.771123
v -0.021568 0.138353 0.771090
v -0.066220 0.121125 0.887279
v -0.017694 0.122655 0.836525
v -0.056855 0.103866 0.934738
v -0.014307 0.108855 0.885939
v -0.047581 0.085523 0.971082
v -0.009341 0.093708 0.931368
v -0.039793 0.106156 0.916052
v -0.005456 0.081703 0.965607
v -0.035474 0.060456 1.011715
v -0.000309 0.060796 1.010498
v -0.032106 0.040554 1.044387
v -0.000309 0.041712 1.043402
v -0.030245 0.034242 1.050549
v -0.000309 0.035457 1.049633
v 0.029627 0.034308 1.050549
v -0.000309 0.023746 1.076329
v -0.000309 0.035457 1.049633
v 0.029408 0.023328 1.076246
v 0.054178 0.016196 1.075058
v 0.057036 0.026444 1.050019
v 0.073911 0.006533 1.074373
v 0.081636 0.014282 1.048274
v 0.099551 -0.005980 1.046003
v 0.090332 -0.012860 1.073131
v 0.103954 -0.035168 1.041481
v 0.096739 -0.038420 1.070642
v 0.092876 -0.065381 1.066561
v 0.099489 -0.066461 1.037544
v 0.079759 -0.084800 1.064233
v 0.084939 -0.087239 1.034632
v 0.061906 -0.103516 1.033032
v 0.058733 -0.102866 1.062607
v 0.032102 -0.116446 1.031973
v 0.031320 -0.115670 1.060945
v -0.000309 -0.119414 1.060326
v -0.000309 -0.121626 1.031697
v -0.032720 -0.116446 1.031973
v -0.031938 -0.115670 1.060945
v -0.059351 -0.102866 1.062607
v -0.062524 -0.103516 1.033032
v -0.080377 -0.084800 1.064233
v -0.085557 -0.087239 1.034632
v -0.100107 -0.066460 1.037543
v -0.093494 -0.065381 1.066560
v -0.104572 -0.035168 1.041481
v -0.097358 -0.038420 1.070642
v -0.090950 -0.012860 1.073131
v -0.100169 -0.005980 1.046003
v -0.074529 0.006533 1.074373
v -0.082254 0.014327 1.048274
v -0.057654 0.026469 1.050019
v -0.054796 0.016196 1.075058
v -0.030245 0.034242 1.050549
v -0.030027 0.023328 1.076246
v -0.000309 0.023746 1.076329
v -0.000309 0.035457 1.049633
v -0.032720 -0.116446 1.031973
v -0.034444 -0.120288 1.025871
v -0.062524 -0.103516 1.033032
v -0.065999 -0.107448 1.026750
v -0.036017 -0.122507 0.998038
v -0.068618 -0.111625 0.999170
v -0.058094 -0.120539 0.903205
v -0.038234 -0.126276 0.950252
v -0.076094 -0.109380 0.952795
v -0.040209 -0.126773 0.909031
v -0.080167 -0.109053 0.912652
v -0.041911 -0.126952 0.859417
v -0.084977 -0.109443 0.863228
v -0.045057 -0.128069 0.810263
v -0.089316 -0.111001 0.813554
v -0.048484 -0.129299 0.743005
v -0.094073 -0.113128 0.746078
v -0.068943 -0.120304 0.741958
v -0.062524 -0.103516 1.033032
v -0.065999 -0.107448 1.026750
v -0.085557 -0.087239 1.034632
v -0.089448 -0.089914 1.028830
v -0.068618 -0.111625 0.999170
v -0.097223 -0.094356 0.999800
v -0.093834 -0.109174 0.924039
v -0.073592 -0.115428 0.952047
v -0.101201 -0.093255 0.953773
v -0.077545 -0.118118 0.911297
v -0.105126 -0.093672 0.913194
v -0.081345 -0.119355 0.861510
v -0.108396 -0.093333 0.863864
v -0.084304 -0.120661 0.812023
v -0.112428 -0.091768 0.814132
v -0.090194 -0.124240 0.744569
v -0.119913 -0.093428 0.743544
v -0.107584 -0.113941 0.745433
v -0.085557 -0.087239 1.034632
v -0.089448 -0.089914 1.028830
v -0.100107 -0.066460 1.037543
v -0.106705 -0.066738 1.031227
v -0.117593 -0.066895 1.001315
v -0.097223 -0.094356 0.999800
v -0.122302 -0.086850 0.933536
v -0.104016 -0.096806 0.953472
v -0.126071 -0.072037 0.954556
v -0.108837 -0.099208 0.912940
v -0.130133 -0.072417 0.915464
v -0.113538 -0.101429 0.862509
v -0.135162 -0.071884 0.865988
v -0.117019 -0.103196 0.813266
v -0.140352 -0.071012 0.816279
v -0.122996 -0.105214 0.745555
v -0.144725 -0.073373 0.748436
v -0.139779 -0.091678 0.746265
v 0.057036 0.026444 1.050019
v 0.029627 0.034308 1.050549
v 0.031488 0.040631 1.044387
v 0.060506 0.032615 1.043722
v 0.034856 0.060554 1.011715
v 0.069815 0.051474 1.011157
v 0.039262 0.087125 0.970496
v 0.073572 0.071867 0.967869
v 0.042128 0.103501 0.932578
v 0.058833 0.080925 0.965158
v 0.077010 0.083776 0.930048
v 0.045769 0.120066 0.887759
v 0.081272 0.093260 0.884058
v 0.049399 0.135885 0.836982
v 0.069927 0.115058 0.843208
v 0.086288 0.102846 0.833446
v 0.053071 0.148298 0.771120
v 0.092018 0.108776 0.767154
v 0.073656 0.129292 0.768902
v 0.081447 -0.028668 0.052626
v 0.070310 -0.038724 0.065470
v 0.070928 -0.024113 0.079193
v -0.070926 -0.038724 0.065470
v -0.082064 -0.028668 0.052626
v -0.071545 -0.024113 0.079193
v 0.038323 0.079323 0.069879
v 0.038843 0.074262 0.085878
v 0.025127 0.065519 0.083047
v 0.038532 0.082112 0.046867
v 0.018141 0.050011 0.077879
v 0.014448 0.068655 0.048866
v 0.039113 0.078379 0.022864
v 0.023879 0.072148 0.022735
v 0.018436 0.056615 0.022698
v 0.015202 0.035186 0.023132
v 0.013540 0.025117 0.069327
v 0.014817 0.011412 0.022554
v 0.016437 0.000825 0.061618
v 0.015338 -0.027211 0.054698
v 0.011011 -0.037671 0.011002
v 0.010656 -0.057932 0.046607
v 0.005028 -0.083199 0.011118
v 0.008080 -0.083360 0.041679
v 0.012255 -0.104894 0.011218
v 0.013577 -0.104720 0.040518
v 0.005387 -0.097043 0.030488
v 0.027382 -0.127263 0.011356
v 0.028296 -0.126310 0.039812
v 0.037966 -0.136297 0.033134
v 0.047947 -0.133163 0.011466
v 0.048320 -0.131462 0.039531
v 0.068849 -0.125576 0.011536
v 0.068619 -0.124563 0.038556
v 0.083430 -0.105336 0.011537
v 0.088746 -0.109273 0.032267
v 0.084646 -0.104290 0.038320
v 0.091582 -0.081517 0.011499
v 0.089964 -0.081535 0.040012
v 0.087773 -0.057816 0.043441
v 0.087809 -0.036812 0.011342
v 0.065531 0.069589 0.047639
v 0.084063 -0.027069 0.050474
v 0.077067 0.003021 0.057946
v 0.075467 0.032028 0.068414
v 0.074077 0.014291 0.022802
v 0.070037 0.035345 0.022827
v 0.064928 0.058641 0.022922
v 0.065465 0.054466 0.077946
v 0.055240 0.073422 0.022850
v 0.039113 0.078379 0.022864
v 0.038532 0.082112 0.046867
v 0.052981 0.069494 0.083436
v 0.038323 0.079323 0.069879
v 0.038843 0.074262 0.085878
v 0.025127 0.065519 0.083047
v 0.038843 0.074262 0.085878
v 0.039520 0.070000 0.084169
v 0.027423 0.062745 0.082114
v 0.018141 0.050011 0.077879
v 0.022577 0.049493 0.077760
v 0.017464 0.024199 0.068487
v 0.013540 0.025117 0.069327
v 0.016437 0.000825 0.061618
v 0.020655 0.000702 0.060891
v 0.019207 -0.026379 0.054092
v 0.015338 -0.027211 0.054698
v 0.018602 -0.028285 0.055734
v 0.010656 -0.057932 0.046607
v 0.013385 -0.058025 0.047591
v 0.011625 -0.083347 0.043876
v 0.008080 -0.083360 0.041679
v 0.013577 -0.104720 0.040518
v 0.016113 -0.103466 0.042121
v 0.030270 -0.121719 0.040940
v 0.028296 -0.126310 0.039812
v 0.048307 -0.126819 0.040506
v 0.048320 -0.131462 0.039531
v 0.068619 -0.124563 0.038556
v 0.066602 -0.120022 0.040228
v 0.084646 -0.104290 0.038320
v 0.081059 -0.101801 0.039822
v 0.089964 -0.081535 0.040012
v 0.085394 -0.081586 0.042367
v 0.083460 -0.059737 0.045691
v 0.087773 -0.057816 0.043441
v 0.081447 -0.028668 0.052626
v 0.084063 -0.027069 0.050474
v 0.079645 -0.025193 0.052242
v 0.077067 0.003021 0.057946
v 0.074209 0.003145 0.058156
v 0.075467 0.032028 0.068414
v 0.071843 0.031974 0.068144
v 0.065465 0.054466 0.077946
v 0.062474 0.052858 0.077459
v 0.051800 0.066101 0.082202
v 0.052981 0.069494 0.083436
v 0.039520 0.070000 0.084169
v 0.038843 0.074262 0.085878
v 0.042109 -0.067138 0.064099
v 0.049115 -0.063867 0.065291
v 0.049292 -0.062612 0.059995
v 0.042826 -0.065941 0.059445
v 0.028726 -0.064962 0.059081
v 0.029957 -0.064454 0.055979
v 0.013385 -0.058025 0.047591
v 0.056467 -0.067870 0.063644
v 0.049292 -0.062612 0.059995
v 0.049115 -0.063867 0.065291
v 0.056675 -0.066581 0.059079
v 0.068886 -0.066068 0.059178
v 0.068325 -0.064067 0.055290
v 0.083460 -0.059737 0.045691
v 0.018602 -0.028285 0.055734
v 0.025612 -0.025091 0.078166
v 0.027458 -0.036815 0.068837
v 0.036666 -0.040519 0.073821
v 0.035327 -0.025978 0.088528
v 0.049384 -0.026027 0.091396
v 0.049402 -0.042982 0.076708
v 0.061358 -0.041671 0.075291
v 0.061692 -0.024488 0.087861
v 0.070928 -0.024113 0.079193
v 0.070310 -0.038724 0.065470
v 0.027458 -0.036815 0.068837
v 0.025711 -0.038141 0.070442
v 0.018602 -0.028285 0.055734
v 0.035442 -0.042348 0.075660
v 0.036666 -0.040519 0.073821
v 0.049029 -0.044640 0.078730
v 0.049402 -0.042982 0.076708
v 0.060248 -0.043595 0.077112
v 0.061358 -0.041671 0.075291
v 0.071573 -0.039775 0.070398
v 0.070310 -0.038724 0.065470
v 0.081447 -0.028668 0.052626
v 0.039789 0.077738 0.000250
v 0.039113 0.078379 0.022864
v 0.025544 0.071054 0.000128
v 0.023879 0.072148 0.022735
v 0.018436 0.056615 0.022698
v 0.018785 0.055802 0.000016
v 0.015202 0.035186 0.023132
v 0.018822 0.014023 -0.000076
v 0.015701 0.012120 0.018432
v 0.014817 0.011412 0.022554
v 0.011011 -0.037671 0.011002
v 0.009851 -0.037278 0.000003
v 0.005404 -0.083002 0.000127
v 0.005028 -0.083199 0.011118
v 0.012670 -0.104655 0.000227
v 0.012255 -0.104894 0.011218
v 0.027194 -0.127253 0.000363
v 0.027382 -0.127263 0.011356
v 0.047682 -0.133330 0.000474
v 0.047947 -0.133163 0.011466
v 0.068336 -0.126163 0.000543
v 0.068849 -0.125576 0.011536
v 0.083904 -0.105276 0.000547
v 0.083430 -0.105336 0.011537
v 0.091582 -0.081517 0.011499
v 0.091720 -0.081525 0.000507
v 0.087561 -0.036634 0.000348
v 0.073591 0.014503 0.015187
v 0.074077 0.014291 0.022802
v 0.070037 0.035345 0.022827
v 0.072751 0.016455 0.000277
v 0.064177 0.059185 0.000295
v 0.064928 0.058641 0.022922
v 0.054623 0.072496 0.000229
v 0.055240 0.073422 0.022850
v 0.039113 0.078379 0.022864
v 0.039789 0.077738 0.000250
v 0.011625 -0.083347 0.043876
v 0.013385 -0.058025 0.047591
v 0.029957 -0.064454 0.055979
v 0.042826 -0.065941 0.059445
v 0.049292 -0.062612 0.059995
v 0.016113 -0.103466 0.042121
v 0.056675 -0.066581 0.059079
v 0.030270 -0.121719 0.040940
v 0.066602 -0.120022 0.040228
v 0.049537 -0.086137 0.051923
v 0.081059 -0.101801 0.039822
v 0.068325 -0.064067 0.055290
v 0.085394 -0.081586 0.042367
v 0.083460 -0.059737 0.045691
v 0.068106 -0.021912 0.077420
v 0.079645 -0.025193 0.052242
v 0.081447 -0.028668 0.052626
v 0.070928 -0.024113 0.079193
v 0.060327 -0.022926 0.083859
v 0.061692 -0.024488 0.087861
v 0.048929 -0.024618 0.087023
v 0.049384 -0.026027 0.091396
v 0.035327 -0.025978 0.088528
v 0.035504 -0.023790 0.084726
v 0.025612 -0.025091 0.078166
v 0.026582 -0.023684 0.075624
v 0.018602 -0.028285 0.055734
v 0.019207 -0.026379 0.054092
v 0.025711 -0.038141 0.070442
v 0.013385 -0.058025 0.047591
v 0.018602 -0.028285 0.055734
v 0.028726 -0.064962 0.059081
v 0.035442 -0.042348 0.075660
v 0.042109 -0.067138 0.064099
v 0.049029 -0.044640 0.078730
v 0.049115 -0.063867 0.065291
v 0.056467 -0.067870 0.063644
v 0.060248 -0.043595 0.077112
v 0.068886 -0.066068 0.059178
v 0.071573 -0.039775 0.070398
v 0.083460 -0.059737 0.045691
v 0.081447 -0.028668 0.052626
v 0.073591 0.014503 0.015187
v 0.018822 0.014023 -0.000076
v 0.015701 0.012120 0.018432
v 0.072751 0.016455 0.000277
v 0.027194 -0.127253 0.000363
v 0.047682 -0.133330 0.000474
v 0.068336 -0.126163 0.000543
v 0.012670 -0.104655 0.000227
v 0.083904 -0.105276 0.000547
v 0.005404 -0.083002 0.000127
v 0.091720 -0.081525 0.000507
v 0.009851 -0.037278 0.000003
v 0.087561 -0.036634 0.000348
v 0.073591 0.014503 0.015187
v 0.015701 0.012120 0.018432
v 0.054623 0.072496 0.000229
v 0.039789 0.077738 0.000250
v 0.025544 0.071054 0.000128
v 0.018785 0.055802 0.000016
v 0.064177 0.059185 0.000295
v 0.018822 0.014023 -0.000076
v 0.072751 0.016455 0.000277
v -0.025744 0.065520 0.083047
v -0.039460 0.074262 0.085878
v -0.038940 0.079323 0.069879
v -0.039149 0.082112 0.046867
v -0.018758 0.050012 0.077879
v -0.039730 0.078379 0.022864
v -0.024496 0.072149 0.022735
v -0.019053 0.056616 0.022698
v -0.015818 0.035186 0.023132
v -0.014157 0.025118 0.069327
v -0.015434 0.011413 0.022554
v -0.015065 0.068655 0.048865
v -0.017054 0.000825 0.061619
v -0.015955 -0.027211 0.054698
v -0.011628 -0.037670 0.011002
v -0.006004 -0.097044 0.030488
v -0.011272 -0.057932 0.046607
v -0.005644 -0.083199 0.011118
v -0.008696 -0.083360 0.041680
v -0.012871 -0.104893 0.011218
v -0.014193 -0.104720 0.040518
v -0.027998 -0.127263 0.011356
v -0.028912 -0.126310 0.039811
v -0.038583 -0.136296 0.033134
v -0.048563 -0.133163 0.011466
v -0.048936 -0.131461 0.039531
v -0.069466 -0.125576 0.011535
v -0.069236 -0.124563 0.038556
v -0.089362 -0.109273 0.032266
v -0.084046 -0.105335 0.011537
v -0.085262 -0.104290 0.038320
v -0.092198 -0.081517 0.011499
v -0.090580 -0.081535 0.040012
v -0.088390 -0.057816 0.043442
v -0.088425 -0.036812 0.011342
v -0.084679 -0.027069 0.050474
v -0.077683 0.003021 0.057946
v -0.074693 0.014291 0.022802
v -0.070653 0.035345 0.022827
v -0.076084 0.032028 0.068414
v -0.065545 0.058641 0.022922
v -0.066148 0.069589 0.047638
v -0.066082 0.054466 0.077946
v -0.055857 0.073422 0.022850
v -0.039730 0.078379 0.022864
v -0.039149 0.082112 0.046867
v -0.053598 0.069495 0.083436
v -0.038940 0.079323 0.069879
v -0.039460 0.074262 0.085878
v -0.025744 0.065520 0.083047
v -0.040138 0.070001 0.084169
v -0.039460 0.074262 0.085878
v -0.028040 0.062745 0.082114
v -0.018758 0.050012 0.077879
v -0.023194 0.049494 0.077760
v -0.018081 0.024199 0.068487
v -0.014157 0.025118 0.069327
v -0.017054 0.000825 0.061619
v -0.021271 0.000702 0.060891
v -0.019824 -0.026378 0.054092
v -0.015955 -0.027211 0.054698
v -0.019218 -0.028284 0.055735
v -0.011272 -0.057932 0.046607
v -0.014001 -0.058025 0.047591
v -0.012242 -0.083347 0.043876
v -0.008696 -0.083360 0.041680
v -0.014193 -0.104720 0.040518
v -0.016729 -0.103466 0.042121
v -0.030887 -0.121718 0.040939
v -0.028912 -0.126310 0.039811
v -0.048924 -0.126818 0.040505
v -0.048936 -0.131461 0.039531
v -0.069236 -0.124563 0.038556
v -0.067218 -0.120022 0.040228
v -0.085262 -0.104290 0.038320
v -0.081675 -0.101801 0.039822
v -0.090580 -0.081535 0.040012
v -0.086011 -0.081586 0.042366
v -0.084077 -0.059737 0.045691
v -0.088390 -0.057816 0.043442
v -0.082064 -0.028668 0.052626
v -0.084679 -0.027069 0.050474
v -0.080262 -0.025193 0.052242
v -0.077683 0.003021 0.057946
v -0.074825 0.003145 0.058156
v -0.076084 0.032028 0.068414
v -0.072460 0.031975 0.068144
v -0.066082 0.054466 0.077946
v -0.063091 0.052859 0.077459
v -0.052417 0.066101 0.082202
v -0.053598 0.069495 0.083436
v -0.040138 0.070001 0.084169
v -0.039460 0.074262 0.085878
v -0.042725 -0.067137 0.064099
v -0.049908 -0.062611 0.059995
v -0.049732 -0.063866 0.065292
v -0.043442 -0.065940 0.059445
v -0.029342 -0.064961 0.059081
v -0.030574 -0.064453 0.055979
v -0.014001 -0.058025 0.047591
v -0.057083 -0.067870 0.063644
v -0.049732 -0.063866 0.065292
v -0.049908 -0.062611 0.059995
v -0.057291 -0.066581 0.059079
v -0.069503 -0.066068 0.059178
v -0.068942 -0.064066 0.055290
v -0.084077 -0.059737 0.045691
v -0.026228 -0.025091 0.078166
v -0.019218 -0.028284 0.055735
v -0.028074 -0.036814 0.068837
v -0.037283 -0.040518 0.073821
v -0.035944 -0.025978 0.088528
v -0.050000 -0.026027 0.091396
v -0.050019 -0.042982 0.076708
v -0.061975 -0.041671 0.075291
v -0.062309 -0.024487 0.087861
v -0.071545 -0.024113 0.079193
v -0.070926 -0.038724 0.065470
v -0.026327 -0.038141 0.070443
v -0.028074 -0.036814 0.068837
v -0.019218 -0.028284 0.055735
v -0.036058 -0.042347 0.075661
v -0.037283 -0.040518 0.073821
v -0.049646 -0.044640 0.078730
v -0.050019 -0.042982 0.076708
v -0.060865 -0.043594 0.077112
v -0.061975 -0.041671 0.075291
v -0.072189 -0.039774 0.070398
v -0.070926 -0.038724 0.065470
v -0.082064 -0.028668 0.052626
v -0.039730 0.078379 0.022864
v -0.040406 0.077738 0.000250
v -0.026161 0.071054 0.000128
v -0.024496 0.072149 0.022735
v -0.019053 0.056616 0.022698
v -0.019402 0.055802 0.000016
v -0.015818 0.035186 0.023132
v -0.019439 0.014023 -0.000076
v -0.016317 0.012120 0.018432
v -0.015434 0.011413 0.022554
v -0.011628 -0.037670 0.011002
v -0.010467 -0.037277 0.000003
v -0.006020 -0.083002 0.000127
v -0.005644 -0.083199 0.011118
v -0.013286 -0.104654 0.000227
v -0.012871 -0.104893 0.011218
v -0.027811 -0.127253 0.000363
v -0.027998 -0.127263 0.011356
v -0.048298 -0.133330 0.000473
v -0.048563 -0.133163 0.011466
v -0.068952 -0.126163 0.000543
v -0.069466 -0.125576 0.011535
v -0.084520 -0.105275 0.000547
v -0.084046 -0.105335 0.011537
v -0.092198 -0.081517 0.011499
v -0.092337 -0.081525 0.000507
v -0.088177 -0.036634 0.000348
v -0.074208 0.014503 0.015187
v -0.074693 0.014291 0.022802
v -0.070653 0.035345 0.022827
v -0.073368 0.016455 0.000277
v -0.064794 0.059185 0.000296
v -0.065545 0.058641 0.022922
v -0.055239 0.072496 0.000229
v -0.055857 0.073422 0.022850
v -0.039730 0.078379 0.022864
v -0.040406 0.077738 0.000250
v -0.012242 -0.083347 0.043876
v -0.030574 -0.064453 0.055979
v -0.014001 -0.058025 0.047591
v -0.043442 -0.065940 0.059445
v -0.049908 -0.062611 0.059995
v -0.016729 -0.103466 0.042121
v -0.057291 -0.066581 0.059079
v -0.030887 -0.121718 0.040939
v -0.067218 -0.120022 0.040228
v -0.081675 -0.101801 0.039822
v -0.050154 -0.086135 0.051924
v -0.068942 -0.064066 0.055290
v -0.086011 -0.081586 0.042366
v -0.084077 -0.059737 0.045691
v -0.082064 -0.028668 0.052626
v -0.080262 -0.025193 0.052242
v -0.068722 -0.021912 0.077421
v -0.071545 -0.024113 0.079193
v -0.060944 -0.022925 0.083859
v -0.062309 -0.024487 0.087861
v -0.049545 -0.024618 0.087023
v -0.050000 -0.026027 0.091396
v -0.035944 -0.025978 0.088528
v -0.036121 -0.023790 0.084726
v -0.026228 -0.025091 0.078166
v -0.027198 -0.023683 0.075624
v -0.019218 -0.028284 0.055735
v -0.019824 -0.026378 0.054092
v -0.014001 -0.058025 0.047591
v -0.026327 -0.038141 0.070443
v -0.019218 -0.028284 0.055735
v -0.029342 -0.064961 0.059081
v -0.036058 -0.042347 0.075661
v -0.042725 -0.067137 0.064099
v -0.049646 -0.044640 0.078730
v -0.049732 -0.063866 0.065292
v -0.057083 -0.067870 0.063644
v -0.060865 -0.043594 0.077112
v -0.069503 -0.066068 0.059178
v -0.072189 -0.039774 0.070398
v -0.084077 -0.059737 0.045691
v -0.082064 -0.028668 0.052626
v -0.074208 0.014503 0.015187
v -0.016317 0.012120 0.018432
v -0.019439 0.014023 -0.000076
v -0.073368 0.016455 0.000277
v -0.048298 -0.133330 0.000473
v -0.027811 -0.127253 0.000363
v -0.068952 -0.126163 0.000543
v -0.013286 -0.104654 0.000227
v -0.084520 -0.105275 0.000547
v -0.006020 -0.083002 0.000127
v -0.092337 -0.081525 0.000507
v -0.010467 -0.037277 0.000003
v -0.088177 -0.036634 0.000348
v -0.074208 0.014503 0.015187
v -0.016317 0.012120 0.018432
v -0.040406 0.077738 0.000250
v -0.055239 0.072496 0.000229
v -0.026161 0.071054 0.000128
v -0.019402 0.055802 0.000016
v -0.064794 0.059185 0.000296
v -0.019439 0.014023 -0.000076
v -0.073368 0.016455 0.000277
v 0.068106 -0.021912 0.077420
v 0.079645 -0.025193 0.052242
v 0.060327 -0.022926 0.083859
v 0.048929 -0.024618 0.087023
v 0.035504 -0.023790 0.084726
v 0.026582 -0.023684 0.075624
v 0.019207 -0.026379 0.054092
v 0.074209 0.003145 0.058156
v 0.020655 0.000702 0.060891
v 0.049311 -0.030791 0.019100
v 0.071843 0.031974 0.068144
v 0.017464 0.024199 0.068487
v 0.062474 0.052858 0.077459
v 0.022577 0.049493 0.077760
v 0.051800 0.066101 0.082202
v 0.027423 0.062745 0.082114
v 0.039520 0.070000 0.084169
v -0.049927 -0.030791 0.019101
v -0.068722 -0.021912 0.077421
v -0.080262 -0.025193 0.052242
v -0.060944 -0.022925 0.083859
v -0.049545 -0.024618 0.087023
v -0.036121 -0.023790 0.084726
v -0.027198 -0.023683 0.075624
v -0.019824 -0.026378 0.054092
v -0.074825 0.003145 0.058156
v -0.021271 0.000702 0.060891
v -0.072460 0.031975 0.068144
v -0.018081 0.024199 0.068487
v -0.063091 0.052859 0.077459
v -0.023194 0.049494 0.077760
v -0.052417 0.066101 0.082202
v -0.028040 0.062745 0.082114
v -0.040138 0.070001 0.084169
v 0.070636 0.102316 1.595051
v 0.079308 0.027518 1.461660
v 0.074139 0.020968 1.452753
v 0.065769 0.016633 1.439352
v 0.085972 0.024373 1.477624
v 0.089655 0.019295 1.489290
v 0.088391 0.010394 1.489882
v 0.085800 0.000945 1.481590
v 0.082770 -0.051217 1.509626
v 0.083977 -0.042477 1.495924
v 0.090245 -0.042806 1.590965
v -0.000309 -0.094310 1.563179
v 0.020721 -0.089833 1.561338
v 0.042996 -0.083031 1.555951
v 0.059958 -0.074781 1.546591
v 0.068129 -0.070035 1.538439
v 0.077560 -0.062792 1.526203
v -0.021339 -0.089833 1.561338
v -0.043615 -0.083031 1.555951
v -0.042680 0.133400 1.489528
v -0.079926 0.027518 1.461660
v -0.074757 0.020968 1.452753
v -0.066387 0.016633 1.439352
v -0.086590 0.024373 1.477624
v -0.090273 0.019295 1.489290
v -0.089009 0.010394 1.489882
v -0.086418 0.000945 1.481590
v -0.083388 -0.051217 1.509626
v -0.084595 -0.042477 1.495924
v -0.078178 -0.062792 1.526203
v -0.068747 -0.070035 1.538439
v -0.060577 -0.074781 1.546591
v -0.084091 -0.032316 1.479603
v -0.094690 -0.035275 1.589741
v -0.081069 -0.025061 1.464560
v -0.081475 0.000125 1.465003
v -0.076462 -0.024037 1.449551
v -0.075449 -0.002002 1.447679
v -0.072388 -0.003059 1.438947
v 0.080451 -0.025061 1.464560
v 0.080856 0.000125 1.465003
v 0.075844 -0.024037 1.449551
v 0.074830 -0.002002 1.447679
v 0.083473 -0.032316 1.479603
v 0.071770 -0.003059 1.438947
v 0.041437 -0.010697 1.411530
v 0.053175 0.002139 1.425302
v 0.034218 0.019742 1.394682
v 0.023702 0.035067 1.383892
v 0.011150 0.043857 1.383854
v -0.000309 0.046469 1.383523
v -0.011768 0.043857 1.383854
v -0.024320 0.035067 1.383892
v -0.034837 0.019742 1.394682
v -0.038075 0.005126 1.403088
v -0.053793 0.002139 1.425302
v -0.042056 -0.010697 1.411530
v 0.037457 0.005126 1.403088
v 0.006675 -0.014912 1.634309
v 0.002578 -0.012907 1.632131
v 0.001690 -0.026318 1.634114
v -0.002898 -0.037065 1.631342
v -0.005755 -0.047052 1.627115
v -0.007490 -0.057418 1.621251
v -0.009042 -0.067453 1.613865
v -0.010949 -0.076265 1.604866
v -0.012520 -0.083329 1.595233
v -0.015064 -0.051958 1.622248
v -0.013472 -0.089549 1.585160
v -0.013871 -0.094846 1.574584
v -0.013651 -0.099396 1.563603
v -0.012765 -0.103135 1.552430
v -0.011073 -0.105972 1.541031
v -0.008142 -0.106967 1.529834
v -0.004012 -0.106356 1.518799
v -0.022360 -0.097747 1.546033
v 0.000502 -0.105652 1.507151
v -0.008520 -0.098818 1.503840
v -0.001377 -0.010804 1.634471
v -0.007781 -0.021222 1.634490
v -0.014323 -0.031682 1.631909
v -0.019746 -0.042976 1.626961
v -0.023396 -0.053290 1.620601
v -0.026475 -0.062441 1.613266
v -0.029634 -0.070385 1.604961
v -0.032413 -0.077644 1.595043
v -0.034089 -0.083932 1.584067
v -0.034688 -0.088983 1.572315
v -0.034341 -0.093249 1.560302
v -0.033176 -0.096997 1.548096
v -0.031061 -0.099769 1.535823
v -0.027775 -0.101594 1.523388
v -0.023361 -0.102127 1.511318
v -0.019062 -0.102405 1.499960
v -0.001377 -0.010804 1.634471
v 0.002720 -0.012808 1.636649
v -0.007781 -0.021222 1.634490
v -0.014323 -0.031682 1.631909
v -0.019746 -0.042976 1.626961
v -0.023396 -0.053290 1.620601
v -0.010965 -0.039182 1.634644
v -0.026475 -0.062441 1.613266
v -0.029634 -0.070385 1.604961
v -0.032413 -0.077644 1.595043
v -0.034089 -0.083932 1.584067
v -0.034688 -0.088983 1.572315
v -0.034341 -0.093249 1.560302
v -0.025259 -0.087629 1.597031
v -0.033176 -0.096997 1.548096
v -0.031061 -0.099769 1.535823
v -0.027775 -0.101594 1.523388
v -0.023361 -0.102127 1.511318
v -0.021981 -0.109300 1.534977
v -0.019062 -0.102405 1.499960
v -0.010041 -0.109240 1.503271
v 0.006675 -0.014912 1.634309
v 0.001690 -0.026318 1.634114
v -0.002898 -0.037065 1.631342
v -0.005755 -0.047052 1.627115
v -0.007490 -0.057418 1.621251
v -0.009042 -0.067453 1.613865
v -0.010949 -0.076265 1.604866
v -0.012520 -0.083329 1.595233
v -0.013472 -0.089549 1.585160
v -0.013871 -0.094846 1.574584
v -0.013651 -0.099396 1.563603
v -0.012765 -0.103135 1.552430
v -0.011073 -0.105972 1.541031
v -0.008142 -0.106967 1.529834
v -0.004012 -0.106356 1.518799
v 0.000502 -0.105652 1.507151
v 0.006675 -0.014912 1.634309
v -0.001377 -0.010804 1.634471
v 0.002578 -0.012907 1.632131
v 0.002720 -0.012808 1.636649
v 0.000502 -0.105652 1.507151
v -0.008520 -0.098818 1.503840
v -0.019062 -0.102405 1.499960
v -0.010041 -0.109240 1.503271
v 0.009982 -0.014823 1.634306
v 0.004256 -0.012760 1.632131
v 0.006754 -0.026796 1.633740
v 0.003595 -0.038246 1.631045
v 0.001606 -0.048113 1.626372
v 0.000763 -0.058084 1.620848
v 0.000733 -0.067597 1.614010
v 0.001063 -0.076453 1.606019
v 0.001481 -0.084171 1.596848
v 0.002129 -0.090389 1.586747
v 0.002960 -0.095514 1.576100
v -0.012217 -0.063547 1.616878
v 0.003996 -0.099909 1.565231
v 0.005381 -0.103595 1.553867
v 0.006881 -0.106437 1.541758
v 0.008145 -0.107846 1.529120
v 0.009176 -0.107304 1.516624
v -0.006574 -0.101134 1.537336
v 0.010197 -0.106320 1.504554
v -0.003149 -0.099343 1.503748
v -0.001401 -0.010692 1.634476
v -0.006697 -0.021654 1.634411
v -0.012281 -0.032550 1.632551
v -0.017439 -0.044037 1.627700
v -0.021047 -0.055045 1.621464
v -0.023454 -0.065146 1.613879
v -0.025071 -0.074217 1.605257
v -0.026117 -0.081993 1.595514
v -0.026378 -0.088333 1.584620
v -0.025943 -0.093498 1.573089
v -0.024906 -0.097913 1.561209
v -0.023321 -0.101418 1.549359
v -0.021616 -0.103851 1.537779
v -0.020151 -0.104846 1.526232
v -0.018908 -0.104043 1.514398
v -0.017742 -0.102812 1.502179
v -0.001401 -0.010692 1.634476
v 0.004325 -0.012755 1.636651
v -0.006697 -0.021654 1.634411
v -0.012281 -0.032550 1.632551
v -0.017439 -0.044037 1.627700
v -0.004255 -0.035348 1.635704
v -0.021047 -0.055045 1.621464
v -0.023454 -0.065146 1.613879
v -0.025071 -0.074217 1.605257
v -0.026117 -0.081993 1.595514
v -0.026378 -0.088333 1.584620
v -0.025943 -0.093498 1.573089
v -0.024906 -0.097913 1.561209
v -0.013826 -0.087355 1.603559
v -0.023321 -0.101418 1.549359
v -0.021616 -0.103851 1.537779
v -0.020151 -0.104846 1.526232
v -0.018908 -0.104043 1.514398
v -0.007255 -0.111903 1.535161
v -0.017742 -0.102812 1.502179
v -0.004396 -0.109789 1.502985
v 0.009982 -0.014823 1.634306
v 0.006754 -0.026796 1.633740
v 0.003595 -0.038246 1.631045
v 0.001606 -0.048113 1.626372
v 0.000763 -0.058084 1.620848
v 0.000733 -0.067597 1.614010
v 0.001063 -0.076453 1.606019
v 0.001481 -0.084171 1.596848
v 0.002129 -0.090389 1.586747
v 0.002960 -0.095514 1.576100
v 0.003996 -0.099909 1.565231
v 0.005381 -0.103595 1.553867
v 0.006881 -0.106437 1.541758
v 0.008145 -0.107846 1.529120
v 0.009176 -0.107304 1.516624
v 0.010197 -0.106320 1.504554
v 0.009982 -0.014823 1.634306
v -0.001401 -0.010692 1.634476
v 0.004256 -0.012760 1.632131
v 0.004325 -0.012755 1.636651
v 0.010197 -0.106320 1.504554
v -0.003149 -0.099343 1.503748
v -0.017742 -0.102812 1.502179
v -0.004396 -0.109789 1.502985
v 0.005911 -0.012574 1.634388
v 0.004405 -0.012370 1.632137
v 0.004927 -0.024828 1.633766
v 0.003885 -0.036850 1.631474
v 0.003042 -0.048047 1.626644
v 0.002707 -0.058436 1.620272
v 0.002660 -0.068005 1.612612
v 0.002844 -0.076613 1.603907
v 0.003341 -0.084330 1.594515
v 0.004332 -0.091150 1.584522
v -0.000848 -0.058862 1.619453
v 0.006119 -0.096564 1.573869
v 0.008593 -0.100453 1.562671
v 0.011349 -0.103102 1.551015
v 0.014013 -0.104685 1.539117
v 0.016690 -0.104645 1.527211
v 0.019413 -0.103776 1.515265
v 0.007712 -0.099962 1.547621
v 0.022156 -0.103041 1.503280
v 0.018314 -0.098050 1.502575
v 0.002913 -0.012272 1.634404
v 0.001362 -0.024438 1.633787
v -0.000302 -0.036378 1.631503
v -0.001794 -0.047590 1.626638
v -0.002762 -0.058096 1.620124
v -0.003374 -0.067642 1.612367
v -0.003664 -0.076240 1.603520
v -0.003514 -0.084011 1.593832
v -0.002717 -0.090866 1.583480
v -0.001009 -0.096652 1.572554
v 0.001498 -0.100944 1.561123
v 0.004303 -0.103897 1.549499
v 0.007034 -0.105581 1.537644
v 0.009805 -0.105420 1.525585
v 0.012578 -0.104422 1.513634
v 0.015324 -0.103570 1.501702
v 0.002913 -0.012272 1.634404
v 0.004419 -0.012476 1.636656
v 0.001362 -0.024438 1.633787
v -0.000302 -0.036378 1.631503
v -0.001794 -0.047590 1.626638
v -0.002762 -0.058096 1.620124
v 0.000972 -0.043227 1.633938
v -0.003374 -0.067642 1.612367
v -0.003664 -0.076240 1.603520
v -0.003514 -0.084011 1.593832
v -0.002717 -0.090866 1.583480
v -0.000990 -0.087071 1.600348
v -0.001009 -0.096652 1.572554
v 0.001498 -0.100944 1.561123
v 0.004303 -0.103897 1.549499
v 0.007034 -0.105581 1.537644
v 0.006450 -0.108462 1.557629
v 0.009805 -0.105420 1.525585
v 0.012578 -0.104422 1.513634
v 0.013804 -0.110305 1.526520
v 0.015324 -0.103570 1.501702
v 0.019167 -0.108562 1.502407
v 0.005911 -0.012574 1.634388
v 0.004927 -0.024828 1.633766
v 0.003885 -0.036850 1.631474
v 0.003042 -0.048047 1.626644
v 0.002707 -0.058436 1.620272
v 0.002660 -0.068005 1.612612
v 0.002844 -0.076613 1.603907
v 0.003341 -0.084330 1.594515
v 0.004332 -0.091150 1.584522
v 0.006119 -0.096564 1.573869
v 0.008593 -0.100453 1.562671
v 0.011349 -0.103102 1.551015
v 0.014013 -0.104685 1.539117
v 0.016690 -0.104645 1.527211
v 0.019413 -0.103776 1.515265
v 0.022156 -0.103041 1.503280
v 0.005911 -0.012574 1.634388
v 0.002913 -0.012272 1.634404
v 0.004405 -0.012370 1.632137
v 0.004419 -0.012476 1.636656
v 0.022156 -0.103041 1.503280
v 0.018314 -0.098050 1.502575
v 0.015324 -0.103570 1.501702
v 0.019167 -0.108562 1.502407
v 0.006587 -0.019436 1.634283
v 0.002956 -0.019418 1.632032
v 0.007832 -0.031240 1.632787
v 0.009036 -0.042653 1.629499
v 0.010225 -0.053135 1.624062
v 0.011567 -0.062426 1.617159
v 0.013236 -0.071363 1.609701
v 0.015002 -0.079051 1.601033
v 0.016918 -0.085539 1.591546
v 0.019119 -0.091062 1.581859
v 0.004174 -0.063512 1.616758
v 0.021681 -0.095706 1.571580
v 0.024520 -0.099135 1.560854
v 0.027508 -0.101048 1.549947
v 0.030707 -0.100990 1.538758
v 0.034062 -0.099960 1.527504
v 0.037497 -0.098612 1.516191
v 0.017746 -0.097992 1.548690
v 0.040987 -0.097476 1.504687
v 0.031813 -0.094627 1.502023
v -0.000655 -0.019794 1.634284
v -0.000791 -0.031615 1.632853
v -0.001093 -0.043096 1.629679
v -0.001441 -0.053814 1.624342
v -0.001558 -0.063743 1.617203
v -0.001219 -0.073075 1.609491
v -0.000563 -0.081117 1.600440
v 0.000534 -0.087904 1.590364
v 0.002339 -0.093778 1.579499
v 0.004754 -0.098503 1.568441
v 0.007642 -0.101855 1.557052
v 0.010922 -0.103818 1.545301
v 0.014508 -0.104265 1.533650
v 0.018200 -0.103622 1.522186
v 0.021884 -0.102633 1.510859
v 0.025458 -0.101937 1.499662
v -0.000655 -0.019794 1.634284
v 0.002976 -0.019812 1.636535
v -0.000791 -0.031615 1.632853
v -0.001093 -0.043096 1.629679
v -0.001441 -0.053814 1.624342
v -0.001558 -0.063743 1.617203
v 0.004140 -0.047999 1.632140
v -0.001219 -0.073075 1.609491
v -0.000563 -0.081117 1.600440
v 0.000534 -0.087904 1.590364
v 0.002339 -0.093778 1.579499
v 0.007800 -0.087166 1.601095
v 0.004754 -0.098503 1.568441
v 0.007642 -0.101855 1.557052
v 0.010922 -0.103818 1.545301
v 0.014508 -0.104265 1.533650
v 0.018200 -0.103622 1.522186
v 0.021884 -0.102633 1.510859
v 0.019232 -0.108694 1.551305
v 0.025458 -0.101937 1.499662
v 0.034633 -0.104786 1.502326
v 0.006587 -0.019436 1.634283
v 0.007832 -0.031240 1.632787
v 0.009036 -0.042653 1.629499
v 0.010225 -0.053135 1.624062
v 0.011567 -0.062426 1.617159
v 0.013236 -0.071363 1.609701
v 0.015002 -0.079051 1.601033
v 0.016918 -0.085539 1.591546
v 0.019119 -0.091062 1.581859
v 0.021681 -0.095706 1.571580
v 0.024520 -0.099135 1.560854
v 0.027508 -0.101048 1.549947
v 0.030707 -0.100990 1.538758
v 0.034062 -0.099960 1.527504
v 0.037497 -0.098612 1.516191
v 0.040987 -0.097476 1.504687
v 0.006587 -0.019436 1.634283
v -0.000655 -0.019794 1.634284
v 0.002956 -0.019418 1.632032
v 0.002976 -0.019812 1.636535
v 0.040987 -0.097476 1.504687
v 0.031813 -0.094627 1.502023
v 0.025458 -0.101937 1.499662
v 0.034633 -0.104786 1.502326
v 0.010904 -0.010690 1.634445
v 0.004044 -0.012315 1.632138
v 0.015105 -0.022413 1.633691
v 0.019212 -0.033800 1.631082
v 0.023197 -0.043616 1.626213
v 0.027692 -0.052642 1.620171
v 0.032432 -0.060839 1.613013
v 0.037068 -0.068001 1.604874
v 0.012195 -0.047961 1.624344
v 0.041543 -0.074438 1.595727
v 0.045633 -0.079882 1.585902
v 0.049334 -0.084099 1.575511
v 0.052786 -0.087356 1.564391
v 0.055911 -0.089606 1.552924
v 0.058354 -0.089719 1.541158
v 0.060369 -0.088304 1.529298
v 0.062275 -0.086318 1.517345
v 0.036643 -0.091775 1.558213
v 0.064338 -0.084506 1.505168
v 0.047711 -0.087667 1.501537
v -0.002821 -0.014052 1.634349
v -0.001281 -0.026218 1.633761
v -0.000027 -0.038296 1.631457
v 0.001405 -0.050253 1.626328
v 0.003468 -0.061227 1.619626
v 0.005985 -0.071016 1.611666
v 0.008824 -0.079572 1.602417
v 0.011803 -0.086719 1.592451
v 0.014978 -0.092565 1.581664
v 0.018314 -0.096895 1.570086
v 0.021577 -0.099779 1.558343
v 0.024744 -0.101498 1.546355
v 0.027910 -0.102418 1.534202
v 0.030802 -0.101970 1.522020
v 0.033488 -0.100888 1.509981
v 0.036137 -0.100085 1.498141
v -0.002821 -0.014052 1.634349
v 0.004039 -0.012427 1.636657
v -0.001281 -0.026218 1.633761
v -0.000027 -0.038296 1.631457
v 0.001405 -0.050253 1.626328
v 0.003468 -0.061227 1.619626
v 0.005985 -0.071016 1.611666
v 0.008824 -0.079572 1.602417
v 0.011803 -0.086719 1.592451
v 0.014978 -0.092565 1.581664
v 0.016622 -0.064021 1.625739
v 0.018314 -0.096895 1.570086
v 0.021577 -0.099779 1.558343
v 0.024744 -0.101498 1.546355
v 0.027910 -0.102418 1.534202
v 0.030802 -0.101970 1.522020
v 0.033488 -0.100888 1.509981
v 0.043715 -0.101559 1.550382
v 0.036137 -0.100085 1.498141
v 0.052765 -0.096923 1.501772
v 0.010904 -0.010690 1.634445
v 0.015105 -0.022413 1.633691
v 0.019212 -0.033800 1.631082
v 0.023197 -0.043616 1.626213
v 0.027692 -0.052642 1.620171
v 0.032432 -0.060839 1.613013
v 0.037068 -0.068001 1.604874
v 0.041543 -0.074438 1.595727
v 0.045633 -0.079882 1.585902
v 0.049334 -0.084099 1.575511
v 0.052786 -0.087356 1.564391
v 0.055911 -0.089606 1.552924
v 0.058354 -0.089719 1.541158
v 0.060369 -0.088304 1.529298
v 0.062275 -0.086318 1.517345
v 0.064338 -0.084506 1.505168
v 0.010904 -0.010690 1.634445
v -0.002821 -0.014052 1.634349
v 0.004044 -0.012315 1.632138
v 0.004039 -0.012427 1.636657
v 0.064338 -0.084506 1.505168
v 0.047711 -0.087667 1.501537
v 0.036137 -0.100085 1.498141
v 0.052765 -0.096923 1.501772
v 0.015518 -0.018885 1.634258
v 0.012675 -0.020148 1.632002
v 0.021782 -0.029369 1.632420
v 0.027720 -0.039026 1.627550
v 0.033160 -0.048010 1.620687
v 0.038017 -0.056827 1.613334
v 0.042229 -0.064356 1.604824
v 0.046278 -0.070258 1.595374
v 0.050077 -0.075266 1.584809
v 0.030481 -0.055985 1.615577
v 0.053337 -0.079562 1.573739
v 0.055865 -0.083039 1.561786
v 0.057445 -0.086009 1.549813
v 0.058502 -0.087749 1.537809
v 0.059355 -0.088617 1.525706
v 0.049022 -0.086395 1.547459
v 0.060165 -0.088077 1.513682
v 0.051263 -0.087145 1.513168
v 0.010007 -0.021759 1.634249
v 0.015069 -0.032911 1.632440
v 0.019686 -0.043295 1.627623
v 0.023681 -0.052789 1.621011
v 0.027263 -0.062208 1.613974
v 0.030611 -0.070723 1.605270
v 0.034177 -0.077627 1.595003
v 0.037545 -0.082996 1.584288
v 0.040606 -0.087421 1.573099
v 0.042952 -0.090666 1.561749
v 0.044622 -0.093573 1.549917
v 0.045892 -0.095341 1.537547
v 0.046874 -0.096102 1.525038
v 0.047669 -0.095324 1.512416
v 0.010007 -0.021759 1.634249
v 0.012850 -0.020495 1.636505
v 0.015069 -0.032911 1.632440
v 0.019686 -0.043295 1.627623
v 0.023681 -0.052789 1.621011
v 0.027263 -0.062208 1.613974
v 0.030611 -0.070723 1.605270
v 0.028782 -0.051149 1.627540
v 0.034177 -0.077627 1.595003
v 0.037545 -0.082996 1.584288
v 0.040606 -0.087421 1.573099
v 0.042952 -0.090666 1.561749
v 0.044622 -0.093573 1.549917
v 0.045892 -0.095341 1.537547
v 0.046874 -0.096102 1.525038
v 0.052785 -0.093353 1.565230
v 0.047669 -0.095324 1.512416
v 0.056571 -0.096256 1.512930
v 0.015518 -0.018885 1.634258
v 0.021782 -0.029369 1.632420
v 0.027720 -0.039026 1.627550
v 0.033160 -0.048010 1.620687
v 0.038017 -0.056827 1.613334
v 0.042229 -0.064356 1.604824
v 0.046278 -0.070258 1.595374
v 0.050077 -0.075266 1.584809
v 0.053337 -0.079562 1.573739
v 0.055865 -0.083039 1.561786
v 0.057445 -0.086009 1.549813
v 0.058502 -0.087749 1.537809
v 0.059355 -0.088617 1.525706
v 0.060165 -0.088077 1.513682
v 0.015518 -0.018885 1.634258
v 0.010007 -0.021759 1.634249
v 0.012675 -0.020148 1.632002
v 0.012850 -0.020495 1.636505
v 0.060165 -0.088077 1.513682
v 0.051263 -0.087145 1.513168
v 0.047669 -0.095324 1.512416
v 0.056571 -0.096256 1.512930
v 0.011037 -0.008311 1.634509
v 0.007120 -0.011413 1.632146
v 0.019431 -0.017098 1.633974
v 0.027851 -0.025651 1.631825
v 0.035914 -0.033736 1.627212
v 0.043389 -0.041466 1.620847
v 0.049845 -0.048341 1.612879
v 0.055324 -0.054424 1.603738
v 0.059917 -0.059837 1.593796
v 0.033235 -0.042747 1.622604
v 0.063729 -0.064699 1.583369
v 0.066732 -0.068895 1.572414
v 0.068810 -0.072277 1.560924
v 0.070056 -0.074972 1.549047
v 0.070655 -0.077157 1.537030
v 0.070424 -0.078536 1.524878
v 0.069866 -0.079565 1.512757
v 0.058365 -0.078652 1.555309
v 0.069492 -0.080733 1.500742
v 0.056687 -0.082167 1.501320
v 0.003200 -0.014661 1.634302
v 0.010126 -0.024679 1.633540
v 0.016870 -0.034471 1.631029
v 0.022992 -0.043542 1.626050
v 0.028434 -0.052049 1.619780
v 0.033447 -0.060223 1.612544
v 0.037924 -0.067651 1.604133
v 0.041984 -0.074342 1.594874
v 0.045575 -0.080144 1.584775
v 0.048396 -0.084724 1.573850
v 0.050495 -0.088277 1.562439
v 0.051818 -0.090898 1.550753
v 0.051896 -0.092137 1.538744
v 0.051170 -0.092456 1.526679
v 0.050158 -0.092468 1.514572
v 0.049261 -0.092662 1.502359
v 0.003200 -0.014661 1.634302
v 0.007118 -0.011558 1.636665
v 0.010126 -0.024679 1.633540
v 0.016870 -0.034471 1.631029
v 0.022992 -0.043542 1.626050
v 0.028434 -0.052049 1.619780
v 0.033447 -0.060223 1.612544
v 0.037924 -0.067651 1.604133
v 0.041984 -0.074342 1.594874
v 0.045575 -0.080144 1.584775
v 0.040342 -0.051001 1.626732
v 0.048396 -0.084724 1.573850
v 0.050495 -0.088277 1.562439
v 0.051818 -0.090898 1.550753
v 0.051896 -0.092137 1.538744
v 0.051170 -0.092456 1.526679
v 0.050158 -0.092468 1.514572
v 0.064921 -0.087920 1.552341
v 0.049261 -0.092662 1.502359
v 0.062067 -0.091228 1.501781
v 0.011037 -0.008311 1.634509
v 0.019431 -0.017098 1.633974
v 0.027851 -0.025651 1.631825
v 0.035914 -0.033736 1.627212
v 0.043389 -0.041466 1.620847
v 0.049845 -0.048341 1.612879
v 0.055324 -0.054424 1.603738
v 0.059917 -0.059837 1.593796
v 0.063729 -0.064699 1.583369
v 0.066732 -0.068895 1.572414
v 0.068810 -0.072277 1.560924
v 0.070056 -0.074972 1.549047
v 0.070655 -0.077157 1.537030
v 0.070424 -0.078536 1.524878
v 0.069866 -0.079565 1.512757
v 0.069492 -0.080733 1.500742
v 0.011037 -0.008311 1.634509
v 0.003200 -0.014661 1.634302
v 0.007120 -0.011413 1.632146
v 0.007118 -0.011558 1.636665
v 0.069492 -0.080733 1.500742
v 0.056687 -0.082167 1.501320
v 0.049261 -0.092662 1.502359
v 0.062067 -0.091228 1.501781
v 0.008497 -0.009287 1.634477
v 0.004923 -0.012789 1.632130
v 0.017524 -0.017289 1.634006
v 0.026460 -0.025085 1.631798
v 0.034969 -0.032303 1.627268
v 0.043197 -0.039089 1.621660
v 0.050874 -0.045296 1.614779
v 0.028100 -0.036196 1.626283
v 0.057610 -0.050374 1.606337
v 0.063413 -0.054266 1.596751
v 0.068587 -0.057460 1.586411
v 0.073165 -0.060137 1.575624
v 0.077144 -0.062353 1.564471
v 0.080454 -0.064033 1.552982
v 0.082960 -0.065028 1.541197
v 0.084424 -0.065057 1.529210
v 0.065214 -0.067829 1.567933
v 0.085029 -0.064269 1.517162
v 0.085098 -0.062976 1.505168
v 0.084953 -0.061470 1.493215
v 0.084851 -0.059979 1.481277
v 0.072680 -0.067308 1.509386
v 0.085053 -0.058734 1.469337
v 0.072653 -0.062224 1.468690
v 0.001324 -0.016378 1.634301
v 0.009206 -0.025476 1.633744
v 0.016886 -0.034446 1.631414
v 0.024102 -0.042896 1.626705
v 0.031049 -0.050919 1.620904
v 0.037489 -0.058299 1.613850
v 0.043170 -0.064518 1.605072
v 0.048101 -0.069424 1.594998
v 0.052442 -0.073327 1.584392
v 0.056363 -0.076476 1.573417
v 0.059877 -0.078928 1.562168
v 0.062885 -0.080660 1.550675
v 0.065205 -0.081564 1.538958
v 0.066549 -0.081372 1.527044
v 0.067107 -0.080316 1.515115
v 0.067179 -0.078738 1.503197
v 0.067045 -0.076954 1.491294
v 0.066925 -0.075212 1.479367
v 0.067039 -0.073762 1.467378
v 0.001324 -0.016378 1.634301
v 0.004898 -0.012876 1.636649
v 0.009206 -0.025476 1.633744
v 0.016886 -0.034446 1.631414
v 0.024102 -0.042896 1.626705
v 0.031049 -0.050919 1.620904
v 0.037489 -0.058299 1.613850
v 0.043170 -0.064518 1.605072
v 0.048101 -0.069424 1.594998
v 0.039637 -0.048111 1.627813
v 0.052442 -0.073327 1.584392
v 0.056363 -0.076476 1.573417
v 0.059877 -0.078928 1.562168
v 0.062885 -0.080660 1.550675
v 0.070756 -0.073900 1.570171
v 0.065205 -0.081564 1.538958
v 0.066549 -0.081372 1.527044
v 0.067107 -0.080316 1.515115
v 0.067179 -0.078738 1.503197
v 0.067045 -0.076954 1.491294
v 0.066925 -0.075212 1.479367
v 0.079647 -0.077630 1.527287
v 0.067039 -0.073762 1.467378
v 0.079439 -0.070272 1.468025
v 0.008497 -0.009287 1.634477
v 0.017524 -0.017289 1.634006
v 0.026460 -0.025085 1.631798
v 0.034969 -0.032303 1.627268
v 0.043197 -0.039089 1.621660
v 0.050874 -0.045296 1.614779
v 0.057610 -0.050374 1.606337
v 0.063413 -0.054266 1.596751
v 0.068587 -0.057460 1.586411
v 0.073165 -0.060137 1.575624
v 0.077144 -0.062353 1.564471
v 0.080454 -0.064033 1.552982
v 0.082960 -0.065028 1.541197
v 0.084424 -0.065057 1.529210
v 0.085029 -0.064269 1.517162
v 0.085098 -0.062976 1.505168
v 0.084953 -0.061470 1.493215
v 0.084851 -0.059979 1.481277
v 0.085053 -0.058734 1.469337
v 0.008497 -0.009287 1.634477
v 0.001324 -0.016378 1.634301
v 0.004923 -0.012789 1.632130
v 0.004898 -0.012876 1.636649
v 0.085053 -0.058734 1.469337
v 0.072653 -0.062224 1.468690
v 0.067039 -0.073762 1.467378
v 0.079439 -0.070272 1.468025
v 0.004326 -0.005617 1.634085
v 0.001823 -0.009719 1.632660
v 0.015749 -0.010215 1.634463
v 0.027075 -0.015100 1.633658
v 0.037592 -0.020485 1.630793
v 0.047117 -0.025488 1.625983
v 0.055956 -0.029399 1.619694
v 0.064242 -0.032534 1.611662
v 0.033765 -0.030614 1.626656
v 0.071798 -0.035157 1.602594
v 0.078611 -0.037508 1.592556
v 0.084422 -0.039741 1.581715
v 0.088981 -0.042012 1.570399
v 0.092123 -0.044044 1.558688
v 0.094051 -0.045831 1.546691
v 0.095003 -0.047448 1.534462
v 0.095162 -0.048955 1.522302
v 0.078787 -0.051644 1.566908
v 0.094619 -0.050382 1.510061
v 0.092975 -0.051575 1.497947
v 0.090361 -0.052818 1.486041
v 0.087144 -0.054211 1.474303
v 0.085703 -0.056288 1.502874
v 0.083780 -0.055703 1.462645
v 0.081772 -0.056900 1.462920
v 0.080874 -0.057004 1.450904
v 0.080696 -0.057108 1.450925
v -0.000682 -0.013497 1.634798
v 0.008116 -0.021831 1.634975
v 0.016605 -0.030255 1.633451
v 0.024952 -0.037877 1.629345
v 0.033207 -0.044382 1.622882
v 0.041632 -0.050064 1.615555
v 0.049224 -0.054590 1.607309
v 0.056097 -0.058290 1.598263
v 0.062188 -0.061332 1.588786
v 0.067561 -0.063882 1.578929
v 0.072021 -0.065797 1.568404
v 0.075490 -0.066879 1.557251
v 0.078167 -0.067320 1.545789
v 0.080188 -0.067281 1.534240
v 0.081710 -0.066927 1.522472
v 0.082617 -0.066277 1.510718
v 0.082592 -0.065148 1.498881
v 0.082132 -0.063461 1.486972
v 0.081556 -0.061364 1.475004
v 0.081059 -0.059143 1.462968
v 0.080632 -0.057304 1.450929
v -0.000682 -0.013497 1.634798
v 0.001821 -0.009395 1.636224
v 0.008116 -0.021831 1.634975
v 0.016605 -0.030255 1.633451
v 0.024952 -0.037877 1.629345
v 0.033207 -0.044382 1.622882
v 0.041632 -0.050064 1.615555
v 0.049224 -0.054590 1.607309
v 0.056097 -0.058290 1.598263
v 0.062188 -0.061332 1.588786
v 0.044253 -0.037211 1.632600
v 0.067561 -0.063882 1.578929
v 0.072021 -0.065797 1.568404
v 0.075490 -0.066879 1.557251
v 0.078167 -0.067320 1.545789
v 0.080188 -0.067281 1.534240
v 0.081710 -0.066927 1.522472
v 0.089463 -0.059258 1.559455
v 0.082617 -0.066277 1.510718
v 0.082592 -0.065148 1.498881
v 0.082132 -0.063461 1.486972
v 0.081556 -0.061364 1.475004
v 0.090870 -0.060562 1.499274
v 0.081059 -0.059143 1.462968
v 0.083067 -0.057946 1.462692
v 0.080632 -0.057304 1.450929
v 0.080810 -0.057201 1.450909
v 0.004326 -0.005617 1.634085
v 0.015749 -0.010215 1.634463
v 0.027075 -0.015100 1.633658
v 0.037592 -0.020485 1.630793
v 0.047117 -0.025488 1.625983
v 0.055956 -0.029399 1.619694
v 0.064242 -0.032534 1.611662
v 0.071798 -0.035157 1.602594
v 0.078611 -0.037508 1.592556
v 0.084422 -0.039741 1.581715
v 0.088981 -0.042012 1.570399
v 0.092123 -0.044044 1.558688
v 0.094051 -0.045831 1.546691
v 0.095003 -0.047448 1.534462
v 0.095162 -0.048955 1.522302
v 0.094619 -0.050382 1.510061
v 0.092975 -0.051575 1.497947
v 0.090361 -0.052818 1.486041
v 0.087144 -0.054211 1.474303
v 0.083780 -0.055703 1.462645
v 0.080874 -0.057004 1.450904
v 0.004326 -0.005617 1.634085
v -0.000682 -0.013497 1.634798
v 0.001823 -0.009719 1.632660
v 0.001821 -0.009395 1.636224
v 0.080874 -0.057004 1.450904
v 0.080696 -0.057108 1.450925
v 0.080632 -0.057304 1.450929
v 0.080810 -0.057201 1.450909
v 0.005648 -0.016993 1.634265
v -0.000119 -0.013457 1.632117
v 0.000260 -0.028076 1.633680
v -0.004876 -0.038775 1.630781
v -0.009453 -0.048624 1.625456
v -0.013754 -0.058343 1.619628
v -0.017716 -0.067420 1.612432
v -0.021471 -0.075760 1.603974
v -0.024839 -0.082516 1.593894
v -0.027581 -0.087627 1.583332
v -0.029302 -0.091687 1.573231
v -0.030315 -0.095528 1.562245
v -0.030867 -0.098842 1.550698
v -0.031178 -0.101349 1.538590
v -0.031443 -0.102230 1.526056
v -0.031318 -0.100916 1.513648
v -0.038996 -0.074942 1.601591
v -0.030818 -0.099248 1.501426
v -0.038748 -0.089455 1.500818
v -0.005801 -0.009924 1.634488
v -0.013329 -0.019709 1.634444
v -0.020905 -0.029361 1.632456
v -0.028212 -0.038613 1.627969
v -0.034949 -0.047002 1.621458
v -0.040954 -0.054423 1.613458
v -0.046203 -0.060822 1.604473
v -0.050905 -0.066297 1.594871
v -0.054841 -0.070965 1.583931
v -0.057634 -0.075298 1.571403
v -0.058936 -0.078977 1.559128
v -0.059245 -0.082121 1.546996
v -0.058722 -0.084626 1.535063
v -0.057112 -0.086253 1.523231
v -0.054056 -0.086595 1.511321
v -0.050906 -0.086436 1.499322
v -0.005801 -0.009924 1.634488
v -0.000033 -0.013460 1.636637
v -0.013329 -0.019709 1.634444
v -0.020905 -0.029361 1.632456
v -0.028212 -0.038613 1.627969
v -0.034949 -0.047002 1.621458
v -0.015951 -0.038623 1.634466
v -0.040954 -0.054423 1.613458
v -0.046203 -0.060822 1.604473
v -0.050905 -0.066297 1.594871
v -0.054841 -0.070965 1.583931
v -0.057634 -0.075298 1.571403
v -0.058936 -0.078977 1.559128
v -0.059245 -0.082121 1.546996
v -0.058722 -0.084626 1.535063
v -0.057112 -0.086253 1.523231
v -0.054056 -0.086595 1.511321
v -0.049196 -0.094620 1.572393
v -0.050906 -0.086436 1.499322
v -0.042976 -0.096229 1.499930
v 0.005648 -0.016993 1.634265
v 0.000260 -0.028076 1.633680
v -0.004876 -0.038775 1.630781
v -0.009453 -0.048624 1.625456
v -0.013754 -0.058343 1.619628
v -0.017716 -0.067420 1.612432
v -0.021471 -0.075760 1.603974
v -0.024839 -0.082516 1.593894
v -0.027581 -0.087627 1.583332
v -0.029302 -0.091687 1.573231
v -0.030315 -0.095528 1.562245
v -0.030867 -0.098842 1.550698
v -0.031178 -0.101349 1.538590
v -0.031443 -0.102230 1.526056
v -0.031318 -0.100916 1.513648
v -0.030818 -0.099248 1.501426
v 0.005648 -0.016993 1.634265
v -0.005801 -0.009924 1.634488
v -0.000119 -0.013457 1.632117
v -0.000033 -0.013460 1.636637
v -0.030818 -0.099248 1.501426
v -0.038748 -0.089455 1.500818
v -0.050906 -0.086436 1.499322
v -0.042976 -0.096229 1.499930
v 0.007120 -0.017983 1.634186
v 0.006507 -0.012825 1.632601
v -0.003362 -0.021829 1.634345
v -0.013875 -0.026941 1.633820
v -0.022517 -0.032134 1.631672
v -0.029406 -0.037982 1.627398
v -0.037766 -0.044902 1.620638
v -0.045387 -0.050336 1.612863
v -0.052448 -0.054895 1.603705
v -0.058674 -0.058242 1.593816
v -0.063711 -0.060660 1.583636
v -0.067970 -0.062411 1.572888
v -0.047601 -0.033463 1.621990
v -0.071565 -0.063433 1.561894
v -0.074421 -0.063992 1.550667
v -0.076938 -0.063827 1.538050
v -0.078955 -0.062171 1.525600
v -0.080586 -0.058563 1.512878
v -0.082175 -0.052081 1.500509
v -0.084631 -0.043708 1.491081
v -0.080479 -0.054566 1.527247
v -0.087443 -0.034621 1.483076
v -0.087487 -0.032892 1.484612
v -0.090028 -0.025164 1.475767
v -0.090019 -0.025098 1.475825
v 0.006150 -0.007783 1.634585
v -0.006902 -0.008110 1.635694
v -0.019463 -0.009523 1.636010
v -0.032654 -0.012972 1.633961
v -0.044068 -0.018890 1.628274
v -0.052222 -0.023531 1.622054
v -0.060486 -0.027629 1.614621
v -0.067757 -0.030958 1.606252
v -0.074141 -0.033408 1.596595
v -0.079610 -0.035545 1.585708
v -0.083717 -0.037501 1.574287
v -0.086606 -0.039562 1.562394
v -0.088223 -0.041916 1.550239
v -0.088713 -0.043899 1.539130
v -0.088437 -0.044799 1.527680
v -0.087935 -0.044216 1.516846
v -0.087741 -0.042140 1.506894
v -0.088270 -0.037572 1.496376
v -0.088943 -0.031702 1.485959
v -0.090066 -0.025047 1.475880
v 0.006150 -0.007783 1.634585
v 0.006763 -0.012941 1.636169
v -0.006902 -0.008110 1.635694
v -0.019463 -0.009523 1.636010
v -0.032654 -0.012972 1.633961
v -0.044068 -0.018890 1.628274
v -0.052222 -0.023531 1.622054
v -0.029755 -0.023194 1.637884
v -0.060486 -0.027629 1.614621
v -0.067757 -0.030958 1.606252
v -0.074141 -0.033408 1.596595
v -0.079610 -0.035545 1.585708
v -0.083717 -0.037501 1.574287
v -0.086606 -0.039562 1.562394
v -0.073217 -0.049819 1.596278
v -0.088223 -0.041916 1.550239
v -0.088713 -0.043899 1.539130
v -0.088437 -0.044799 1.527680
v -0.087935 -0.044216 1.516846
v -0.086766 -0.056618 1.533769
v -0.087741 -0.042140 1.506894
v -0.088270 -0.037572 1.496376
v -0.087136 -0.046793 1.500936
v -0.088943 -0.031702 1.485959
v -0.088900 -0.033431 1.484423
v -0.090066 -0.025047 1.475880
v -0.090075 -0.025114 1.475822
v 0.007120 -0.017983 1.634186
v -0.003362 -0.021829 1.634345
v -0.013875 -0.026941 1.633820
v -0.022517 -0.032134 1.631672
v -0.029406 -0.037982 1.627398
v -0.037766 -0.044902 1.620638
v -0.045387 -0.050336 1.612863
v -0.052448 -0.054895 1.603705
v -0.058674 -0.058242 1.593816
v -0.063711 -0.060660 1.583636
v -0.067970 -0.062411 1.572888
v -0.071565 -0.063433 1.561894
v -0.074421 -0.063992 1.550667
v -0.076938 -0.063827 1.538050
v -0.078955 -0.062171 1.525600
v -0.080586 -0.058563 1.512878
v -0.082175 -0.052081 1.500509
v -0.084631 -0.043708 1.491081
v -0.087443 -0.034621 1.483076
v -0.090028 -0.025164 1.475767
v 0.007120 -0.017983 1.634186
v 0.006150 -0.007783 1.634585
v 0.006507 -0.012825 1.632601
v 0.006763 -0.012941 1.636169
v -0.090028 -0.025164 1.475767
v -0.090019 -0.025098 1.475825
v -0.090066 -0.025047 1.475880
v -0.090075 -0.025114 1.475822
v 0.008137 -0.016919 1.634245
v 0.004915 -0.014230 1.632580
v 0.001410 -0.027227 1.633935
v -0.005059 -0.037444 1.631433
v -0.012183 -0.047064 1.626373
v -0.019830 -0.055215 1.620433
v -0.027366 -0.061822 1.612911
v -0.034742 -0.067442 1.604395
v -0.041839 -0.071959 1.595122
v -0.024922 -0.047335 1.622492
v -0.048398 -0.075273 1.584921
v -0.054145 -0.077226 1.573976
v -0.059211 -0.078067 1.562644
v -0.063445 -0.077656 1.550854
v -0.066601 -0.075714 1.538917
v -0.069168 -0.072889 1.527165
v -0.071296 -0.069629 1.515612
v -0.073058 -0.066274 1.504036
v -0.066966 -0.066329 1.554558
v -0.074244 -0.062880 1.492344
v -0.074945 -0.059191 1.480619
v -0.075480 -0.055238 1.468897
v -0.076138 -0.055419 1.489540
v -0.076033 -0.051190 1.457153
v -0.076498 -0.049465 1.457520
v -0.076685 -0.047304 1.445375
v -0.076704 -0.047234 1.445390
v 0.001834 -0.011539 1.634491
v -0.007317 -0.020021 1.634562
v -0.016366 -0.028341 1.632754
v -0.024825 -0.035595 1.629021
v -0.033469 -0.042237 1.624015
v -0.041850 -0.047942 1.617404
v -0.049578 -0.052296 1.609270
v -0.056456 -0.055133 1.599691
v -0.062433 -0.056927 1.589348
v -0.067894 -0.058114 1.578611
v -0.072580 -0.058636 1.567396
v -0.076201 -0.058588 1.555876
v -0.078858 -0.057943 1.544043
v -0.080638 -0.056829 1.531891
v -0.081706 -0.055508 1.519470
v -0.082165 -0.054196 1.506979
v -0.081955 -0.052783 1.494550
v -0.081039 -0.051317 1.482206
v -0.079647 -0.049931 1.469911
v -0.078100 -0.048602 1.457651
v -0.076769 -0.047200 1.445396
v 0.001834 -0.011539 1.634491
v 0.005056 -0.014228 1.636156
v -0.007317 -0.020021 1.634562
v -0.016366 -0.028341 1.632754
v -0.024825 -0.035595 1.629021
v -0.010138 -0.033003 1.635951
v -0.033469 -0.042237 1.624015
v -0.041850 -0.047942 1.617404
v -0.049578 -0.052296 1.609270
v -0.056456 -0.055133 1.599691
v -0.062433 -0.056927 1.589348
v -0.067894 -0.058114 1.578611
v -0.047305 -0.065006 1.609448
v -0.072580 -0.058636 1.567396
v -0.076201 -0.058588 1.555876
v -0.078858 -0.057943 1.544043
v -0.080638 -0.056829 1.531891
v -0.075002 -0.071473 1.551888
v -0.081706 -0.055508 1.519470
v -0.082165 -0.054196 1.506979
v -0.081955 -0.052783 1.494550
v -0.081039 -0.051317 1.482206
v -0.079647 -0.049931 1.469911
v -0.080791 -0.060211 1.495868
v -0.078100 -0.048602 1.457651
v -0.077635 -0.050327 1.457284
v -0.076769 -0.047200 1.445396
v -0.076750 -0.047270 1.445381
v 0.008137 -0.016919 1.634245
v 0.001410 -0.027227 1.633935
v -0.005059 -0.037444 1.631433
v -0.012183 -0.047064 1.626373
v -0.019830 -0.055215 1.620433
v -0.027366 -0.061822 1.612911
v -0.034742 -0.067442 1.604395
v -0.041839 -0.071959 1.595122
v -0.048398 -0.075273 1.584921
v -0.054145 -0.077226 1.573976
v -0.059211 -0.078067 1.562644
v -0.063445 -0.077656 1.550854
v -0.066601 -0.075714 1.538917
v -0.069168 -0.072889 1.527165
v -0.071296 -0.069629 1.515612
v -0.073058 -0.066274 1.504036
v -0.074244 -0.062880 1.492344
v -0.074945 -0.059191 1.480619
v -0.075480 -0.055238 1.468897
v -0.076033 -0.051190 1.457153
v -0.076685 -0.047304 1.445375
v 0.008137 -0.016919 1.634245
v 0.001834 -0.011539 1.634491
v 0.004915 -0.014230 1.632580
v 0.005056 -0.014228 1.636156
v -0.076685 -0.047304 1.445375
v -0.076704 -0.047234 1.445390
v -0.076769 -0.047200 1.445396
v -0.076750 -0.047270 1.445381
v 0.010104 -0.008209 1.636925
v 0.007874 -0.001590 1.635479
v 0.005547 -0.010316 1.637461
v 0.000988 -0.012445 1.637876
v -0.003582 -0.014584 1.638052
v -0.008155 -0.016698 1.637763
v -0.012682 -0.018745 1.636861
v -0.017149 -0.020727 1.635523
v -0.021458 -0.022591 1.633626
v -0.025555 -0.024324 1.631275
v -0.013703 -0.007746 1.636238
v -0.029468 -0.025937 1.628587
v -0.033224 -0.027440 1.625643
v -0.036843 -0.028834 1.622492
v -0.040344 -0.030125 1.619176
v -0.043759 -0.031328 1.615744
v -0.047248 -0.032537 1.612346
v -0.050705 -0.033687 1.608913
v -0.054023 -0.034728 1.605392
v -0.044061 -0.014262 1.619088
v -0.057213 -0.035683 1.601813
v -0.060273 -0.036576 1.598197
v -0.063201 -0.037420 1.594568
v -0.065982 -0.038242 1.590946
v -0.068555 -0.039058 1.587341
v -0.070938 -0.039865 1.583557
v -0.073074 -0.040634 1.579587
v -0.075051 -0.041406 1.575533
v -0.076858 -0.042172 1.571370
v -0.078485 -0.042918 1.567095
v -0.079909 -0.043627 1.562727
v -0.081170 -0.044292 1.557922
v -0.081946 -0.044820 1.553472
v -0.082470 -0.045295 1.548995
v -0.082789 -0.045734 1.544467
v -0.082958 -0.046147 1.539864
v -0.083630 -0.019517 1.569857
v -0.083020 -0.046546 1.535182
v -0.083006 -0.046927 1.530403
v -0.082858 -0.047241 1.525589
v -0.082557 -0.047480 1.520841
v -0.082142 -0.047672 1.516147
v -0.081646 -0.047843 1.511499
v -0.081101 -0.048014 1.506898
v -0.080535 -0.048199 1.502337
v -0.079976 -0.048417 1.497791
v -0.079407 -0.048662 1.493270
v -0.078823 -0.048899 1.488762
v -0.078226 -0.049144 1.484162
v -0.077647 -0.049386 1.479485
v -0.077087 -0.049628 1.474728
v -0.076552 -0.049857 1.469907
v -0.076052 -0.050068 1.465038
v -0.088402 -0.022692 1.494861
v -0.075587 -0.050262 1.460126
v -0.075166 -0.050437 1.455172
v -0.074790 -0.050595 1.450180
v -0.074463 -0.050750 1.445123
v -0.074187 -0.050884 1.440080
v -0.073964 -0.051017 1.434995
v -0.073775 -0.051132 1.429921
v -0.073627 -0.051256 1.424889
v -0.083716 -0.032809 1.436065
v -0.073511 -0.051418 1.419860
v -0.073416 -0.051626 1.414836
v -0.073331 -0.051887 1.409825
v -0.073242 -0.052202 1.404827
v -0.073135 -0.052576 1.399840
v -0.073000 -0.053008 1.394866
v -0.072827 -0.053498 1.389898
v -0.072604 -0.054049 1.384911
v -0.081959 -0.042324 1.397178
v -0.072345 -0.054653 1.379929
v -0.072084 -0.055300 1.374958
v -0.071832 -0.055987 1.369996
v -0.071591 -0.056717 1.365047
v -0.071348 -0.057509 1.360065
v -0.071115 -0.058345 1.355142
v -0.070879 -0.059245 1.350238
v -0.070630 -0.060223 1.345363
v -0.079373 -0.052814 1.360134
v -0.070353 -0.061293 1.340529
v -0.070026 -0.062485 1.335742
v -0.069637 -0.063833 1.330981
v -0.069191 -0.065323 1.326244
v -0.068710 -0.066906 1.321518
v -0.068216 -0.068524 1.316800
v -0.067690 -0.070188 1.312114
v -0.067111 -0.071920 1.307453
v -0.074536 -0.065432 1.325013
v -0.066487 -0.073698 1.302810
v -0.065790 -0.075543 1.298203
v -0.065052 -0.077391 1.293618
v -0.064363 -0.079110 1.288990
v -0.066642 -0.078377 1.293708
v -0.063708 -0.080710 1.284291
v -0.064460 -0.081372 1.284307
v -0.063200 -0.082054 1.279527
v -0.063557 -0.082409 1.279534
v -0.064041 -0.081435 1.275349
v -0.064118 -0.081515 1.275331
v 0.006316 0.004766 1.638319
v 0.001391 0.003963 1.639089
v -0.003564 0.003196 1.639744
v -0.008560 0.002471 1.640156
v -0.013588 0.001813 1.640089
v -0.018579 0.001257 1.639392
v -0.023489 0.000789 1.638268
v -0.028397 0.000332 1.637059
v -0.033253 -0.000089 1.635514
v -0.038017 -0.000470 1.633653
v -0.042687 -0.000827 1.631543
v -0.047255 -0.001165 1.629220
v -0.051728 -0.001493 1.626721
v -0.056095 -0.001809 1.624056
v -0.060166 -0.001965 1.621052
v -0.064006 -0.001993 1.617749
v -0.067726 -0.001976 1.614239
v -0.071335 -0.001941 1.610541
v -0.074838 -0.001907 1.606659
v -0.078239 -0.001897 1.602589
v -0.081540 -0.001928 1.598316
v -0.084769 -0.002030 1.593827
v -0.087884 -0.002229 1.589318
v -0.090890 -0.002516 1.584774
v -0.093685 -0.002816 1.580105
v -0.096238 -0.003115 1.575329
v -0.098534 -0.003400 1.570461
v -0.100573 -0.003659 1.565495
v -0.102290 -0.003875 1.560792
v -0.103915 -0.004139 1.555564
v -0.105246 -0.004385 1.550239
v -0.106307 -0.004618 1.544884
v -0.107150 -0.004850 1.539557
v -0.107827 -0.005090 1.534285
v -0.108329 -0.005303 1.529091
v -0.108630 -0.005464 1.523916
v -0.108793 -0.005627 1.518671
v -0.108852 -0.005825 1.513376
v -0.108827 -0.006089 1.508045
v -0.108741 -0.006446 1.502677
v -0.108610 -0.006925 1.497281
v -0.108450 -0.007540 1.491886
v -0.108290 -0.008331 1.486485
v -0.108096 -0.009306 1.481095
v -0.107824 -0.010406 1.475821
v -0.107463 -0.011612 1.470646
v -0.107028 -0.012905 1.465568
v -0.106521 -0.014289 1.460573
v -0.105949 -0.015756 1.455639
v -0.105320 -0.017296 1.450760
v -0.104636 -0.018905 1.445934
v -0.103904 -0.020574 1.441154
v -0.103130 -0.022287 1.436446
v -0.102324 -0.024057 1.431729
v -0.101499 -0.025856 1.427056
v -0.100673 -0.027717 1.422376
v -0.099830 -0.029629 1.417666
v -0.098969 -0.031571 1.412965
v -0.098090 -0.033534 1.408272
v -0.097198 -0.035510 1.403584
v -0.096293 -0.037492 1.398897
v -0.095380 -0.039469 1.394215
v -0.094460 -0.041436 1.389536
v -0.093537 -0.043387 1.384864
v -0.092620 -0.045312 1.380228
v -0.091722 -0.047222 1.375598
v -0.090814 -0.049127 1.370968
v -0.089877 -0.051035 1.366343
v -0.088903 -0.052943 1.361720
v -0.087895 -0.054837 1.357148
v -0.086833 -0.056743 1.352539
v -0.085717 -0.058650 1.347937
v -0.084536 -0.060560 1.343343
v -0.083273 -0.062489 1.338759
v -0.081909 -0.064474 1.334215
v -0.080449 -0.066495 1.329741
v -0.078908 -0.068513 1.325324
v -0.077320 -0.070472 1.320927
v -0.075715 -0.072326 1.316502
v -0.074080 -0.074092 1.312044
v -0.072424 -0.075774 1.307573
v -0.070772 -0.077357 1.303073
v -0.069110 -0.078872 1.298558
v -0.067483 -0.080269 1.293984
v -0.066013 -0.081416 1.289279
v -0.064705 -0.082325 1.284497
v -0.063644 -0.082902 1.279593
v -0.064144 -0.081606 1.275271
v 0.006316 0.004766 1.638319
v 0.008545 -0.001854 1.639765
v 0.001391 0.003963 1.639089
v -0.003564 0.003196 1.639744
v -0.008560 0.002471 1.640156
v -0.013588 0.001813 1.640089
v -0.018579 0.001257 1.639392
v -0.023489 0.000789 1.638268
v -0.028397 0.000332 1.637059
v -0.033253 -0.000089 1.635514
v -0.014059 -0.009095 1.642689
v -0.038017 -0.000470 1.633653
v -0.042687 -0.000827 1.631543
v -0.047255 -0.001165 1.629220
v -0.051728 -0.001493 1.626721
v -0.056095 -0.001809 1.624056
v -0.060166 -0.001965 1.621052
v -0.064006 -0.001993 1.617749
v -0.067726 -0.001976 1.614239
v -0.050666 -0.017973 1.626351
v -0.071335 -0.001941 1.610541
v -0.074838 -0.001907 1.606659
v -0.078239 -0.001897 1.602589
v -0.081540 -0.001928 1.598316
v -0.084769 -0.002030 1.593827
v -0.087884 -0.002229 1.589318
v -0.090890 -0.002516 1.584774
v -0.093685 -0.002816 1.580105
v -0.080878 -0.023344 1.595598
v -0.096238 -0.003115 1.575329
v -0.098534 -0.003400 1.570461
v -0.100573 -0.003659 1.565495
v -0.102290 -0.003875 1.560792
v -0.103915 -0.004139 1.555564
v -0.105246 -0.004385 1.550239
v -0.106307 -0.004618 1.544884
v -0.107150 -0.004850 1.539557
v -0.098875 -0.027905 1.559933
v -0.107827 -0.005090 1.534285
v -0.108329 -0.005303 1.529091
v -0.108630 -0.005464 1.523916
v -0.108793 -0.005627 1.518671
v -0.108852 -0.005825 1.513376
v -0.108827 -0.006089 1.508045
v -0.108741 -0.006446 1.502677
v -0.108610 -0.006925 1.497281
v -0.108450 -0.007540 1.491886
v -0.108290 -0.008331 1.486485
v -0.108096 -0.009306 1.481095
v -0.107824 -0.010406 1.475821
v -0.107463 -0.011612 1.470646
v -0.107028 -0.012905 1.465568
v -0.106521 -0.014289 1.460573
v -0.105949 -0.015756 1.455639
v -0.101898 -0.031853 1.507779
v -0.105320 -0.017296 1.450760
v -0.104636 -0.018905 1.445934
v -0.103904 -0.020574 1.441154
v -0.103130 -0.022287 1.436446
v -0.102324 -0.024057 1.431729
v -0.101499 -0.025856 1.427056
v -0.100673 -0.027717 1.422376
v -0.099830 -0.029629 1.417666
v -0.092879 -0.041795 1.436769
v -0.098969 -0.031571 1.412965
v -0.098090 -0.033534 1.408272
v -0.097198 -0.035510 1.403584
v -0.096293 -0.037492 1.398897
v -0.095380 -0.039469 1.394215
v -0.094460 -0.041436 1.389536
v -0.093537 -0.043387 1.384864
v -0.092620 -0.045312 1.380228
v -0.086861 -0.048940 1.400212
v -0.091722 -0.047222 1.375598
v -0.090814 -0.049127 1.370968
v -0.089877 -0.051035 1.366343
v -0.088903 -0.052943 1.361720
v -0.087895 -0.054837 1.357148
v -0.086833 -0.056743 1.352539
v -0.085717 -0.058650 1.347937
v -0.084536 -0.060560 1.343343
v -0.080647 -0.057977 1.362007
v -0.083273 -0.062489 1.338759
v -0.081909 -0.064474 1.334215
v -0.080449 -0.066495 1.329741
v -0.078908 -0.068513 1.325324
v -0.077320 -0.070472 1.320927
v -0.075715 -0.072326 1.316502
v -0.074080 -0.074092 1.312044
v -0.072424 -0.075774 1.307573
v -0.074126 -0.066800 1.330534
v -0.070772 -0.077357 1.303073
v -0.069110 -0.078872 1.298558
v -0.067483 -0.080269 1.293984
v -0.066013 -0.081416 1.289279
v -0.066028 -0.079119 1.294630
v -0.064705 -0.082325 1.284497
v -0.063953 -0.081663 1.284482
v -0.063644 -0.082902 1.279593
v -0.063287 -0.082547 1.279585
v -0.064144 -0.081606 1.275271
v -0.064066 -0.081527 1.275289
v 0.010104 -0.008209 1.636925
v 0.005547 -0.010316 1.637461
v 0.000988 -0.012445 1.637876
v -0.003582 -0.014584 1.638052
v -0.008155 -0.016698 1.637763
v -0.012682 -0.018745 1.636861
v -0.017149 -0.020727 1.635523
v -0.021458 -0.022591 1.633626
v -0.025555 -0.024324 1.631275
v -0.029468 -0.025937 1.628587
v -0.033224 -0.027440 1.625643
v -0.036843 -0.028834 1.622492
v -0.040344 -0.030125 1.619176
v -0.043759 -0.031328 1.615744
v -0.047248 -0.032537 1.612346
v -0.050705 -0.033687 1.608913
v -0.054023 -0.034728 1.605392
v -0.057213 -0.035683 1.601813
v -0.060273 -0.036576 1.598197
v -0.063201 -0.037420 1.594568
v -0.065982 -0.038242 1.590946
v -0.068555 -0.039058 1.587341
v -0.070938 -0.039865 1.583557
v -0.073074 -0.040634 1.579587
v -0.075051 -0.041406 1.575533
v -0.076858 -0.042172 1.571370
v -0.078485 -0.042918 1.567095
v -0.079909 -0.043627 1.562727
v -0.081170 -0.044292 1.557922
v -0.081946 -0.044820 1.553472
v -0.082470 -0.045295 1.548995
v -0.082789 -0.045734 1.544467
v -0.082958 -0.046147 1.539864
v -0.083020 -0.046546 1.535182
v -0.083006 -0.046927 1.530403
v -0.082858 -0.047241 1.525589
v -0.082557 -0.047480 1.520841
v -0.082142 -0.047672 1.516147
v -0.081646 -0.047843 1.511499
v -0.081101 -0.048014 1.506898
v -0.080535 -0.048199 1.502337
v -0.079976 -0.048417 1.497791
v -0.079407 -0.048662 1.493270
v -0.078823 -0.048899 1.488762
v -0.078226 -0.049144 1.484162
v -0.077647 -0.049386 1.479485
v -0.077087 -0.049628 1.474728
v -0.076552 -0.049857 1.469907
v -0.076052 -0.050068 1.465038
v -0.075587 -0.050262 1.460126
v -0.075166 -0.050437 1.455172
v -0.074790 -0.050595 1.450180
v -0.074463 -0.050750 1.445123
v -0.074187 -0.050884 1.440080
v -0.073964 -0.051017 1.434995
v -0.073775 -0.051132 1.429921
v -0.073627 -0.051256 1.424889
v -0.073511 -0.051418 1.419860
v -0.073416 -0.051626 1.414836
v -0.073331 -0.051887 1.409825
v -0.073242 -0.052202 1.404827
v -0.073135 -0.052576 1.399840
v -0.073000 -0.053008 1.394866
v -0.072827 -0.053498 1.389898
v -0.072604 -0.054049 1.384911
v -0.072345 -0.054653 1.379929
v -0.072084 -0.055300 1.374958
v -0.071832 -0.055987 1.369996
v -0.071591 -0.056717 1.365047
v -0.071348 -0.057509 1.360065
v -0.071115 -0.058345 1.355142
v -0.070879 -0.059245 1.350238
v -0.070630 -0.060223 1.345363
v -0.070353 -0.061293 1.340529
v -0.070026 -0.062485 1.335742
v -0.069637 -0.063833 1.330981
v -0.069191 -0.065323 1.326244
v -0.068710 -0.066906 1.321518
v -0.068216 -0.068524 1.316800
v -0.067690 -0.070188 1.312114
v -0.067111 -0.071920 1.307453
v -0.066487 -0.073698 1.302810
v -0.065790 -0.075543 1.298203
v -0.065052 -0.077391 1.293618
v -0.064363 -0.079110 1.288990
v -0.063708 -0.080710 1.284291
v -0.063200 -0.082054 1.279527
v -0.064041 -0.081435 1.275349
v 0.010104 -0.008209 1.636925
v 0.006316 0.004766 1.638319
v 0.007874 -0.001590 1.635479
v 0.008545 -0.001854 1.639765
v -0.064041 -0.081435 1.275349
v -0.064118 -0.081515 1.275331
v -0.064144 -0.081606 1.275271
v -0.064066 -0.081527 1.275289
v -0.011305 -0.000327 1.637576
v -0.011506 0.001793 1.635713
v -0.016249 -0.000796 1.637795
v -0.021175 -0.001317 1.637696
v -0.026060 -0.001883 1.637161
v -0.030836 -0.002474 1.636047
v -0.035421 -0.003039 1.634279
v -0.039830 -0.003515 1.631992
v -0.044180 -0.003862 1.629459
v -0.048281 -0.004069 1.626622
v -0.032724 0.000690 1.634091
v -0.052014 -0.004149 1.623354
v -0.055441 -0.004140 1.619762
v -0.058694 -0.004089 1.616025
v -0.061916 -0.004039 1.612291
v -0.051681 0.000738 1.619428
v -0.065216 -0.004021 1.608642
v -0.068605 -0.004025 1.605029
v -0.071978 -0.004037 1.601416
v -0.075272 -0.004064 1.597754
v -0.078418 -0.004112 1.593987
v -0.081341 -0.004182 1.590056
v -0.084058 -0.004262 1.585913
v -0.086569 -0.004334 1.581694
v -0.077107 0.001849 1.589653
v -0.088854 -0.004428 1.577419
v -0.090881 -0.004581 1.573075
v -0.092620 -0.004826 1.568648
v -0.094069 -0.005186 1.564104
v -0.095275 -0.005656 1.559310
v -0.096188 -0.006180 1.554594
v -0.096927 -0.006754 1.549824
v -0.097528 -0.007367 1.545023
v -0.090868 0.001621 1.562545
v -0.098014 -0.008013 1.540201
v -0.098403 -0.008690 1.535369
v -0.098689 -0.009390 1.530529
v -0.098799 -0.010097 1.525678
v -0.098702 -0.010820 1.520875
v -0.098443 -0.011594 1.516135
v -0.098095 -0.012451 1.511437
v -0.097725 -0.013414 1.506759
v -0.094956 -0.003133 1.522600
v -0.097329 -0.014485 1.502133
v -0.096882 -0.015668 1.497486
v -0.096388 -0.016937 1.492812
v -0.095863 -0.018258 1.488119
v -0.093032 -0.009053 1.495370
v -0.095316 -0.019613 1.483407
v -0.094758 -0.020984 1.478675
v -0.094196 -0.022357 1.473912
v -0.093643 -0.023704 1.469142
v -0.093089 -0.025017 1.464382
v -0.092517 -0.026338 1.459659
v -0.091934 -0.027673 1.454929
v -0.091347 -0.029011 1.450183
v -0.090225 -0.018138 1.466947
v -0.090763 -0.030339 1.445413
v -0.090179 -0.031638 1.440620
v -0.089592 -0.032907 1.435829
v -0.089009 -0.034161 1.431043
v -0.088434 -0.035413 1.426267
v -0.087870 -0.036665 1.421500
v -0.087318 -0.037906 1.416706
v -0.086784 -0.039124 1.411909
v -0.086723 -0.030093 1.429867
v -0.086261 -0.040336 1.407130
v -0.085737 -0.041576 1.402380
v -0.085222 -0.042882 1.397650
v -0.084739 -0.044235 1.392885
v -0.083977 -0.040826 1.395679
v -0.084206 -0.045746 1.388389
v -0.083407 -0.047753 1.384195
v -0.082345 -0.050331 1.380245
v -0.081112 -0.053301 1.376597
v -0.082282 -0.047723 1.380904
v -0.079630 -0.056670 1.373468
v -0.079339 -0.056252 1.373031
v -0.077838 -0.060488 1.370938
v -0.077685 -0.060305 1.370710
v -0.075913 -0.064503 1.368724
v -0.075892 -0.064476 1.368692
v -0.011529 0.004050 1.637421
v -0.016491 0.004030 1.637713
v -0.021479 0.003987 1.637722
v -0.026457 0.003917 1.637334
v -0.031367 0.003828 1.636409
v -0.036107 0.003757 1.634866
v -0.040628 0.003756 1.632859
v -0.044978 0.003867 1.630614
v -0.049043 0.004121 1.627830
v -0.052713 0.004482 1.624514
v -0.056059 0.004892 1.620865
v -0.059232 0.005305 1.617046
v -0.062391 0.005679 1.613184
v -0.065685 0.005978 1.609418
v -0.069096 0.006214 1.605798
v -0.072529 0.006425 1.602182
v -0.075904 0.006613 1.598490
v -0.079150 0.006770 1.594660
v -0.082189 0.006894 1.590657
v -0.084986 0.006995 1.586541
v -0.087640 0.007094 1.582281
v -0.090116 0.007158 1.577845
v -0.092358 0.007148 1.573226
v -0.094310 0.007025 1.568443
v -0.095916 0.006773 1.563559
v -0.097129 0.006432 1.558756
v -0.098126 0.005998 1.553773
v -0.098921 0.005505 1.548790
v -0.099558 0.004962 1.543807
v -0.100068 0.004372 1.538826
v -0.100468 0.003736 1.533847
v -0.100769 0.003057 1.528870
v -0.100904 0.002348 1.523897
v -0.100842 0.001582 1.518885
v -0.100616 0.000718 1.513844
v -0.100285 -0.000278 1.508811
v -0.099912 -0.001421 1.503813
v -0.099500 -0.002728 1.498833
v -0.099021 -0.004159 1.493946
v -0.098479 -0.005677 1.489145
v -0.097896 -0.007255 1.484405
v -0.097286 -0.008875 1.479712
v -0.096660 -0.010519 1.475058
v -0.096029 -0.012169 1.470436
v -0.095405 -0.013815 1.465812
v -0.094798 -0.015463 1.461164
v -0.094174 -0.017155 1.456500
v -0.093536 -0.018866 1.451857
v -0.092893 -0.020578 1.447233
v -0.092256 -0.022275 1.442623
v -0.091644 -0.023943 1.438015
v -0.091049 -0.025591 1.433388
v -0.090457 -0.027224 1.428744
v -0.089867 -0.028852 1.424088
v -0.089276 -0.030496 1.419428
v -0.088694 -0.032139 1.414786
v -0.088115 -0.033783 1.410139
v -0.087528 -0.035452 1.405480
v -0.086925 -0.037178 1.400821
v -0.086289 -0.038979 1.396189
v -0.085644 -0.040802 1.391613
v -0.084889 -0.042924 1.386974
v -0.083941 -0.045633 1.382643
v -0.082808 -0.048813 1.378825
v -0.081469 -0.052314 1.375415
v -0.079823 -0.056176 1.372573
v -0.077911 -0.060298 1.370469
v -0.075924 -0.064474 1.368659
v -0.011529 0.004050 1.637421
v -0.011329 0.001929 1.639285
v -0.016491 0.004030 1.637713
v -0.021479 0.003987 1.637722
v -0.026457 0.003917 1.637334
v -0.031367 0.003828 1.636409
v -0.025683 0.001030 1.639989
v -0.036107 0.003757 1.634866
v -0.040628 0.003756 1.632859
v -0.044978 0.003867 1.630614
v -0.049043 0.004121 1.627830
v -0.052713 0.004482 1.624514
v -0.056059 0.004892 1.620865
v -0.059232 0.005305 1.617046
v -0.062391 0.005679 1.613184
v -0.050163 -0.000658 1.631269
v -0.065685 0.005978 1.609418
v -0.069096 0.006214 1.605798
v -0.072529 0.006425 1.602182
v -0.075904 0.006613 1.598490
v -0.079150 0.006770 1.594660
v -0.082189 0.006894 1.590657
v -0.084986 0.006995 1.586541
v -0.087640 0.007094 1.582281
v -0.084107 0.001027 1.595369
v -0.090116 0.007158 1.577845
v -0.092358 0.007148 1.573226
v -0.094310 0.007025 1.568443
v -0.095916 0.006773 1.563559
v -0.097129 0.006432 1.558756
v -0.098126 0.005998 1.553773
v -0.098921 0.005505 1.548790
v -0.099558 0.004962 1.543807
v -0.100365 0.000323 1.565253
v -0.100068 0.004372 1.538826
v -0.100468 0.003736 1.533847
v -0.100769 0.003057 1.528870
v -0.100904 0.002348 1.523897
v -0.100842 0.001582 1.518885
v -0.100616 0.000718 1.513844
v -0.100285 -0.000278 1.508811
v -0.099912 -0.001421 1.503813
v -0.105289 -0.004834 1.523025
v -0.099500 -0.002728 1.498833
v -0.099021 -0.004159 1.493946
v -0.098479 -0.005677 1.489145
v -0.097896 -0.007255 1.484405
v -0.097286 -0.008875 1.479712
v -0.096660 -0.010519 1.475058
v -0.096029 -0.012169 1.470436
v -0.095405 -0.013815 1.465812
v -0.102412 -0.011992 1.491459
v -0.094798 -0.015463 1.461164
v -0.094174 -0.017155 1.456500
v -0.093536 -0.018866 1.451857
v -0.092893 -0.020578 1.447233
v -0.097533 -0.022050 1.459388
v -0.092256 -0.022275 1.442623
v -0.091644 -0.023943 1.438015
v -0.091049 -0.025591 1.433388
v -0.090457 -0.027224 1.428744
v -0.089867 -0.028852 1.424088
v -0.089276 -0.030496 1.419428
v -0.088694 -0.032139 1.414786
v -0.088115 -0.033783 1.410139
v -0.092215 -0.032305 1.426756
v -0.087528 -0.035452 1.405480
v -0.086925 -0.037178 1.400821
v -0.086289 -0.038979 1.396189
v -0.085644 -0.040802 1.391613
v -0.087178 -0.041892 1.395126
v -0.084889 -0.042924 1.386974
v -0.083941 -0.045633 1.382643
v -0.082808 -0.048813 1.378825
v -0.081469 -0.052314 1.375415
v -0.084263 -0.048044 1.381205
v -0.079823 -0.056176 1.372573
v -0.080115 -0.056594 1.373010
v -0.077911 -0.060298 1.370469
v -0.078064 -0.060481 1.370697
v -0.075924 -0.064474 1.368659
v -0.075945 -0.064501 1.368690
v -0.011305 -0.000327 1.637576
v -0.016249 -0.000796 1.637795
v -0.021175 -0.001317 1.637696
v -0.026060 -0.001883 1.637161
v -0.030836 -0.002474 1.636047
v -0.035421 -0.003039 1.634279
v -0.039830 -0.003515 1.631992
v -0.044180 -0.003862 1.629459
v -0.048281 -0.004069 1.626622
v -0.052014 -0.004149 1.623354
v -0.055441 -0.004140 1.619762
v -0.058694 -0.004089 1.616025
v -0.061916 -0.004039 1.612291
v -0.065216 -0.004021 1.608642
v -0.068605 -0.004025 1.605029
v -0.071978 -0.004037 1.601416
v -0.075272 -0.004064 1.597754
v -0.078418 -0.004112 1.593987
v -0.081341 -0.004182 1.590056
v -0.084058 -0.004262 1.585913
v -0.086569 -0.004334 1.581694
v -0.088854 -0.004428 1.577419
v -0.090881 -0.004581 1.573075
v -0.092620 -0.004826 1.568648
v -0.094069 -0.005186 1.564104
v -0.095275 -0.005656 1.559310
v -0.096188 -0.006180 1.554594
v -0.096927 -0.006754 1.549824
v -0.097528 -0.007367 1.545023
v -0.098014 -0.008013 1.540201
v -0.098403 -0.008690 1.535369
v -0.098689 -0.009390 1.530529
v -0.098799 -0.010097 1.525678
v -0.098702 -0.010820 1.520875
v -0.098443 -0.011594 1.516135
v -0.098095 -0.012451 1.511437
v -0.097725 -0.013414 1.506759
v -0.097329 -0.014485 1.502133
v -0.096882 -0.015668 1.497486
v -0.096388 -0.016937 1.492812
v -0.095863 -0.018258 1.488119
v -0.095316 -0.019613 1.483407
v -0.094758 -0.020984 1.478675
v -0.094196 -0.022357 1.473912
v -0.093643 -0.023704 1.469142
v -0.093089 -0.025017 1.464382
v -0.092517 -0.026338 1.459659
v -0.091934 -0.027673 1.454929
v -0.091347 -0.029011 1.450183
v -0.090763 -0.030339 1.445413
v -0.090179 -0.031638 1.440620
v -0.089592 -0.032907 1.435829
v -0.089009 -0.034161 1.431043
v -0.088434 -0.035413 1.426267
v -0.087870 -0.036665 1.421500
v -0.087318 -0.037906 1.416706
v -0.086784 -0.039124 1.411909
v -0.086261 -0.040336 1.407130
v -0.085737 -0.041576 1.402380
v -0.085222 -0.042882 1.397650
v -0.084739 -0.044235 1.392885
v -0.084206 -0.045746 1.388389
v -0.083407 -0.047753 1.384195
v -0.082345 -0.050331 1.380245
v -0.081112 -0.053301 1.376597
v -0.079630 -0.056670 1.373468
v -0.077838 -0.060488 1.370938
v -0.075913 -0.064503 1.368724
v -0.011305 -0.000327 1.637576
v -0.011529 0.004050 1.637421
v -0.011506 0.001793 1.635713
v -0.011329 0.001929 1.639285
v -0.075913 -0.064503 1.368724
v -0.075892 -0.064476 1.368692
v -0.075924 -0.064474 1.368659
v -0.075945 -0.064501 1.368690
v -0.040403 0.000302 1.633816
v -0.039313 0.002544 1.632587
v -0.044748 0.000958 1.631478
v -0.047940 0.001509 1.627821
v -0.051151 0.001255 1.624571
v -0.054376 0.000642 1.621135
v -0.045209 0.004236 1.628280
v -0.057655 -0.000091 1.617541
v -0.061008 -0.000766 1.613839
v -0.064473 -0.001271 1.610112
v -0.067971 -0.001670 1.606508
v -0.060605 0.002700 1.610301
v -0.071434 -0.002009 1.602910
v -0.074745 -0.002307 1.599209
v -0.077802 -0.002583 1.595331
v -0.080587 -0.002845 1.591256
v -0.083192 -0.003087 1.587031
v -0.085655 -0.003305 1.582721
v -0.087979 -0.003502 1.578337
v -0.090163 -0.003685 1.573884
v -0.078058 0.002048 1.589865
v -0.092181 -0.003861 1.569357
v -0.094022 -0.004029 1.564760
v -0.095643 -0.004191 1.560087
v -0.096988 -0.004345 1.555318
v -0.098012 -0.004480 1.550466
v -0.098738 -0.004596 1.545565
v -0.099217 -0.004701 1.540638
v -0.099502 -0.004805 1.535701
v -0.093982 0.001410 1.552800
v -0.099656 -0.004918 1.530730
v -0.099718 -0.005046 1.525792
v -0.099754 -0.005200 1.520860
v -0.099704 -0.005338 1.515878
v -0.099516 -0.005436 1.510878
v -0.099199 -0.005521 1.505931
v -0.098788 -0.005628 1.501040
v -0.098321 -0.005789 1.496196
v -0.095306 0.001087 1.512571
v -0.097831 -0.006035 1.491392
v -0.097350 -0.006392 1.486628
v -0.096898 -0.006873 1.481889
v -0.096459 -0.007474 1.477119
v -0.096007 -0.008162 1.472329
v -0.095545 -0.008923 1.467532
v -0.095077 -0.009740 1.462735
v -0.094605 -0.010608 1.457940
v -0.092045 -0.000451 1.476627
v -0.094132 -0.011522 1.453149
v -0.093660 -0.012495 1.448294
v -0.093193 -0.013500 1.443517
v -0.092734 -0.014553 1.438753
v -0.092286 -0.015657 1.434006
v -0.091826 -0.016823 1.429297
v -0.091373 -0.018075 1.424629
v -0.090928 -0.019417 1.419978
v -0.088341 -0.009440 1.432271
v -0.090488 -0.020846 1.415336
v -0.090046 -0.022354 1.410702
v -0.089596 -0.023925 1.406069
v -0.089142 -0.025544 1.401426
v -0.088710 -0.027200 1.396777
v -0.088315 -0.028889 1.392165
v -0.087922 -0.030629 1.387605
v -0.087495 -0.032448 1.383099
v -0.085909 -0.022593 1.394303
v -0.086999 -0.034366 1.378651
v -0.086411 -0.036390 1.374260
v -0.085715 -0.038522 1.369916
v -0.084945 -0.040748 1.365601
v -0.083987 -0.033795 1.370407
v -0.084146 -0.043048 1.361313
v -0.083319 -0.045401 1.357050
v -0.082455 -0.047815 1.352782
v -0.081559 -0.050248 1.348571
v -0.081235 -0.044387 1.352486
v -0.080623 -0.052714 1.344383
v -0.079635 -0.055211 1.340222
v -0.078581 -0.057740 1.336097
v -0.077440 -0.060301 1.332017
v -0.077741 -0.056160 1.334829
v -0.076157 -0.062905 1.328020
v -0.074695 -0.065583 1.324150
v -0.073056 -0.068354 1.320394
v -0.074328 -0.064589 1.323517
v -0.071300 -0.071195 1.316716
v -0.071120 -0.070722 1.316403
v -0.069518 -0.074064 1.313055
v -0.069436 -0.073831 1.312898
v -0.067781 -0.076944 1.309383
v -0.067769 -0.076908 1.309358
v -0.039940 0.004477 1.634483
v -0.044256 0.005514 1.632231
v -0.047592 0.006504 1.628557
v -0.051472 0.006738 1.624838
v -0.055083 0.006550 1.621096
v -0.058496 0.006261 1.617400
v -0.061810 0.006050 1.613772
v -0.065142 0.006002 1.610259
v -0.068607 0.006027 1.606769
v -0.072080 0.006083 1.603241
v -0.075433 0.006150 1.599564
v -0.078560 0.006207 1.595660
v -0.081404 0.006248 1.591543
v -0.084029 0.006281 1.587312
v -0.086509 0.006308 1.582991
v -0.088849 0.006329 1.578592
v -0.091049 0.006347 1.574118
v -0.093083 0.006366 1.569563
v -0.094940 0.006384 1.564929
v -0.096579 0.006401 1.560207
v -0.097937 0.006419 1.555407
v -0.098978 0.006449 1.550531
v -0.099722 0.006490 1.545596
v -0.100220 0.006534 1.540623
v -0.100526 0.006571 1.535630
v -0.100683 0.006593 1.530658
v -0.100764 0.006589 1.525651
v -0.100816 0.006552 1.520637
v -0.100797 0.006521 1.515673
v -0.100637 0.006521 1.510733
v -0.100363 0.006521 1.505750
v -0.100006 0.006484 1.500724
v -0.099598 0.006376 1.495663
v -0.099165 0.006161 1.490572
v -0.098738 0.005808 1.485457
v -0.098338 0.005301 1.480335
v -0.097948 0.004657 1.475271
v -0.097539 0.003909 1.470255
v -0.097109 0.003068 1.465275
v -0.096665 0.002144 1.460321
v -0.096208 0.001145 1.455388
v -0.095744 0.000074 1.450477
v -0.095274 -0.001053 1.445654
v -0.094803 -0.002266 1.440778
v -0.094332 -0.003555 1.435919
v -0.093867 -0.004918 1.431073
v -0.093438 -0.006389 1.426231
v -0.093018 -0.007978 1.421405
v -0.092600 -0.009673 1.416623
v -0.092180 -0.011464 1.411893
v -0.091752 -0.013337 1.407212
v -0.091310 -0.015271 1.402578
v -0.090851 -0.017243 1.397989
v -0.090392 -0.019242 1.393430
v -0.089948 -0.021294 1.388862
v -0.089497 -0.023423 1.384297
v -0.089005 -0.025645 1.379760
v -0.088439 -0.027971 1.375274
v -0.087784 -0.030396 1.370856
v -0.087049 -0.032917 1.366525
v -0.086280 -0.035530 1.362286
v -0.085466 -0.038213 1.358116
v -0.084608 -0.040951 1.354001
v -0.083711 -0.043719 1.349962
v -0.082756 -0.046550 1.345937
v -0.081746 -0.049416 1.341956
v -0.080672 -0.052316 1.338019
v -0.079519 -0.055250 1.334128
v -0.078267 -0.058216 1.330292
v -0.076865 -0.061233 1.326535
v -0.075270 -0.064323 1.322904
v -0.073496 -0.067467 1.319429
v -0.071602 -0.070632 1.316067
v -0.069678 -0.073791 1.312737
v -0.067808 -0.076902 1.309335
v -0.039940 0.004477 1.634483
v -0.041030 0.002235 1.635712
v -0.044256 0.005514 1.632231
v -0.047592 0.006504 1.628557
v -0.051472 0.006738 1.624838
v -0.055083 0.006550 1.621096
v -0.047927 0.003964 1.631342
v -0.058496 0.006261 1.617400
v -0.061810 0.006050 1.613772
v -0.065142 0.006002 1.610259
v -0.068607 0.006027 1.606769
v -0.064789 0.002235 1.614477
v -0.072080 0.006083 1.603241
v -0.075433 0.006150 1.599564
v -0.078560 0.006207 1.595660
v -0.081404 0.006248 1.591543
v -0.084029 0.006281 1.587312
v -0.086509 0.006308 1.582991
v -0.088849 0.006329 1.578592
v -0.091049 0.006347 1.574118
v -0.084517 0.001344 1.594127
v -0.093083 0.006366 1.569563
v -0.094940 0.006384 1.564929
v -0.096579 0.006401 1.560207
v -0.097937 0.006419 1.555407
v -0.098978 0.006449 1.550531
v -0.099722 0.006490 1.545596
v -0.100220 0.006534 1.540623
v -0.100526 0.006571 1.535630
v -0.102960 0.000602 1.554769
v -0.100683 0.006593 1.530658
v -0.100764 0.006589 1.525651
v -0.100816 0.006552 1.520637
v -0.100797 0.006521 1.515673
v -0.100637 0.006521 1.510733
v -0.100363 0.006521 1.505750
v -0.100006 0.006484 1.500724
v -0.099598 0.006376 1.495663
v -0.105373 0.000142 1.512475
v -0.099165 0.006161 1.490572
v -0.098738 0.005808 1.485457
v -0.098338 0.005301 1.480335
v -0.097948 0.004657 1.475271
v -0.097539 0.003909 1.470255
v -0.097109 0.003068 1.465275
v -0.096665 0.002144 1.460321
v -0.096208 0.001145 1.455388
v -0.102546 -0.001607 1.477586
v -0.095744 0.000074 1.450477
v -0.095274 -0.001053 1.445654
v -0.094803 -0.002266 1.440778
v -0.094332 -0.003555 1.435919
v -0.093867 -0.004918 1.431073
v -0.093438 -0.006389 1.426231
v -0.093018 -0.007978 1.421405
v -0.092600 -0.009673 1.416623
v -0.097868 -0.010600 1.433238
v -0.092180 -0.011464 1.411893
v -0.091752 -0.013337 1.407212
v -0.091310 -0.015271 1.402578
v -0.090851 -0.017243 1.397989
v -0.090392 -0.019242 1.393430
v -0.089948 -0.021294 1.388862
v -0.089497 -0.023423 1.384297
v -0.089005 -0.025645 1.379760
v -0.093326 -0.023486 1.395831
v -0.088439 -0.027971 1.375274
v -0.087784 -0.030396 1.370856
v -0.087049 -0.032917 1.366525
v -0.086280 -0.035530 1.362286
v -0.089747 -0.034768 1.371075
v -0.085466 -0.038213 1.358116
v -0.084608 -0.040951 1.354001
v -0.083711 -0.043719 1.349962
v -0.082756 -0.046550 1.345937
v -0.085841 -0.044777 1.353918
v -0.081746 -0.049416 1.341956
v -0.080672 -0.052316 1.338019
v -0.079519 -0.055250 1.334128
v -0.078267 -0.058216 1.330292
v -0.080513 -0.056762 1.335365
v -0.076865 -0.061233 1.326535
v -0.075270 -0.064323 1.322904
v -0.073496 -0.067467 1.319429
v -0.075860 -0.065083 1.323724
v -0.071602 -0.070632 1.316067
v -0.071782 -0.071105 1.316381
v -0.069678 -0.073791 1.312737
v -0.069760 -0.074024 1.312894
v -0.067808 -0.076902 1.309335
v -0.067819 -0.076938 1.309359
v -0.040403 0.000302 1.633816
v -0.044748 0.000958 1.631478
v -0.047940 0.001509 1.627821
v -0.051151 0.001255 1.624571
v -0.054376 0.000642 1.621135
v -0.057655 -0.000091 1.617541
v -0.061008 -0.000766 1.613839
v -0.064473 -0.001271 1.610112
v -0.067971 -0.001670 1.606508
v -0.071434 -0.002009 1.602910
v -0.074745 -0.002307 1.599209
v -0.077802 -0.002583 1.595331
v -0.080587 -0.002845 1.591256
v -0.083192 -0.003087 1.587031
v -0.085655 -0.003305 1.582721
v -0.087979 -0.003502 1.578337
v -0.090163 -0.003685 1.573884
v -0.092181 -0.003861 1.569357
v -0.094022 -0.004029 1.564760
v -0.095643 -0.004191 1.560087
v -0.096988 -0.004345 1.555318
v -0.098012 -0.004480 1.550466
v -0.098738 -0.004596 1.545565
v -0.099217 -0.004701 1.540638
v -0.099502 -0.004805 1.535701
v -0.099656 -0.004918 1.530730
v -0.099718 -0.005046 1.525792
v -0.099754 -0.005200 1.520860
v -0.099704 -0.005338 1.515878
v -0.099516 -0.005436 1.510878
v -0.099199 -0.005521 1.505931
v -0.098788 -0.005628 1.501040
v -0.098321 -0.005789 1.496196
v -0.097831 -0.006035 1.491392
v -0.097350 -0.006392 1.486628
v -0.096898 -0.006873 1.481889
v -0.096459 -0.007474 1.477119
v -0.096007 -0.008162 1.472329
v -0.095545 -0.008923 1.467532
v -0.095077 -0.009740 1.462735
v -0.094605 -0.010608 1.457940
v -0.094132 -0.011522 1.453149
v -0.093660 -0.012495 1.448294
v -0.093193 -0.013500 1.443517
v -0.092734 -0.014553 1.438753
v -0.092286 -0.015657 1.434006
v -0.091826 -0.016823 1.429297
v -0.091373 -0.018075 1.424629
v -0.090928 -0.019417 1.419978
v -0.090488 -0.020846 1.415336
v -0.090046 -0.022354 1.410702
v -0.089596 -0.023925 1.406069
v -0.089142 -0.025544 1.401426
v -0.088710 -0.027200 1.396777
v -0.088315 -0.028889 1.392165
v -0.087922 -0.030629 1.387605
v -0.087495 -0.032448 1.383099
v -0.086999 -0.034366 1.378651
v -0.086411 -0.036390 1.374260
v -0.085715 -0.038522 1.369916
v -0.084945 -0.040748 1.365601
v -0.084146 -0.043048 1.361313
v -0.083319 -0.045401 1.357050
v -0.082455 -0.047815 1.352782
v -0.081559 -0.050248 1.348571
v -0.080623 -0.052714 1.344383
v -0.079635 -0.055211 1.340222
v -0.078581 -0.057740 1.336097
v -0.077440 -0.060301 1.332017
v -0.076157 -0.062905 1.328020
v -0.074695 -0.065583 1.324150
v -0.073056 -0.068354 1.320394
v -0.071300 -0.071195 1.316716
v -0.069518 -0.074064 1.313055
v -0.067781 -0.076944 1.309383
v -0.040403 0.000302 1.633816
v -0.039940 0.004477 1.634483
v -0.039313 0.002544 1.632587
v -0.041030 0.002235 1.635712
v -0.067781 -0.076944 1.309383
v -0.067769 -0.076908 1.309358
v -0.067808 -0.076902 1.309335
v -0.067819 -0.076938 1.309359
v 0.001112 -0.018671 1.636819
v 0.000274 -0.015894 1.635328
v -0.003489 -0.020541 1.636226
v -0.008096 -0.022347 1.635355
v -0.012657 -0.024067 1.634178
v -0.017125 -0.025671 1.632622
v -0.021435 -0.027143 1.630655
v -0.025515 -0.028483 1.628281
v -0.029334 -0.029718 1.625562
v -0.032911 -0.030906 1.622570
v -0.020759 -0.022295 1.631079
v -0.036317 -0.032127 1.619409
v -0.039646 -0.033461 1.616183
v -0.042917 -0.034941 1.612991
v -0.046008 -0.036532 1.609879
v -0.048946 -0.038218 1.606601
v -0.051727 -0.039966 1.603147
v -0.054365 -0.041734 1.599549
v -0.056871 -0.043493 1.595816
v -0.052694 -0.031879 1.605213
v -0.059251 -0.045220 1.591951
v -0.061561 -0.046925 1.587860
v -0.063685 -0.048492 1.583753
v -0.065698 -0.049934 1.579519
v -0.067602 -0.051215 1.575157
v -0.069381 -0.052266 1.570661
v -0.071015 -0.053099 1.566110
v -0.072467 -0.053709 1.561521
v -0.072136 -0.044539 1.575272
v -0.073736 -0.054113 1.556856
v -0.074841 -0.054354 1.552145
v -0.075794 -0.054469 1.547402
v -0.076609 -0.054492 1.542637
v -0.077298 -0.054454 1.537858
v -0.077874 -0.054385 1.533070
v -0.078344 -0.054314 1.528277
v -0.078717 -0.054273 1.523480
v -0.081968 -0.047204 1.544193
v -0.079001 -0.054295 1.518684
v -0.079178 -0.054386 1.513977
v -0.079188 -0.054494 1.509321
v -0.079014 -0.054623 1.504614
v -0.078687 -0.054774 1.499860
v -0.078241 -0.054946 1.495061
v -0.077706 -0.055139 1.490215
v -0.077114 -0.055351 1.485322
v -0.085786 -0.047870 1.501602
v -0.076500 -0.055580 1.480377
v -0.075897 -0.055825 1.475377
v -0.075336 -0.056083 1.470316
v -0.074859 -0.056352 1.465182
v -0.074512 -0.056593 1.460203
v -0.074267 -0.056915 1.455079
v -0.074078 -0.057197 1.450036
v -0.073927 -0.057454 1.445009
v -0.081948 -0.050389 1.466192
v -0.073806 -0.057701 1.439997
v -0.073704 -0.057952 1.435002
v -0.073611 -0.058224 1.430023
v -0.073516 -0.058530 1.425063
v -0.073412 -0.058884 1.420119
v -0.073286 -0.059299 1.415193
v -0.073131 -0.059786 1.410285
v -0.072935 -0.060315 1.405394
v -0.079292 -0.054230 1.417560
v -0.072684 -0.060854 1.400493
v -0.072394 -0.061513 1.395589
v -0.072073 -0.062267 1.390683
v -0.071729 -0.063093 1.385777
v -0.071370 -0.063967 1.380866
v -0.071005 -0.064865 1.375964
v -0.070646 -0.065765 1.371053
v -0.070313 -0.066647 1.366131
v -0.076920 -0.059719 1.386243
v -0.070015 -0.067490 1.361195
v -0.069762 -0.068274 1.356243
v -0.069564 -0.068972 1.351273
v -0.069416 -0.069606 1.346297
v -0.073522 -0.067101 1.353680
v -0.069315 -0.070176 1.341318
v -0.069255 -0.070680 1.336334
v -0.069230 -0.071129 1.331346
v -0.069231 -0.071535 1.326356
v -0.072080 -0.069873 1.335219
v -0.069252 -0.071908 1.321365
v -0.069285 -0.072262 1.316373
v -0.071109 -0.071493 1.319739
v -0.069322 -0.072608 1.311382
v -0.069355 -0.072956 1.306391
v -0.070521 -0.072406 1.309773
v -0.069378 -0.073320 1.301401
v -0.070012 -0.073170 1.301360
v -0.069382 -0.073710 1.296414
v -0.069696 -0.073640 1.296392
v -0.069322 -0.074119 1.291431
v -0.069373 -0.074108 1.291427
v -0.000756 -0.013578 1.637380
v -0.005526 -0.015040 1.637030
v -0.010278 -0.016411 1.636454
v -0.015024 -0.017702 1.635621
v -0.019743 -0.018905 1.634454
v -0.024406 -0.020027 1.632899
v -0.028979 -0.021089 1.630920
v -0.033428 -0.022131 1.628534
v -0.037712 -0.023198 1.625800
v -0.041831 -0.024348 1.622835
v -0.045813 -0.025633 1.619779
v -0.049720 -0.027088 1.616676
v -0.053585 -0.028752 1.613405
v -0.057201 -0.030533 1.609991
v -0.060568 -0.032387 1.606444
v -0.063727 -0.034280 1.602776
v -0.066695 -0.036178 1.598996
v -0.069495 -0.038049 1.595113
v -0.072083 -0.039823 1.591223
v -0.074593 -0.041553 1.587116
v -0.076966 -0.043164 1.582911
v -0.079206 -0.044623 1.578606
v -0.081307 -0.045867 1.574188
v -0.083269 -0.046882 1.569610
v -0.085056 -0.047648 1.564855
v -0.086641 -0.048195 1.559998
v -0.088047 -0.048574 1.555062
v -0.089288 -0.048828 1.550068
v -0.090377 -0.048995 1.545028
v -0.091327 -0.049112 1.539953
v -0.092148 -0.049214 1.534850
v -0.092849 -0.049335 1.529723
v -0.093438 -0.049509 1.524577
v -0.093920 -0.049774 1.519418
v -0.094284 -0.050161 1.514162
v -0.094456 -0.050646 1.508848
v -0.094392 -0.051130 1.503588
v -0.094134 -0.051610 1.498389
v -0.093724 -0.052082 1.493256
v -0.093200 -0.052545 1.488189
v -0.092597 -0.052998 1.483186
v -0.091948 -0.053441 1.478244
v -0.091286 -0.053874 1.473358
v -0.090646 -0.054299 1.468524
v -0.090059 -0.054713 1.463749
v -0.089543 -0.055157 1.458798
v -0.089103 -0.055478 1.453976
v -0.088677 -0.055780 1.449065
v -0.088262 -0.056069 1.444133
v -0.087850 -0.056359 1.439184
v -0.087434 -0.056662 1.434217
v -0.087002 -0.056988 1.429237
v -0.086550 -0.057353 1.424245
v -0.086068 -0.057767 1.419246
v -0.085548 -0.058242 1.414243
v -0.084983 -0.058791 1.409241
v -0.084371 -0.059472 1.404249
v -0.083711 -0.060363 1.399305
v -0.083000 -0.061342 1.394405
v -0.082252 -0.062385 1.389542
v -0.081479 -0.063469 1.384705
v -0.080692 -0.064573 1.379891
v -0.079903 -0.065679 1.375074
v -0.079117 -0.066762 1.370260
v -0.078335 -0.067801 1.365443
v -0.077564 -0.068776 1.360615
v -0.076814 -0.069664 1.355768
v -0.076099 -0.070437 1.350900
v -0.075423 -0.071078 1.346003
v -0.074789 -0.071584 1.341077
v -0.074183 -0.072009 1.336136
v -0.073601 -0.072363 1.331185
v -0.073039 -0.072658 1.326225
v -0.072493 -0.072907 1.321259
v -0.071960 -0.073122 1.316289
v -0.071437 -0.073316 1.311317
v -0.070919 -0.073502 1.306344
v -0.070404 -0.073692 1.301371
v -0.069886 -0.073900 1.296399
v -0.069405 -0.074151 1.291428
v -0.000756 -0.013578 1.637380
v 0.000081 -0.016355 1.638872
v -0.005526 -0.015040 1.637030
v -0.010278 -0.016411 1.636454
v -0.015024 -0.017702 1.635621
v -0.019743 -0.018905 1.634454
v -0.012833 -0.021071 1.637567
v -0.024406 -0.020027 1.632899
v -0.028979 -0.021089 1.630920
v -0.033428 -0.022131 1.628534
v -0.037712 -0.023198 1.625800
v -0.041831 -0.024348 1.622835
v -0.045813 -0.025633 1.619779
v -0.049720 -0.027088 1.616676
v -0.053585 -0.028752 1.613405
v -0.033514 -0.027412 1.629335
v -0.057201 -0.030533 1.609991
v -0.060568 -0.032387 1.606444
v -0.063727 -0.034280 1.602776
v -0.066695 -0.036178 1.598996
v -0.069495 -0.038049 1.595113
v -0.072083 -0.039823 1.591223
v -0.074593 -0.041553 1.587116
v -0.076966 -0.043164 1.582911
v -0.065253 -0.044159 1.597822
v -0.079206 -0.044623 1.578606
v -0.081307 -0.045867 1.574188
v -0.083269 -0.046882 1.569610
v -0.085056 -0.047648 1.564855
v -0.086641 -0.048195 1.559998
v -0.088047 -0.048574 1.555062
v -0.089288 -0.048828 1.550068
v -0.090377 -0.048995 1.545028
v -0.080927 -0.055381 1.564492
v -0.091327 -0.049112 1.539953
v -0.092148 -0.049214 1.534850
v -0.092849 -0.049335 1.529723
v -0.093438 -0.049509 1.524577
v -0.093920 -0.049774 1.519418
v -0.094284 -0.050161 1.514162
v -0.094456 -0.050646 1.508848
v -0.094392 -0.051130 1.503588
v -0.088156 -0.056776 1.521691
v -0.094134 -0.051610 1.498389
v -0.093724 -0.052082 1.493256
v -0.093200 -0.052545 1.488189
v -0.092597 -0.052998 1.483186
v -0.091948 -0.053441 1.478244
v -0.091286 -0.053874 1.473358
v -0.090646 -0.054299 1.468524
v -0.090059 -0.054713 1.463749
v -0.086235 -0.058960 1.489890
v -0.089543 -0.055157 1.458798
v -0.089103 -0.055478 1.453976
v -0.088677 -0.055780 1.449065
v -0.088262 -0.056069 1.444133
v -0.087850 -0.056359 1.439184
v -0.087434 -0.056662 1.434217
v -0.087002 -0.056988 1.429237
v -0.086550 -0.057353 1.424245
v -0.081825 -0.061250 1.449867
v -0.086068 -0.057767 1.419246
v -0.085548 -0.058242 1.414243
v -0.084983 -0.058791 1.409241
v -0.084371 -0.059472 1.404249
v -0.083711 -0.060363 1.399305
v -0.083000 -0.061342 1.394405
v -0.082252 -0.062385 1.389542
v -0.081479 -0.063469 1.384705
v -0.078758 -0.063681 1.403212
v -0.080692 -0.064573 1.379891
v -0.079903 -0.065679 1.375074
v -0.079117 -0.066762 1.370260
v -0.078335 -0.067801 1.365443
v -0.074971 -0.068531 1.374038
v -0.077564 -0.068776 1.360615
v -0.076814 -0.069664 1.355768
v -0.076099 -0.070437 1.350900
v -0.075423 -0.071078 1.346003
v -0.072566 -0.071658 1.353628
v -0.074789 -0.071584 1.341077
v -0.074183 -0.072009 1.336136
v -0.073601 -0.072363 1.331185
v -0.073039 -0.072658 1.326225
v -0.071195 -0.073056 1.335123
v -0.072493 -0.072907 1.321259
v -0.071960 -0.073122 1.316289
v -0.070465 -0.073512 1.319477
v -0.071437 -0.073316 1.311317
v -0.070919 -0.073502 1.306344
v -0.070022 -0.073713 1.308015
v -0.070404 -0.073692 1.301371
v -0.069770 -0.073842 1.301412
v -0.069886 -0.073900 1.296399
v -0.069572 -0.073970 1.296421
v -0.069405 -0.074151 1.291428
v -0.069353 -0.074162 1.291432
v 0.001112 -0.018671 1.636819
v -0.003489 -0.020541 1.636226
v -0.008096 -0.022347 1.635355
v -0.012657 -0.024067 1.634178
v -0.017125 -0.025671 1.632622
v -0.021435 -0.027143 1.630655
v -0.025515 -0.028483 1.628281
v -0.029334 -0.029718 1.625562
v -0.032911 -0.030906 1.622570
v -0.036317 -0.032127 1.619409
v -0.039646 -0.033461 1.616183
v -0.042917 -0.034941 1.612991
v -0.046008 -0.036532 1.609879
v -0.048946 -0.038218 1.606601
v -0.051727 -0.039966 1.603147
v -0.054365 -0.041734 1.599549
v -0.056871 -0.043493 1.595816
v -0.059251 -0.045220 1.591951
v -0.061561 -0.046925 1.587860
v -0.063685 -0.048492 1.583753
v -0.065698 -0.049934 1.579519
v -0.067602 -0.051215 1.575157
v -0.069381 -0.052266 1.570661
v -0.071015 -0.053099 1.566110
v -0.072467 -0.053709 1.561521
v -0.073736 -0.054113 1.556856
v -0.074841 -0.054354 1.552145
v -0.075794 -0.054469 1.547402
v -0.076609 -0.054492 1.542637
v -0.077298 -0.054454 1.537858
v -0.077874 -0.054385 1.533070
v -0.078344 -0.054314 1.528277
v -0.078717 -0.054273 1.523480
v -0.079001 -0.054295 1.518684
v -0.079178 -0.054386 1.513977
v -0.079188 -0.054494 1.509321
v -0.079014 -0.054623 1.504614
v -0.078687 -0.054774 1.499860
v -0.078241 -0.054946 1.495061
v -0.077706 -0.055139 1.490215
v -0.077114 -0.055351 1.485322
v -0.076500 -0.055580 1.480377
v -0.075897 -0.055825 1.475377
v -0.075336 -0.056083 1.470316
v -0.074859 -0.056352 1.465182
v -0.074512 -0.056593 1.460203
v -0.074267 -0.056915 1.455079
v -0.074078 -0.057197 1.450036
v -0.073927 -0.057454 1.445009
v -0.073806 -0.057701 1.439997
v -0.073704 -0.057952 1.435002
v -0.073611 -0.058224 1.430023
v -0.073516 -0.058530 1.425063
v -0.073412 -0.058884 1.420119
v -0.073286 -0.059299 1.415193
v -0.073131 -0.059786 1.410285
v -0.072935 -0.060315 1.405394
v -0.072684 -0.060854 1.400493
v -0.072394 -0.061513 1.395589
v -0.072073 -0.062267 1.390683
v -0.071729 -0.063093 1.385777
v -0.071370 -0.063967 1.380866
v -0.071005 -0.064865 1.375964
v -0.070646 -0.065765 1.371053
v -0.070313 -0.066647 1.366131
v -0.070015 -0.067490 1.361195
v -0.069762 -0.068274 1.356243
v -0.069564 -0.068972 1.351273
v -0.069416 -0.069606 1.346297
v -0.069315 -0.070176 1.341318
v -0.069255 -0.070680 1.336334
v -0.069230 -0.071129 1.331346
v -0.069231 -0.071535 1.326356
v -0.069252 -0.071908 1.321365
v -0.069285 -0.072262 1.316373
v -0.069322 -0.072608 1.311382
v -0.069355 -0.072956 1.306391
v -0.069378 -0.073320 1.301401
v -0.069382 -0.073710 1.296414
v -0.069322 -0.074119 1.291431
v 0.001112 -0.018671 1.636819
v -0.000756 -0.013578 1.637380
v 0.000274 -0.015894 1.635328
v 0.000081 -0.016355 1.638872
v -0.069322 -0.074119 1.291431
v -0.069373 -0.074108 1.291427
v -0.069405 -0.074151 1.291428
v -0.069353 -0.074162 1.291432
v 0.002465 0.002970 1.637002
v 0.000598 -0.001113 1.635501
v 0.007363 0.001718 1.637486
v 0.012404 0.000625 1.637853
v 0.017584 -0.000296 1.638053
v 0.022868 -0.001128 1.638013
v 0.028132 -0.002023 1.637633
v 0.033200 -0.003049 1.636877
v 0.037959 -0.004158 1.635870
v 0.042473 -0.005285 1.634577
v 0.019210 -0.009979 1.633954
v 0.046990 -0.006446 1.632561
v 0.051278 -0.007539 1.629949
v 0.055336 -0.008582 1.626963
v 0.059213 -0.009623 1.623752
v 0.062978 -0.010713 1.620450
v 0.066617 -0.011804 1.616985
v 0.070073 -0.012808 1.613199
v 0.073291 -0.013746 1.609259
v 0.076268 -0.014599 1.605221
v 0.078964 -0.015312 1.601091
v 0.081505 -0.015955 1.596938
v 0.084225 -0.016718 1.592868
v 0.086792 -0.017372 1.588615
v 0.089173 -0.017909 1.584180
v 0.091329 -0.018323 1.579584
v 0.093193 -0.018590 1.574909
v 0.065519 -0.027634 1.594998
v 0.094777 -0.018695 1.570137
v 0.096187 -0.018709 1.565300
v 0.097464 -0.018659 1.560409
v 0.098626 -0.018563 1.555468
v 0.099683 -0.018432 1.550467
v 0.100612 -0.018276 1.545502
v 0.101359 -0.018046 1.540592
v 0.101927 -0.017711 1.535637
v 0.102347 -0.017326 1.530457
v 0.102608 -0.016955 1.525061
v 0.102743 -0.016671 1.519545
v 0.102760 -0.016461 1.514213
v 0.102634 -0.016270 1.508962
v 0.102397 -0.016108 1.503691
v 0.102076 -0.016006 1.498393
v 0.101692 -0.015998 1.493042
v 0.086446 -0.029546 1.533789
v 0.101263 -0.016130 1.487601
v 0.100781 -0.016455 1.482011
v 0.100220 -0.016975 1.476410
v 0.099578 -0.017654 1.470965
v 0.098877 -0.018457 1.465717
v 0.098141 -0.019338 1.460677
v 0.097379 -0.020288 1.455729
v 0.096562 -0.021346 1.450656
v 0.082228 -0.027701 1.471001
v 0.095680 -0.022509 1.445614
v 0.094752 -0.023787 1.440635
v 0.093796 -0.025190 1.435732
v 0.092830 -0.026731 1.430894
v 0.091897 -0.028461 1.426093
v 0.090943 -0.030317 1.421383
v 0.089951 -0.032232 1.416834
v 0.088898 -0.034249 1.412235
v 0.076596 -0.034288 1.429987
v 0.087807 -0.036321 1.407687
v 0.086689 -0.038437 1.403180
v 0.085563 -0.040589 1.398705
v 0.084454 -0.042798 1.394249
v 0.083371 -0.045071 1.389804
v 0.082323 -0.047374 1.385405
v 0.081309 -0.049675 1.381033
v 0.080327 -0.051944 1.376665
v 0.073131 -0.045036 1.394119
v 0.079377 -0.054172 1.372294
v 0.078445 -0.056376 1.367929
v 0.077495 -0.058578 1.363529
v 0.076502 -0.060777 1.359100
v 0.075443 -0.062979 1.354652
v 0.074310 -0.065179 1.350229
v 0.073110 -0.067373 1.345852
v 0.071849 -0.069551 1.341483
v 0.069846 -0.059800 1.356444
v 0.070527 -0.071688 1.337111
v 0.069150 -0.073753 1.332726
v 0.067736 -0.075734 1.328335
v 0.066288 -0.077669 1.323944
v 0.066092 -0.071363 1.331105
v 0.064823 -0.079543 1.319535
v 0.063353 -0.081345 1.315095
v 0.061865 -0.083067 1.310624
v 0.060372 -0.084678 1.306126
v 0.061342 -0.080827 1.310900
v 0.058867 -0.086212 1.301623
v 0.057328 -0.087745 1.297133
v 0.058376 -0.085566 1.299987
v 0.055737 -0.089283 1.292664
v 0.055746 -0.088892 1.292493
v 0.054247 -0.091014 1.288245
v 0.054263 -0.090791 1.288143
v -0.001434 -0.004888 1.637509
v 0.002567 -0.008000 1.637825
v 0.006412 -0.011348 1.637895
v 0.010089 -0.014944 1.637605
v 0.013595 -0.018678 1.636829
v 0.016994 -0.022317 1.635456
v 0.020411 -0.025659 1.633466
v 0.023997 -0.028647 1.630966
v 0.027751 -0.031296 1.628232
v 0.031221 -0.033490 1.625409
v 0.034480 -0.035323 1.622268
v 0.037566 -0.036880 1.618855
v 0.040547 -0.038251 1.615283
v 0.043502 -0.039535 1.611652
v 0.046571 -0.040912 1.608203
v 0.049777 -0.042469 1.605066
v 0.053041 -0.044062 1.601906
v 0.056305 -0.045616 1.598589
v 0.059545 -0.047083 1.595050
v 0.062586 -0.048320 1.591194
v 0.065104 -0.049143 1.586966
v 0.067412 -0.049809 1.582656
v 0.069488 -0.050323 1.578267
v 0.071332 -0.050696 1.573796
v 0.073009 -0.050965 1.569198
v 0.074515 -0.051123 1.564523
v 0.075837 -0.051166 1.559800
v 0.077015 -0.051126 1.555055
v 0.078069 -0.051022 1.550305
v 0.079010 -0.050872 1.545569
v 0.079871 -0.050692 1.540758
v 0.080663 -0.050471 1.535855
v 0.081306 -0.050156 1.530961
v 0.081733 -0.049790 1.526263
v 0.081955 -0.049428 1.521755
v 0.081995 -0.049091 1.517349
v 0.081818 -0.048696 1.512759
v 0.081475 -0.048263 1.508098
v 0.081023 -0.047826 1.503467
v 0.080491 -0.047415 1.498872
v 0.079909 -0.047057 1.494333
v 0.079302 -0.046789 1.489886
v 0.078687 -0.046643 1.485597
v 0.078042 -0.046626 1.481342
v 0.077338 -0.046729 1.476967
v 0.076586 -0.046934 1.472430
v 0.075802 -0.047210 1.467712
v 0.075009 -0.047497 1.462917
v 0.074218 -0.047736 1.458264
v 0.073408 -0.047980 1.453608
v 0.072603 -0.048252 1.448920
v 0.071828 -0.048570 1.444183
v 0.071101 -0.048929 1.439409
v 0.070389 -0.049279 1.434627
v 0.069708 -0.049651 1.429785
v 0.069075 -0.050091 1.424810
v 0.068520 -0.050536 1.419911
v 0.068022 -0.051022 1.414982
v 0.067577 -0.051559 1.410034
v 0.067175 -0.052163 1.405078
v 0.066805 -0.052848 1.400137
v 0.066463 -0.053650 1.395234
v 0.066132 -0.054586 1.390334
v 0.065800 -0.055627 1.385438
v 0.065452 -0.056735 1.380549
v 0.065081 -0.057862 1.375652
v 0.064732 -0.059009 1.370743
v 0.064431 -0.060184 1.365875
v 0.064157 -0.061410 1.361055
v 0.063882 -0.062701 1.356289
v 0.063587 -0.064078 1.351544
v 0.063266 -0.065564 1.346810
v 0.062929 -0.067145 1.342113
v 0.062562 -0.068806 1.337452
v 0.062149 -0.070545 1.332825
v 0.061668 -0.072386 1.328234
v 0.061127 -0.074303 1.323676
v 0.060539 -0.076272 1.319147
v 0.059912 -0.078261 1.314637
v 0.059279 -0.080217 1.310116
v 0.058608 -0.082164 1.305585
v 0.057782 -0.084195 1.301102
v 0.056709 -0.086353 1.296736
v 0.055471 -0.088570 1.292444
v 0.054112 -0.090599 1.288110
v -0.001434 -0.004888 1.637509
v 0.000433 -0.000805 1.639010
v 0.002567 -0.008000 1.637825
v 0.006412 -0.011348 1.637895
v 0.010089 -0.014944 1.637605
v 0.013595 -0.018678 1.636829
v 0.016994 -0.022317 1.635456
v 0.020411 -0.025659 1.633466
v 0.023997 -0.028647 1.630966
v 0.027751 -0.031296 1.628232
v 0.023748 -0.013330 1.642026
v 0.031221 -0.033490 1.625409
v 0.034480 -0.035323 1.622268
v 0.037566 -0.036880 1.618855
v 0.040547 -0.038251 1.615283
v 0.043502 -0.039535 1.611652
v 0.046571 -0.040912 1.608203
v 0.049777 -0.042469 1.605066
v 0.053041 -0.044062 1.601906
v 0.056305 -0.045616 1.598589
v 0.059545 -0.047083 1.595050
v 0.062586 -0.048320 1.591194
v 0.065104 -0.049143 1.586966
v 0.067412 -0.049809 1.582656
v 0.069488 -0.050323 1.578267
v 0.071332 -0.050696 1.573796
v 0.073009 -0.050965 1.569198
v 0.072996 -0.034855 1.607627
v 0.074515 -0.051123 1.564523
v 0.075837 -0.051166 1.559800
v 0.077015 -0.051126 1.555055
v 0.078069 -0.051022 1.550305
v 0.079010 -0.050872 1.545569
v 0.079871 -0.050692 1.540758
v 0.080663 -0.050471 1.535855
v 0.081306 -0.050156 1.530961
v 0.095671 -0.039138 1.551693
v 0.081733 -0.049790 1.526263
v 0.081955 -0.049428 1.521755
v 0.081995 -0.049091 1.517349
v 0.081818 -0.048696 1.512759
v 0.081475 -0.048263 1.508098
v 0.081023 -0.047826 1.503467
v 0.080491 -0.047415 1.498872
v 0.079909 -0.047057 1.494333
v 0.099000 -0.036890 1.514412
v 0.079302 -0.046789 1.489886
v 0.078687 -0.046643 1.485597
v 0.078042 -0.046626 1.481342
v 0.077338 -0.046729 1.476967
v 0.076586 -0.046934 1.472430
v 0.075802 -0.047210 1.467712
v 0.075009 -0.047497 1.462917
v 0.074218 -0.047736 1.458264
v 0.073408 -0.047980 1.453608
v 0.072603 -0.048252 1.448920
v 0.071828 -0.048570 1.444183
v 0.071101 -0.048929 1.439409
v 0.070389 -0.049279 1.434627
v 0.069708 -0.049651 1.429785
v 0.069075 -0.050091 1.424810
v 0.068520 -0.050536 1.419911
v 0.090422 -0.038939 1.451562
v 0.068022 -0.051022 1.414982
v 0.067577 -0.051559 1.410034
v 0.067175 -0.052163 1.405078
v 0.066805 -0.052848 1.400137
v 0.066463 -0.053650 1.395234
v 0.066132 -0.054586 1.390334
v 0.065800 -0.055627 1.385438
v 0.065452 -0.056735 1.380549
v 0.077236 -0.051958 1.395332
v 0.065081 -0.057862 1.375652
v 0.064732 -0.059009 1.370743
v 0.064431 -0.060184 1.365875
v 0.064157 -0.061410 1.361055
v 0.063882 -0.062701 1.356289
v 0.063587 -0.064078 1.351544
v 0.063266 -0.065564 1.346810
v 0.062929 -0.067145 1.342113
v 0.070420 -0.063732 1.359735
v 0.062562 -0.068806 1.337452
v 0.062149 -0.070545 1.332825
v 0.061668 -0.072386 1.328234
v 0.061127 -0.074303 1.323676
v 0.064954 -0.073565 1.332963
v 0.060539 -0.076272 1.319147
v 0.059912 -0.078261 1.314637
v 0.059279 -0.080217 1.310116
v 0.058608 -0.082164 1.305585
v 0.060746 -0.080935 1.313851
v 0.057782 -0.084195 1.301102
v 0.056709 -0.086353 1.296736
v 0.057463 -0.086093 1.299672
v 0.055471 -0.088570 1.292444
v 0.055461 -0.088961 1.292615
v 0.054112 -0.090599 1.288110
v 0.054096 -0.090823 1.288211
v 0.002465 0.002970 1.637002
v 0.007363 0.001718 1.637486
v 0.012404 0.000625 1.637853
v 0.017584 -0.000296 1.638053
v 0.022868 -0.001128 1.638013
v 0.028132 -0.002023 1.637633
v 0.033200 -0.003049 1.636877
v 0.037959 -0.004158 1.635870
v 0.042473 -0.005285 1.634577
v 0.046990 -0.006446 1.632561
v 0.051278 -0.007539 1.629949
v 0.055336 -0.008582 1.626963
v 0.059213 -0.009623 1.623752
v 0.062978 -0.010713 1.620450
v 0.066617 -0.011804 1.616985
v 0.070073 -0.012808 1.613199
v 0.073291 -0.013746 1.609259
v 0.076268 -0.014599 1.605221
v 0.078964 -0.015312 1.601091
v 0.081505 -0.015955 1.596938
v 0.084225 -0.016718 1.592868
v 0.086792 -0.017372 1.588615
v 0.089173 -0.017909 1.584180
v 0.091329 -0.018323 1.579584
v 0.093193 -0.018590 1.574909
v 0.094777 -0.018695 1.570137
v 0.096187 -0.018709 1.565300
v 0.097464 -0.018659 1.560409
v 0.098626 -0.018563 1.555468
v 0.099683 -0.018432 1.550467
v 0.100612 -0.018276 1.545502
v 0.101359 -0.018046 1.540592
v 0.101927 -0.017711 1.535637
v 0.102347 -0.017326 1.530457
v 0.102608 -0.016955 1.525061
v 0.102743 -0.016671 1.519545
v 0.102760 -0.016461 1.514213
v 0.102634 -0.016270 1.508962
v 0.102397 -0.016108 1.503691
v 0.102076 -0.016006 1.498393
v 0.101692 -0.015998 1.493042
v 0.101263 -0.016130 1.487601
v 0.100781 -0.016455 1.482011
v 0.100220 -0.016975 1.476410
v 0.099578 -0.017654 1.470965
v 0.098877 -0.018457 1.465717
v 0.098141 -0.019338 1.460677
v 0.097379 -0.020288 1.455729
v 0.096562 -0.021346 1.450656
v 0.095680 -0.022509 1.445614
v 0.094752 -0.023787 1.440635
v 0.093796 -0.025190 1.435732
v 0.092830 -0.026731 1.430894
v 0.091897 -0.028461 1.426093
v 0.090943 -0.030317 1.421383
v 0.089951 -0.032232 1.416834
v 0.088898 -0.034249 1.412235
v 0.087807 -0.036321 1.407687
v 0.086689 -0.038437 1.403180
v 0.085563 -0.040589 1.398705
v 0.084454 -0.042798 1.394249
v 0.083371 -0.045071 1.389804
v 0.082323 -0.047374 1.385405
v 0.081309 -0.049675 1.381033
v 0.080327 -0.051944 1.376665
v 0.079377 -0.054172 1.372294
v 0.078445 -0.056376 1.367929
v 0.077495 -0.058578 1.363529
v 0.076502 -0.060777 1.359100
v 0.075443 -0.062979 1.354652
v 0.074310 -0.065179 1.350229
v 0.073110 -0.067373 1.345852
v 0.071849 -0.069551 1.341483
v 0.070527 -0.071688 1.337111
v 0.069150 -0.073753 1.332726
v 0.067736 -0.075734 1.328335
v 0.066288 -0.077669 1.323944
v 0.064823 -0.079543 1.319535
v 0.063353 -0.081345 1.315095
v 0.061865 -0.083067 1.310624
v 0.060372 -0.084678 1.306126
v 0.058867 -0.086212 1.301623
v 0.057328 -0.087745 1.297133
v 0.055737 -0.089283 1.292664
v 0.054247 -0.091014 1.288245
v 0.002465 0.002970 1.637002
v -0.001434 -0.004888 1.637509
v 0.000598 -0.001113 1.635501
v 0.000433 -0.000805 1.639010
v 0.054247 -0.091014 1.288245
v 0.054263 -0.090791 1.288143
v 0.054112 -0.090599 1.288110
v 0.054096 -0.090823 1.288211
v 0.043879 -0.020511 1.625565
v 0.041775 -0.021837 1.623907
v 0.047586 -0.022560 1.622965
v 0.051237 -0.024518 1.620229
v 0.054811 -0.026376 1.617316
v 0.058272 -0.028118 1.614182
v 0.061571 -0.029724 1.610781
v 0.064658 -0.031184 1.607085
v 0.067505 -0.032513 1.603118
v 0.070117 -0.033750 1.598954
v 0.056943 -0.030649 1.610208
v 0.072560 -0.034973 1.594701
v 0.074904 -0.036232 1.590436
v 0.077159 -0.037513 1.586065
v 0.079212 -0.038714 1.581563
v 0.081046 -0.039832 1.576962
v 0.082694 -0.040869 1.572281
v 0.084172 -0.041828 1.567536
v 0.085493 -0.042713 1.562737
v 0.074460 -0.039943 1.575605
v 0.086667 -0.043528 1.557894
v 0.087705 -0.044274 1.553016
v 0.088614 -0.044955 1.548108
v 0.089392 -0.045563 1.543243
v 0.090102 -0.046186 1.538291
v 0.090660 -0.046759 1.533266
v 0.091020 -0.047220 1.528204
v 0.091208 -0.047593 1.523129
v 0.082409 -0.045867 1.537889
v 0.091252 -0.047909 1.518053
v 0.091177 -0.048196 1.512985
v 0.091008 -0.048479 1.507933
v 0.090764 -0.048786 1.502903
v 0.090467 -0.049138 1.497898
v 0.090138 -0.049561 1.492926
v 0.089774 -0.050031 1.487973
v 0.089319 -0.050478 1.482932
v 0.082452 -0.046007 1.498112
v 0.088749 -0.050902 1.477903
v 0.088082 -0.051337 1.472909
v 0.087335 -0.051787 1.467950
v 0.086525 -0.052257 1.463027
v 0.085667 -0.052753 1.458137
v 0.084781 -0.053278 1.453279
v 0.083882 -0.053835 1.448449
v 0.082987 -0.054427 1.443644
v 0.079190 -0.047951 1.458495
v 0.082109 -0.055067 1.438854
v 0.081235 -0.055773 1.434027
v 0.080347 -0.056507 1.429199
v 0.079447 -0.057242 1.424375
v 0.078537 -0.057984 1.419556
v 0.077623 -0.058736 1.414743
v 0.076709 -0.059503 1.409937
v 0.075798 -0.060294 1.405137
v 0.075492 -0.052422 1.422503
v 0.074896 -0.061113 1.400344
v 0.073994 -0.061961 1.395560
v 0.073088 -0.062836 1.390787
v 0.072159 -0.063775 1.385990
v 0.072378 -0.058130 1.392848
v 0.071230 -0.064770 1.381253
v 0.070317 -0.065799 1.376513
v 0.069428 -0.066848 1.371763
v 0.068570 -0.067907 1.367000
v 0.070268 -0.062724 1.375859
v 0.067749 -0.068967 1.362222
v 0.066969 -0.070019 1.357430
v 0.067866 -0.067679 1.359882
v 0.066235 -0.071058 1.352622
v 0.065547 -0.072076 1.347801
v 0.066308 -0.070633 1.350254
v 0.064906 -0.073067 1.342968
v 0.065090 -0.072755 1.342863
v 0.064313 -0.074068 1.338135
v 0.064339 -0.074029 1.338122
v 0.041152 -0.024433 1.625251
v 0.044494 -0.026855 1.622483
v 0.047749 -0.029207 1.619545
v 0.050886 -0.031456 1.616411
v 0.053865 -0.033564 1.613054
v 0.056633 -0.035491 1.609451
v 0.059142 -0.037207 1.605604
v 0.061384 -0.038721 1.601548
v 0.063398 -0.040083 1.597330
v 0.065285 -0.041384 1.593018
v 0.067149 -0.042714 1.588675
v 0.068962 -0.044064 1.584388
v 0.070655 -0.045372 1.580051
v 0.072176 -0.046584 1.575608
v 0.073536 -0.047711 1.571084
v 0.074745 -0.048758 1.566490
v 0.075813 -0.049726 1.561836
v 0.076747 -0.050617 1.557133
v 0.077557 -0.051433 1.552387
v 0.078249 -0.052173 1.547604
v 0.078837 -0.052847 1.542722
v 0.079236 -0.053340 1.537876
v 0.079389 -0.053597 1.533037
v 0.079369 -0.053715 1.528198
v 0.079205 -0.053721 1.523357
v 0.078925 -0.053639 1.518515
v 0.078553 -0.053493 1.513669
v 0.078115 -0.053305 1.508816
v 0.077635 -0.053097 1.503949
v 0.077137 -0.052893 1.499062
v 0.076645 -0.052718 1.494147
v 0.076186 -0.052631 1.489218
v 0.075736 -0.052640 1.484387
v 0.075240 -0.052678 1.479560
v 0.074698 -0.052713 1.474715
v 0.074124 -0.052751 1.469850
v 0.073533 -0.052802 1.464962
v 0.072941 -0.052874 1.460050
v 0.072362 -0.052974 1.455113
v 0.071812 -0.053116 1.450150
v 0.071304 -0.053308 1.445162
v 0.070856 -0.053546 1.440156
v 0.070474 -0.053802 1.435186
v 0.070128 -0.054074 1.430218
v 0.069806 -0.054393 1.425250
v 0.069504 -0.054767 1.420282
v 0.069216 -0.055204 1.415315
v 0.068937 -0.055711 1.410352
v 0.068662 -0.056294 1.405395
v 0.068385 -0.056958 1.400446
v 0.068116 -0.057716 1.395507
v 0.067856 -0.058581 1.390580
v 0.067626 -0.059537 1.385704
v 0.067410 -0.060634 1.380808
v 0.067189 -0.061864 1.375951
v 0.066955 -0.063210 1.371136
v 0.066698 -0.064649 1.366359
v 0.066410 -0.066161 1.361615
v 0.066084 -0.067723 1.356898
v 0.065714 -0.069314 1.352200
v 0.065296 -0.070909 1.347511
v 0.064828 -0.072486 1.342822
v 0.064307 -0.073993 1.338116
v 0.041152 -0.024433 1.625251
v 0.043256 -0.023107 1.626908
v 0.044494 -0.026855 1.622483
v 0.047749 -0.029207 1.619545
v 0.050886 -0.031456 1.616411
v 0.053865 -0.033564 1.613054
v 0.053291 -0.029668 1.619459
v 0.056633 -0.035491 1.609451
v 0.059142 -0.037207 1.605604
v 0.061384 -0.038721 1.601548
v 0.063398 -0.040083 1.597330
v 0.064109 -0.036511 1.607622
v 0.065285 -0.041384 1.593018
v 0.067149 -0.042714 1.588675
v 0.068962 -0.044064 1.584388
v 0.070655 -0.045372 1.580051
v 0.072176 -0.046584 1.575608
v 0.073536 -0.047711 1.571084
v 0.074745 -0.048758 1.566490
v 0.075813 -0.049726 1.561836
v 0.078532 -0.046078 1.579862
v 0.076747 -0.050617 1.557133
v 0.077557 -0.051433 1.552387
v 0.078249 -0.052173 1.547604
v 0.078837 -0.052847 1.542722
v 0.079236 -0.053340 1.537876
v 0.079389 -0.053597 1.533037
v 0.079369 -0.053715 1.528198
v 0.079205 -0.053721 1.523357
v 0.087521 -0.053947 1.539941
v 0.078925 -0.053639 1.518515
v 0.078553 -0.053493 1.513669
v 0.078115 -0.053305 1.508816
v 0.077635 -0.053097 1.503949
v 0.077137 -0.052893 1.499062
v 0.076645 -0.052718 1.494147
v 0.076186 -0.052631 1.489218
v 0.075736 -0.052640 1.484387
v 0.086030 -0.055769 1.505718
v 0.075240 -0.052678 1.479560
v 0.074698 -0.052713 1.474715
v 0.074124 -0.052751 1.469850
v 0.073533 -0.052802 1.464962
v 0.072941 -0.052874 1.460050
v 0.072362 -0.052974 1.455113
v 0.071812 -0.053116 1.450150
v 0.071304 -0.053308 1.445162
v 0.080030 -0.057457 1.462897
v 0.070856 -0.053546 1.440156
v 0.070474 -0.053802 1.435186
v 0.070128 -0.054074 1.430218
v 0.069806 -0.054393 1.425250
v 0.069504 -0.054767 1.420282
v 0.069216 -0.055204 1.415315
v 0.068937 -0.055711 1.410352
v 0.068662 -0.056294 1.405395
v 0.073052 -0.059580 1.421572
v 0.068385 -0.056958 1.400446
v 0.068116 -0.057716 1.395507
v 0.067856 -0.058581 1.390580
v 0.067626 -0.059537 1.385704
v 0.069082 -0.062393 1.392629
v 0.067410 -0.060634 1.380808
v 0.067189 -0.061864 1.375951
v 0.066955 -0.063210 1.371136
v 0.066698 -0.064649 1.366359
v 0.066410 -0.066161 1.361615
v 0.066084 -0.067723 1.356898
v 0.066672 -0.066111 1.370337
v 0.065714 -0.069314 1.352200
v 0.065296 -0.070909 1.347511
v 0.065198 -0.070753 1.350930
v 0.064828 -0.072486 1.342822
v 0.064645 -0.072799 1.342926
v 0.064307 -0.073993 1.338116
v 0.064281 -0.074032 1.338130
v 0.043879 -0.020511 1.625565
v 0.047586 -0.022560 1.622965
v 0.051237 -0.024518 1.620229
v 0.054811 -0.026376 1.617316
v 0.058272 -0.028118 1.614182
v 0.061571 -0.029724 1.610781
v 0.064658 -0.031184 1.607085
v 0.067505 -0.032513 1.603118
v 0.070117 -0.033750 1.598954
v 0.072560 -0.034973 1.594701
v 0.074904 -0.036232 1.590436
v 0.077159 -0.037513 1.586065
v 0.079212 -0.038714 1.581563
v 0.081046 -0.039832 1.576962
v 0.082694 -0.040869 1.572281
v 0.084172 -0.041828 1.567536
v 0.085493 -0.042713 1.562737
v 0.086667 -0.043528 1.557894
v 0.087705 -0.044274 1.553016
v 0.088614 -0.044955 1.548108
v 0.089392 -0.045563 1.543243
v 0.090102 -0.046186 1.538291
v 0.090660 -0.046759 1.533266
v 0.091020 -0.047220 1.528204
v 0.091208 -0.047593 1.523129
v 0.091252 -0.047909 1.518053
v 0.091177 -0.048196 1.512985
v 0.091008 -0.048479 1.507933
v 0.090764 -0.048786 1.502903
v 0.090467 -0.049138 1.497898
v 0.090138 -0.049561 1.492926
v 0.089774 -0.050031 1.487973
v 0.089319 -0.050478 1.482932
v 0.088749 -0.050902 1.477903
v 0.088082 -0.051337 1.472909
v 0.087335 -0.051787 1.467950
v 0.086525 -0.052257 1.463027
v 0.085667 -0.052753 1.458137
v 0.084781 -0.053278 1.453279
v 0.083882 -0.053835 1.448449
v 0.082987 -0.054427 1.443644
v 0.082109 -0.055067 1.438854
v 0.081235 -0.055773 1.434027
v 0.080347 -0.056507 1.429199
v 0.079447 -0.057242 1.424375
v 0.078537 -0.057984 1.419556
v 0.077623 -0.058736 1.414743
v 0.076709 -0.059503 1.409937
v 0.075798 -0.060294 1.405137
v 0.074896 -0.061113 1.400344
v 0.073994 -0.061961 1.395560
v 0.073088 -0.062836 1.390787
v 0.072159 -0.063775 1.385990
v 0.071230 -0.064770 1.381253
v 0.070317 -0.065799 1.376513
v 0.069428 -0.066848 1.371763
v 0.068570 -0.067907 1.367000
v 0.067749 -0.068967 1.362222
v 0.066969 -0.070019 1.357430
v 0.066235 -0.071058 1.352622
v 0.065547 -0.072076 1.347801
v 0.064906 -0.073067 1.342968
v 0.064313 -0.074068 1.338135
v 0.043879 -0.020511 1.625565
v 0.041152 -0.024433 1.625251
v 0.041775 -0.021837 1.623907
v 0.043256 -0.023107 1.626908
v 0.064313 -0.074068 1.338135
v 0.064339 -0.074029 1.338122
v 0.064307 -0.073993 1.338116
v 0.064281 -0.074032 1.338130
v -0.001385 0.006117 1.636606
v -0.001816 0.003160 1.635040
v 0.003479 0.005268 1.637395
v 0.008369 0.004403 1.638087
v 0.013293 0.003511 1.638422
v 0.018199 0.002629 1.638098
v 0.023046 0.001801 1.637321
v 0.027848 0.000996 1.636171
v 0.032578 0.000209 1.634729
v 0.037224 -0.000565 1.633030
v 0.017376 -0.001233 1.636380
v 0.041777 -0.001328 1.631094
v 0.046220 -0.002077 1.628915
v 0.050522 -0.002805 1.626464
v 0.054620 -0.003490 1.623699
v 0.058468 -0.004111 1.620591
v 0.062096 -0.004684 1.617197
v 0.065534 -0.005230 1.613585
v 0.068817 -0.005768 1.609805
v 0.052304 -0.008996 1.620173
v 0.071980 -0.006316 1.605897
v 0.075073 -0.006904 1.601891
v 0.078075 -0.007545 1.597822
v 0.080894 -0.008208 1.593684
v 0.083498 -0.008846 1.589467
v 0.085857 -0.009416 1.585162
v 0.087939 -0.009874 1.580756
v 0.089755 -0.010204 1.576188
v 0.078597 -0.015031 1.586773
v 0.091285 -0.010418 1.571487
v 0.092573 -0.010546 1.566699
v 0.093662 -0.010605 1.561852
v 0.094585 -0.010612 1.556943
v 0.095359 -0.010578 1.552027
v 0.096024 -0.010518 1.547087
v 0.096524 -0.010391 1.542191
v 0.096884 -0.010201 1.537279
v 0.088457 -0.017369 1.555520
v 0.097124 -0.009970 1.532323
v 0.097260 -0.009722 1.527332
v 0.097305 -0.009479 1.522307
v 0.097268 -0.009262 1.517247
v 0.097155 -0.009095 1.512150
v 0.096967 -0.008998 1.507027
v 0.096676 -0.008961 1.501954
v 0.096261 -0.008966 1.496902
v 0.090677 -0.016194 1.514601
v 0.095741 -0.009010 1.491866
v 0.095139 -0.009096 1.486844
v 0.094479 -0.009226 1.481833
v 0.093784 -0.009403 1.476828
v 0.093079 -0.009632 1.471827
v 0.092377 -0.009911 1.466888
v 0.091616 -0.010234 1.461903
v 0.090805 -0.010613 1.456907
v 0.087400 -0.016051 1.476649
v 0.089963 -0.011069 1.451898
v 0.089116 -0.011620 1.446879
v 0.088299 -0.012280 1.441861
v 0.087501 -0.013032 1.436877
v 0.086700 -0.013875 1.431900
v 0.085905 -0.014820 1.426930
v 0.085131 -0.015881 1.421971
v 0.084406 -0.017061 1.417041
v 0.081619 -0.018966 1.432613
v 0.083729 -0.018340 1.412157
v 0.083078 -0.019733 1.407271
v 0.082451 -0.021264 1.402400
v 0.081849 -0.022945 1.397567
v 0.081278 -0.024747 1.392839
v 0.080751 -0.026650 1.388172
v 0.080266 -0.028670 1.383522
v 0.079782 -0.030829 1.378906
v 0.077730 -0.027068 1.396481
v 0.079258 -0.033154 1.374348
v 0.078659 -0.035686 1.369875
v 0.077977 -0.038452 1.365552
v 0.077257 -0.041448 1.361452
v 0.075959 -0.039177 1.368641
v 0.076469 -0.044607 1.357538
v 0.075601 -0.047876 1.353772
v 0.074632 -0.051214 1.350124
v 0.073534 -0.054566 1.346574
v 0.073623 -0.050878 1.352294
v 0.072225 -0.058017 1.343122
v 0.071419 -0.058381 1.343719
v 0.070729 -0.061560 1.339852
v 0.070196 -0.061760 1.340264
v 0.069151 -0.065115 1.336686
v 0.068885 -0.065202 1.336891
v 0.067612 -0.068604 1.333458
v 0.067568 -0.068617 1.333489
v -0.002719 0.000569 1.637003
v 0.002039 -0.000786 1.637731
v 0.006792 -0.002183 1.638315
v 0.011563 -0.003630 1.638468
v 0.016318 -0.005082 1.637917
v 0.021051 -0.006495 1.636992
v 0.025703 -0.007875 1.635787
v 0.030278 -0.009223 1.634307
v 0.034774 -0.010535 1.632574
v 0.039183 -0.011804 1.630604
v 0.043489 -0.013024 1.628395
v 0.047659 -0.014185 1.625918
v 0.051666 -0.015271 1.623139
v 0.055457 -0.016263 1.620031
v 0.059018 -0.017166 1.616658
v 0.062379 -0.018002 1.613090
v 0.065571 -0.018800 1.609386
v 0.068626 -0.019590 1.605595
v 0.071555 -0.020396 1.601756
v 0.074360 -0.021234 1.597837
v 0.077040 -0.022096 1.593781
v 0.079571 -0.022943 1.589564
v 0.081914 -0.023730 1.585165
v 0.084026 -0.024405 1.580582
v 0.085876 -0.024941 1.575902
v 0.087469 -0.025360 1.571139
v 0.088811 -0.025678 1.566302
v 0.089945 -0.025916 1.561416
v 0.090896 -0.026085 1.556516
v 0.091709 -0.026203 1.551572
v 0.092408 -0.026282 1.546618
v 0.092972 -0.026281 1.541585
v 0.093391 -0.026201 1.536544
v 0.093671 -0.026062 1.531533
v 0.093837 -0.025890 1.526550
v 0.093906 -0.025705 1.521598
v 0.093890 -0.025526 1.516679
v 0.093800 -0.025372 1.511795
v 0.093630 -0.025259 1.506939
v 0.093358 -0.025171 1.502043
v 0.092966 -0.025087 1.497141
v 0.092481 -0.025007 1.492240
v 0.091926 -0.024934 1.487342
v 0.091324 -0.024870 1.482445
v 0.090696 -0.024822 1.477551
v 0.090067 -0.024793 1.472656
v 0.089445 -0.024792 1.467699
v 0.088770 -0.024800 1.462807
v 0.088055 -0.024837 1.457941
v 0.087319 -0.024922 1.453102
v 0.086589 -0.025077 1.448284
v 0.085869 -0.025311 1.443474
v 0.085130 -0.025614 1.438646
v 0.084387 -0.025989 1.433831
v 0.083657 -0.026449 1.429032
v 0.082956 -0.027012 1.424248
v 0.082278 -0.027683 1.419465
v 0.081618 -0.028454 1.414666
v 0.080989 -0.029327 1.409910
v 0.080397 -0.030331 1.405199
v 0.079842 -0.031487 1.400527
v 0.079353 -0.032801 1.395827
v 0.078955 -0.034221 1.391121
v 0.078605 -0.035718 1.386461
v 0.078262 -0.037313 1.381860
v 0.077885 -0.039030 1.377331
v 0.077428 -0.040903 1.372906
v 0.076846 -0.042977 1.368587
v 0.076160 -0.045309 1.364358
v 0.075431 -0.047852 1.360216
v 0.074646 -0.050552 1.356147
v 0.073781 -0.053364 1.352143
v 0.072799 -0.056250 1.348174
v 0.071647 -0.059199 1.344364
v 0.070334 -0.062284 1.340712
v 0.068945 -0.065456 1.337118
v 0.067576 -0.068658 1.333525
v -0.002719 0.000569 1.637003
v -0.002289 0.003527 1.638568
v 0.002039 -0.000786 1.637731
v 0.006792 -0.002183 1.638315
v 0.011563 -0.003630 1.638468
v 0.016318 -0.005082 1.637917
v 0.011557 0.000200 1.640929
v 0.021051 -0.006495 1.636992
v 0.025703 -0.007875 1.635787
v 0.030278 -0.009223 1.634307
v 0.034774 -0.010535 1.632574
v 0.039183 -0.011804 1.630604
v 0.043489 -0.013024 1.628395
v 0.047659 -0.014185 1.625918
v 0.051666 -0.015271 1.623139
v 0.040732 -0.006816 1.635319
v 0.055457 -0.016263 1.620031
v 0.059018 -0.017166 1.616658
v 0.062379 -0.018002 1.613090
v 0.065571 -0.018800 1.609386
v 0.068626 -0.019590 1.605595
v 0.071555 -0.020396 1.601756
v 0.074360 -0.021234 1.597837
v 0.077040 -0.022096 1.593781
v 0.070077 -0.012998 1.613406
v 0.079571 -0.022943 1.589564
v 0.081914 -0.023730 1.585165
v 0.084026 -0.024405 1.580582
v 0.085876 -0.024941 1.575902
v 0.087469 -0.025360 1.571139
v 0.088811 -0.025678 1.566302
v 0.089945 -0.025916 1.561416
v 0.090896 -0.026085 1.556516
v 0.092995 -0.018996 1.577306
v 0.091709 -0.026203 1.551572
v 0.092408 -0.026282 1.546618
v 0.092972 -0.026281 1.541585
v 0.093391 -0.026201 1.536544
v 0.093671 -0.026062 1.531533
v 0.093837 -0.025890 1.526550
v 0.093906 -0.025705 1.521598
v 0.093890 -0.025526 1.516679
v 0.100445 -0.019363 1.537301
v 0.093800 -0.025372 1.511795
v 0.093630 -0.025259 1.506939
v 0.093358 -0.025171 1.502043
v 0.092966 -0.025087 1.497141
v 0.092481 -0.025007 1.492240
v 0.091926 -0.024934 1.487342
v 0.091324 -0.024870 1.482445
v 0.090696 -0.024822 1.477551
v 0.099966 -0.017981 1.497793
v 0.090067 -0.024793 1.472656
v 0.089445 -0.024792 1.467699
v 0.088770 -0.024800 1.462807
v 0.088055 -0.024837 1.457941
v 0.087319 -0.024922 1.453102
v 0.086589 -0.025077 1.448284
v 0.085869 -0.025311 1.443474
v 0.085130 -0.025614 1.438646
v 0.093308 -0.018622 1.453510
v 0.084387 -0.025989 1.433831
v 0.083657 -0.026449 1.429032
v 0.082956 -0.027012 1.424248
v 0.082278 -0.027683 1.419465
v 0.081618 -0.028454 1.414666
v 0.080989 -0.029327 1.409910
v 0.080397 -0.030331 1.405199
v 0.079842 -0.031487 1.400527
v 0.085963 -0.023631 1.413913
v 0.079353 -0.032801 1.395827
v 0.078955 -0.034221 1.391121
v 0.078605 -0.035718 1.386461
v 0.078262 -0.037313 1.381860
v 0.082015 -0.032031 1.386727
v 0.077885 -0.039030 1.377331
v 0.077428 -0.040903 1.372906
v 0.076846 -0.042977 1.368587
v 0.076160 -0.045309 1.364358
v 0.079624 -0.039611 1.369457
v 0.075431 -0.047852 1.360216
v 0.074646 -0.050552 1.356147
v 0.073781 -0.053364 1.352143
v 0.072799 -0.056250 1.348174
v 0.071647 -0.059199 1.344364
v 0.075104 -0.052856 1.350628
v 0.070334 -0.062284 1.340712
v 0.070867 -0.062084 1.340300
v 0.068945 -0.065456 1.337118
v 0.069211 -0.065370 1.336914
v 0.067576 -0.068658 1.333525
v 0.067620 -0.068645 1.333494
v -0.001385 0.006117 1.636606
v 0.003479 0.005268 1.637395
v 0.008369 0.004403 1.638087
v 0.013293 0.003511 1.638422
v 0.018199 0.002629 1.638098
v 0.023046 0.001801 1.637321
v 0.027848 0.000996 1.636171
v 0.032578 0.000209 1.634729
v 0.037224 -0.000565 1.633030
v 0.041777 -0.001328 1.631094
v 0.046220 -0.002077 1.628915
v 0.050522 -0.002805 1.626464
v 0.054620 -0.003490 1.623699
v 0.058468 -0.004111 1.620591
v 0.062096 -0.004684 1.617197
v 0.065534 -0.005230 1.613585
v 0.068817 -0.005768 1.609805
v 0.071980 -0.006316 1.605897
v 0.075073 -0.006904 1.601891
v 0.078075 -0.007545 1.597822
v 0.080894 -0.008208 1.593684
v 0.083498 -0.008846 1.589467
v 0.085857 -0.009416 1.585162
v 0.087939 -0.009874 1.580756
v 0.089755 -0.010204 1.576188
v 0.091285 -0.010418 1.571487
v 0.092573 -0.010546 1.566699
v 0.093662 -0.010605 1.561852
v 0.094585 -0.010612 1.556943
v 0.095359 -0.010578 1.552027
v 0.096024 -0.010518 1.547087
v 0.096524 -0.010391 1.542191
v 0.096884 -0.010201 1.537279
v 0.097124 -0.009970 1.532323
v 0.097260 -0.009722 1.527332
v 0.097305 -0.009479 1.522307
v 0.097268 -0.009262 1.517247
v 0.097155 -0.009095 1.512150
v 0.096967 -0.008998 1.507027
v 0.096676 -0.008961 1.501954
v 0.096261 -0.008966 1.496902
v 0.095741 -0.009010 1.491866
v 0.095139 -0.009096 1.486844
v 0.094479 -0.009226 1.481833
v 0.093784 -0.009403 1.476828
v 0.093079 -0.009632 1.471827
v 0.092377 -0.009911 1.466888
v 0.091616 -0.010234 1.461903
v 0.090805 -0.010613 1.456907
v 0.089963 -0.011069 1.451898
v 0.089116 -0.011620 1.446879
v 0.088299 -0.012280 1.441861
v 0.087501 -0.013032 1.436877
v 0.086700 -0.013875 1.431900
v 0.085905 -0.014820 1.426930
v 0.085131 -0.015881 1.421971
v 0.084406 -0.017061 1.417041
v 0.083729 -0.018340 1.412157
v 0.083078 -0.019733 1.407271
v 0.082451 -0.021264 1.402400
v 0.081849 -0.022945 1.397567
v 0.081278 -0.024747 1.392839
v 0.080751 -0.026650 1.388172
v 0.080266 -0.028670 1.383522
v 0.079782 -0.030829 1.378906
v 0.079258 -0.033154 1.374348
v 0.078659 -0.035686 1.369875
v 0.077977 -0.038452 1.365552
v 0.077257 -0.041448 1.361452
v 0.076469 -0.044607 1.357538
v 0.075601 -0.047876 1.353772
v 0.074632 -0.051214 1.350124
v 0.073534 -0.054566 1.346574
v 0.072225 -0.058017 1.343122
v 0.070729 -0.061560 1.339852
v 0.069151 -0.065115 1.336686
v 0.067612 -0.068604 1.333458
v -0.001385 0.006117 1.636606
v -0.002719 0.000569 1.637003
v -0.001816 0.003160 1.635040
v -0.002289 0.003527 1.638568
v 0.067612 -0.068604 1.333458
v 0.067568 -0.068617 1.333489
v 0.067576 -0.068658 1.333525
v 0.067620 -0.068645 1.333494
v -0.003113 0.020936 1.636748
v -0.003757 0.015685 1.634846
v 0.009320 0.020231 1.637772
v 0.021660 0.019700 1.636999
v 0.033709 0.019555 1.634952
v 0.045684 0.019619 1.632144
v 0.057034 0.019889 1.627666
v 0.066795 0.020539 1.620895
v 0.075533 0.021415 1.612384
v 0.082713 0.022385 1.602551
v 0.087730 0.023609 1.591419
v 0.091692 0.024940 1.579720
v 0.095164 0.026247 1.567882
v 0.066976 0.006759 1.623571
v 0.097980 0.027549 1.555812
v 0.100488 0.028703 1.543341
v 0.102405 0.029582 1.530914
v 0.103924 0.030395 1.518994
v 0.105640 0.031380 1.507044
v 0.107426 0.032461 1.495073
v 0.109298 0.033643 1.483389
v 0.111353 0.034991 1.471646
v 0.098454 0.009593 1.514808
v 0.113609 0.036403 1.459670
v 0.115982 0.037691 1.447539
v 0.118431 0.038889 1.435454
v 0.121059 0.039986 1.423257
v 0.123797 0.040946 1.411074
v 0.126725 0.041800 1.398928
v 0.130074 0.042568 1.386828
v 0.133871 0.043235 1.374820
v 0.122096 0.020642 1.402056
v 0.137932 0.043844 1.363084
v 0.142515 0.044499 1.351466
v 0.147372 0.045142 1.340095
v 0.152139 0.045804 1.328829
v 0.139558 0.025159 1.353669
v 0.156932 0.046510 1.317478
v 0.161528 0.047236 1.306131
v 0.165715 0.047981 1.294670
v 0.169621 0.048674 1.283084
v 0.172689 0.049170 1.271501
v 0.175077 0.049493 1.259467
v 0.176612 0.049380 1.247225
v 0.176825 0.048745 1.234725
v 0.175735 0.038018 1.263588
v 0.175588 0.048000 1.222186
v 0.175477 0.045625 1.221849
v 0.173907 0.047933 1.209731
v 0.173892 0.047645 1.209689
v -0.004800 0.010389 1.636420
v 0.007141 0.007080 1.637509
v 0.019205 0.003688 1.636889
v 0.031412 0.000559 1.634939
v 0.043433 -0.002219 1.632156
v 0.055040 -0.004543 1.627588
v 0.065642 -0.006191 1.620315
v 0.074554 -0.007253 1.611448
v 0.081843 -0.007948 1.601195
v 0.086986 -0.008343 1.589751
v 0.090929 -0.008618 1.577966
v 0.094706 -0.008877 1.566111
v 0.097894 -0.009069 1.554145
v 0.100580 -0.009327 1.542380
v 0.102903 -0.009726 1.530376
v 0.105205 -0.010021 1.517795
v 0.107680 -0.009968 1.505322
v 0.110237 -0.009631 1.492915
v 0.112998 -0.008924 1.480306
v 0.115939 -0.007805 1.467880
v 0.118943 -0.006388 1.455783
v 0.121960 -0.004854 1.443870
v 0.125038 -0.003168 1.431948
v 0.128181 -0.001418 1.420191
v 0.131382 0.000357 1.408448
v 0.134719 0.002165 1.396745
v 0.138377 0.004001 1.385196
v 0.142385 0.005842 1.373797
v 0.146699 0.007760 1.362324
v 0.151120 0.009728 1.350982
v 0.155790 0.011778 1.339612
v 0.160401 0.013956 1.328093
v 0.164930 0.016246 1.316656
v 0.169261 0.018664 1.305078
v 0.173195 0.021227 1.293338
v 0.176774 0.023987 1.281534
v 0.179404 0.027140 1.269266
v 0.180703 0.030700 1.257089
v 0.180854 0.034785 1.244916
v 0.179506 0.039256 1.232962
v 0.176780 0.043684 1.221303
v 0.174049 0.047408 1.209628
v -0.004800 0.010389 1.636420
v -0.004156 0.015640 1.638323
v 0.007141 0.007080 1.637509
v 0.019205 0.003688 1.636889
v 0.031412 0.000559 1.634939
v 0.043433 -0.002219 1.632156
v 0.055040 -0.004543 1.627588
v 0.038654 0.009042 1.638929
v 0.065642 -0.006191 1.620315
v 0.074554 -0.007253 1.611448
v 0.081843 -0.007948 1.601195
v 0.086986 -0.008343 1.589751
v 0.090929 -0.008618 1.577966
v 0.094706 -0.008877 1.566111
v 0.086526 0.006973 1.608101
v 0.097894 -0.009069 1.554145
v 0.100580 -0.009327 1.542380
v 0.102903 -0.009726 1.530376
v 0.105205 -0.010021 1.517795
v 0.107680 -0.009968 1.505322
v 0.110237 -0.009631 1.492915
v 0.112998 -0.008924 1.480306
v 0.115939 -0.007805 1.467880
v 0.109492 0.010018 1.528032
v 0.118943 -0.006388 1.455783
v 0.121960 -0.004854 1.443870
v 0.125038 -0.003168 1.431948
v 0.128181 -0.001418 1.420191
v 0.131382 0.000357 1.408448
v 0.134719 0.002165 1.396745
v 0.138377 0.004001 1.385196
v 0.142385 0.005842 1.373797
v 0.136258 0.022502 1.401402
v 0.146699 0.007760 1.362324
v 0.151120 0.009728 1.350982
v 0.155790 0.011778 1.339612
v 0.160401 0.013956 1.328093
v 0.149326 0.027541 1.360728
v 0.164930 0.016246 1.316656
v 0.169261 0.018664 1.305078
v 0.173195 0.021227 1.293338
v 0.176774 0.023987 1.281534
v 0.179404 0.027140 1.269266
v 0.180703 0.030700 1.257089
v 0.179058 0.037747 1.279559
v 0.180854 0.034785 1.244916
v 0.179506 0.039256 1.232962
v 0.180860 0.043607 1.240249
v 0.176780 0.043684 1.221303
v 0.176892 0.046059 1.221640
v 0.174049 0.047408 1.209628
v 0.174064 0.047696 1.209669
v -0.003113 0.020936 1.636748
v 0.009320 0.020231 1.637772
v 0.021660 0.019700 1.636999
v 0.033709 0.019555 1.634952
v 0.045684 0.019619 1.632144
v 0.057034 0.019889 1.627666
v 0.066795 0.020539 1.620895
v 0.075533 0.021415 1.612384
v 0.082713 0.022385 1.602551
v 0.087730 0.023609 1.591419
v 0.091692 0.024940 1.579720
v 0.095164 0.026247 1.567882
v 0.097980 0.027549 1.555812
v 0.100488 0.028703 1.543341
v 0.102405 0.029582 1.530914
v 0.103924 0.030395 1.518994
v 0.105640 0.031380 1.507044
v 0.107426 0.032461 1.495073
v 0.109298 0.033643 1.483389
v 0.111353 0.034991 1.471646
v 0.113609 0.036403 1.459670
v 0.115982 0.037691 1.447539
v 0.118431 0.038889 1.435454
v 0.121059 0.039986 1.423257
v 0.123797 0.040946 1.411074
v 0.126725 0.041800 1.398928
v 0.130074 0.042568 1.386828
v 0.133871 0.043235 1.374820
v 0.137932 0.043844 1.363084
v 0.142515 0.044499 1.351466
v 0.147372 0.045142 1.340095
v 0.152139 0.045804 1.328829
v 0.156932 0.046510 1.317478
v 0.161528 0.047236 1.306131
v 0.165715 0.047981 1.294670
v 0.169621 0.048674 1.283084
v 0.172689 0.049170 1.271501
v 0.175077 0.049493 1.259467
v 0.176612 0.049380 1.247225
v 0.176825 0.048745 1.234725
v 0.175588 0.048000 1.222186
v 0.173907 0.047933 1.209731
v -0.003113 0.020936 1.636748
v -0.004800 0.010389 1.636420
v -0.003757 0.015685 1.634846
v -0.004156 0.015640 1.638323
v 0.173907 0.047933 1.209731
v 0.173892 0.047645 1.209689
v 0.174049 0.047408 1.209628
v 0.174064 0.047696 1.209669
v -0.004244 0.019587 1.636722
v -0.003763 0.015738 1.634846
v 0.008164 0.021367 1.637791
v 0.020510 0.023259 1.637112
v 0.032485 0.025413 1.634720
v 0.044310 0.027742 1.631554
v 0.055454 0.030143 1.626876
v 0.065285 0.032594 1.619867
v 0.073603 0.035028 1.611026
v 0.049594 0.020089 1.629734
v 0.080330 0.037321 1.600940
v 0.084952 0.039452 1.589799
v 0.088021 0.041484 1.577842
v 0.090909 0.043360 1.565595
v 0.093550 0.045035 1.553362
v 0.095806 0.046487 1.540979
v 0.097799 0.047625 1.528258
v 0.085492 0.028450 1.582281
v 0.099234 0.048340 1.515779
v 0.100601 0.049104 1.503794
v 0.102393 0.050291 1.491693
v 0.104388 0.051672 1.479587
v 0.106519 0.053123 1.467380
v 0.108711 0.054604 1.455249
v 0.111054 0.056102 1.443044
v 0.113521 0.057521 1.430806
v 0.101564 0.033779 1.481845
v 0.116078 0.058889 1.418587
v 0.118880 0.060228 1.406344
v 0.122122 0.061570 1.394137
v 0.125624 0.062880 1.382096
v 0.129503 0.064250 1.370165
v 0.133860 0.065709 1.358407
v 0.138461 0.067209 1.346871
v 0.143095 0.068752 1.335364
v 0.126647 0.047090 1.375692
v 0.147864 0.070349 1.323939
v 0.152463 0.071958 1.312538
v 0.156761 0.073572 1.301031
v 0.160808 0.075194 1.289442
v 0.158395 0.061080 1.297547
v 0.164121 0.076734 1.277838
v 0.166668 0.078237 1.265842
v 0.168438 0.079547 1.253816
v 0.169084 0.080503 1.241560
v 0.169384 0.069158 1.255132
v 0.168662 0.081048 1.229243
v 0.167317 0.081072 1.216754
v 0.165099 0.080515 1.204366
v 0.167697 0.075491 1.214458
v 0.161800 0.079651 1.192204
v 0.161891 0.077914 1.192060
v 0.158160 0.079206 1.180133
v 0.158170 0.078984 1.180114
v -0.003670 0.011738 1.636446
v 0.008827 0.011662 1.637618
v 0.021417 0.011559 1.637175
v 0.033973 0.011696 1.634953
v 0.046207 0.012056 1.631656
v 0.057922 0.012676 1.626592
v 0.068348 0.013567 1.619316
v 0.077288 0.014662 1.610363
v 0.084681 0.015838 1.600062
v 0.090054 0.016981 1.588509
v 0.093605 0.017957 1.576481
v 0.096795 0.018742 1.564551
v 0.099812 0.019398 1.552473
v 0.102434 0.019885 1.540341
v 0.104707 0.020112 1.528397
v 0.106726 0.020084 1.516053
v 0.108934 0.020287 1.503244
v 0.111456 0.021009 1.490723
v 0.114126 0.022052 1.478315
v 0.116843 0.023278 1.466070
v 0.119636 0.024724 1.453805
v 0.122476 0.026347 1.441680
v 0.125357 0.028055 1.429624
v 0.128273 0.029863 1.417584
v 0.131333 0.031741 1.405664
v 0.134506 0.033605 1.393847
v 0.137890 0.035524 1.381998
v 0.141594 0.037572 1.370281
v 0.145716 0.039767 1.358730
v 0.150112 0.042092 1.347180
v 0.154504 0.044516 1.335635
v 0.158992 0.047047 1.324129
v 0.163321 0.049663 1.312488
v 0.167283 0.052327 1.300714
v 0.170944 0.055049 1.288846
v 0.173885 0.057802 1.276562
v 0.175937 0.060546 1.264284
v 0.177096 0.063348 1.251761
v 0.176816 0.066083 1.239237
v 0.175064 0.068815 1.226804
v 0.172129 0.071599 1.214755
v 0.168148 0.074377 1.202964
v 0.163165 0.076850 1.191521
v 0.158333 0.078847 1.180048
v -0.003670 0.011738 1.636446
v -0.004150 0.015587 1.638322
v 0.008827 0.011662 1.637618
v 0.021417 0.011559 1.637175
v 0.033973 0.011696 1.634953
v 0.046207 0.012056 1.631656
v 0.057922 0.012676 1.626592
v 0.037354 0.018641 1.639136
v 0.068348 0.013567 1.619316
v 0.077288 0.014662 1.610363
v 0.084681 0.015838 1.600062
v 0.090054 0.016981 1.588509
v 0.093605 0.017957 1.576481
v 0.085952 0.027017 1.607480
v 0.096795 0.018742 1.564551
v 0.099812 0.019398 1.552473
v 0.102434 0.019885 1.540341
v 0.104707 0.020112 1.528397
v 0.106726 0.020084 1.516053
v 0.108934 0.020287 1.503244
v 0.111456 0.021009 1.490723
v 0.114126 0.022052 1.478315
v 0.105357 0.034687 1.538458
v 0.116843 0.023278 1.466070
v 0.119636 0.024724 1.453805
v 0.122476 0.026347 1.441680
v 0.125357 0.028055 1.429624
v 0.128273 0.029863 1.417584
v 0.131333 0.031741 1.405664
v 0.134506 0.033605 1.393847
v 0.137890 0.035524 1.381998
v 0.129928 0.047580 1.412517
v 0.141594 0.037572 1.370281
v 0.145716 0.039767 1.358730
v 0.150112 0.042092 1.347180
v 0.154504 0.044516 1.335635
v 0.143741 0.054635 1.364471
v 0.158992 0.047047 1.324129
v 0.163321 0.049663 1.312488
v 0.167283 0.052327 1.300714
v 0.170944 0.055049 1.288846
v 0.167122 0.065291 1.301616
v 0.173885 0.057802 1.276562
v 0.175937 0.060546 1.264284
v 0.177096 0.063348 1.251761
v 0.176816 0.066083 1.239237
v 0.176947 0.073071 1.255682
v 0.175064 0.068815 1.226804
v 0.172129 0.071599 1.214755
v 0.168148 0.074377 1.202964
v 0.172227 0.077580 1.215520
v 0.163165 0.076850 1.191521
v 0.163074 0.078587 1.191665
v 0.158333 0.078847 1.180048
v 0.158323 0.079069 1.180066
v -0.004244 0.019587 1.636722
v 0.008164 0.021367 1.637791
v 0.020510 0.023259 1.637112
v 0.032485 0.025413 1.634720
v 0.044310 0.027742 1.631554
v 0.055454 0.030143 1.626876
v 0.065285 0.032594 1.619867
v 0.073603 0.035028 1.611026
v 0.080330 0.037321 1.600940
v 0.084952 0.039452 1.589799
v 0.088021 0.041484 1.577842
v 0.090909 0.043360 1.565595
v 0.093550 0.045035 1.553362
v 0.095806 0.046487 1.540979
v 0.097799 0.047625 1.528258
v 0.099234 0.048340 1.515779
v 0.100601 0.049104 1.503794
v 0.102393 0.050291 1.491693
v 0.104388 0.051672 1.479587
v 0.106519 0.053123 1.467380
v 0.108711 0.054604 1.455249
v 0.111054 0.056102 1.443044
v 0.113521 0.057521 1.430806
v 0.116078 0.058889 1.418587
v 0.118880 0.060228 1.406344
v 0.122122 0.061570 1.394137
v 0.125624 0.062880 1.382096
v 0.129503 0.064250 1.370165
v 0.133860 0.065709 1.358407
v 0.138461 0.067209 1.346871
v 0.143095 0.068752 1.335364
v 0.147864 0.070349 1.323939
v 0.152463 0.071958 1.312538
v 0.156761 0.073572 1.301031
v 0.160808 0.075194 1.289442
v 0.164121 0.076734 1.277838
v 0.166668 0.078237 1.265842
v 0.168438 0.079547 1.253816
v 0.169084 0.080503 1.241560
v 0.168662 0.081048 1.229243
v 0.167317 0.081072 1.216754
v 0.165099 0.080515 1.204366
v 0.161800 0.079651 1.192204
v 0.158160 0.079206 1.180133
v -0.004244 0.019587 1.636722
v -0.003670 0.011738 1.636446
v -0.003763 0.015738 1.634846
v -0.004150 0.015587 1.638322
v 0.158160 0.079206 1.180133
v 0.158170 0.078984 1.180114
v 0.158333 0.078847 1.180048
v 0.158323 0.079069 1.180066
v -0.006049 0.021734 1.636826
v -0.003788 0.015790 1.634847
v 0.005327 0.027123 1.637931
v 0.016601 0.032646 1.637339
v 0.027357 0.038257 1.634660
v 0.037815 0.043883 1.630831
v 0.047535 0.049305 1.625551
v 0.055570 0.054252 1.618553
v 0.062243 0.058861 1.609627
v 0.067586 0.062987 1.599624
v 0.051038 0.035113 1.628321
v 0.071631 0.066625 1.588971
v 0.074216 0.069899 1.577514
v 0.076482 0.072997 1.565036
v 0.078587 0.075568 1.552541
v 0.080289 0.077636 1.539915
v 0.081765 0.079340 1.527335
v 0.083181 0.080689 1.514498
v 0.084356 0.081680 1.502072
v 0.082798 0.053731 1.564624
v 0.085644 0.082843 1.490109
v 0.087277 0.084378 1.478051
v 0.089123 0.086072 1.465931
v 0.091120 0.087764 1.453687
v 0.093207 0.089418 1.441543
v 0.095508 0.091069 1.429287
v 0.097995 0.092647 1.417053
v 0.100622 0.094168 1.404823
v 0.099043 0.061884 1.451908
v 0.103573 0.095740 1.392604
v 0.107003 0.097435 1.380463
v 0.110821 0.099218 1.368516
v 0.114854 0.101072 1.356828
v 0.119192 0.103078 1.345170
v 0.123740 0.105177 1.333748
v 0.128195 0.107253 1.322392
v 0.132669 0.109360 1.310961
v 0.120084 0.075086 1.365767
v 0.136962 0.111416 1.299649
v 0.140725 0.113323 1.288248
v 0.144096 0.115144 1.276720
v 0.146816 0.116754 1.265032
v 0.152197 0.097308 1.275117
v 0.148463 0.117977 1.253213
v 0.149064 0.118814 1.241321
v 0.148847 0.119160 1.228991
v 0.147907 0.118805 1.216805
v 0.146126 0.117650 1.204440
v 0.144069 0.115785 1.191977
v 0.141828 0.113303 1.179585
v 0.155396 0.106439 1.221332
v 0.139048 0.110582 1.167316
v 0.140022 0.108227 1.167025
v 0.135755 0.108472 1.155206
v 0.135885 0.108155 1.155167
v -0.001864 0.009591 1.636342
v 0.010401 0.012229 1.637573
v 0.022793 0.014832 1.637283
v 0.035144 0.017601 1.635016
v 0.047192 0.020485 1.631821
v 0.058791 0.023537 1.627025
v 0.069409 0.026760 1.619492
v 0.077899 0.029685 1.609967
v 0.084821 0.032381 1.599204
v 0.090425 0.034871 1.587563
v 0.094342 0.036900 1.575398
v 0.097175 0.038242 1.563723
v 0.099998 0.039232 1.551887
v 0.102462 0.039845 1.539925
v 0.104810 0.040272 1.527808
v 0.106951 0.040408 1.515861
v 0.109085 0.040448 1.503445
v 0.111460 0.040895 1.490649
v 0.113983 0.041814 1.478094
v 0.116580 0.043026 1.465699
v 0.119167 0.044394 1.453473
v 0.121786 0.045979 1.441194
v 0.124405 0.047751 1.429093
v 0.127058 0.049677 1.417027
v 0.129717 0.051730 1.405001
v 0.132549 0.053968 1.393112
v 0.135695 0.056420 1.381408
v 0.139155 0.059084 1.369766
v 0.142833 0.061968 1.358062
v 0.146669 0.065051 1.346560
v 0.150705 0.068346 1.335039
v 0.154623 0.071720 1.323388
v 0.158401 0.075132 1.311784
v 0.162005 0.078612 1.299942
v 0.165020 0.082024 1.287791
v 0.167508 0.085387 1.275490
v 0.169240 0.088612 1.262979
v 0.169728 0.091504 1.250162
v 0.168882 0.094064 1.237213
v 0.166912 0.096377 1.224705
v 0.163749 0.098502 1.212221
v 0.159327 0.100487 1.200302
v 0.154092 0.102609 1.188768
v 0.148233 0.104820 1.177427
v 0.141965 0.106710 1.166317
v 0.136147 0.107951 1.155073
v -0.001864 0.009591 1.636342
v -0.004125 0.015535 1.638322
v 0.010401 0.012229 1.637573
v 0.022793 0.014832 1.637283
v 0.035144 0.017601 1.635016
v 0.047192 0.020485 1.631821
v 0.058791 0.023537 1.627025
v 0.069409 0.026760 1.619492
v 0.077899 0.029685 1.609967
v 0.084821 0.032381 1.599204
v 0.055032 0.036534 1.635257
v 0.090425 0.034871 1.587563
v 0.094342 0.036900 1.575398
v 0.097175 0.038242 1.563723
v 0.099998 0.039232 1.551887
v 0.102462 0.039845 1.539925
v 0.104810 0.040272 1.527808
v 0.106951 0.040408 1.515861
v 0.109085 0.040448 1.503445
v 0.092097 0.059726 1.566089
v 0.111460 0.040895 1.490649
v 0.113983 0.041814 1.478094
v 0.116580 0.043026 1.465699
v 0.119167 0.044394 1.453473
v 0.121786 0.045979 1.441194
v 0.124405 0.047751 1.429093
v 0.127058 0.049677 1.417027
v 0.129717 0.051730 1.405001
v 0.109457 0.069030 1.460412
v 0.132549 0.053968 1.393112
v 0.135695 0.056420 1.381408
v 0.139155 0.059084 1.369766
v 0.142833 0.061968 1.358062
v 0.146669 0.065051 1.346560
v 0.150705 0.068346 1.335039
v 0.154623 0.071720 1.323388
v 0.158401 0.075132 1.311784
v 0.129546 0.082380 1.372344
v 0.162005 0.078612 1.299942
v 0.165020 0.082024 1.287791
v 0.167508 0.085387 1.275490
v 0.169240 0.088612 1.262979
v 0.169728 0.091504 1.250162
v 0.168882 0.094064 1.237213
v 0.163128 0.106077 1.264394
v 0.166912 0.096377 1.224705
v 0.163749 0.098502 1.212221
v 0.159327 0.100487 1.200302
v 0.154092 0.102609 1.188768
v 0.148233 0.104820 1.177427
v 0.157335 0.111408 1.206805
v 0.141965 0.106710 1.166317
v 0.140991 0.109065 1.166608
v 0.136147 0.107951 1.155073
v 0.136017 0.108268 1.155113
v -0.006049 0.021734 1.636826
v 0.005327 0.027123 1.637931
v 0.016601 0.032646 1.637339
v 0.027357 0.038257 1.634660
v 0.037815 0.043883 1.630831
v 0.047535 0.049305 1.625551
v 0.055570 0.054252 1.618553
v 0.062243 0.058861 1.609627
v 0.067586 0.062987 1.599624
v 0.071631 0.066625 1.588971
v 0.074216 0.069899 1.577514
v 0.076482 0.072997 1.565036
v 0.078587 0.075568 1.552541
v 0.080289 0.077636 1.539915
v 0.081765 0.079340 1.527335
v 0.083181 0.080689 1.514498
v 0.084356 0.081680 1.502072
v 0.085644 0.082843 1.490109
v 0.087277 0.084378 1.478051
v 0.089123 0.086072 1.465931
v 0.091120 0.087764 1.453687
v 0.093207 0.089418 1.441543
v 0.095508 0.091069 1.429287
v 0.097995 0.092647 1.417053
v 0.100622 0.094168 1.404823
v 0.103573 0.095740 1.392604
v 0.107003 0.097435 1.380463
v 0.110821 0.099218 1.368516
v 0.114854 0.101072 1.356828
v 0.119192 0.103078 1.345170
v 0.123740 0.105177 1.333748
v 0.128195 0.107253 1.322392
v 0.132669 0.109360 1.310961
v 0.136962 0.111416 1.299649
v 0.140725 0.113323 1.288248
v 0.144096 0.115144 1.276720
v 0.146816 0.116754 1.265032
v 0.148463 0.117977 1.253213
v 0.149064 0.118814 1.241321
v 0.148847 0.119160 1.228991
v 0.147907 0.118805 1.216805
v 0.146126 0.117650 1.204440
v 0.144069 0.115785 1.191977
v 0.141828 0.113303 1.179585
v 0.139048 0.110582 1.167316
v 0.135755 0.108472 1.155206
v -0.006049 0.021734 1.636826
v -0.001864 0.009591 1.636342
v -0.003788 0.015790 1.634847
v -0.004125 0.015535 1.638322
v 0.135755 0.108472 1.155206
v 0.135885 0.108155 1.155167
v 0.136147 0.107951 1.155073
v 0.136017 0.108268 1.155113
v -0.008839 0.021612 1.636871
v -0.003838 0.015843 1.634847
v -0.000272 0.030708 1.637982
v 0.008145 0.039897 1.637439
v 0.015965 0.048929 1.634636
v 0.023457 0.057845 1.630453
v 0.030285 0.066252 1.624873
v 0.035637 0.073529 1.618006
v 0.039770 0.080084 1.609353
v 0.042925 0.085879 1.599433
v 0.039315 0.052091 1.628622
v 0.045618 0.091134 1.588682
v 0.047245 0.095430 1.577690
v 0.048410 0.099338 1.565705
v 0.049639 0.102791 1.553005
v 0.050671 0.105324 1.540221
v 0.051438 0.107109 1.527640
v 0.052355 0.108751 1.514834
v 0.053340 0.110024 1.502193
v 0.065009 0.083179 1.560074
v 0.054313 0.111090 1.489884
v 0.055420 0.112470 1.478092
v 0.056837 0.114272 1.466043
v 0.058455 0.116232 1.453942
v 0.060227 0.118193 1.441809
v 0.062130 0.120134 1.429740
v 0.064273 0.122137 1.417637
v 0.066692 0.124210 1.405584
v 0.077480 0.091038 1.455689
v 0.069331 0.126339 1.393592
v 0.072249 0.128615 1.381672
v 0.075572 0.131183 1.369811
v 0.079232 0.133984 1.358225
v 0.083052 0.136894 1.346877
v 0.087032 0.139945 1.335488
v 0.091189 0.143138 1.324279
v 0.095197 0.146220 1.313292
v 0.095323 0.107509 1.365705
v 0.099028 0.149194 1.302008
v 0.102698 0.152050 1.290833
v 0.105940 0.154606 1.279499
v 0.108503 0.156640 1.268000
v 0.110560 0.158327 1.256179
v 0.111906 0.159464 1.244247
v 0.112264 0.159802 1.232483
v 0.111863 0.159491 1.220304
v 0.126232 0.141518 1.252856
v 0.111044 0.158481 1.208025
v 0.109959 0.156701 1.195822
v 0.108650 0.154058 1.183623
v 0.107529 0.150791 1.171286
v 0.106621 0.147105 1.158970
v 0.119415 0.144510 1.193672
v 0.105452 0.143307 1.146741
v 0.107191 0.141001 1.146516
v 0.103579 0.140107 1.134642
v 0.103824 0.139782 1.134610
v 0.000926 0.009713 1.636298
v 0.011538 0.016207 1.637557
v 0.022305 0.022702 1.637359
v 0.033019 0.029351 1.635008
v 0.043369 0.035975 1.631695
v 0.053276 0.042625 1.626843
v 0.062508 0.049416 1.619443
v 0.069665 0.055208 1.609812
v 0.075196 0.060086 1.599077
v 0.079686 0.064201 1.587985
v 0.083425 0.067914 1.576104
v 0.086177 0.070527 1.564452
v 0.088684 0.072346 1.553174
v 0.091069 0.073517 1.541644
v 0.093382 0.074336 1.529719
v 0.095574 0.074886 1.517981
v 0.097609 0.074974 1.506009
v 0.099699 0.075111 1.493701
v 0.101976 0.075810 1.480978
v 0.104234 0.076881 1.468634
v 0.106482 0.078205 1.456422
v 0.108679 0.079663 1.444276
v 0.110823 0.081301 1.432104
v 0.112943 0.083157 1.420046
v 0.115092 0.085257 1.408046
v 0.117264 0.087568 1.396080
v 0.119546 0.090155 1.384206
v 0.122032 0.093087 1.372556
v 0.124776 0.096391 1.360937
v 0.127641 0.099960 1.349259
v 0.130488 0.103679 1.337749
v 0.133445 0.107639 1.326263
v 0.136291 0.111687 1.314469
v 0.138763 0.115579 1.302732
v 0.141036 0.119474 1.290758
v 0.142798 0.123147 1.278580
v 0.143979 0.126601 1.266151
v 0.144564 0.129764 1.253762
v 0.144319 0.132434 1.241185
v 0.142891 0.134376 1.228252
v 0.140462 0.135722 1.215786
v 0.137183 0.136695 1.203573
v 0.132970 0.137304 1.191548
v 0.127799 0.137714 1.179877
v 0.122036 0.138328 1.168498
v 0.115899 0.139121 1.157175
v 0.109688 0.139659 1.145915
v 0.104176 0.139592 1.134526
v 0.000926 0.009713 1.636298
v -0.004075 0.015482 1.638321
v 0.011538 0.016207 1.637557
v 0.022305 0.022702 1.637359
v 0.033019 0.029351 1.635008
v 0.043369 0.035975 1.631695
v 0.053276 0.042625 1.626843
v 0.025332 0.040117 1.639559
v 0.062508 0.049416 1.619443
v 0.069665 0.055208 1.609812
v 0.075196 0.060086 1.599077
v 0.079686 0.064201 1.587985
v 0.083425 0.067914 1.576104
v 0.086177 0.070527 1.564452
v 0.088684 0.072346 1.553174
v 0.063844 0.079096 1.600733
v 0.091069 0.073517 1.541644
v 0.093382 0.074336 1.529719
v 0.095574 0.074886 1.517981
v 0.097609 0.074974 1.506009
v 0.099699 0.075111 1.493701
v 0.101976 0.075810 1.480978
v 0.104234 0.076881 1.468634
v 0.106482 0.078205 1.456422
v 0.080175 0.098332 1.497067
v 0.108679 0.079663 1.444276
v 0.110823 0.081301 1.432104
v 0.112943 0.083157 1.420046
v 0.115092 0.085257 1.408046
v 0.117264 0.087568 1.396080
v 0.119546 0.090155 1.384206
v 0.122032 0.093087 1.372556
v 0.124776 0.096391 1.360937
v 0.097962 0.112692 1.392166
v 0.127641 0.099960 1.349259
v 0.130488 0.103679 1.337749
v 0.133445 0.107639 1.326263
v 0.136291 0.111687 1.314469
v 0.138763 0.115579 1.302732
v 0.141036 0.119474 1.290758
v 0.142798 0.123147 1.278580
v 0.143979 0.126601 1.266151
v 0.126532 0.140993 1.289564
v 0.144564 0.129764 1.253762
v 0.144319 0.132434 1.241185
v 0.142891 0.134376 1.228252
v 0.140462 0.135722 1.215786
v 0.131537 0.150551 1.237332
v 0.137183 0.136695 1.203573
v 0.132970 0.137304 1.191548
v 0.127799 0.137714 1.179877
v 0.122036 0.138328 1.168498
v 0.115899 0.139121 1.157175
v 0.123057 0.149638 1.189916
v 0.109688 0.139659 1.145915
v 0.107949 0.141966 1.146139
v 0.104176 0.139592 1.134526
v 0.103931 0.139918 1.134558
v -0.008839 0.021612 1.636871
v -0.000272 0.030708 1.637982
v 0.008145 0.039897 1.637439
v 0.015965 0.048929 1.634636
v 0.023457 0.057845 1.630453
v 0.030285 0.066252 1.624873
v 0.035637 0.073529 1.618006
v 0.039770 0.080084 1.609353
v 0.042925 0.085879 1.599433
v 0.045618 0.091134 1.588682
v 0.047245 0.095430 1.577690
v 0.048410 0.099338 1.565705
v 0.049639 0.102791 1.553005
v 0.050671 0.105324 1.540221
v 0.051438 0.107109 1.527640
v 0.052355 0.108751 1.514834
v 0.053340 0.110024 1.502193
v 0.054313 0.111090 1.489884
v 0.055420 0.112470 1.478092
v 0.056837 0.114272 1.466043
v 0.058455 0.116232 1.453942
v 0.060227 0.118193 1.441809
v 0.062130 0.120134 1.429740
v 0.064273 0.122137 1.417637
v 0.066692 0.124210 1.405584
v 0.069331 0.126339 1.393592
v 0.072249 0.128615 1.381672
v 0.075572 0.131183 1.369811
v 0.079232 0.133984 1.358225
v 0.083052 0.136894 1.346877
v 0.087032 0.139945 1.335488
v 0.091189 0.143138 1.324279
v 0.095197 0.146220 1.313292
v 0.099028 0.149194 1.302008
v 0.102698 0.152050 1.290833
v 0.105940 0.154606 1.279499
v 0.108503 0.156640 1.268000
v 0.110560 0.158327 1.256179
v 0.111906 0.159464 1.244247
v 0.112264 0.159802 1.232483
v 0.111863 0.159491 1.220304
v 0.111044 0.158481 1.208025
v 0.109959 0.156701 1.195822
v 0.108650 0.154058 1.183623
v 0.107529 0.150791 1.171286
v 0.106621 0.147105 1.158970
v 0.105452 0.143307 1.146741
v 0.103579 0.140107 1.134642
v -0.008839 0.021612 1.636871
v 0.000926 0.009713 1.636298
v -0.003838 0.015843 1.634847
v -0.004075 0.015482 1.638321
v 0.103579 0.140107 1.134642
v 0.103824 0.139782 1.134610
v 0.104176 0.139592 1.134526
v 0.103931 0.139918 1.134558
v -0.010596 0.019326 1.636824
v -0.003907 0.015866 1.634847
v -0.005944 0.030996 1.637873
v -0.001468 0.042728 1.637156
v 0.002778 0.054224 1.634000
v 0.006961 0.065418 1.629815
v 0.010845 0.075883 1.624202
v 0.013988 0.085106 1.617161
v 0.016228 0.092979 1.608176
v 0.017728 0.099556 1.597945
v 0.023280 0.064573 1.628165
v 0.018959 0.105490 1.586991
v 0.019669 0.110524 1.575904
v 0.019984 0.114991 1.564023
v 0.020283 0.118880 1.551421
v 0.020606 0.121812 1.538409
v 0.020704 0.123603 1.525746
v 0.020799 0.125123 1.513283
v 0.021022 0.126607 1.500535
v 0.039584 0.103483 1.556392
v 0.021259 0.127828 1.488045
v 0.021589 0.129201 1.475773
v 0.022069 0.130945 1.463604
v 0.022717 0.132927 1.451296
v 0.023529 0.135024 1.438942
v 0.024477 0.137125 1.426654
v 0.025607 0.139327 1.414351
v 0.027023 0.141734 1.402024
v 0.047473 0.114208 1.447785
v 0.028686 0.144322 1.389830
v 0.030583 0.147119 1.377686
v 0.032782 0.150282 1.365573
v 0.035324 0.153913 1.353683
v 0.038104 0.157840 1.342036
v 0.040939 0.161748 1.330522
v 0.043870 0.165715 1.318916
v 0.046829 0.169643 1.307510
v 0.058589 0.132833 1.363925
v 0.049645 0.173283 1.296082
v 0.052385 0.176742 1.284387
v 0.054940 0.179852 1.272894
v 0.057106 0.182340 1.261267
v 0.058816 0.184133 1.249519
v 0.060129 0.185297 1.237428
v 0.061001 0.185683 1.225250
v 0.061339 0.185104 1.213283
v 0.061314 0.183704 1.201003
v 0.061288 0.181767 1.188707
v 0.061321 0.179200 1.176476
v 0.061540 0.176022 1.164191
v 0.080972 0.177280 1.233779
v 0.062246 0.172632 1.151764
v 0.063354 0.169245 1.139305
v 0.070455 0.167708 1.151176
v 0.064316 0.165906 1.126849
v 0.066716 0.164487 1.126708
v 0.064429 0.162859 1.114478
v 0.064776 0.162655 1.114458
v 0.002683 0.012000 1.636345
v 0.010132 0.022136 1.637586
v 0.017670 0.032305 1.637276
v 0.025084 0.042196 1.634685
v 0.032335 0.051667 1.630577
v 0.039247 0.060737 1.624867
v 0.045499 0.069345 1.617102
v 0.050428 0.076575 1.607504
v 0.054229 0.082474 1.596688
v 0.057324 0.087473 1.585525
v 0.060005 0.092131 1.573772
v 0.062072 0.095670 1.562041
v 0.063925 0.098232 1.550537
v 0.065670 0.099784 1.538999
v 0.067391 0.100821 1.526838
v 0.069133 0.101850 1.514448
v 0.070819 0.102766 1.502332
v 0.072510 0.103673 1.489935
v 0.074220 0.104905 1.477376
v 0.075926 0.106590 1.464826
v 0.077575 0.108514 1.452496
v 0.079177 0.110613 1.440269
v 0.080719 0.112882 1.428016
v 0.082197 0.115338 1.415843
v 0.083650 0.118082 1.403823
v 0.085131 0.121141 1.391813
v 0.086633 0.124470 1.379905
v 0.088224 0.128164 1.368225
v 0.089994 0.132355 1.356713
v 0.091891 0.136931 1.345264
v 0.093753 0.141597 1.333713
v 0.095538 0.146239 1.322270
v 0.097303 0.150967 1.310647
v 0.098848 0.155474 1.298792
v 0.100152 0.159694 1.286985
v 0.101249 0.163707 1.274743
v 0.101851 0.167112 1.262187
v 0.101868 0.169799 1.249353
v 0.101338 0.171780 1.236607
v 0.100238 0.172966 1.223793
v 0.098406 0.173108 1.210767
v 0.095923 0.172469 1.198209
v 0.092892 0.171458 1.185816
v 0.089197 0.170033 1.173592
v 0.084791 0.168341 1.161662
v 0.079846 0.166827 1.149891
v 0.074603 0.165568 1.138082
v 0.069464 0.164241 1.126282
v 0.065173 0.162620 1.114396
v 0.002683 0.012000 1.636345
v -0.004006 0.015460 1.638322
v 0.010132 0.022136 1.637586
v 0.017670 0.032305 1.637276
v 0.025084 0.042196 1.634685
v 0.032335 0.051667 1.630577
v 0.039247 0.060737 1.624867
v 0.045499 0.069345 1.617102
v 0.050428 0.076575 1.607504
v 0.054229 0.082474 1.596688
v 0.025747 0.068080 1.634564
v 0.057324 0.087473 1.585525
v 0.060005 0.092131 1.573772
v 0.062072 0.095670 1.562041
v 0.063925 0.098232 1.550537
v 0.065670 0.099784 1.538999
v 0.067391 0.100821 1.526838
v 0.069133 0.101850 1.514448
v 0.070819 0.102766 1.502332
v 0.043871 0.113231 1.559273
v 0.072510 0.103673 1.489935
v 0.074220 0.104905 1.477376
v 0.075926 0.106590 1.464826
v 0.077575 0.108514 1.452496
v 0.079177 0.110613 1.440269
v 0.080719 0.112882 1.428016
v 0.082197 0.115338 1.415843
v 0.083650 0.118082 1.403823
v 0.052632 0.126608 1.452337
v 0.085131 0.121141 1.391813
v 0.086633 0.124470 1.379905
v 0.088224 0.128164 1.368225
v 0.089994 0.132355 1.356713
v 0.091891 0.136931 1.345264
v 0.093753 0.141597 1.333713
v 0.095538 0.146239 1.322270
v 0.097303 0.150967 1.310647
v 0.062432 0.144910 1.369830
v 0.098848 0.155474 1.298792
v 0.100152 0.159694 1.286985
v 0.101249 0.163707 1.274743
v 0.101851 0.167112 1.262187
v 0.101868 0.169799 1.249353
v 0.101338 0.171780 1.236607
v 0.100238 0.172966 1.223793
v 0.098406 0.173108 1.210767
v 0.083399 0.183790 1.249328
v 0.095923 0.172469 1.198209
v 0.092892 0.171458 1.185816
v 0.089197 0.170033 1.173592
v 0.084791 0.168341 1.161662
v 0.079846 0.166827 1.149891
v 0.074603 0.165568 1.138082
v 0.077614 0.179766 1.182086
v 0.069464 0.164241 1.126282
v 0.067064 0.165659 1.126423
v 0.065173 0.162620 1.114396
v 0.064826 0.162824 1.114417
v -0.010596 0.019326 1.636824
v -0.005944 0.030996 1.637873
v -0.001468 0.042728 1.637156
v 0.002778 0.054224 1.634000
v 0.006961 0.065418 1.629815
v 0.010845 0.075883 1.624202
v 0.013988 0.085106 1.617161
v 0.016228 0.092979 1.608176
v 0.017728 0.099556 1.597945
v 0.018959 0.105490 1.586991
v 0.019669 0.110524 1.575904
v 0.019984 0.114991 1.564023
v 0.020283 0.118880 1.551421
v 0.020606 0.121812 1.538409
v 0.020704 0.123603 1.525746
v 0.020799 0.125123 1.513283
v 0.021022 0.126607 1.500535
v 0.021259 0.127828 1.488045
v 0.021589 0.129201 1.475773
v 0.022069 0.130945 1.463604
v 0.022717 0.132927 1.451296
v 0.023529 0.135024 1.438942
v 0.024477 0.137125 1.426654
v 0.025607 0.139327 1.414351
v 0.027023 0.141734 1.402024
v 0.028686 0.144322 1.389830
v 0.030583 0.147119 1.377686
v 0.032782 0.150282 1.365573
v 0.035324 0.153913 1.353683
v 0.038104 0.157840 1.342036
v 0.040939 0.161748 1.330522
v 0.043870 0.165715 1.318916
v 0.046829 0.169643 1.307510
v 0.049645 0.173283 1.296082
v 0.052385 0.176742 1.284387
v 0.054940 0.179852 1.272894
v 0.057106 0.182340 1.261267
v 0.058816 0.184133 1.249519
v 0.060129 0.185297 1.237428
v 0.061001 0.185683 1.225250
v 0.061339 0.185104 1.213283
v 0.061314 0.183704 1.201003
v 0.061288 0.181767 1.188707
v 0.061321 0.179200 1.176476
v 0.061540 0.176022 1.164191
v 0.062246 0.172632 1.151764
v 0.063354 0.169245 1.139305
v 0.064316 0.165906 1.126849
v 0.064429 0.162859 1.114478
v -0.010596 0.019326 1.636824
v 0.002683 0.012000 1.636345
v -0.003907 0.015866 1.634847
v -0.004006 0.015460 1.638322
v 0.064429 0.162859 1.114478
v 0.064776 0.162655 1.114458
v 0.065173 0.162620 1.114396
v 0.064826 0.162824 1.114417
v -0.009565 0.016634 1.636715
v -0.003962 0.015865 1.634846
v -0.008612 0.028919 1.637734
v -0.007809 0.041221 1.637040
v -0.007058 0.053236 1.633789
v -0.006213 0.064788 1.629250
v -0.005376 0.075504 1.623223
v -0.004744 0.084958 1.615853
v -0.004437 0.092997 1.606897
v -0.004376 0.099637 1.596733
v 0.005585 0.068392 1.628310
v -0.004408 0.105424 1.585974
v -0.004551 0.110561 1.575012
v -0.004896 0.114968 1.563601
v -0.005252 0.118665 1.551625
v -0.005506 0.121311 1.539420
v -0.005721 0.122875 1.527105
v -0.005904 0.124044 1.514806
v -0.006046 0.125317 1.502515
v 0.012315 0.112762 1.554114
v -0.006141 0.126423 1.490207
v -0.006177 0.127627 1.477921
v -0.006144 0.129203 1.465688
v -0.006039 0.131055 1.453483
v -0.005844 0.133104 1.441285
v -0.005554 0.135258 1.429135
v -0.005161 0.137514 1.416993
v -0.004627 0.140039 1.404814
v 0.016255 0.123548 1.449254
v -0.003933 0.142918 1.392753
v -0.003108 0.146103 1.380784
v -0.002143 0.149662 1.368826
v -0.001031 0.153627 1.357016
v 0.000225 0.158058 1.345418
v 0.001580 0.162686 1.333979
v 0.002990 0.167242 1.322564
v 0.004480 0.171886 1.311159
v 0.020893 0.143920 1.363633
v 0.006003 0.176388 1.299839
v 0.007517 0.180566 1.288410
v 0.009046 0.184638 1.276884
v 0.010547 0.188222 1.265376
v 0.011970 0.191008 1.253644
v 0.013312 0.193027 1.241685
v 0.014587 0.194258 1.229646
v 0.015818 0.194515 1.217461
v 0.029998 0.188082 1.251718
v 0.017017 0.193430 1.205319
v 0.018255 0.191596 1.193331
v 0.019594 0.189601 1.181291
v 0.021089 0.187803 1.169186
v 0.031752 0.188277 1.191756
v 0.022870 0.185473 1.157179
v 0.024935 0.182914 1.145172
v 0.027045 0.180109 1.133175
v 0.031743 0.181324 1.152503
v 0.028914 0.177328 1.121096
v 0.030841 0.176530 1.121184
v 0.030123 0.174618 1.109000
v 0.030408 0.174501 1.109014
v 0.001651 0.014691 1.636454
v 0.004916 0.026605 1.637624
v 0.008216 0.038556 1.637226
v 0.011526 0.050089 1.634457
v 0.014913 0.061207 1.630306
v 0.018205 0.071754 1.624573
v 0.021185 0.081641 1.617112
v 0.023584 0.090050 1.607948
v 0.025472 0.096930 1.597592
v 0.027030 0.102856 1.586696
v 0.028372 0.108315 1.575420
v 0.029494 0.112898 1.563877
v 0.030558 0.116466 1.552294
v 0.031687 0.119037 1.540418
v 0.032808 0.120631 1.528287
v 0.033903 0.121933 1.516058
v 0.034960 0.123336 1.503842
v 0.035971 0.124584 1.491610
v 0.036938 0.125968 1.479380
v 0.037855 0.127723 1.467190
v 0.038712 0.129748 1.455050
v 0.039508 0.131966 1.442971
v 0.040238 0.134307 1.430885
v 0.040878 0.136750 1.418831
v 0.041448 0.139422 1.406921
v 0.041974 0.142455 1.395063
v 0.042459 0.145791 1.383276
v 0.042926 0.149438 1.371685
v 0.043414 0.153489 1.360221
v 0.043937 0.158024 1.348907
v 0.044465 0.162798 1.337616
v 0.044966 0.167526 1.326255
v 0.045456 0.172321 1.314954
v 0.045923 0.177053 1.303484
v 0.046316 0.181350 1.291826
v 0.046654 0.185279 1.280090
v 0.046919 0.188809 1.268046
v 0.047033 0.191513 1.255784
v 0.046985 0.193409 1.243425
v 0.046796 0.194517 1.230935
v 0.046470 0.194821 1.218482
v 0.046000 0.194419 1.206017
v 0.045287 0.193148 1.193540
v 0.044261 0.191215 1.181227
v 0.042878 0.188057 1.169170
v 0.040986 0.184626 1.157189
v 0.038550 0.181592 1.145172
v 0.035720 0.179221 1.133060
v 0.032884 0.176927 1.121015
v 0.030709 0.174560 1.108990
v 0.001651 0.014691 1.636454
v -0.003951 0.015460 1.638323
v 0.004916 0.026605 1.637624
v 0.008216 0.038556 1.637226
v 0.011526 0.050089 1.634457
v 0.014913 0.061207 1.630306
v 0.018205 0.071754 1.624573
v 0.021185 0.081641 1.617112
v 0.023584 0.090050 1.607948
v 0.025472 0.096930 1.597592
v 0.006085 0.072413 1.634597
v 0.027030 0.102856 1.586696
v 0.028372 0.108315 1.575420
v 0.029494 0.112898 1.563877
v 0.030558 0.116466 1.552294
v 0.031687 0.119037 1.540418
v 0.032808 0.120631 1.528287
v 0.033903 0.121933 1.516058
v 0.034960 0.123336 1.503842
v 0.012796 0.123466 1.556891
v 0.035971 0.124584 1.491610
v 0.036938 0.125968 1.479380
v 0.037855 0.127723 1.467190
v 0.038712 0.129748 1.455050
v 0.039508 0.131966 1.442971
v 0.040238 0.134307 1.430885
v 0.040878 0.136750 1.418831
v 0.041448 0.139422 1.406921
v 0.016445 0.137040 1.453233
v 0.041974 0.142455 1.395063
v 0.042459 0.145791 1.383276
v 0.042926 0.149438 1.371685
v 0.043414 0.153489 1.360221
v 0.043937 0.158024 1.348907
v 0.044465 0.162798 1.337616
v 0.044966 0.167526 1.326255
v 0.045456 0.172321 1.314954
v 0.020292 0.156889 1.368758
v 0.045923 0.177053 1.303484
v 0.046316 0.181350 1.291826
v 0.046654 0.185279 1.280090
v 0.046919 0.188809 1.268046
v 0.047033 0.191513 1.255784
v 0.046985 0.193409 1.243425
v 0.046796 0.194517 1.230935
v 0.046470 0.194821 1.218482
v 0.029597 0.198569 1.254359
v 0.046000 0.194419 1.206017
v 0.045287 0.193148 1.193540
v 0.044261 0.191215 1.181227
v 0.042878 0.188057 1.169170
v 0.032129 0.195711 1.186227
v 0.040986 0.184626 1.157189
v 0.038550 0.181592 1.145172
v 0.035720 0.179221 1.133060
v 0.032116 0.186604 1.152860
v 0.032884 0.176927 1.121015
v 0.030957 0.177724 1.120928
v 0.030709 0.174560 1.108990
v 0.030424 0.174677 1.108976
v -0.009565 0.016634 1.636715
v -0.008612 0.028919 1.637734
v -0.007809 0.041221 1.637040
v -0.007058 0.053236 1.633789
v -0.006213 0.064788 1.629250
v -0.005376 0.075504 1.623223
v -0.004744 0.084958 1.615853
v -0.004437 0.092997 1.606897
v -0.004376 0.099637 1.596733
v -0.004408 0.105424 1.585974
v -0.004551 0.110561 1.575012
v -0.004896 0.114968 1.563601
v -0.005252 0.118665 1.551625
v -0.005506 0.121311 1.539420
v -0.005721 0.122875 1.527105
v -0.005904 0.124044 1.514806
v -0.006046 0.125317 1.502515
v -0.006141 0.126423 1.490207
v -0.006177 0.127627 1.477921
v -0.006144 0.129203 1.465688
v -0.006039 0.131055 1.453483
v -0.005844 0.133104 1.441285
v -0.005554 0.135258 1.429135
v -0.005161 0.137514 1.416993
v -0.004627 0.140039 1.404814
v -0.003933 0.142918 1.392753
v -0.003108 0.146103 1.380784
v -0.002143 0.149662 1.368826
v -0.001031 0.153627 1.357016
v 0.000225 0.158058 1.345418
v 0.001580 0.162686 1.333979
v 0.002990 0.167242 1.322564
v 0.004480 0.171886 1.311159
v 0.006003 0.176388 1.299839
v 0.007517 0.180566 1.288410
v 0.009046 0.184638 1.276884
v 0.010547 0.188222 1.265376
v 0.011970 0.191008 1.253644
v 0.013312 0.193027 1.241685
v 0.014587 0.194258 1.229646
v 0.015818 0.194515 1.217461
v 0.017017 0.193430 1.205319
v 0.018255 0.191596 1.193331
v 0.019594 0.189601 1.181291
v 0.021089 0.187803 1.169186
v 0.022870 0.185473 1.157179
v 0.024935 0.182914 1.145172
v 0.027045 0.180109 1.133175
v 0.028914 0.177328 1.121096
v 0.030123 0.174618 1.109000
v -0.009565 0.016634 1.636715
v 0.001651 0.014691 1.636454
v -0.003962 0.015865 1.634846
v -0.003951 0.015460 1.638323
v 0.030123 0.174618 1.109000
v 0.030408 0.174501 1.109014
v 0.030709 0.174560 1.108990
v 0.030424 0.174677 1.108976
v -0.010004 0.014914 1.636664
v -0.004003 0.015853 1.634845
v -0.012802 0.027064 1.637562
v -0.015741 0.039143 1.636499
v -0.018560 0.050959 1.632846
v -0.021098 0.062447 1.628327
v -0.023351 0.073210 1.622362
v -0.025389 0.082778 1.614918
v -0.027190 0.090659 1.605524
v -0.028736 0.096978 1.595016
v -0.009723 0.069348 1.627661
v -0.030137 0.102513 1.584010
v -0.031528 0.107410 1.572816
v -0.032891 0.111520 1.561160
v -0.034080 0.114903 1.549041
v -0.034976 0.117304 1.536664
v -0.035647 0.118739 1.524273
v -0.036280 0.119986 1.511946
v -0.036918 0.121115 1.499649
v -0.014119 0.112778 1.552957
v -0.037515 0.122139 1.487214
v -0.038067 0.123420 1.474730
v -0.038573 0.125116 1.462291
v -0.039016 0.127055 1.449923
v -0.039375 0.129177 1.437563
v -0.039629 0.131409 1.425250
v -0.039783 0.133828 1.412947
v -0.039826 0.136594 1.400653
v -0.014041 0.124511 1.444595
v -0.039790 0.139701 1.388512
v -0.039680 0.143140 1.376406
v -0.039486 0.147035 1.364284
v -0.039223 0.151415 1.352428
v -0.038889 0.156180 1.340689
v -0.038440 0.160980 1.329068
v -0.037881 0.165848 1.317444
v -0.037212 0.170760 1.305841
v -0.014439 0.145135 1.362417
v -0.036392 0.175374 1.294219
v -0.035423 0.179751 1.282467
v -0.034299 0.183808 1.270665
v -0.032985 0.187182 1.258758
v -0.031459 0.189798 1.246651
v -0.029738 0.191700 1.234475
v -0.027830 0.192755 1.222265
v -0.025658 0.192702 1.210043
v -0.023229 0.191811 1.197918
v -0.020605 0.190499 1.185980
v -0.017717 0.188708 1.174016
v -0.014469 0.186537 1.162123
v -0.012018 0.194706 1.233024
v -0.010936 0.184490 1.150226
v -0.007352 0.182688 1.138192
v -0.003099 0.184542 1.150395
v -0.004008 0.180833 1.126059
v -0.001740 0.180875 1.126205
v -0.001364 0.178783 1.113891
v -0.001037 0.178790 1.113913
v 0.002091 0.016411 1.636504
v 0.001825 0.028925 1.637711
v 0.001590 0.041488 1.637225
v 0.001572 0.053582 1.634428
v 0.001876 0.065200 1.629869
v 0.002314 0.076112 1.623653
v 0.002709 0.086060 1.615693
v 0.003037 0.094437 1.606281
v 0.003345 0.101360 1.595696
v 0.003566 0.107428 1.584645
v 0.003694 0.112907 1.573189
v 0.003869 0.117418 1.561466
v 0.004220 0.121001 1.549647
v 0.004834 0.123454 1.537562
v 0.005591 0.125104 1.525194
v 0.006293 0.126657 1.512727
v 0.006879 0.128199 1.500216
v 0.007406 0.129568 1.487813
v 0.007860 0.131154 1.475512
v 0.008222 0.133136 1.463273
v 0.008493 0.135351 1.451037
v 0.008678 0.137711 1.438852
v 0.008772 0.140159 1.426656
v 0.008764 0.142747 1.414515
v 0.008622 0.145606 1.402501
v 0.008357 0.148798 1.390499
v 0.007996 0.152256 1.378627
v 0.007574 0.156048 1.367014
v 0.007089 0.160358 1.355483
v 0.006558 0.165018 1.344120
v 0.006035 0.169760 1.332685
v 0.005525 0.174535 1.321296
v 0.005031 0.179357 1.309925
v 0.004610 0.183922 1.298349
v 0.004256 0.188212 1.286712
v 0.003979 0.192215 1.274916
v 0.003831 0.195543 1.262824
v 0.003820 0.198074 1.250566
v 0.003938 0.199853 1.238136
v 0.004172 0.200749 1.225571
v 0.004557 0.200564 1.212982
v 0.004962 0.199451 1.200402
v 0.005150 0.197705 1.187737
v 0.005024 0.195205 1.175280
v 0.004498 0.192065 1.162945
v 0.003407 0.188730 1.150601
v 0.001809 0.185410 1.138295
v 0.000177 0.182091 1.126078
v -0.000761 0.178967 1.113896
v 0.002091 0.016411 1.636504
v -0.003910 0.015472 1.638323
v 0.001825 0.028925 1.637711
v 0.001590 0.041488 1.637225
v 0.001572 0.053582 1.634428
v 0.001876 0.065200 1.629869
v 0.002314 0.076112 1.623653
v 0.002709 0.086060 1.615693
v 0.003037 0.094437 1.606281
v 0.003345 0.101360 1.595696
v -0.010133 0.073485 1.633929
v 0.003566 0.107428 1.584645
v 0.003694 0.112907 1.573189
v 0.003869 0.117418 1.561466
v 0.004220 0.121001 1.549647
v 0.004834 0.123454 1.537562
v 0.005591 0.125104 1.525194
v 0.006293 0.126657 1.512727
v 0.006879 0.128199 1.500216
v -0.015868 0.123447 1.555521
v 0.007406 0.129568 1.487813
v 0.007860 0.131154 1.475512
v 0.008222 0.133136 1.463273
v 0.008493 0.135351 1.451037
v 0.008678 0.137711 1.438852
v 0.008772 0.140159 1.426656
v 0.008764 0.142747 1.414515
v 0.008622 0.145606 1.402501
v -0.016532 0.137839 1.448703
v 0.008357 0.148798 1.390499
v 0.007996 0.152256 1.378627
v 0.007574 0.156048 1.367014
v 0.007089 0.160358 1.355483
v 0.006558 0.165018 1.344120
v 0.006035 0.169760 1.332685
v 0.005525 0.174535 1.321296
v 0.005031 0.179357 1.309925
v -0.017613 0.157565 1.367835
v 0.004610 0.183922 1.298349
v 0.004256 0.188212 1.286712
v 0.003979 0.192215 1.274916
v 0.003831 0.195543 1.262824
v 0.003820 0.198074 1.250566
v 0.003938 0.199853 1.238136
v 0.004172 0.200749 1.225571
v 0.004557 0.200564 1.212982
v -0.015297 0.201126 1.248679
v 0.004962 0.199451 1.200402
v 0.005150 0.197705 1.187737
v 0.005024 0.195205 1.175280
v 0.004498 0.192065 1.162945
v -0.008323 0.197431 1.182825
v 0.003407 0.188730 1.150601
v 0.001809 0.185410 1.138295
v -0.004138 0.188104 1.148064
v 0.000177 0.182091 1.126078
v -0.002091 0.182049 1.125932
v -0.000761 0.178967 1.113896
v -0.001088 0.178959 1.113874
v -0.010004 0.014914 1.636664
v -0.012802 0.027064 1.637562
v -0.015741 0.039143 1.636499
v -0.018560 0.050959 1.632846
v -0.021098 0.062447 1.628327
v -0.023351 0.073210 1.622362
v -0.025389 0.082778 1.614918
v -0.027190 0.090659 1.605524
v -0.028736 0.096978 1.595016
v -0.030137 0.102513 1.584010
v -0.031528 0.107410 1.572816
v -0.032891 0.111520 1.561160
v -0.034080 0.114903 1.549041
v -0.034976 0.117304 1.536664
v -0.035647 0.118739 1.524273
v -0.036280 0.119986 1.511946
v -0.036918 0.121115 1.499649
v -0.037515 0.122139 1.487214
v -0.038067 0.123420 1.474730
v -0.038573 0.125116 1.462291
v -0.039016 0.127055 1.449923
v -0.039375 0.129177 1.437563
v -0.039629 0.131409 1.425250
v -0.039783 0.133828 1.412947
v -0.039826 0.136594 1.400653
v -0.039790 0.139701 1.388512
v -0.039680 0.143140 1.376406
v -0.039486 0.147035 1.364284
v -0.039223 0.151415 1.352428
v -0.038889 0.156180 1.340689
v -0.038440 0.160980 1.329068
v -0.037881 0.165848 1.317444
v -0.037212 0.170760 1.305841
v -0.036392 0.175374 1.294219
v -0.035423 0.179751 1.282467
v -0.034299 0.183808 1.270665
v -0.032985 0.187182 1.258758
v -0.031459 0.189798 1.246651
v -0.029738 0.191700 1.234475
v -0.027830 0.192755 1.222265
v -0.025658 0.192702 1.210043
v -0.023229 0.191811 1.197918
v -0.020605 0.190499 1.185980
v -0.017717 0.188708 1.174016
v -0.014469 0.186537 1.162123
v -0.010936 0.184490 1.150226
v -0.007352 0.182688 1.138192
v -0.004008 0.180833 1.126059
v -0.001364 0.178783 1.113891
v -0.010004 0.014914 1.636664
v 0.002091 0.016411 1.636504
v -0.004003 0.015853 1.634845
v -0.003910 0.015472 1.638323
v -0.001364 0.178783 1.113891
v -0.001037 0.178790 1.113913
v -0.000761 0.178967 1.113896
v -0.001088 0.178959 1.113874
v -0.009785 0.012954 1.636594
v -0.004035 0.015826 1.634843
v -0.016258 0.023560 1.637407
v -0.022852 0.034069 1.636172
v -0.029222 0.044491 1.632371
v -0.035028 0.054531 1.627354
v -0.040190 0.063787 1.620858
v -0.044672 0.071859 1.612839
v -0.048383 0.078528 1.603229
v -0.051367 0.083871 1.592717
v -0.025767 0.064247 1.626692
v -0.054070 0.088629 1.581803
v -0.056596 0.092676 1.570758
v -0.058901 0.096054 1.559139
v -0.060824 0.098741 1.547168
v -0.062160 0.100378 1.535093
v -0.063192 0.101424 1.522867
v -0.064214 0.102338 1.510825
v -0.065242 0.103062 1.498633
v -0.040160 0.104596 1.552630
v -0.066268 0.103861 1.486050
v -0.067353 0.105197 1.473412
v -0.068494 0.107031 1.460984
v -0.069592 0.109143 1.448595
v -0.070600 0.111399 1.436333
v -0.071520 0.113849 1.424011
v -0.072359 0.116557 1.411758
v -0.073142 0.119590 1.399555
v -0.044272 0.116247 1.445143
v -0.073876 0.122881 1.387432
v -0.074587 0.126563 1.375317
v -0.075316 0.130844 1.363192
v -0.076052 0.135562 1.351452
v -0.076710 0.140570 1.339740
v -0.077208 0.145657 1.328160
v -0.077608 0.150972 1.316593
v -0.077781 0.156184 1.305119
v -0.050134 0.135760 1.364237
v -0.077657 0.161181 1.293516
v -0.077274 0.166059 1.281826
v -0.076547 0.170484 1.270131
v -0.075367 0.174287 1.258151
v -0.073808 0.177555 1.246183
v -0.071856 0.180069 1.234222
v -0.069330 0.181441 1.222083
v -0.066320 0.181984 1.210053
v -0.062945 0.181991 1.198255
v -0.059163 0.181581 1.186450
v -0.054866 0.180749 1.174820
v -0.050173 0.179915 1.163165
v -0.055057 0.186121 1.235575
v -0.045338 0.179132 1.151532
v -0.040181 0.180351 1.152259
v -0.040644 0.178087 1.139757
v -0.038290 0.178659 1.140078
v -0.036646 0.176690 1.127897
v -0.036314 0.176773 1.127943
v 0.001871 0.018371 1.636575
v -0.002136 0.030210 1.637556
v -0.006063 0.042034 1.636608
v -0.009471 0.053340 1.633421
v -0.012504 0.064526 1.629080
v -0.015240 0.075260 1.623153
v -0.017692 0.085066 1.615429
v -0.019566 0.093209 1.605943
v -0.021047 0.100075 1.595291
v -0.022449 0.106172 1.584234
v -0.023796 0.111672 1.572673
v -0.024788 0.116185 1.560967
v -0.025382 0.119887 1.549064
v -0.025472 0.122594 1.536722
v -0.025323 0.124658 1.524310
v -0.025295 0.126641 1.511692
v -0.025295 0.128242 1.499166
v -0.025297 0.129672 1.487021
v -0.025378 0.131393 1.475028
v -0.025536 0.133360 1.462934
v -0.025804 0.135499 1.450878
v -0.026162 0.137705 1.438732
v -0.026601 0.139926 1.426685
v -0.027180 0.142284 1.414652
v -0.027921 0.144830 1.402688
v -0.028801 0.147539 1.390752
v -0.029805 0.150503 1.378985
v -0.030951 0.153899 1.367553
v -0.032273 0.157819 1.356086
v -0.033632 0.161948 1.344777
v -0.034970 0.166214 1.333409
v -0.036326 0.170667 1.322194
v -0.037564 0.175092 1.310807
v -0.038613 0.179295 1.299345
v -0.039511 0.183376 1.287864
v -0.040143 0.187066 1.276077
v -0.040440 0.190118 1.264190
v -0.040426 0.192669 1.252056
v -0.040084 0.194481 1.239662
v -0.039446 0.195432 1.227272
v -0.038544 0.195524 1.214776
v -0.037612 0.194774 1.202114
v -0.036793 0.193117 1.189592
v -0.036160 0.190545 1.177107
v -0.036002 0.187460 1.164708
v -0.036264 0.183994 1.152288
v -0.036510 0.180333 1.140072
v -0.036064 0.177011 1.127943
v 0.001871 0.018371 1.636575
v -0.003878 0.015499 1.638325
v -0.002136 0.030210 1.637556
v -0.006063 0.042034 1.636608
v -0.009471 0.053340 1.633421
v -0.012504 0.064526 1.629080
v -0.015240 0.075260 1.623153
v -0.017692 0.085066 1.615429
v -0.019566 0.093209 1.605943
v -0.021047 0.100075 1.595291
v -0.028020 0.067932 1.632973
v -0.022449 0.106172 1.584234
v -0.023796 0.111672 1.572673
v -0.024788 0.116185 1.560967
v -0.025382 0.119887 1.549064
v -0.025472 0.122594 1.536722
v -0.025323 0.124658 1.524310
v -0.025295 0.126641 1.511692
v -0.025295 0.128242 1.499166
v -0.045968 0.113939 1.554864
v -0.025297 0.129672 1.487021
v -0.025378 0.131393 1.475028
v -0.025536 0.133360 1.462934
v -0.025804 0.135499 1.450878
v -0.026162 0.137705 1.438732
v -0.026601 0.139926 1.426685
v -0.027180 0.142284 1.414652
v -0.027921 0.144830 1.402688
v -0.050933 0.127367 1.452591
v -0.028801 0.147539 1.390752
v -0.029805 0.150503 1.378985
v -0.030951 0.153899 1.367553
v -0.032273 0.157819 1.356086
v -0.033632 0.161948 1.344777
v -0.034970 0.166214 1.333409
v -0.036326 0.170667 1.322194
v -0.037564 0.175092 1.310807
v -0.056199 0.147293 1.368812
v -0.038613 0.179295 1.299345
v -0.039511 0.183376 1.287864
v -0.040143 0.187066 1.276077
v -0.040440 0.190118 1.264190
v -0.040426 0.192669 1.252056
v -0.040084 0.194481 1.239662
v -0.039446 0.195432 1.227272
v -0.038544 0.195524 1.214776
v -0.060571 0.191218 1.250264
v -0.037612 0.194774 1.202114
v -0.036793 0.193117 1.189592
v -0.036160 0.190545 1.177107
v -0.036002 0.187460 1.164708
v -0.036264 0.183994 1.152288
v -0.048840 0.190307 1.184321
v -0.036510 0.180333 1.140072
v -0.038864 0.179761 1.139752
v -0.036064 0.177011 1.127943
v -0.036396 0.176928 1.127897
v -0.009785 0.012954 1.636594
v -0.016258 0.023560 1.637407
v -0.022852 0.034069 1.636172
v -0.029222 0.044491 1.632371
v -0.035028 0.054531 1.627354
v -0.040190 0.063787 1.620858
v -0.044672 0.071859 1.612839
v -0.048383 0.078528 1.603229
v -0.051367 0.083871 1.592717
v -0.054070 0.088629 1.581803
v -0.056596 0.092676 1.570758
v -0.058901 0.096054 1.559139
v -0.060824 0.098741 1.547168
v -0.062160 0.100378 1.535093
v -0.063192 0.101424 1.522867
v -0.064214 0.102338 1.510825
v -0.065242 0.103062 1.498633
v -0.066268 0.103861 1.486050
v -0.067353 0.105197 1.473412
v -0.068494 0.107031 1.460984
v -0.069592 0.109143 1.448595
v -0.070600 0.111399 1.436333
v -0.071520 0.113849 1.424011
v -0.072359 0.116557 1.411758
v -0.073142 0.119590 1.399555
v -0.073876 0.122881 1.387432
v -0.074587 0.126563 1.375317
v -0.075316 0.130844 1.363192
v -0.076052 0.135562 1.351452
v -0.076710 0.140570 1.339740
v -0.077208 0.145657 1.328160
v -0.077608 0.150972 1.316593
v -0.077781 0.156184 1.305119
v -0.077657 0.161181 1.293516
v -0.077274 0.166059 1.281826
v -0.076547 0.170484 1.270131
v -0.075367 0.174287 1.258151
v -0.073808 0.177555 1.246183
v -0.071856 0.180069 1.234222
v -0.069330 0.181441 1.222083
v -0.066320 0.181984 1.210053
v -0.062945 0.181991 1.198255
v -0.059163 0.181581 1.186450
v -0.054866 0.180749 1.174820
v -0.050173 0.179915 1.163165
v -0.045338 0.179132 1.151532
v -0.040644 0.178087 1.139757
v -0.036646 0.176690 1.127897
v -0.009785 0.012954 1.636594
v 0.001871 0.018371 1.636575
v -0.004035 0.015826 1.634843
v -0.003878 0.015499 1.638325
v -0.036646 0.176690 1.127897
v -0.036314 0.176773 1.127943
v -0.036064 0.177011 1.127943
v -0.036396 0.176928 1.127897
v -0.008614 0.011247 1.636516
v -0.004067 0.015806 1.634843
v -0.018230 0.019242 1.637369
v -0.027944 0.027151 1.636093
v -0.037438 0.035202 1.632400
v -0.046187 0.043052 1.627331
v -0.054067 0.050407 1.620633
v -0.060881 0.056909 1.612171
v -0.066314 0.062270 1.602112
v -0.036623 0.050908 1.628212
v -0.070697 0.066644 1.591424
v -0.074676 0.070483 1.580438
v -0.078241 0.073672 1.569013
v -0.081286 0.076220 1.557189
v -0.083677 0.078096 1.545054
v -0.085398 0.079249 1.532786
v -0.086860 0.080044 1.520647
v -0.088260 0.080601 1.508555
v -0.063242 0.086786 1.558971
v -0.089597 0.081044 1.496010
v -0.091033 0.081935 1.483152
v -0.092543 0.083350 1.470527
v -0.094056 0.085090 1.457982
v -0.095481 0.086980 1.445621
v -0.096834 0.089060 1.433231
v -0.098142 0.091431 1.420756
v -0.099394 0.094078 1.408433
v -0.070241 0.096471 1.461643
v -0.100609 0.096990 1.396039
v -0.101872 0.100279 1.383750
v -0.103264 0.104031 1.371636
v -0.104796 0.108256 1.359532
v -0.106301 0.112785 1.347614
v -0.107867 0.117734 1.335861
v -0.109401 0.123007 1.324173
v -0.110661 0.128248 1.312640
v -0.081188 0.116790 1.368657
v -0.111668 0.133523 1.301056
v -0.112365 0.138772 1.289394
v -0.112536 0.143682 1.277691
v -0.112195 0.148365 1.265786
v -0.111305 0.152585 1.253995
v -0.109875 0.156287 1.242099
v -0.107844 0.159536 1.230075
v -0.105048 0.162164 1.218160
v -0.095982 0.161749 1.256534
v -0.101215 0.163844 1.206309
v -0.096387 0.164819 1.194701
v -0.090988 0.165704 1.183280
v -0.085296 0.166544 1.171950
v -0.085668 0.169418 1.195044
v -0.079511 0.166924 1.160509
v -0.077248 0.167996 1.161047
v -0.074356 0.166807 1.148913
v -0.074053 0.166955 1.148985
v 0.000701 0.020078 1.636653
v -0.006889 0.030123 1.637578
v -0.014315 0.040148 1.636374
v -0.020916 0.049798 1.632843
v -0.027010 0.059381 1.627924
v -0.032540 0.068484 1.621456
v -0.037303 0.076619 1.613338
v -0.041032 0.083530 1.603668
v -0.044232 0.089623 1.592957
v -0.047194 0.095038 1.581778
v -0.049633 0.099647 1.570222
v -0.051502 0.103518 1.558387
v -0.052715 0.106633 1.546296
v -0.053359 0.109032 1.533927
v -0.053907 0.111124 1.521307
v -0.054479 0.112892 1.508581
v -0.054912 0.114276 1.496248
v -0.055454 0.115890 1.484305
v -0.056242 0.117958 1.472274
v -0.057182 0.120236 1.460258
v -0.058231 0.122576 1.448096
v -0.059358 0.124903 1.435995
v -0.060604 0.127274 1.424049
v -0.062003 0.129759 1.412042
v -0.063487 0.132282 1.400175
v -0.065155 0.135043 1.388379
v -0.067110 0.138197 1.376693
v -0.069289 0.141648 1.365289
v -0.071545 0.145344 1.353892
v -0.073735 0.149164 1.342529
v -0.075948 0.153174 1.331301
v -0.078029 0.157232 1.319862
v -0.079997 0.161308 1.308444
v -0.081769 0.165323 1.297011
v -0.083123 0.169041 1.285295
v -0.084094 0.172476 1.273556
v -0.084581 0.175526 1.261429
v -0.084301 0.177657 1.249077
v -0.083259 0.178810 1.236683
v -0.081914 0.179215 1.224129
v -0.080660 0.179090 1.211553
v -0.079324 0.178074 1.198928
v -0.078121 0.176155 1.186252
v -0.077053 0.173378 1.173587
v -0.075781 0.170089 1.161214
v -0.073860 0.167239 1.149008
v 0.000701 0.020078 1.636653
v -0.003846 0.015519 1.638325
v -0.006889 0.030123 1.637578
v -0.014315 0.040148 1.636374
v -0.020916 0.049798 1.632843
v -0.027010 0.059381 1.627924
v -0.032540 0.068484 1.621456
v -0.037303 0.076619 1.613338
v -0.041032 0.083530 1.603668
v -0.044232 0.089623 1.592957
v -0.042724 0.056962 1.632893
v -0.047194 0.095038 1.581778
v -0.049633 0.099647 1.570222
v -0.051502 0.103518 1.558387
v -0.052715 0.106633 1.546296
v -0.053359 0.109032 1.533927
v -0.053907 0.111124 1.521307
v -0.054479 0.112892 1.508581
v -0.054912 0.114276 1.496248
v -0.071657 0.095707 1.555440
v -0.055454 0.115890 1.484305
v -0.056242 0.117958 1.472274
v -0.057182 0.120236 1.460258
v -0.058231 0.122576 1.448096
v -0.059358 0.124903 1.435995
v -0.060604 0.127274 1.424049
v -0.062003 0.129759 1.412042
v -0.063487 0.132282 1.400175
v -0.081722 0.109483 1.446668
v -0.065155 0.135043 1.388379
v -0.067110 0.138197 1.376693
v -0.069289 0.141648 1.365289
v -0.071545 0.145344 1.353892
v -0.073735 0.149164 1.342529
v -0.075948 0.153174 1.331301
v -0.078029 0.157232 1.319862
v -0.079997 0.161308 1.308444
v -0.091096 0.127727 1.368580
v -0.081769 0.165323 1.297011
v -0.083123 0.169041 1.285295
v -0.084094 0.172476 1.273556
v -0.084581 0.175526 1.261429
v -0.084301 0.177657 1.249077
v -0.083259 0.178810 1.236683
v -0.081914 0.179215 1.224129
v -0.080660 0.179090 1.211553
v -0.101571 0.171862 1.247938
v -0.079324 0.178074 1.198928
v -0.078121 0.176155 1.186252
v -0.077053 0.173378 1.173587
v -0.086321 0.173066 1.185433
v -0.075781 0.170089 1.161214
v -0.078044 0.169018 1.160676
v -0.073860 0.167239 1.149008
v -0.074163 0.167091 1.148936
v -0.008614 0.011247 1.636516
v -0.018230 0.019242 1.637369
v -0.027944 0.027151 1.636093
v -0.037438 0.035202 1.632400
v -0.046187 0.043052 1.627331
v -0.054067 0.050407 1.620633
v -0.060881 0.056909 1.612171
v -0.066314 0.062270 1.602112
v -0.070697 0.066644 1.591424
v -0.074676 0.070483 1.580438
v -0.078241 0.073672 1.569013
v -0.081286 0.076220 1.557189
v -0.083677 0.078096 1.545054
v -0.085398 0.079249 1.532786
v -0.086860 0.080044 1.520647
v -0.088260 0.080601 1.508555
v -0.089597 0.081044 1.496010
v -0.091033 0.081935 1.483152
v -0.092543 0.083350 1.470527
v -0.094056 0.085090 1.457982
v -0.095481 0.086980 1.445621
v -0.096834 0.089060 1.433231
v -0.098142 0.091431 1.420756
v -0.099394 0.094078 1.408433
v -0.100609 0.096990 1.396039
v -0.101872 0.100279 1.383750
v -0.103264 0.104031 1.371636
v -0.104796 0.108256 1.359532
v -0.106301 0.112785 1.347614
v -0.107867 0.117734 1.335861
v -0.109401 0.123007 1.324173
v -0.110661 0.128248 1.312640
v -0.111668 0.133523 1.301056
v -0.112365 0.138772 1.289394
v -0.112536 0.143682 1.277691
v -0.112195 0.148365 1.265786
v -0.111305 0.152585 1.253995
v -0.109875 0.156287 1.242099
v -0.107844 0.159536 1.230075
v -0.105048 0.162164 1.218160
v -0.101215 0.163844 1.206309
v -0.096387 0.164819 1.194701
v -0.090988 0.165704 1.183280
v -0.085296 0.166544 1.171950
v -0.079511 0.166924 1.160509
v -0.074356 0.166807 1.148913
v -0.008614 0.011247 1.636516
v 0.000701 0.020078 1.636653
v -0.004067 0.015806 1.634843
v -0.003846 0.015519 1.638325
v -0.074356 0.166807 1.148913
v -0.074053 0.166955 1.148985
v -0.073860 0.167239 1.149008
v -0.074163 0.167091 1.148936
v -0.006712 0.010682 1.636463
v -0.004097 0.015783 1.634844
v -0.018222 0.015468 1.637274
v -0.029759 0.020169 1.635829
v -0.041048 0.025080 1.632087
v -0.051495 0.029957 1.626832
v -0.060869 0.034596 1.619894
v -0.068789 0.038759 1.611107
v -0.075063 0.042319 1.600966
v -0.045878 0.039556 1.627825
v -0.080200 0.045292 1.590357
v -0.084848 0.047837 1.579337
v -0.088761 0.049833 1.567880
v -0.092178 0.051517 1.556047
v -0.094981 0.052853 1.544064
v -0.097196 0.053788 1.532099
v -0.099010 0.054329 1.520217
v -0.100430 0.054463 1.507960
v -0.079943 0.065937 1.557650
v -0.101999 0.054933 1.495084
v -0.103976 0.056181 1.482111
v -0.106006 0.057820 1.469676
v -0.107997 0.059658 1.457357
v -0.109942 0.061705 1.445048
v -0.111863 0.064021 1.432712
v -0.113730 0.066568 1.420507
v -0.115557 0.069341 1.408249
v -0.089335 0.073927 1.464514
v -0.117460 0.072397 1.396127
v -0.119529 0.075766 1.384103
v -0.121748 0.079448 1.372160
v -0.124047 0.083482 1.360248
v -0.126368 0.087868 1.348373
v -0.128696 0.092503 1.336756
v -0.130854 0.097330 1.325062
v -0.132904 0.102327 1.313556
v -0.104726 0.094597 1.368337
v -0.134634 0.107400 1.301959
v -0.135987 0.112474 1.290381
v -0.136933 0.117547 1.278769
v -0.137192 0.122301 1.267163
v -0.123768 0.127364 1.283052
v -0.136523 0.126674 1.255314
v -0.135115 0.130778 1.243623
v -0.132861 0.134566 1.232007
v -0.129656 0.138124 1.220484
v -0.125632 0.141571 1.209113
v -0.121106 0.144871 1.197873
v -0.124060 0.144452 1.230079
v -0.115807 0.147421 1.186573
v -0.113993 0.148876 1.187213
v -0.110646 0.149159 1.175176
v -0.110405 0.149332 1.175261
v -0.001201 0.020643 1.636705
v -0.011484 0.027811 1.637630
v -0.021582 0.035030 1.636326
v -0.030872 0.042224 1.632923
v -0.039791 0.049523 1.628331
v -0.048053 0.056543 1.622113
v -0.054977 0.062817 1.613886
v -0.060489 0.068296 1.604034
v -0.065353 0.073179 1.593204
v -0.069445 0.077335 1.581870
v -0.072685 0.080867 1.570099
v -0.075284 0.083949 1.558212
v -0.077296 0.086634 1.546070
v -0.078854 0.088912 1.533603
v -0.080065 0.090706 1.520853
v -0.080699 0.091846 1.508296
v -0.081267 0.093021 1.496389
v -0.082213 0.094727 1.484782
v -0.083479 0.096794 1.472783
v -0.084829 0.098913 1.460713
v -0.086229 0.101016 1.448666
v -0.087720 0.103126 1.436705
v -0.089304 0.105264 1.424666
v -0.090917 0.107389 1.412720
v -0.092734 0.109667 1.400774
v -0.094853 0.112151 1.388927
v -0.097210 0.114828 1.377202
v -0.099753 0.117751 1.365666
v -0.102693 0.121097 1.354430
v -0.105764 0.124697 1.343142
v -0.108730 0.128369 1.331965
v -0.111716 0.132231 1.320716
v -0.114454 0.136076 1.309464
v -0.116708 0.139787 1.297990
v -0.118593 0.143419 1.286414
v -0.119951 0.146813 1.274518
v -0.120946 0.149982 1.262607
v -0.121330 0.152666 1.250336
v -0.120969 0.154468 1.237806
v -0.119824 0.155226 1.225168
v -0.118226 0.154928 1.212460
v -0.115971 0.153375 1.199781
v -0.113264 0.151161 1.187474
v -0.110298 0.149618 1.175301
v -0.001201 0.020643 1.636705
v -0.003816 0.015542 1.638325
v -0.011484 0.027811 1.637630
v -0.021582 0.035030 1.636326
v -0.030872 0.042224 1.632923
v -0.039791 0.049523 1.628331
v -0.048053 0.056543 1.622113
v -0.054977 0.062817 1.613886
v -0.060489 0.068296 1.604034
v -0.049645 0.041053 1.634146
v -0.065353 0.073179 1.593204
v -0.069445 0.077335 1.581870
v -0.072685 0.080867 1.570099
v -0.075284 0.083949 1.558212
v -0.077296 0.086634 1.546070
v -0.078854 0.088912 1.533603
v -0.080065 0.090706 1.520853
v -0.080699 0.091846 1.508296
v -0.089839 0.071316 1.559651
v -0.081267 0.093021 1.496389
v -0.082213 0.094727 1.484782
v -0.083479 0.096794 1.472783
v -0.084829 0.098913 1.460713
v -0.086229 0.101016 1.448666
v -0.087720 0.103126 1.436705
v -0.089304 0.105264 1.424666
v -0.090917 0.107389 1.412720
v -0.099931 0.079805 1.476142
v -0.092734 0.109667 1.400774
v -0.094853 0.112151 1.388927
v -0.097210 0.114828 1.377202
v -0.099753 0.117751 1.365666
v -0.102693 0.121097 1.354430
v -0.105764 0.124697 1.343142
v -0.108730 0.128369 1.331965
v -0.111716 0.132231 1.320716
v -0.115861 0.101119 1.371795
v -0.114454 0.136076 1.309464
v -0.116708 0.139787 1.297990
v -0.118593 0.143419 1.286414
v -0.119951 0.146813 1.274518
v -0.131998 0.132210 1.286417
v -0.120946 0.149982 1.262607
v -0.121330 0.152666 1.250336
v -0.120969 0.154468 1.237806
v -0.119824 0.155226 1.225168
v -0.118226 0.154928 1.212460
v -0.115971 0.153375 1.199781
v -0.129729 0.148862 1.228750
v -0.113264 0.151161 1.187474
v -0.115078 0.149706 1.186834
v -0.110298 0.149618 1.175301
v -0.110539 0.149445 1.175217
v -0.006712 0.010682 1.636463
v -0.018222 0.015468 1.637274
v -0.029759 0.020169 1.635829
v -0.041048 0.025080 1.632087
v -0.051495 0.029957 1.626832
v -0.060869 0.034596 1.619894
v -0.068789 0.038759 1.611107
v -0.075063 0.042319 1.600966
v -0.080200 0.045292 1.590357
v -0.084848 0.047837 1.579337
v -0.088761 0.049833 1.567880
v -0.092178 0.051517 1.556047
v -0.094981 0.052853 1.544064
v -0.097196 0.053788 1.532099
v -0.099010 0.054329 1.520217
v -0.100430 0.054463 1.507960
v -0.101999 0.054933 1.495084
v -0.103976 0.056181 1.482111
v -0.106006 0.057820 1.469676
v -0.107997 0.059658 1.457357
v -0.109942 0.061705 1.445048
v -0.111863 0.064021 1.432712
v -0.113730 0.066568 1.420507
v -0.115557 0.069341 1.408249
v -0.117460 0.072397 1.396127
v -0.119529 0.075766 1.384103
v -0.121748 0.079448 1.372160
v -0.124047 0.083482 1.360248
v -0.126368 0.087868 1.348373
v -0.128696 0.092503 1.336756
v -0.130854 0.097330 1.325062
v -0.132904 0.102327 1.313556
v -0.134634 0.107400 1.301959
v -0.135987 0.112474 1.290381
v -0.136933 0.117547 1.278769
v -0.137192 0.122301 1.267163
v -0.136523 0.126674 1.255314
v -0.135115 0.130778 1.243623
v -0.132861 0.134566 1.232007
v -0.129656 0.138124 1.220484
v -0.125632 0.141571 1.209113
v -0.121106 0.144871 1.197873
v -0.115807 0.147421 1.186573
v -0.110646 0.149159 1.175176
v -0.006712 0.010682 1.636463
v -0.001201 0.020643 1.636705
v -0.004097 0.015783 1.634844
v -0.003816 0.015542 1.638325
v -0.110646 0.149159 1.175176
v -0.110405 0.149332 1.175261
v -0.110298 0.149618 1.175301
v -0.110539 0.149445 1.175217
v -0.005228 0.008187 1.636353
v -0.004125 0.015745 1.634844
v -0.017643 0.008345 1.637166
v -0.030131 0.008420 1.635721
v -0.042615 0.008762 1.632510
v -0.054537 0.009361 1.628092
v -0.065548 0.010207 1.621714
v -0.074748 0.011238 1.612478
v -0.081768 0.012204 1.602129
v -0.052459 0.024291 1.627533
v -0.087788 0.013099 1.591440
v -0.092909 0.013800 1.580164
v -0.097241 0.014314 1.568600
v -0.101092 0.014725 1.556865
v -0.104321 0.015015 1.545003
v -0.106753 0.015076 1.533318
v -0.108304 0.014824 1.521301
v -0.109712 0.014688 1.508390
v -0.091270 0.037752 1.556756
v -0.111471 0.015053 1.495662
v -0.113406 0.015803 1.483052
v -0.115468 0.017029 1.470131
v -0.117545 0.018708 1.457467
v -0.119622 0.020787 1.445045
v -0.121812 0.023125 1.432983
v -0.124208 0.025797 1.420821
v -0.126633 0.028698 1.408861
v -0.104030 0.046428 1.457261
v -0.129101 0.031802 1.396919
v -0.131677 0.035152 1.384994
v -0.134509 0.038831 1.373159
v -0.137640 0.042843 1.361412
v -0.140867 0.047127 1.349846
v -0.144152 0.051761 1.338221
v -0.147416 0.056605 1.326944
v -0.150420 0.061665 1.315526
v -0.121168 0.063947 1.373224
v -0.153112 0.066870 1.304286
v -0.155451 0.072170 1.293120
v -0.157467 0.077595 1.281855
v -0.159068 0.083169 1.270715
v -0.159568 0.088844 1.259505
v -0.158511 0.094616 1.248277
v -0.156477 0.100723 1.237404
v -0.153402 0.107010 1.226690
v -0.151981 0.103711 1.260980
v -0.149435 0.112919 1.215943
v -0.147833 0.115678 1.216882
v -0.145698 0.117850 1.204879
v -0.145510 0.118188 1.204991
v -0.002685 0.023138 1.636815
v -0.014558 0.027016 1.637671
v -0.026157 0.031072 1.636165
v -0.037035 0.035350 1.632858
v -0.047536 0.039735 1.628275
v -0.057075 0.043964 1.622026
v -0.064650 0.047841 1.613915
v -0.070992 0.051459 1.604031
v -0.076752 0.054745 1.593426
v -0.081445 0.057718 1.582350
v -0.085443 0.060502 1.570904
v -0.088990 0.063115 1.559275
v -0.092003 0.065526 1.547400
v -0.094460 0.067648 1.534984
v -0.095923 0.069242 1.522533
v -0.096867 0.070617 1.510893
v -0.098309 0.072283 1.499220
v -0.100021 0.074096 1.487541
v -0.101805 0.075982 1.476267
v -0.103724 0.078020 1.464847
v -0.105797 0.080119 1.453285
v -0.107818 0.082131 1.441406
v -0.109692 0.084018 1.429675
v -0.111722 0.085923 1.417825
v -0.113866 0.087805 1.406025
v -0.116163 0.089722 1.394320
v -0.118795 0.091781 1.382767
v -0.121818 0.093997 1.371423
v -0.125049 0.096379 1.360104
v -0.128423 0.098905 1.349053
v -0.131988 0.101666 1.337849
v -0.135372 0.104459 1.326743
v -0.138648 0.107405 1.315448
v -0.141685 0.110394 1.303983
v -0.144182 0.113249 1.292424
v -0.146360 0.115988 1.280621
v -0.147952 0.118218 1.268540
v -0.149159 0.119852 1.256216
v -0.149635 0.120562 1.243411
v -0.149188 0.120078 1.230396
v -0.147619 0.118927 1.217557
v -0.145492 0.118582 1.205075
v -0.002685 0.023138 1.636815
v -0.003788 0.015580 1.638324
v -0.014558 0.027016 1.637671
v -0.026157 0.031072 1.636165
v -0.037035 0.035350 1.632858
v -0.047536 0.039735 1.628275
v -0.057075 0.043964 1.622026
v -0.064650 0.047841 1.613915
v -0.070992 0.051459 1.604031
v -0.056742 0.024620 1.634026
v -0.076752 0.054745 1.593426
v -0.081445 0.057718 1.582350
v -0.085443 0.060502 1.570904
v -0.088990 0.063115 1.559275
v -0.093086 0.037245 1.581630
v -0.092003 0.065526 1.547400
v -0.094460 0.067648 1.534984
v -0.095923 0.069242 1.522533
v -0.096867 0.070617 1.510893
v -0.098309 0.072283 1.499220
v -0.100021 0.074096 1.487541
v -0.101805 0.075982 1.476267
v -0.103724 0.078020 1.464847
v -0.106952 0.041361 1.530050
v -0.105797 0.080119 1.453285
v -0.107818 0.082131 1.441406
v -0.109692 0.084018 1.429675
v -0.111722 0.085923 1.417825
v -0.113866 0.087805 1.406025
v -0.116163 0.089722 1.394320
v -0.118795 0.091781 1.382767
v -0.121818 0.093997 1.371423
v -0.129402 0.062534 1.394079
v -0.125049 0.096379 1.360104
v -0.128423 0.098905 1.349053
v -0.131988 0.101666 1.337849
v -0.135372 0.104459 1.326743
v -0.138648 0.107405 1.315448
v -0.141685 0.110394 1.303983
v -0.144182 0.113249 1.292424
v -0.146360 0.115988 1.280621
v -0.154279 0.092844 1.297626
v -0.147952 0.118218 1.268540
v -0.149159 0.119852 1.256216
v -0.149635 0.120562 1.243411
v -0.149188 0.120078 1.230396
v -0.156990 0.110265 1.246117
v -0.147619 0.118927 1.217557
v -0.149221 0.116168 1.216618
v -0.145492 0.118582 1.205075
v -0.145680 0.118244 1.204963
v -0.005228 0.008187 1.636353
v -0.017643 0.008345 1.637166
v -0.030131 0.008420 1.635721
v -0.042615 0.008762 1.632510
v -0.054537 0.009361 1.628092
v -0.065548 0.010207 1.621714
v -0.074748 0.011238 1.612478
v -0.081768 0.012204 1.602129
v -0.087788 0.013099 1.591440
v -0.092909 0.013800 1.580164
v -0.097241 0.014314 1.568600
v -0.101092 0.014725 1.556865
v -0.104321 0.015015 1.545003
v -0.106753 0.015076 1.533318
v -0.108304 0.014824 1.521301
v -0.109712 0.014688 1.508390
v -0.111471 0.015053 1.495662
v -0.113406 0.015803 1.483052
v -0.115468 0.017029 1.470131
v -0.117545 0.018708 1.457467
v -0.119622 0.020787 1.445045
v -0.121812 0.023125 1.432983
v -0.124208 0.025797 1.420821
v -0.126633 0.028698 1.408861
v -0.129101 0.031802 1.396919
v -0.131677 0.035152 1.384994
v -0.134509 0.038831 1.373159
v -0.137640 0.042843 1.361412
v -0.140867 0.047127 1.349846
v -0.144152 0.051761 1.338221
v -0.147416 0.056605 1.326944
v -0.150420 0.061665 1.315526
v -0.153112 0.066870 1.304286
v -0.155451 0.072170 1.293120
v -0.157467 0.077595 1.281855
v -0.159068 0.083169 1.270715
v -0.159568 0.088844 1.259505
v -0.158511 0.094616 1.248277
v -0.156477 0.100723 1.237404
v -0.153402 0.107010 1.226690
v -0.149435 0.112919 1.215943
v -0.145698 0.117850 1.204879
v -0.005228 0.008187 1.636353
v -0.002685 0.023138 1.636815
v -0.004125 0.015745 1.634844
v -0.003788 0.015580 1.638324
v -0.145698 0.117850 1.204879
v -0.145510 0.118188 1.204991
v -0.145492 0.118582 1.205075
v -0.145680 0.118244 1.204963
v -0.003995 -0.032873 1.617533
v -0.003665 -0.033556 1.615713
v 0.008689 -0.029201 1.619415
v 0.020921 -0.026068 1.618473
v 0.032659 -0.021745 1.617050
v 0.043942 -0.016186 1.615229
v 0.031083 -0.025481 1.610288
v 0.054383 -0.009551 1.611441
v 0.063027 -0.002178 1.605606
v 0.070484 0.005615 1.597967
v 0.076590 0.012890 1.588600
v 0.081066 0.019485 1.577982
v 0.085422 0.025395 1.566615
v 0.089893 0.030306 1.555053
v 0.093316 0.034441 1.542982
v 0.094478 0.037815 1.530293
v 0.093993 0.040378 1.517384
v 0.082343 0.016695 1.576174
v 0.093302 0.042553 1.504356
v 0.092108 0.044183 1.491344
v 0.091472 0.045715 1.478208
v 0.092276 0.047397 1.465125
v 0.087833 0.038954 1.479008
v 0.093888 0.049083 1.452172
v 0.095763 0.050797 1.439323
v 0.098022 0.052545 1.426505
v 0.100410 0.054281 1.413760
v 0.093299 0.044295 1.436596
v 0.102881 0.056013 1.401017
v 0.105405 0.057733 1.388306
v 0.107870 0.059433 1.375576
v 0.110295 0.061120 1.362845
v 0.106711 0.054196 1.373028
v 0.112604 0.062797 1.350093
v 0.114822 0.064477 1.337323
v 0.116816 0.066152 1.324549
v 0.118438 0.067838 1.311699
v 0.116229 0.062348 1.324004
v 0.119718 0.069526 1.298831
v 0.120531 0.071180 1.285908
v 0.120902 0.072790 1.272967
v 0.120776 0.074359 1.260004
v 0.120775 0.070093 1.275549
v 0.120063 0.075884 1.247065
v 0.119819 0.074350 1.246888
v 0.118840 0.077365 1.234136
v 0.118656 0.076215 1.234011
v 0.117196 0.078804 1.221250
v 0.117073 0.078038 1.221175
v 0.115084 0.080195 1.208419
v 0.115022 0.079813 1.208384
v 0.112855 0.081591 1.195600
v 0.112850 0.081560 1.195597
v -0.003623 -0.035207 1.616789
v 0.009544 -0.035772 1.617130
v 0.022796 -0.034146 1.615090
v 0.035601 -0.030089 1.613221
v 0.047736 -0.024597 1.611437
v 0.058510 -0.018038 1.607715
v 0.067387 -0.010400 1.601335
v 0.074289 -0.002812 1.593462
v 0.079904 0.004129 1.584316
v 0.084143 0.010522 1.573973
v 0.088163 0.016057 1.563362
v 0.092618 0.020847 1.552326
v 0.096140 0.024984 1.540599
v 0.097487 0.028426 1.528201
v 0.097236 0.031121 1.515492
v 0.096785 0.033435 1.502769
v 0.095888 0.035280 1.489931
v 0.095516 0.037025 1.477140
v 0.096493 0.038919 1.464372
v 0.098258 0.040855 1.451633
v 0.100240 0.042849 1.438869
v 0.102524 0.044894 1.426198
v 0.104908 0.046993 1.413504
v 0.107328 0.049135 1.400834
v 0.109758 0.051317 1.388150
v 0.112068 0.053516 1.375450
v 0.114291 0.055733 1.362728
v 0.116355 0.057955 1.349979
v 0.118295 0.060176 1.337210
v 0.120003 0.062378 1.324373
v 0.121304 0.064512 1.311503
v 0.122282 0.066595 1.298577
v 0.122797 0.068628 1.285630
v 0.122862 0.070618 1.272659
v 0.122420 0.072562 1.259700
v 0.121374 0.074453 1.246759
v 0.119818 0.076294 1.233883
v 0.117842 0.078092 1.221058
v 0.115404 0.079840 1.208315
v 0.112881 0.081562 1.195592
v -0.003623 -0.035207 1.616789
v -0.003952 -0.034525 1.618609
v 0.009544 -0.035772 1.617130
v 0.022796 -0.034146 1.615090
v 0.035601 -0.030089 1.613221
v 0.047736 -0.024597 1.611437
v 0.027516 -0.031697 1.622858
v 0.058510 -0.018038 1.607715
v 0.067387 -0.010400 1.601335
v 0.074289 -0.002812 1.593462
v 0.068540 -0.007818 1.609975
v 0.079904 0.004129 1.584316
v 0.084143 0.010522 1.573973
v 0.088163 0.016057 1.563362
v 0.092618 0.020847 1.552326
v 0.089032 0.016862 1.578044
v 0.096140 0.024984 1.540599
v 0.097487 0.028426 1.528201
v 0.097236 0.031121 1.515492
v 0.096785 0.033435 1.502769
v 0.102318 0.034651 1.532818
v 0.095888 0.035280 1.489931
v 0.095516 0.037025 1.477140
v 0.096493 0.038919 1.464372
v 0.098258 0.040855 1.451633
v 0.098671 0.044479 1.473743
v 0.100240 0.042849 1.438869
v 0.102524 0.044894 1.426198
v 0.104908 0.046993 1.413504
v 0.107328 0.049135 1.400834
v 0.104497 0.051119 1.429685
v 0.109758 0.051317 1.388150
v 0.112068 0.053516 1.375450
v 0.114291 0.055733 1.362728
v 0.116355 0.057955 1.349979
v 0.114648 0.059934 1.370077
v 0.118295 0.060176 1.337210
v 0.120003 0.062378 1.324373
v 0.121304 0.064512 1.311503
v 0.122282 0.066595 1.298577
v 0.121953 0.067616 1.314387
v 0.122797 0.068628 1.285630
v 0.122862 0.070618 1.272659
v 0.123355 0.072313 1.277852
v 0.122420 0.072562 1.259700
v 0.121374 0.074453 1.246759
v 0.122262 0.075300 1.252949
v 0.119818 0.076294 1.233883
v 0.120002 0.077444 1.234008
v 0.117842 0.078092 1.221058
v 0.117965 0.078859 1.221133
v 0.115404 0.079840 1.208315
v 0.115466 0.080223 1.208350
v 0.112881 0.081562 1.195592
v 0.112886 0.081594 1.195595
v -0.003995 -0.032873 1.617533
v 0.008689 -0.029201 1.619415
v 0.020921 -0.026068 1.618473
v 0.032659 -0.021745 1.617050
v 0.043942 -0.016186 1.615229
v 0.054383 -0.009551 1.611441
v 0.063027 -0.002178 1.605606
v 0.070484 0.005615 1.597967
v 0.076590 0.012890 1.588600
v 0.081066 0.019485 1.577982
v 0.085422 0.025395 1.566615
v 0.089893 0.030306 1.555053
v 0.093316 0.034441 1.542982
v 0.094478 0.037815 1.530293
v 0.093993 0.040378 1.517384
v 0.093302 0.042553 1.504356
v 0.092108 0.044183 1.491344
v 0.091472 0.045715 1.478208
v 0.092276 0.047397 1.465125
v 0.093888 0.049083 1.452172
v 0.095763 0.050797 1.439323
v 0.098022 0.052545 1.426505
v 0.100410 0.054281 1.413760
v 0.102881 0.056013 1.401017
v 0.105405 0.057733 1.388306
v 0.107870 0.059433 1.375576
v 0.110295 0.061120 1.362845
v 0.112604 0.062797 1.350093
v 0.114822 0.064477 1.337323
v 0.116816 0.066152 1.324549
v 0.118438 0.067838 1.311699
v 0.119718 0.069526 1.298831
v 0.120531 0.071180 1.285908
v 0.120902 0.072790 1.272967
v 0.120776 0.074359 1.260004
v 0.120063 0.075884 1.247065
v 0.118840 0.077365 1.234136
v 0.117196 0.078804 1.221250
v 0.115084 0.080195 1.208419
v 0.112855 0.081591 1.195600
v -0.003995 -0.032873 1.617533
v -0.003623 -0.035207 1.616789
v -0.003665 -0.033556 1.615713
v -0.003952 -0.034525 1.618609
v 0.112855 0.081591 1.195600
v 0.112850 0.081560 1.195597
v 0.112881 0.081562 1.195592
v 0.112886 0.081594 1.195595
v -0.004787 -0.030968 1.618124
v -0.003671 -0.033543 1.615717
v 0.006441 -0.022208 1.621491
v 0.017255 -0.015904 1.621392
v 0.027308 -0.009889 1.620427
v 0.036979 -0.002928 1.619471
v 0.046928 0.005267 1.616913
v 0.055662 0.013565 1.612316
v 0.063659 0.022396 1.605874
v 0.070125 0.030741 1.597086
v 0.074233 0.038167 1.586116
v 0.061852 0.000129 1.605613
v 0.077441 0.044629 1.574059
v 0.081368 0.050242 1.560908
v 0.084824 0.054285 1.548247
v 0.086537 0.057329 1.535647
v 0.086072 0.059537 1.522465
v 0.084755 0.061097 1.509103
v 0.083904 0.062427 1.495430
v 0.086662 0.042757 1.536882
v 0.083098 0.063288 1.482016
v 0.083033 0.064267 1.468570
v 0.084155 0.065613 1.455131
v 0.085913 0.067051 1.442025
v 0.084515 0.050177 1.464634
v 0.087832 0.068506 1.428958
v 0.090046 0.069981 1.415938
v 0.092391 0.071431 1.403014
v 0.094868 0.072904 1.390079
v 0.092257 0.056625 1.416379
v 0.097412 0.074346 1.377188
v 0.099857 0.075702 1.364298
v 0.102224 0.076985 1.351355
v 0.104467 0.078222 1.338446
v 0.105142 0.067325 1.349404
v 0.106572 0.079446 1.325478
v 0.108481 0.080666 1.312493
v 0.110011 0.081872 1.299519
v 0.111165 0.083104 1.286449
v 0.112291 0.074994 1.301518
v 0.111838 0.084317 1.273422
v 0.111869 0.085369 1.260366
v 0.111346 0.086342 1.247234
v 0.110479 0.087314 1.234132
v 0.113930 0.081649 1.254618
v 0.109278 0.088362 1.221032
v 0.107706 0.089352 1.207952
v 0.109847 0.086656 1.214934
v 0.105875 0.090297 1.194890
v 0.106522 0.089091 1.194642
v 0.103714 0.091186 1.181853
v 0.104034 0.090583 1.181727
v 0.101460 0.092099 1.168826
v 0.101488 0.092046 1.168816
v -0.002830 -0.037112 1.616198
v 0.011305 -0.039207 1.616236
v 0.025558 -0.037421 1.614568
v 0.039044 -0.031738 1.612646
v 0.051201 -0.024060 1.610612
v 0.061305 -0.016070 1.607269
v 0.070202 -0.007529 1.601643
v 0.077220 0.000752 1.594632
v 0.082610 0.008307 1.585985
v 0.086122 0.014983 1.575943
v 0.088827 0.020706 1.565260
v 0.092038 0.025231 1.555036
v 0.095687 0.029266 1.543519
v 0.097949 0.032768 1.530825
v 0.097884 0.035328 1.518003
v 0.096961 0.037254 1.505216
v 0.096487 0.038936 1.492623
v 0.096143 0.040347 1.479685
v 0.096482 0.041909 1.466790
v 0.097774 0.043761 1.454066
v 0.099704 0.045812 1.441189
v 0.101744 0.047955 1.428327
v 0.103990 0.050228 1.415521
v 0.106253 0.052596 1.402655
v 0.108366 0.054977 1.389803
v 0.110422 0.057432 1.376913
v 0.112335 0.059960 1.363981
v 0.114134 0.062560 1.351068
v 0.115712 0.065176 1.338066
v 0.117036 0.067762 1.325058
v 0.118116 0.070307 1.312009
v 0.118816 0.072766 1.298859
v 0.119159 0.075103 1.285740
v 0.119070 0.077329 1.272525
v 0.118447 0.079534 1.259316
v 0.117232 0.081637 1.246211
v 0.115536 0.083620 1.233129
v 0.113302 0.085403 1.220133
v 0.110702 0.087129 1.207211
v 0.107854 0.088813 1.194347
v 0.104696 0.090443 1.181573
v 0.101545 0.092034 1.168803
v -0.002830 -0.037112 1.616198
v -0.003947 -0.034537 1.618605
v 0.011305 -0.039207 1.616236
v 0.025558 -0.037421 1.614568
v 0.039044 -0.031738 1.612646
v 0.051201 -0.024060 1.610612
v 0.023406 -0.028793 1.624233
v 0.061305 -0.016070 1.607269
v 0.070202 -0.007529 1.601643
v 0.077220 0.000752 1.594632
v 0.082610 0.008307 1.585985
v 0.086122 0.014983 1.575943
v 0.088827 0.020706 1.565260
v 0.077516 0.014540 1.605835
v 0.092038 0.025231 1.555036
v 0.095687 0.029266 1.543519
v 0.097949 0.032768 1.530825
v 0.097884 0.035328 1.518003
v 0.098165 0.046794 1.539495
v 0.096961 0.037254 1.505216
v 0.096487 0.038936 1.492623
v 0.096143 0.040347 1.479685
v 0.096482 0.041909 1.466790
v 0.097774 0.043761 1.454066
v 0.099704 0.045812 1.441189
v 0.101744 0.047955 1.428327
v 0.103990 0.050228 1.415521
v 0.094231 0.056525 1.465136
v 0.106253 0.052596 1.402655
v 0.108366 0.054977 1.389803
v 0.110422 0.057432 1.376913
v 0.112335 0.059960 1.363981
v 0.107059 0.068140 1.382414
v 0.114134 0.062560 1.351068
v 0.115712 0.065176 1.338066
v 0.117036 0.067762 1.325058
v 0.118116 0.070307 1.312009
v 0.114293 0.075497 1.329178
v 0.118816 0.072766 1.298859
v 0.119159 0.075103 1.285740
v 0.119070 0.077329 1.272525
v 0.118447 0.079534 1.259316
v 0.117368 0.082166 1.276162
v 0.117232 0.081637 1.246211
v 0.115536 0.083620 1.233129
v 0.114613 0.086099 1.239152
v 0.113302 0.085403 1.220133
v 0.110702 0.087129 1.207211
v 0.111069 0.088316 1.214915
v 0.107854 0.088813 1.194347
v 0.107206 0.090019 1.194596
v 0.104696 0.090443 1.181573
v 0.104376 0.091045 1.181699
v 0.101545 0.092034 1.168803
v 0.101518 0.092086 1.168813
v -0.004787 -0.030968 1.618124
v 0.006441 -0.022208 1.621491
v 0.017255 -0.015904 1.621392
v 0.027308 -0.009889 1.620427
v 0.036979 -0.002928 1.619471
v 0.046928 0.005267 1.616913
v 0.055662 0.013565 1.612316
v 0.063659 0.022396 1.605874
v 0.070125 0.030741 1.597086
v 0.074233 0.038167 1.586116
v 0.077441 0.044629 1.574059
v 0.081368 0.050242 1.560908
v 0.084824 0.054285 1.548247
v 0.086537 0.057329 1.535647
v 0.086072 0.059537 1.522465
v 0.084755 0.061097 1.509103
v 0.083904 0.062427 1.495430
v 0.083098 0.063288 1.482016
v 0.083033 0.064267 1.468570
v 0.084155 0.065613 1.455131
v 0.085913 0.067051 1.442025
v 0.087832 0.068506 1.428958
v 0.090046 0.069981 1.415938
v 0.092391 0.071431 1.403014
v 0.094868 0.072904 1.390079
v 0.097412 0.074346 1.377188
v 0.099857 0.075702 1.364298
v 0.102224 0.076985 1.351355
v 0.104467 0.078222 1.338446
v 0.106572 0.079446 1.325478
v 0.108481 0.080666 1.312493
v 0.110011 0.081872 1.299519
v 0.111165 0.083104 1.286449
v 0.111838 0.084317 1.273422
v 0.111869 0.085369 1.260366
v 0.111346 0.086342 1.247234
v 0.110479 0.087314 1.234132
v 0.109278 0.088362 1.221032
v 0.107706 0.089352 1.207952
v 0.105875 0.090297 1.194890
v 0.103714 0.091186 1.181853
v 0.101460 0.092099 1.168826
v -0.004787 -0.030968 1.618124
v -0.002830 -0.037112 1.616198
v -0.003671 -0.033543 1.615717
v -0.003947 -0.034537 1.618605
v 0.101460 0.092099 1.168826
v 0.101488 0.092046 1.168816
v 0.101545 0.092034 1.168803
v 0.101518 0.092086 1.168813
v -0.007447 -0.029944 1.618371
v -0.003688 -0.033510 1.615727
v -0.003228 -0.015225 1.623896
v 0.003455 -0.003411 1.626425
v 0.011304 0.006356 1.626690
v 0.019144 0.016235 1.625366
v 0.027045 0.026405 1.622524
v 0.034775 0.036385 1.618847
v 0.042188 0.046280 1.614232
v 0.048674 0.055807 1.607662
v 0.052426 0.063879 1.598410
v 0.055350 0.071894 1.586430
v 0.055458 0.025321 1.610316
v 0.058660 0.078856 1.572765
v 0.062408 0.083860 1.558219
v 0.064698 0.086568 1.545467
v 0.065166 0.088095 1.532602
v 0.064225 0.088525 1.519198
v 0.063105 0.088562 1.505634
v 0.062398 0.088585 1.491919
v 0.075020 0.066294 1.540352
v 0.061810 0.088392 1.478434
v 0.061936 0.088596 1.464772
v 0.062960 0.089279 1.451293
v 0.064470 0.090197 1.438071
v 0.066234 0.091285 1.424932
v 0.068367 0.092553 1.411841
v 0.070650 0.093827 1.398883
v 0.073019 0.095070 1.385884
v 0.073498 0.068710 1.452327
v 0.075491 0.096291 1.372953
v 0.077945 0.097419 1.360025
v 0.080344 0.098408 1.347050
v 0.082699 0.099344 1.334100
v 0.090297 0.085484 1.344109
v 0.084871 0.100217 1.321195
v 0.086892 0.101087 1.308179
v 0.088615 0.101914 1.295242
v 0.089985 0.102746 1.282146
v 0.095843 0.092569 1.298514
v 0.090966 0.103567 1.269131
v 0.091457 0.104289 1.256051
v 0.091342 0.104728 1.243010
v 0.090850 0.105128 1.229817
v 0.097214 0.098741 1.250403
v 0.090198 0.105613 1.216641
v 0.089313 0.106166 1.203440
v 0.093618 0.102656 1.211587
v 0.088210 0.106656 1.190228
v 0.086947 0.107100 1.177018
v 0.089329 0.105313 1.181774
v 0.085498 0.107491 1.163810
v 0.086264 0.106810 1.163628
v 0.083936 0.107912 1.150611
v 0.084006 0.107849 1.150594
v -0.000170 -0.038136 1.615951
v 0.015818 -0.036922 1.616770
v 0.029206 -0.031542 1.615563
v 0.040399 -0.022863 1.614409
v 0.050699 -0.013455 1.614238
v 0.059890 -0.003807 1.612867
v 0.067967 0.005955 1.608616
v 0.074801 0.015461 1.602137
v 0.080120 0.024321 1.593773
v 0.083850 0.032694 1.583696
v 0.085622 0.038811 1.573743
v 0.087548 0.043472 1.564166
v 0.090234 0.047053 1.554464
v 0.093254 0.050605 1.542006
v 0.094337 0.053053 1.528737
v 0.093632 0.054090 1.515715
v 0.092748 0.054790 1.502838
v 0.092164 0.055448 1.490062
v 0.091751 0.056060 1.477040
v 0.092004 0.057113 1.464213
v 0.093177 0.058792 1.451363
v 0.094783 0.060793 1.438401
v 0.096382 0.062887 1.425417
v 0.098053 0.065149 1.412489
v 0.099716 0.067578 1.399474
v 0.101243 0.070090 1.386500
v 0.102685 0.072723 1.373475
v 0.103948 0.075431 1.360415
v 0.105095 0.078264 1.347376
v 0.106017 0.081108 1.334272
v 0.106600 0.083885 1.321044
v 0.106905 0.086565 1.307871
v 0.106911 0.089134 1.294553
v 0.106599 0.091512 1.281334
v 0.106026 0.093722 1.267996
v 0.105025 0.095788 1.254699
v 0.103525 0.097843 1.241378
v 0.101545 0.099703 1.228253
v 0.099211 0.101337 1.215153
v 0.096500 0.102733 1.202141
v 0.093579 0.104073 1.189192
v 0.090508 0.105371 1.176286
v 0.087269 0.106622 1.163432
v 0.084097 0.107832 1.150577
v -0.000170 -0.038136 1.615951
v -0.003929 -0.034571 1.618595
v 0.015818 -0.036922 1.616770
v 0.029206 -0.031542 1.615563
v 0.040399 -0.022863 1.614409
v 0.050699 -0.013455 1.614238
v 0.059890 -0.003807 1.612867
v 0.067967 0.005955 1.608616
v 0.029823 -0.005790 1.629541
v 0.074801 0.015461 1.602137
v 0.080120 0.024321 1.593773
v 0.083850 0.032694 1.583696
v 0.085622 0.038811 1.573743
v 0.069793 0.044750 1.604438
v 0.087548 0.043472 1.564166
v 0.090234 0.047053 1.554464
v 0.093254 0.050605 1.542006
v 0.094337 0.053053 1.528737
v 0.093632 0.054090 1.515715
v 0.092748 0.054790 1.502838
v 0.092164 0.055448 1.490062
v 0.084427 0.074675 1.543342
v 0.091751 0.056060 1.477040
v 0.092004 0.057113 1.464213
v 0.093177 0.058792 1.451363
v 0.094783 0.060793 1.438401
v 0.096382 0.062887 1.425417
v 0.098053 0.065149 1.412489
v 0.099716 0.067578 1.399474
v 0.101243 0.070090 1.386500
v 0.080962 0.077530 1.456676
v 0.102685 0.072723 1.373475
v 0.103948 0.075431 1.360415
v 0.105095 0.078264 1.347376
v 0.106017 0.081108 1.334272
v 0.106600 0.083885 1.321044
v 0.106905 0.086565 1.307871
v 0.106911 0.089134 1.294553
v 0.106599 0.091512 1.281334
v 0.098780 0.095053 1.321149
v 0.106026 0.093722 1.267996
v 0.105025 0.095788 1.254699
v 0.103525 0.097843 1.241378
v 0.101545 0.099703 1.228253
v 0.099211 0.101337 1.215153
v 0.096500 0.102733 1.202141
v 0.098861 0.103169 1.241554
v 0.093579 0.104073 1.189192
v 0.090508 0.105371 1.176286
v 0.089913 0.106497 1.181847
v 0.087269 0.106622 1.163432
v 0.086503 0.107304 1.163615
v 0.084097 0.107832 1.150577
v 0.084028 0.107894 1.150593
v -0.007447 -0.029944 1.618371
v -0.003228 -0.015225 1.623896
v 0.003455 -0.003411 1.626425
v 0.011304 0.006356 1.626690
v 0.019144 0.016235 1.625366
v 0.027045 0.026405 1.622524
v 0.034775 0.036385 1.618847
v 0.042188 0.046280 1.614232
v 0.048674 0.055807 1.607662
v 0.052426 0.063879 1.598410
v 0.055350 0.071894 1.586430
v 0.058660 0.078856 1.572765
v 0.062408 0.083860 1.558219
v 0.064698 0.086568 1.545467
v 0.065166 0.088095 1.532602
v 0.064225 0.088525 1.519198
v 0.063105 0.088562 1.505634
v 0.062398 0.088585 1.491919
v 0.061810 0.088392 1.478434
v 0.061936 0.088596 1.464772
v 0.062960 0.089279 1.451293
v 0.064470 0.090197 1.438071
v 0.066234 0.091285 1.424932
v 0.068367 0.092553 1.411841
v 0.070650 0.093827 1.398883
v 0.073019 0.095070 1.385884
v 0.075491 0.096291 1.372953
v 0.077945 0.097419 1.360025
v 0.080344 0.098408 1.347050
v 0.082699 0.099344 1.334100
v 0.084871 0.100217 1.321195
v 0.086892 0.101087 1.308179
v 0.088615 0.101914 1.295242
v 0.089985 0.102746 1.282146
v 0.090966 0.103567 1.269131
v 0.091457 0.104289 1.256051
v 0.091342 0.104728 1.243010
v 0.090850 0.105128 1.229817
v 0.090198 0.105613 1.216641
v 0.089313 0.106166 1.203440
v 0.088210 0.106656 1.190228
v 0.086947 0.107100 1.177018
v 0.085498 0.107491 1.163810
v 0.083936 0.107912 1.150611
v -0.007447 -0.029944 1.618371
v -0.000170 -0.038136 1.615951
v -0.003688 -0.033510 1.615727
v -0.003929 -0.034571 1.618595
v 0.083936 0.107912 1.150611
v 0.084006 0.107849 1.150594
v 0.084097 0.107832 1.150577
v 0.084028 0.107894 1.150593
v -0.002410 -0.035141 1.616849
v -0.003742 -0.033545 1.615711
v -0.009074 -0.045750 1.612060
v -0.015669 -0.055227 1.605305
v -0.022657 -0.062756 1.597391
v -0.026211 -0.053079 1.604673
v -0.019224 -0.045047 1.610166
v -0.012776 -0.035209 1.615280
v -0.021258 -0.054102 1.598840
v -0.006163 -0.024534 1.619656
v 0.001028 -0.013424 1.622602
v 0.008265 -0.002397 1.624064
v 0.015452 0.008747 1.624271
v 0.022433 0.019918 1.623099
v 0.029243 0.031082 1.620806
v 0.035747 0.042054 1.617271
v 0.041637 0.052643 1.611960
v 0.046043 0.062055 1.604060
v 0.048935 0.070239 1.594119
v 0.037157 0.030839 1.618890
v 0.051126 0.077323 1.582824
v 0.053418 0.083412 1.570524
v 0.055537 0.087535 1.557772
v 0.057304 0.090276 1.544740
v 0.056147 0.076361 1.564688
v 0.058661 0.092222 1.531779
v 0.059690 0.093826 1.518688
v 0.060344 0.094742 1.505455
v 0.060785 0.095232 1.492235
v 0.062018 0.085173 1.516173
v 0.061177 0.095573 1.479003
v 0.061394 0.095544 1.465768
v 0.061554 0.095335 1.452543
v 0.061885 0.095320 1.439331
v 0.063758 0.087007 1.461841
v 0.062423 0.095587 1.426132
v 0.063104 0.096010 1.412925
v 0.064035 0.096703 1.399735
v 0.065369 0.097828 1.386565
v 0.066283 0.089096 1.400352
v 0.067141 0.099405 1.373534
v 0.069087 0.101196 1.360603
v 0.070931 0.102962 1.347678
v 0.072736 0.104749 1.334713
v 0.071183 0.094538 1.362250
v 0.074490 0.106571 1.321777
v 0.075969 0.108272 1.308814
v 0.076984 0.109726 1.295811
v 0.077627 0.111010 1.282717
v 0.078603 0.104820 1.301209
v 0.077963 0.112174 1.269606
v 0.078066 0.113265 1.256460
v 0.077959 0.114272 1.243322
v 0.077599 0.115178 1.230168
v 0.079432 0.111119 1.246315
v 0.076976 0.115979 1.217016
v 0.076017 0.116653 1.203894
v 0.074750 0.117205 1.190767
v 0.077100 0.114649 1.205274
v 0.073307 0.117685 1.177646
v 0.073872 0.116402 1.177515
v 0.071807 0.118144 1.164525
v 0.072227 0.117180 1.164427
v 0.070180 0.118549 1.151420
v 0.070456 0.117907 1.151355
v 0.068466 0.118919 1.138320
v 0.068602 0.118597 1.138288
v 0.066737 0.119305 1.125223
v 0.066751 0.119269 1.125219
v -0.005207 -0.032939 1.617473
v -0.015224 -0.040824 1.613539
v -0.024960 -0.047810 1.607678
v -0.033260 -0.054944 1.599818
v -0.015798 -0.061792 1.601012
v -0.007099 -0.052545 1.607735
v -0.000051 -0.042219 1.613067
v 0.006605 -0.031715 1.617257
v 0.013498 -0.021235 1.620037
v 0.020705 -0.010326 1.621393
v 0.027843 0.000724 1.621504
v 0.034789 0.011866 1.620231
v 0.041497 0.022923 1.617872
v 0.047922 0.033853 1.614285
v 0.053721 0.044393 1.608957
v 0.058165 0.054013 1.600934
v 0.061021 0.062253 1.591034
v 0.063007 0.069013 1.580225
v 0.064888 0.074425 1.569115
v 0.066830 0.078407 1.557065
v 0.068525 0.081215 1.544499
v 0.069972 0.083474 1.531520
v 0.071017 0.085320 1.518496
v 0.071642 0.086444 1.505412
v 0.072066 0.087186 1.492248
v 0.072414 0.087776 1.479078
v 0.072560 0.088000 1.465887
v 0.072622 0.088069 1.452685
v 0.072811 0.088357 1.439475
v 0.073136 0.088913 1.426273
v 0.073550 0.089639 1.413099
v 0.074162 0.090652 1.399961
v 0.075117 0.092099 1.386931
v 0.076463 0.094017 1.373953
v 0.077950 0.096173 1.360978
v 0.079301 0.098316 1.347962
v 0.080574 0.100465 1.334974
v 0.081785 0.102655 1.321957
v 0.082724 0.104718 1.308874
v 0.083206 0.106512 1.295692
v 0.083335 0.108097 1.282526
v 0.083196 0.109537 1.269337
v 0.082843 0.110885 1.256168
v 0.082275 0.112153 1.242984
v 0.081448 0.113313 1.229817
v 0.080351 0.114364 1.216661
v 0.078904 0.115271 1.203512
v 0.077151 0.116052 1.190418
v 0.075224 0.116762 1.177352
v 0.073240 0.117447 1.164300
v 0.071130 0.118081 1.151262
v 0.068939 0.118683 1.138241
v 0.066789 0.119278 1.125214
v -0.005207 -0.032939 1.617473
v -0.003875 -0.034535 1.618611
v -0.015224 -0.040824 1.613539
v -0.024960 -0.047810 1.607678
v -0.033260 -0.054944 1.599818
v -0.015798 -0.061792 1.601012
v -0.007099 -0.052545 1.607735
v -0.000051 -0.042219 1.613067
v -0.022765 -0.060254 1.608509
v 0.006605 -0.031715 1.617257
v 0.013498 -0.021235 1.620037
v 0.020705 -0.010326 1.621393
v 0.027843 0.000724 1.621504
v 0.034789 0.011866 1.620231
v 0.041497 0.022923 1.617872
v 0.017851 -0.003546 1.631245
v 0.047922 0.033853 1.614285
v 0.053721 0.044393 1.608957
v 0.058165 0.054013 1.600934
v 0.061021 0.062253 1.591034
v 0.063007 0.069013 1.580225
v 0.054986 0.059588 1.611315
v 0.064888 0.074425 1.569115
v 0.066830 0.078407 1.557065
v 0.068525 0.081215 1.544499
v 0.069972 0.083474 1.531520
v 0.065097 0.087916 1.560260
v 0.071017 0.085320 1.518496
v 0.071642 0.086444 1.505412
v 0.072066 0.087186 1.492248
v 0.072414 0.087776 1.479078
v 0.069593 0.095605 1.506407
v 0.072560 0.088000 1.465887
v 0.072622 0.088069 1.452685
v 0.072811 0.088357 1.439475
v 0.073136 0.088913 1.426273
v 0.070251 0.096416 1.440741
v 0.073550 0.089639 1.413099
v 0.074162 0.090652 1.399961
v 0.075117 0.092099 1.386931
v 0.076463 0.094017 1.373953
v 0.071939 0.098273 1.393785
v 0.077950 0.096173 1.360978
v 0.079301 0.098316 1.347962
v 0.080574 0.100465 1.334974
v 0.081785 0.102655 1.321957
v 0.078879 0.106353 1.332158
v 0.082724 0.104718 1.308874
v 0.083206 0.106512 1.295692
v 0.083335 0.108097 1.282526
v 0.083196 0.109537 1.269337
v 0.081747 0.111171 1.292646
v 0.082843 0.110885 1.256168
v 0.082275 0.112153 1.242984
v 0.081236 0.114730 1.247936
v 0.081448 0.113313 1.229817
v 0.080351 0.114364 1.216661
v 0.079740 0.116397 1.221219
v 0.078904 0.115271 1.203512
v 0.077151 0.116052 1.190418
v 0.077506 0.117391 1.198794
v 0.075224 0.116762 1.177352
v 0.073240 0.117447 1.164300
v 0.073160 0.118353 1.166712
v 0.071130 0.118081 1.151262
v 0.070854 0.118724 1.151327
v 0.068939 0.118683 1.138241
v 0.068803 0.119004 1.138273
v 0.066789 0.119278 1.125214
v 0.066774 0.119314 1.125218
v -0.002410 -0.035141 1.616849
v -0.009074 -0.045750 1.612060
v -0.015669 -0.055227 1.605305
v -0.022657 -0.062756 1.597391
v -0.026211 -0.053079 1.604673
v -0.019224 -0.045047 1.610166
v -0.012776 -0.035209 1.615280
v -0.006163 -0.024534 1.619656
v 0.001028 -0.013424 1.622602
v 0.008265 -0.002397 1.624064
v 0.015452 0.008747 1.624271
v 0.022433 0.019918 1.623099
v 0.029243 0.031082 1.620806
v 0.035747 0.042054 1.617271
v 0.041637 0.052643 1.611960
v 0.046043 0.062055 1.604060
v 0.048935 0.070239 1.594119
v 0.051126 0.077323 1.582824
v 0.053418 0.083412 1.570524
v 0.055537 0.087535 1.557772
v 0.057304 0.090276 1.544740
v 0.058661 0.092222 1.531779
v 0.059690 0.093826 1.518688
v 0.060344 0.094742 1.505455
v 0.060785 0.095232 1.492235
v 0.061177 0.095573 1.479003
v 0.061394 0.095544 1.465768
v 0.061554 0.095335 1.452543
v 0.061885 0.095320 1.439331
v 0.062423 0.095587 1.426132
v 0.063104 0.096010 1.412925
v 0.064035 0.096703 1.399735
v 0.065369 0.097828 1.386565
v 0.067141 0.099405 1.373534
v 0.069087 0.101196 1.360603
v 0.070931 0.102962 1.347678
v 0.072736 0.104749 1.334713
v 0.074490 0.106571 1.321777
v 0.075969 0.108272 1.308814
v 0.076984 0.109726 1.295811
v 0.077627 0.111010 1.282717
v 0.077963 0.112174 1.269606
v 0.078066 0.113265 1.256460
v 0.077959 0.114272 1.243322
v 0.077599 0.115178 1.230168
v 0.076976 0.115979 1.217016
v 0.076017 0.116653 1.203894
v 0.074750 0.117205 1.190767
v 0.073307 0.117685 1.177646
v 0.071807 0.118144 1.164525
v 0.070180 0.118549 1.151420
v 0.068466 0.118919 1.138320
v 0.066737 0.119305 1.125223
v -0.002410 -0.035141 1.616849
v -0.005207 -0.032939 1.617473
v -0.003742 -0.033545 1.615711
v -0.003875 -0.034535 1.618611
v 0.066737 0.119305 1.125223
v 0.066751 0.119269 1.125219
v 0.066789 0.119278 1.125214
v 0.066774 0.119314 1.125218
v -0.010691 -0.029943 1.618267
v -0.003706 -0.033483 1.615736
v -0.012835 -0.013727 1.624331
v -0.013043 0.000827 1.628503
v -0.010470 0.010933 1.629858
v -0.008576 0.020205 1.629424
v -0.006277 0.032057 1.627917
v -0.003660 0.045290 1.625014
v -0.000997 0.057513 1.621725
v 0.001511 0.069619 1.617580
v 0.003628 0.081307 1.611439
v 0.004569 0.090558 1.603045
v 0.004699 0.098904 1.592070
v 0.005078 0.107284 1.577932
v 0.006264 0.113128 1.562787
v 0.007737 0.116122 1.548015
v 0.008454 0.116607 1.535300
v 0.008252 0.115742 1.523411
v 0.007461 0.113737 1.510566
v 0.042698 0.080269 1.606036
v 0.006746 0.111711 1.496960
v 0.006707 0.110683 1.483219
v 0.007113 0.110175 1.469576
v 0.007772 0.109976 1.456267
v 0.008629 0.110101 1.442907
v 0.009730 0.110578 1.429601
v 0.011041 0.111344 1.416343
v 0.012553 0.112435 1.403175
v 0.036858 0.094244 1.460364
v 0.014363 0.113943 1.390016
v 0.016340 0.115542 1.377084
v 0.018425 0.117191 1.364229
v 0.020676 0.118999 1.351354
v 0.023011 0.120740 1.338591
v 0.025390 0.122379 1.325790
v 0.027843 0.123959 1.312966
v 0.030274 0.125406 1.300204
v 0.047665 0.112483 1.331387
v 0.032547 0.126629 1.287551
v 0.034673 0.127690 1.274679
v 0.036584 0.128565 1.261865
v 0.038231 0.129303 1.248938
v 0.039539 0.129874 1.236036
v 0.040539 0.130324 1.223030
v 0.041369 0.130690 1.209936
v 0.042058 0.130993 1.196841
v 0.052960 0.123699 1.247002
v 0.042599 0.131171 1.183722
v 0.043057 0.131264 1.170537
v 0.043388 0.131198 1.157386
v 0.043642 0.131088 1.144184
v 0.050087 0.127816 1.170037
v 0.043904 0.130988 1.130959
v 0.044196 0.130920 1.117744
v 0.047233 0.129324 1.128743
v 0.044485 0.130849 1.104530
v 0.045631 0.130260 1.104436
v 0.044639 0.130806 1.091326
v 0.044758 0.130744 1.091316
v 0.003073 -0.038137 1.616055
v 0.019169 -0.033627 1.618194
v 0.033753 -0.026629 1.618323
v 0.043547 -0.013541 1.617334
v 0.050944 0.001773 1.617501
v 0.055537 0.015179 1.616528
v 0.058949 0.027072 1.614542
v 0.062152 0.039445 1.610573
v 0.064779 0.051366 1.605351
v 0.066634 0.062067 1.598358
v 0.067603 0.071949 1.588905
v 0.067573 0.079277 1.578784
v 0.067327 0.083619 1.569917
v 0.067827 0.087091 1.560554
v 0.068897 0.089764 1.549779
v 0.070131 0.092310 1.536442
v 0.070350 0.093658 1.522061
v 0.069546 0.092970 1.508790
v 0.068670 0.091957 1.496314
v 0.068357 0.091861 1.483777
v 0.068397 0.092281 1.471115
v 0.068658 0.093121 1.458137
v 0.069048 0.094352 1.445252
v 0.069603 0.096004 1.432386
v 0.070254 0.097945 1.419546
v 0.070906 0.099979 1.406679
v 0.071558 0.102182 1.393906
v 0.072161 0.104547 1.380955
v 0.072578 0.106746 1.367902
v 0.072831 0.108792 1.354870
v 0.072934 0.110859 1.341713
v 0.072837 0.112867 1.328556
v 0.072584 0.114845 1.315403
v 0.072146 0.116763 1.302146
v 0.071440 0.118519 1.288704
v 0.070508 0.120077 1.275423
v 0.069398 0.121483 1.262037
v 0.068131 0.122719 1.248730
v 0.066711 0.123740 1.235370
v 0.065215 0.124602 1.222101
v 0.063581 0.125364 1.208920
v 0.061767 0.126000 1.195744
v 0.059800 0.126575 1.182601
v 0.057762 0.127148 1.169530
v 0.055634 0.127757 1.156436
v 0.053431 0.128325 1.143403
v 0.051236 0.128905 1.130392
v 0.049071 0.129510 1.117367
v 0.046914 0.130134 1.104342
v 0.044891 0.130730 1.091306
v 0.003073 -0.038137 1.616055
v -0.003911 -0.034597 1.618586
v 0.019169 -0.033627 1.618194
v 0.033753 -0.026629 1.618323
v 0.043547 -0.013541 1.617334
v 0.050944 0.001773 1.617501
v 0.011440 -0.012662 1.629727
v 0.055537 0.015179 1.616528
v 0.058949 0.027072 1.614542
v 0.062152 0.039445 1.610573
v 0.064779 0.051366 1.605351
v 0.066634 0.062067 1.598358
v 0.067603 0.071949 1.588905
v 0.067573 0.079277 1.578784
v 0.067327 0.083619 1.569917
v 0.067827 0.087091 1.560554
v 0.039296 0.080333 1.612724
v 0.068897 0.089764 1.549779
v 0.070131 0.092310 1.536442
v 0.070350 0.093658 1.522061
v 0.069546 0.092970 1.508790
v 0.068670 0.091957 1.496314
v 0.068357 0.091861 1.483777
v 0.068397 0.092281 1.471115
v 0.068658 0.093121 1.458137
v 0.040998 0.109276 1.526339
v 0.069048 0.094352 1.445252
v 0.069603 0.096004 1.432386
v 0.070254 0.097945 1.419546
v 0.070906 0.099979 1.406679
v 0.071558 0.102182 1.393906
v 0.072161 0.104547 1.380955
v 0.072578 0.106746 1.367902
v 0.072831 0.108792 1.354870
v 0.041332 0.109479 1.423469
v 0.072934 0.110859 1.341713
v 0.072837 0.112867 1.328556
v 0.072584 0.114845 1.315403
v 0.072146 0.116763 1.302146
v 0.071440 0.118519 1.288704
v 0.070508 0.120077 1.275423
v 0.069398 0.121483 1.262037
v 0.068131 0.122719 1.248730
v 0.053065 0.126601 1.288828
v 0.066711 0.123740 1.235370
v 0.065215 0.124602 1.222101
v 0.063581 0.125364 1.208920
v 0.061767 0.126000 1.195744
v 0.053305 0.130062 1.215210
v 0.059800 0.126575 1.182601
v 0.057762 0.127148 1.169530
v 0.055634 0.127757 1.156436
v 0.053431 0.128325 1.143403
v 0.050885 0.130629 1.171176
v 0.051236 0.128905 1.130392
v 0.049071 0.129510 1.117367
v 0.047567 0.130646 1.127976
v 0.046914 0.130134 1.104342
v 0.045767 0.130722 1.104436
v 0.044891 0.130730 1.091306
v 0.044772 0.130792 1.091316
v -0.010691 -0.029943 1.618267
v -0.012835 -0.013727 1.624331
v -0.013043 0.000827 1.628503
v -0.010470 0.010933 1.629858
v -0.008576 0.020205 1.629424
v -0.006277 0.032057 1.627917
v -0.003660 0.045290 1.625014
v -0.000997 0.057513 1.621725
v 0.001511 0.069619 1.617580
v 0.003628 0.081307 1.611439
v 0.004569 0.090558 1.603045
v 0.004699 0.098904 1.592070
v 0.005078 0.107284 1.577932
v 0.006264 0.113128 1.562787
v 0.007737 0.116122 1.548015
v 0.008454 0.116607 1.535300
v 0.008252 0.115742 1.523411
v 0.007461 0.113737 1.510566
v 0.006746 0.111711 1.496960
v 0.006707 0.110683 1.483219
v 0.007113 0.110175 1.469576
v 0.007772 0.109976 1.456267
v 0.008629 0.110101 1.442907
v 0.009730 0.110578 1.429601
v 0.011041 0.111344 1.416343
v 0.012553 0.112435 1.403175
v 0.014363 0.113943 1.390016
v 0.016340 0.115542 1.377084
v 0.018425 0.117191 1.364229
v 0.020676 0.118999 1.351354
v 0.023011 0.120740 1.338591
v 0.025390 0.122379 1.325790
v 0.027843 0.123959 1.312966
v 0.030274 0.125406 1.300204
v 0.032547 0.126629 1.287551
v 0.034673 0.127690 1.274679
v 0.036584 0.128565 1.261865
v 0.038231 0.129303 1.248938
v 0.039539 0.129874 1.236036
v 0.040539 0.130324 1.223030
v 0.041369 0.130690 1.209936
v 0.042058 0.130993 1.196841
v 0.042599 0.131171 1.183722
v 0.043057 0.131264 1.170537
v 0.043388 0.131198 1.157386
v 0.043642 0.131088 1.144184
v 0.043904 0.130988 1.130959
v 0.044196 0.130920 1.117744
v 0.044485 0.130849 1.104530
v 0.044639 0.130806 1.091326
v -0.010691 -0.029943 1.618267
v 0.003073 -0.038137 1.616055
v -0.003706 -0.033483 1.615736
v -0.003911 -0.034597 1.618586
v 0.044639 0.130806 1.091326
v 0.044758 0.130744 1.091316
v 0.044891 0.130730 1.091306
v 0.044772 0.130792 1.091316
v -0.006017 -0.033392 1.617300
v -0.003728 -0.033459 1.615744
v -0.005075 -0.020762 1.622221
v -0.003420 -0.007842 1.625543
v -0.000883 0.004465 1.626463
v 0.001127 0.017136 1.626092
v 0.002577 0.029672 1.624251
v 0.003580 0.042193 1.621284
v 0.009097 0.010112 1.620955
v 0.003988 0.054220 1.617594
v 0.003782 0.066283 1.613012
v 0.003203 0.077702 1.606775
v 0.002385 0.087513 1.598360
v 0.001177 0.095562 1.588212
v 0.000021 0.102296 1.576736
v -0.000557 0.107615 1.564028
v -0.000525 0.110680 1.551008
v -0.000343 0.112151 1.537985
v -0.000396 0.112435 1.525047
v -0.000695 0.111117 1.512078
v 0.010510 0.101176 1.582717
v -0.001011 0.109174 1.498975
v -0.001136 0.108002 1.485619
v -0.001050 0.107538 1.472357
v -0.000824 0.107478 1.459092
v 0.008189 0.101638 1.481885
v -0.000455 0.107956 1.445790
v 0.000063 0.109070 1.432567
v 0.000719 0.110656 1.419399
v 0.001465 0.112392 1.406319
v 0.009070 0.103231 1.434113
v 0.002310 0.114310 1.393221
v 0.003268 0.116391 1.380200
v 0.004309 0.118484 1.367197
v 0.005435 0.120488 1.354179
v 0.011453 0.110516 1.384650
v 0.006645 0.122499 1.341179
v 0.007910 0.124435 1.328199
v 0.009218 0.126316 1.315197
v 0.010578 0.128132 1.302204
v 0.015973 0.121711 1.318410
v 0.011936 0.129788 1.289211
v 0.013251 0.131213 1.276193
v 0.014537 0.132437 1.263139
v 0.015755 0.133480 1.250083
v 0.019361 0.128603 1.269939
v 0.016867 0.134353 1.236993
v 0.017876 0.135039 1.223890
v 0.018776 0.135580 1.210762
v 0.019596 0.136004 1.197625
v 0.022058 0.132884 1.219434
v 0.020330 0.136268 1.184483
v 0.020994 0.136470 1.171324
v 0.021593 0.136700 1.158165
v 0.022117 0.136988 1.144998
v 0.023717 0.135233 1.164612
v 0.022590 0.137206 1.131826
v 0.023964 0.136184 1.131824
v 0.023035 0.137402 1.118647
v 0.024026 0.136588 1.118641
v 0.023436 0.137576 1.105470
v 0.024095 0.137033 1.105461
v 0.023806 0.137768 1.092288
v 0.024134 0.137496 1.092283
v 0.024137 0.137962 1.079105
v 0.024172 0.137934 1.079104
v -0.001601 -0.034688 1.617022
v 0.005096 -0.023836 1.621316
v 0.011456 -0.012342 1.623712
v 0.015751 0.000774 1.624003
v 0.018774 0.013970 1.624064
v 0.020897 0.027360 1.622815
v 0.022287 0.040516 1.620339
v 0.022933 0.053753 1.616583
v 0.022834 0.066364 1.611912
v 0.022308 0.078073 1.605624
v 0.021491 0.088227 1.596992
v 0.020253 0.096502 1.586620
v 0.019100 0.103017 1.575441
v 0.018528 0.107681 1.563811
v 0.018493 0.110671 1.551193
v 0.018590 0.112350 1.538050
v 0.018427 0.112921 1.524652
v 0.018000 0.111715 1.511400
v 0.017557 0.109808 1.498429
v 0.017294 0.108632 1.485536
v 0.017218 0.108198 1.472446
v 0.017264 0.108179 1.459346
v 0.017431 0.108698 1.446307
v 0.017727 0.109872 1.433277
v 0.018135 0.111518 1.420297
v 0.018609 0.113310 1.407274
v 0.019136 0.115127 1.394307
v 0.019714 0.117104 1.381319
v 0.020307 0.119099 1.368324
v 0.020907 0.121120 1.355339
v 0.021521 0.123162 1.342348
v 0.022123 0.125128 1.329317
v 0.022706 0.126943 1.316280
v 0.023286 0.128671 1.303215
v 0.023821 0.130249 1.290107
v 0.024286 0.131600 1.276964
v 0.024711 0.132750 1.263813
v 0.025084 0.133732 1.250627
v 0.025389 0.134545 1.237441
v 0.025648 0.135176 1.224239
v 0.025856 0.135669 1.211043
v 0.025983 0.136118 1.197843
v 0.026015 0.136496 1.184635
v 0.025969 0.136778 1.171437
v 0.025861 0.136972 1.158235
v 0.025682 0.137007 1.145038
v 0.025437 0.137056 1.131844
v 0.025160 0.137187 1.118656
v 0.024851 0.137430 1.105469
v 0.024511 0.137694 1.092287
v 0.024212 0.137955 1.079105
v -0.001601 -0.034688 1.617022
v -0.003890 -0.034621 1.618578
v 0.005096 -0.023836 1.621316
v 0.011456 -0.012342 1.623712
v 0.015751 0.000774 1.624003
v 0.018774 0.013970 1.624064
v 0.020897 0.027360 1.622815
v 0.022287 0.040516 1.620339
v 0.008599 0.001789 1.633822
v 0.022933 0.053753 1.616583
v 0.022834 0.066364 1.611912
v 0.022308 0.078073 1.605624
v 0.021491 0.088227 1.596992
v 0.020253 0.096502 1.586620
v 0.019100 0.103017 1.575441
v 0.012880 0.090022 1.608516
v 0.018528 0.107681 1.563811
v 0.018493 0.110671 1.551193
v 0.018590 0.112350 1.538050
v 0.018427 0.112921 1.524652
v 0.018000 0.111715 1.511400
v 0.017557 0.109808 1.498429
v 0.008809 0.120083 1.541091
v 0.017294 0.108632 1.485536
v 0.017218 0.108198 1.472446
v 0.017264 0.108179 1.459346
v 0.017431 0.108698 1.446307
v 0.007836 0.113471 1.464796
v 0.017727 0.109872 1.433277
v 0.018135 0.111518 1.420297
v 0.018609 0.113310 1.407274
v 0.019136 0.115127 1.394307
v 0.008934 0.116439 1.422778
v 0.019714 0.117104 1.381319
v 0.020307 0.119099 1.368324
v 0.020907 0.121120 1.355339
v 0.021521 0.123162 1.342348
v 0.012541 0.125238 1.360505
v 0.022123 0.125128 1.329317
v 0.022706 0.126943 1.316280
v 0.023286 0.128671 1.303215
v 0.023821 0.130249 1.290107
v 0.016662 0.132652 1.303684
v 0.024286 0.131600 1.276964
v 0.024711 0.132750 1.263813
v 0.025084 0.133732 1.250627
v 0.025389 0.134545 1.237441
v 0.019959 0.136475 1.257138
v 0.025648 0.135176 1.224239
v 0.025856 0.135669 1.211043
v 0.025983 0.136118 1.197843
v 0.026015 0.136496 1.184635
v 0.022564 0.138161 1.204169
v 0.025969 0.136778 1.171437
v 0.025861 0.136972 1.158235
v 0.023602 0.138265 1.160812
v 0.025682 0.137007 1.145038
v 0.025437 0.137056 1.131844
v 0.023972 0.138142 1.140402
v 0.025160 0.137187 1.118656
v 0.024169 0.138001 1.118662
v 0.024851 0.137430 1.105469
v 0.024192 0.137973 1.105477
v 0.024511 0.137694 1.092287
v 0.024183 0.137966 1.092291
v 0.024212 0.137955 1.079105
v 0.024177 0.137983 1.079105
v -0.006017 -0.033392 1.617300
v -0.005075 -0.020762 1.622221
v -0.003420 -0.007842 1.625543
v -0.000883 0.004465 1.626463
v 0.001127 0.017136 1.626092
v 0.002577 0.029672 1.624251
v 0.003580 0.042193 1.621284
v 0.003988 0.054220 1.617594
v 0.003782 0.066283 1.613012
v 0.003203 0.077702 1.606775
v 0.002385 0.087513 1.598360
v 0.001177 0.095562 1.588212
v 0.000021 0.102296 1.576736
v -0.000557 0.107615 1.564028
v -0.000525 0.110680 1.551008
v -0.000343 0.112151 1.537985
v -0.000396 0.112435 1.525047
v -0.000695 0.111117 1.512078
v -0.001011 0.109174 1.498975
v -0.001136 0.108002 1.485619
v -0.001050 0.107538 1.472357
v -0.000824 0.107478 1.459092
v -0.000455 0.107956 1.445790
v 0.000063 0.109070 1.432567
v 0.000719 0.110656 1.419399
v 0.001465 0.112392 1.406319
v 0.002310 0.114310 1.393221
v 0.003268 0.116391 1.380200
v 0.004309 0.118484 1.367197
v 0.005435 0.120488 1.354179
v 0.006645 0.122499 1.341179
v 0.007910 0.124435 1.328199
v 0.009218 0.126316 1.315197
v 0.010578 0.128132 1.302204
v 0.011936 0.129788 1.289211
v 0.013251 0.131213 1.276193
v 0.014537 0.132437 1.263139
v 0.015755 0.133480 1.250083
v 0.016867 0.134353 1.236993
v 0.017876 0.135039 1.223890
v 0.018776 0.135580 1.210762
v 0.019596 0.136004 1.197625
v 0.020330 0.136268 1.184483
v 0.020994 0.136470 1.171324
v 0.021593 0.136700 1.158165
v 0.022117 0.136988 1.144998
v 0.022590 0.137206 1.131826
v 0.023035 0.137402 1.118647
v 0.023436 0.137576 1.105470
v 0.023806 0.137768 1.092288
v 0.024137 0.137962 1.079105
v -0.006017 -0.033392 1.617300
v -0.001601 -0.034688 1.617022
v -0.003728 -0.033459 1.615744
v -0.003890 -0.034621 1.618578
v 0.024137 0.137962 1.079105
v 0.024172 0.137934 1.079104
v 0.024212 0.137955 1.079105
v 0.024177 0.137983 1.079105
v -0.006716 -0.033587 1.617215
v -0.003743 -0.033448 1.615748
v -0.008457 -0.020756 1.622225
v -0.009349 -0.007656 1.625702
v -0.008638 0.005026 1.626795
v -0.008292 0.017681 1.626307
v -0.008290 0.030476 1.624302
v -0.008636 0.042866 1.621197
v 0.003124 0.010948 1.621645
v -0.009441 0.054968 1.617225
v -0.010738 0.066739 1.612394
v -0.012285 0.077953 1.605831
v -0.013823 0.087392 1.597310
v -0.015525 0.095252 1.586999
v -0.017070 0.101748 1.575361
v -0.000485 0.083061 1.597958
v -0.018053 0.106635 1.562741
v -0.018411 0.109367 1.549583
v -0.018496 0.110546 1.536425
v -0.018610 0.110706 1.523458
v -0.018724 0.109455 1.510364
v -0.018788 0.107657 1.497148
v -0.005878 0.107281 1.539471
v -0.018802 0.106515 1.483785
v -0.018778 0.105921 1.470439
v -0.018687 0.105733 1.457054
v -0.018496 0.106214 1.443540
v -0.006297 0.101373 1.458531
v -0.018205 0.107669 1.430208
v -0.017816 0.109665 1.416995
v -0.017319 0.111760 1.403824
v -0.016704 0.113858 1.390660
v -0.006111 0.104717 1.422776
v -0.015956 0.116080 1.377504
v -0.015085 0.118306 1.364403
v -0.014082 0.120522 1.351270
v -0.012949 0.122744 1.338191
v -0.003788 0.116076 1.355323
v -0.011704 0.124888 1.325112
v -0.010341 0.126858 1.312014
v -0.008869 0.128738 1.298923
v -0.007325 0.130448 1.285849
v -0.000317 0.125616 1.299497
v -0.005742 0.131970 1.272751
v -0.004111 0.133291 1.259635
v -0.002482 0.134429 1.246518
v -0.000895 0.135391 1.233389
v 0.003256 0.131536 1.253821
v 0.000657 0.136157 1.220235
v 0.002144 0.136776 1.207085
v 0.003581 0.137227 1.193915
v 0.004989 0.137467 1.180738
v 0.007706 0.135552 1.197424
v 0.006346 0.137667 1.167548
v 0.007616 0.137952 1.154358
v 0.010146 0.136948 1.162455
v 0.008773 0.138369 1.141151
v 0.009886 0.138713 1.127934
v 0.011488 0.137796 1.135479
v 0.010949 0.139032 1.114714
v 0.012367 0.138442 1.114765
v 0.011943 0.139314 1.101485
v 0.012888 0.138923 1.101513
v 0.012880 0.139620 1.088248
v 0.013352 0.139426 1.088261
v 0.013769 0.139922 1.075007
v 0.013819 0.139902 1.075009
v -0.000901 -0.034494 1.617107
v 0.004969 -0.022945 1.621698
v 0.010356 -0.010691 1.624429
v 0.013152 0.002863 1.624912
v 0.014680 0.016654 1.624970
v 0.015339 0.030144 1.623517
v 0.015355 0.043610 1.620719
v 0.014713 0.056813 1.616862
v 0.013453 0.069610 1.612043
v 0.011921 0.081315 1.605678
v 0.010299 0.091448 1.596671
v 0.008564 0.099411 1.586002
v 0.007047 0.105552 1.574537
v 0.006072 0.110049 1.562453
v 0.005643 0.112670 1.549661
v 0.005423 0.114029 1.536416
v 0.005126 0.114491 1.522871
v 0.004835 0.113360 1.509552
v 0.004598 0.111611 1.496473
v 0.004397 0.110497 1.483406
v 0.004217 0.109894 1.470245
v 0.004080 0.109699 1.457100
v 0.004022 0.110126 1.444099
v 0.004061 0.111399 1.431043
v 0.004165 0.113223 1.418004
v 0.004339 0.115154 1.404956
v 0.004569 0.117072 1.391905
v 0.004843 0.119103 1.378888
v 0.005157 0.121140 1.365826
v 0.005508 0.123151 1.352798
v 0.005901 0.125170 1.339728
v 0.006317 0.127111 1.326640
v 0.006751 0.128989 1.313546
v 0.007218 0.130805 1.300432
v 0.007705 0.132445 1.287261
v 0.008206 0.133811 1.274065
v 0.008749 0.134939 1.260849
v 0.009313 0.135898 1.247605
v 0.009881 0.136695 1.234346
v 0.010487 0.137309 1.221089
v 0.011104 0.137795 1.207811
v 0.011649 0.138272 1.194537
v 0.012124 0.138735 1.181255
v 0.012540 0.139070 1.167974
v 0.012905 0.139267 1.154684
v 0.013236 0.139222 1.141401
v 0.013487 0.139197 1.128119
v 0.013663 0.139266 1.114836
v 0.013749 0.139473 1.101557
v 0.013781 0.139701 1.088282
v 0.013864 0.139931 1.075011
v -0.000901 -0.034494 1.617107
v -0.003875 -0.034632 1.618574
v 0.004969 -0.022945 1.621698
v 0.010356 -0.010691 1.624429
v 0.013152 0.002863 1.624912
v 0.014680 0.016654 1.624970
v 0.015339 0.030144 1.623517
v 0.015355 0.043610 1.620719
v 0.002875 0.003197 1.634508
v 0.014713 0.056813 1.616862
v 0.013453 0.069610 1.612043
v 0.011921 0.081315 1.605678
v 0.010299 0.091448 1.596671
v 0.008564 0.099411 1.586002
v -0.000649 0.087248 1.610586
v 0.007047 0.105552 1.574537
v 0.006072 0.110049 1.562453
v 0.005643 0.112670 1.549661
v 0.005423 0.114029 1.536416
v 0.005126 0.114491 1.522871
v 0.004835 0.113360 1.509552
v 0.004598 0.111611 1.496473
v -0.007902 0.119930 1.548970
v 0.004397 0.110497 1.483406
v 0.004217 0.109894 1.470245
v 0.004080 0.109699 1.457100
v 0.004022 0.110126 1.444099
v -0.008353 0.113283 1.458913
v 0.004061 0.111399 1.431043
v 0.004165 0.113223 1.418004
v 0.004339 0.115154 1.404956
v 0.004569 0.117072 1.391905
v -0.008053 0.115819 1.426969
v 0.004843 0.119103 1.378888
v 0.005157 0.121140 1.365826
v 0.005508 0.123151 1.352798
v 0.005901 0.125170 1.339728
v -0.005419 0.126015 1.358932
v 0.006317 0.127111 1.326640
v 0.006751 0.128989 1.313546
v 0.007218 0.130805 1.300432
v 0.007705 0.132445 1.287261
v -0.001688 0.133693 1.303280
v 0.008206 0.133811 1.274065
v 0.008749 0.134939 1.260849
v 0.009313 0.135898 1.247605
v 0.009881 0.136695 1.234346
v 0.002298 0.137895 1.255499
v 0.010487 0.137309 1.221089
v 0.011104 0.137795 1.207811
v 0.011649 0.138272 1.194537
v 0.012124 0.138735 1.181255
v 0.006960 0.139845 1.199092
v 0.012540 0.139070 1.167974
v 0.012905 0.139267 1.154684
v 0.013236 0.139222 1.141401
v 0.013487 0.139197 1.128119
v 0.010460 0.139983 1.147693
v 0.013663 0.139266 1.114836
v 0.012244 0.139857 1.114785
v 0.013749 0.139473 1.101557
v 0.012804 0.139865 1.101528
v 0.013781 0.139701 1.088282
v 0.013309 0.139895 1.088269
v 0.013864 0.139931 1.075011
v 0.013814 0.139952 1.075009
v -0.006716 -0.033587 1.617215
v -0.008457 -0.020756 1.622225
v -0.009349 -0.007656 1.625702
v -0.008638 0.005026 1.626795
v -0.008292 0.017681 1.626307
v -0.008290 0.030476 1.624302
v -0.008636 0.042866 1.621197
v -0.009441 0.054968 1.617225
v -0.010738 0.066739 1.612394
v -0.012285 0.077953 1.605831
v -0.013823 0.087392 1.597310
v -0.015525 0.095252 1.586999
v -0.017070 0.101748 1.575361
v -0.018053 0.106635 1.562741
v -0.018411 0.109367 1.549583
v -0.018496 0.110546 1.536425
v -0.018610 0.110706 1.523458
v -0.018724 0.109455 1.510364
v -0.018788 0.107657 1.497148
v -0.018802 0.106515 1.483785
v -0.018778 0.105921 1.470439
v -0.018687 0.105733 1.457054
v -0.018496 0.106214 1.443540
v -0.018205 0.107669 1.430208
v -0.017816 0.109665 1.416995
v -0.017319 0.111760 1.403824
v -0.016704 0.113858 1.390660
v -0.015956 0.116080 1.377504
v -0.015085 0.118306 1.364403
v -0.014082 0.120522 1.351270
v -0.012949 0.122744 1.338191
v -0.011704 0.124888 1.325112
v -0.010341 0.126858 1.312014
v -0.008869 0.128738 1.298923
v -0.007325 0.130448 1.285849
v -0.005742 0.131970 1.272751
v -0.004111 0.133291 1.259635
v -0.002482 0.134429 1.246518
v -0.000895 0.135391 1.233389
v 0.000657 0.136157 1.220235
v 0.002144 0.136776 1.207085
v 0.003581 0.137227 1.193915
v 0.004989 0.137467 1.180738
v 0.006346 0.137667 1.167548
v 0.007616 0.137952 1.154358
v 0.008773 0.138369 1.141151
v 0.009886 0.138713 1.127934
v 0.010949 0.139032 1.114714
v 0.011943 0.139314 1.101485
v 0.012880 0.139620 1.088248
v 0.013769 0.139922 1.075007
v -0.006716 -0.033587 1.617215
v -0.000901 -0.034494 1.617107
v -0.003743 -0.033448 1.615748
v -0.003875 -0.034632 1.618574
v 0.013769 0.139922 1.075007
v 0.013819 0.139902 1.075009
v 0.013864 0.139931 1.075011
v 0.013814 0.139952 1.075009
v -0.008838 -0.034260 1.616929
v -0.003769 -0.033448 1.615747
v -0.016118 -0.022044 1.621085
v -0.021991 -0.009325 1.623127
v -0.024385 0.002267 1.622713
v -0.026839 0.014243 1.622597
v -0.029389 0.026004 1.621505
v -0.032105 0.038189 1.619325
v -0.034766 0.049518 1.615364
v -0.037633 0.060616 1.610028
v -0.040358 0.070656 1.603196
v -0.042808 0.079213 1.594579
v -0.045025 0.086124 1.584548
v -0.046950 0.091918 1.573071
v -0.016315 0.062827 1.615545
v -0.048303 0.096371 1.560752
v -0.048896 0.098869 1.547977
v -0.049070 0.099973 1.535226
v -0.049140 0.100176 1.522498
v -0.048996 0.099031 1.509813
v -0.048807 0.097471 1.496702
v -0.027912 0.102402 1.539217
v -0.048734 0.096587 1.483321
v -0.048773 0.096280 1.470106
v -0.048858 0.096401 1.456769
v -0.048946 0.097216 1.443153
v -0.049083 0.098945 1.429846
v -0.049193 0.101230 1.416595
v -0.049156 0.103598 1.403515
v -0.048934 0.105998 1.390335
v -0.028663 0.097201 1.448042
v -0.048532 0.108522 1.377269
v -0.047923 0.111085 1.364154
v -0.047091 0.113640 1.351114
v -0.046050 0.116236 1.338043
v -0.029475 0.113292 1.354922
v -0.044779 0.118763 1.325053
v -0.043272 0.121184 1.312056
v -0.041540 0.123538 1.299036
v -0.039603 0.125732 1.286090
v -0.037445 0.127693 1.273082
v -0.035096 0.129430 1.260145
v -0.032638 0.130975 1.247234
v -0.030131 0.132326 1.234321
v -0.025422 0.127436 1.276910
v -0.027561 0.133466 1.221401
v -0.025001 0.134432 1.208524
v -0.022466 0.135301 1.195650
v -0.019911 0.136043 1.182753
v -0.016503 0.134456 1.205983
v -0.017374 0.136696 1.169862
v -0.014918 0.137296 1.156976
v -0.012520 0.137818 1.144048
v -0.010200 0.138307 1.131114
v -0.009343 0.137365 1.152121
v -0.007992 0.138821 1.118152
v -0.005566 0.138768 1.118410
v -0.005938 0.139371 1.105170
v -0.004321 0.139347 1.105321
v -0.003985 0.139939 1.092152
v -0.003178 0.139932 1.092225
v -0.002113 0.140491 1.079121
v -0.002027 0.140490 1.079129
v 0.001221 -0.033820 1.617393
v 0.007134 -0.021520 1.622666
v 0.012023 -0.008704 1.626715
v 0.012613 0.005900 1.628549
v 0.011777 0.020009 1.628176
v 0.010080 0.033962 1.625758
v 0.007978 0.046930 1.621954
v 0.005278 0.060062 1.617855
v 0.002210 0.072557 1.613208
v -0.000986 0.084381 1.606741
v -0.003803 0.094248 1.597431
v -0.006248 0.101904 1.586094
v -0.008170 0.107554 1.574216
v -0.009449 0.111538 1.561788
v -0.010055 0.113677 1.548714
v -0.010362 0.114624 1.535245
v -0.010669 0.114809 1.521675
v -0.010851 0.113734 1.508152
v -0.010913 0.112044 1.495154
v -0.011097 0.110985 1.482303
v -0.011456 0.110542 1.469220
v -0.011881 0.110486 1.456252
v -0.012319 0.111030 1.443600
v -0.012786 0.112288 1.430776
v -0.013285 0.114088 1.418042
v -0.013712 0.116002 1.405164
v -0.014060 0.117887 1.392383
v -0.014374 0.119877 1.379527
v -0.014635 0.121858 1.366728
v -0.014828 0.123828 1.353855
v -0.014975 0.125794 1.341028
v -0.015036 0.127683 1.328108
v -0.015021 0.129483 1.315177
v -0.014918 0.131204 1.302267
v -0.014699 0.132775 1.289261
v -0.014340 0.134118 1.276288
v -0.013800 0.135278 1.263233
v -0.013117 0.136275 1.250145
v -0.012305 0.137118 1.237048
v -0.011311 0.137797 1.223961
v -0.010193 0.138353 1.210829
v -0.009099 0.138824 1.197677
v -0.008004 0.139173 1.184539
v -0.006934 0.139433 1.171381
v -0.005954 0.139657 1.158193
v -0.005056 0.139830 1.145026
v -0.004234 0.139953 1.131842
v -0.003526 0.140083 1.118663
v -0.002967 0.140231 1.105471
v -0.002505 0.140377 1.092298
v -0.001956 0.140538 1.079137
v 0.001221 -0.033820 1.617393
v -0.003848 -0.034633 1.618575
v 0.007134 -0.021520 1.622666
v 0.012023 -0.008704 1.626715
v 0.012613 0.005900 1.628549
v 0.011777 0.020009 1.628176
v 0.010080 0.033962 1.625758
v 0.007978 0.046930 1.621954
v -0.004774 0.002629 1.634358
v 0.005278 0.060062 1.617855
v 0.002210 0.072557 1.613208
v -0.000986 0.084381 1.606741
v -0.003803 0.094248 1.597431
v -0.006248 0.101904 1.586094
v -0.008170 0.107554 1.574216
v -0.009449 0.111538 1.561788
v -0.024738 0.094355 1.603503
v -0.010055 0.113677 1.548714
v -0.010362 0.114624 1.535245
v -0.010669 0.114809 1.521675
v -0.010851 0.113734 1.508152
v -0.032304 0.113976 1.531008
v -0.010913 0.112044 1.495154
v -0.011097 0.110985 1.482303
v -0.011456 0.110542 1.469220
v -0.011881 0.110486 1.456252
v -0.012319 0.111030 1.443600
v -0.012786 0.112288 1.430776
v -0.013285 0.114088 1.418042
v -0.013712 0.116002 1.405164
v -0.032268 0.107972 1.456409
v -0.014060 0.117887 1.392383
v -0.014374 0.119877 1.379527
v -0.014635 0.121858 1.366728
v -0.014828 0.123828 1.353855
v -0.014975 0.125794 1.341028
v -0.015036 0.127683 1.328108
v -0.015021 0.129483 1.315177
v -0.014918 0.131204 1.302267
v -0.032350 0.126328 1.336720
v -0.014699 0.132775 1.289261
v -0.014340 0.134118 1.276288
v -0.013800 0.135278 1.263233
v -0.013117 0.136275 1.250145
v -0.026639 0.134854 1.271887
v -0.012305 0.137118 1.237048
v -0.011311 0.137797 1.223961
v -0.010193 0.138353 1.210829
v -0.009099 0.138824 1.197677
v -0.019803 0.138313 1.220570
v -0.008004 0.139173 1.184539
v -0.006934 0.139433 1.171381
v -0.005954 0.139657 1.158193
v -0.005056 0.139830 1.145026
v -0.012076 0.139760 1.167163
v -0.004234 0.139953 1.131842
v -0.003526 0.140083 1.118663
v -0.006654 0.140086 1.124733
v -0.002967 0.140231 1.105471
v -0.004584 0.140255 1.105321
v -0.002505 0.140377 1.092298
v -0.003312 0.140384 1.092225
v -0.001956 0.140538 1.079137
v -0.002042 0.140538 1.079129
v -0.008838 -0.034260 1.616929
v -0.016118 -0.022044 1.621085
v -0.021991 -0.009325 1.623127
v -0.024385 0.002267 1.622713
v -0.026839 0.014243 1.622597
v -0.029389 0.026004 1.621505
v -0.032105 0.038189 1.619325
v -0.034766 0.049518 1.615364
v -0.037633 0.060616 1.610028
v -0.040358 0.070656 1.603196
v -0.042808 0.079213 1.594579
v -0.045025 0.086124 1.584548
v -0.046950 0.091918 1.573071
v -0.048303 0.096371 1.560752
v -0.048896 0.098869 1.547977
v -0.049070 0.099973 1.535226
v -0.049140 0.100176 1.522498
v -0.048996 0.099031 1.509813
v -0.048807 0.097471 1.496702
v -0.048734 0.096587 1.483321
v -0.048773 0.096280 1.470106
v -0.048858 0.096401 1.456769
v -0.048946 0.097216 1.443153
v -0.049083 0.098945 1.429846
v -0.049193 0.101230 1.416595
v -0.049156 0.103598 1.403515
v -0.048934 0.105998 1.390335
v -0.048532 0.108522 1.377269
v -0.047923 0.111085 1.364154
v -0.047091 0.113640 1.351114
v -0.046050 0.116236 1.338043
v -0.044779 0.118763 1.325053
v -0.043272 0.121184 1.312056
v -0.041540 0.123538 1.299036
v -0.039603 0.125732 1.286090
v -0.037445 0.127693 1.273082
v -0.035096 0.129430 1.260145
v -0.032638 0.130975 1.247234
v -0.030131 0.132326 1.234321
v -0.027561 0.133466 1.221401
v -0.025001 0.134432 1.208524
v -0.022466 0.135301 1.195650
v -0.019911 0.136043 1.182753
v -0.017374 0.136696 1.169862
v -0.014918 0.137296 1.156976
v -0.012520 0.137818 1.144048
v -0.010200 0.138307 1.131114
v -0.007992 0.138821 1.118152
v -0.005938 0.139371 1.105170
v -0.003985 0.139939 1.092152
v -0.002113 0.140491 1.079121
v -0.008838 -0.034260 1.616929
v 0.001221 -0.033820 1.617393
v -0.003769 -0.033448 1.615747
v -0.003848 -0.034633 1.618575
v -0.002113 0.140491 1.079121
v -0.002027 0.140490 1.079129
v -0.001956 0.140538 1.079137
v -0.002042 0.140538 1.079129
v -0.007394 -0.035023 1.616728
v -0.003795 -0.033464 1.615740
v -0.015983 -0.024348 1.620229
v -0.023166 -0.012894 1.621608
v -0.027726 -0.001683 1.620969
v -0.032492 0.009425 1.620523
v -0.037578 0.020905 1.618980
v -0.042638 0.032356 1.616222
v -0.016620 0.011876 1.619804
v -0.047238 0.043192 1.611516
v -0.051642 0.053537 1.605580
v -0.055333 0.062359 1.598116
v -0.058410 0.069500 1.589272
v -0.061008 0.075363 1.578490
v -0.063014 0.079982 1.566937
v -0.064320 0.083290 1.554767
v -0.064818 0.085032 1.542318
v -0.064997 0.085880 1.529513
v -0.046188 0.082316 1.586393
v -0.064936 0.085885 1.517057
v -0.064634 0.084914 1.504190
v -0.064450 0.083989 1.490903
v -0.064643 0.083893 1.477727
v -0.065123 0.084268 1.464501
v -0.065754 0.085147 1.451204
v -0.066464 0.086656 1.437813
v -0.067313 0.088839 1.424717
v -0.049258 0.086908 1.465168
v -0.068123 0.091342 1.411631
v -0.068739 0.093918 1.398632
v -0.069216 0.096703 1.385591
v -0.069478 0.099589 1.372639
v -0.054716 0.098613 1.387784
v -0.069443 0.102456 1.359605
v -0.069128 0.105316 1.346654
v -0.068545 0.108199 1.333651
v -0.067640 0.110991 1.320717
v -0.055990 0.108963 1.337073
v -0.066440 0.113741 1.307740
v -0.064936 0.116392 1.294840
v -0.063080 0.118870 1.281882
v -0.060871 0.121137 1.269016
v -0.053932 0.118659 1.288868
v -0.058392 0.123229 1.256175
v -0.055725 0.125129 1.243394
v -0.052843 0.126852 1.230595
v -0.049820 0.128361 1.217885
v -0.047782 0.126111 1.241383
v -0.046745 0.129730 1.205195
v -0.043555 0.130926 1.192496
v -0.040313 0.132007 1.179832
v -0.037127 0.133008 1.167158
v -0.038187 0.131303 1.191763
v -0.033976 0.133908 1.154456
v -0.030882 0.134744 1.141736
v -0.027936 0.135579 1.128997
v -0.027283 0.135276 1.136360
v -0.025227 0.136475 1.116192
v -0.023972 0.136489 1.116401
v -0.022612 0.137288 1.103351
v -0.021986 0.137259 1.103450
v -0.020032 0.138021 1.090495
v -0.019967 0.138014 1.090505
v -0.000224 -0.033058 1.617594
v 0.000985 -0.020094 1.622738
v 0.001188 -0.006800 1.626357
v -0.001904 0.007074 1.627563
v -0.006151 0.020584 1.627137
v -0.010754 0.033204 1.625021
v -0.015450 0.045281 1.621518
v -0.020441 0.057242 1.617464
v -0.025511 0.068746 1.612416
v -0.030458 0.079678 1.605018
v -0.034372 0.088578 1.594408
v -0.037098 0.094829 1.582560
v -0.039160 0.099618 1.569970
v -0.040406 0.102830 1.556881
v -0.040886 0.104448 1.543338
v -0.040961 0.104951 1.529938
v -0.041054 0.104852 1.516162
v -0.040762 0.103547 1.502895
v -0.040492 0.102165 1.490046
v -0.040699 0.101677 1.476993
v -0.041215 0.101641 1.463999
v -0.041905 0.102087 1.451121
v -0.042678 0.103093 1.438435
v -0.043640 0.104770 1.425639
v -0.044613 0.106747 1.412928
v -0.045405 0.108704 1.400117
v -0.046105 0.110712 1.387383
v -0.046711 0.112799 1.374581
v -0.047203 0.114897 1.361851
v -0.047602 0.117089 1.349049
v -0.047856 0.119238 1.336298
v -0.047909 0.121308 1.323458
v -0.047804 0.123334 1.310663
v -0.047469 0.125258 1.297788
v -0.046862 0.126987 1.284960
v -0.045928 0.128559 1.272056
v -0.044715 0.129973 1.259153
v -0.043244 0.131220 1.246212
v -0.041460 0.132259 1.233335
v -0.039423 0.133177 1.220408
v -0.037333 0.134006 1.207462
v -0.035187 0.134749 1.194540
v -0.032982 0.135375 1.181588
v -0.030839 0.135925 1.168612
v -0.028755 0.136400 1.155635
v -0.026724 0.136787 1.142645
v -0.024821 0.137136 1.129621
v -0.023093 0.137391 1.116585
v -0.021522 0.137683 1.103542
v -0.019916 0.138056 1.090515
v -0.000224 -0.033058 1.617594
v -0.003823 -0.034616 1.618582
v 0.000985 -0.020094 1.622738
v 0.001188 -0.006800 1.626357
v -0.001904 0.007074 1.627563
v -0.006151 0.020584 1.627137
v -0.010754 0.033204 1.625021
v -0.013238 -0.004014 1.631830
v -0.015450 0.045281 1.621518
v -0.020441 0.057242 1.617464
v -0.025511 0.068746 1.612416
v -0.030458 0.079678 1.605018
v -0.034372 0.088578 1.594408
v -0.037098 0.094829 1.582560
v -0.039160 0.099618 1.569970
v -0.047416 0.078472 1.607790
v -0.040406 0.102830 1.556881
v -0.040886 0.104448 1.543338
v -0.040961 0.104951 1.529938
v -0.041054 0.104852 1.516162
v -0.040762 0.103547 1.502895
v -0.040492 0.102165 1.490046
v -0.057253 0.100856 1.537142
v -0.040699 0.101677 1.476993
v -0.041215 0.101641 1.463999
v -0.041905 0.102087 1.451121
v -0.042678 0.103093 1.438435
v -0.056938 0.097837 1.456595
v -0.043640 0.104770 1.425639
v -0.044613 0.106747 1.412928
v -0.045405 0.108704 1.400117
v -0.046105 0.110712 1.387383
v -0.046711 0.112799 1.374581
v -0.047203 0.114897 1.361851
v -0.047602 0.117089 1.349049
v -0.047856 0.119238 1.336298
v -0.061267 0.110330 1.376072
v -0.047909 0.121308 1.323458
v -0.047804 0.123334 1.310663
v -0.047469 0.125258 1.297788
v -0.046862 0.126987 1.284960
v -0.058680 0.123773 1.301285
v -0.045928 0.128559 1.272056
v -0.044715 0.129973 1.259153
v -0.043244 0.131220 1.246212
v -0.041460 0.132259 1.233335
v -0.052284 0.130092 1.252812
v -0.039423 0.133177 1.220408
v -0.037333 0.134006 1.207462
v -0.035187 0.134749 1.194540
v -0.032982 0.135375 1.181588
v -0.042296 0.134104 1.203176
v -0.030839 0.135925 1.168612
v -0.028755 0.136400 1.155635
v -0.033317 0.136022 1.161873
v -0.026724 0.136787 1.142645
v -0.024821 0.137136 1.129621
v -0.027816 0.136846 1.135214
v -0.023093 0.137391 1.116585
v -0.024349 0.137377 1.116377
v -0.021522 0.137683 1.103542
v -0.022148 0.137712 1.103443
v -0.019916 0.138056 1.090515
v -0.019981 0.138062 1.090505
v -0.007394 -0.035023 1.616728
v -0.015983 -0.024348 1.620229
v -0.023166 -0.012894 1.621608
v -0.027726 -0.001683 1.620969
v -0.032492 0.009425 1.620523
v -0.037578 0.020905 1.618980
v -0.042638 0.032356 1.616222
v -0.047238 0.043192 1.611516
v -0.051642 0.053537 1.605580
v -0.055333 0.062359 1.598116
v -0.058410 0.069500 1.589272
v -0.061008 0.075363 1.578490
v -0.063014 0.079982 1.566937
v -0.064320 0.083290 1.554767
v -0.064818 0.085032 1.542318
v -0.064997 0.085880 1.529513
v -0.064936 0.085885 1.517057
v -0.064634 0.084914 1.504190
v -0.064450 0.083989 1.490903
v -0.064643 0.083893 1.477727
v -0.065123 0.084268 1.464501
v -0.065754 0.085147 1.451204
v -0.066464 0.086656 1.437813
v -0.067313 0.088839 1.424717
v -0.068123 0.091342 1.411631
v -0.068739 0.093918 1.398632
v -0.069216 0.096703 1.385591
v -0.069478 0.099589 1.372639
v -0.069443 0.102456 1.359605
v -0.069128 0.105316 1.346654
v -0.068545 0.108199 1.333651
v -0.067640 0.110991 1.320717
v -0.066440 0.113741 1.307740
v -0.064936 0.116392 1.294840
v -0.063080 0.118870 1.281882
v -0.060871 0.121137 1.269016
v -0.058392 0.123229 1.256175
v -0.055725 0.125129 1.243394
v -0.052843 0.126852 1.230595
v -0.049820 0.128361 1.217885
v -0.046745 0.129730 1.205195
v -0.043555 0.130926 1.192496
v -0.040313 0.132007 1.179832
v -0.037127 0.133008 1.167158
v -0.033976 0.133908 1.154456
v -0.030882 0.134744 1.141736
v -0.027936 0.135579 1.128997
v -0.025227 0.136475 1.116192
v -0.022612 0.137288 1.103351
v -0.020032 0.138021 1.090495
v -0.007394 -0.035023 1.616728
v -0.000224 -0.033058 1.617594
v -0.003795 -0.033464 1.615740
v -0.003823 -0.034616 1.618582
v -0.020032 0.138021 1.090495
v -0.019967 0.138014 1.090505
v -0.019916 0.138056 1.090515
v -0.019981 0.138062 1.090505
v -0.007764 -0.036138 1.616355
v -0.003813 -0.033483 1.615732
v -0.020018 -0.028187 1.618731
v -0.029908 -0.019067 1.619046
v -0.037077 -0.009104 1.618027
v -0.044258 0.000635 1.617427
v -0.051693 0.010825 1.615723
v -0.058723 0.020992 1.612196
v -0.064527 0.030387 1.605621
v -0.034316 0.020475 1.615967
v -0.069304 0.038651 1.597785
v -0.073216 0.045728 1.588707
v -0.076506 0.051379 1.579030
v -0.079182 0.056136 1.567789
v -0.081052 0.059705 1.556242
v -0.082035 0.061989 1.544043
v -0.082379 0.063251 1.531571
v -0.082603 0.064093 1.518827
v -0.064213 0.068609 1.573734
v -0.082363 0.064051 1.506325
v -0.082186 0.063845 1.493204
v -0.082505 0.064250 1.479861
v -0.083229 0.065070 1.466747
v -0.084245 0.066320 1.453376
v -0.085428 0.068105 1.440101
v -0.086874 0.070472 1.426934
v -0.088324 0.073154 1.413941
v -0.066455 0.073594 1.463173
v -0.089589 0.076014 1.400843
v -0.090718 0.079119 1.387900
v -0.091605 0.082394 1.374867
v -0.092138 0.085715 1.361938
v -0.075798 0.088172 1.379701
v -0.092374 0.089133 1.349027
v -0.092247 0.092616 1.336024
v -0.091673 0.096000 1.323119
v -0.090710 0.099378 1.310160
v -0.078439 0.099541 1.329489
v -0.089333 0.102671 1.297290
v -0.087437 0.105807 1.284342
v -0.085129 0.108779 1.271564
v -0.082431 0.111569 1.258798
v -0.076320 0.110657 1.279958
v -0.079384 0.114161 1.246096
v -0.075973 0.116515 1.233469
v -0.072395 0.118668 1.220974
v -0.068629 0.120642 1.208469
v -0.068545 0.118914 1.234201
v -0.064677 0.122465 1.196037
v -0.060704 0.124174 1.183650
v -0.056724 0.125762 1.171211
v -0.052741 0.127251 1.158784
v -0.055412 0.125904 1.181472
v -0.048879 0.128690 1.146313
v -0.046704 0.129402 1.146914
v -0.045252 0.130135 1.133769
v -0.043778 0.130538 1.134149
v -0.041705 0.131455 1.121172
v -0.040957 0.131613 1.121355
v -0.038179 0.132667 1.108551
v -0.038104 0.132678 1.108569
v 0.000147 -0.031942 1.617967
v -0.000452 -0.018233 1.623044
v -0.002965 -0.004482 1.626017
v -0.008725 0.008421 1.626369
v -0.015662 0.020789 1.625437
v -0.022643 0.032160 1.622988
v -0.029387 0.042975 1.618828
v -0.036233 0.053599 1.614051
v -0.042980 0.063922 1.607366
v -0.048885 0.073037 1.598294
v -0.053010 0.080124 1.586267
v -0.055760 0.085176 1.573757
v -0.057790 0.089065 1.560424
v -0.058718 0.091296 1.546826
v -0.058956 0.092344 1.533127
v -0.059030 0.092825 1.519625
v -0.058871 0.092541 1.505854
v -0.058548 0.091855 1.492712
v -0.058726 0.091735 1.479783
v -0.059397 0.092052 1.466677
v -0.060318 0.092703 1.453906
v -0.061440 0.093846 1.441166
v -0.062845 0.095508 1.428518
v -0.064338 0.097486 1.415812
v -0.065608 0.099456 1.403199
v -0.066787 0.101518 1.390474
v -0.067865 0.103625 1.377856
v -0.068786 0.105763 1.365117
v -0.069597 0.107951 1.352370
v -0.070209 0.110098 1.339704
v -0.070651 0.112277 1.326921
v -0.070909 0.114453 1.314201
v -0.070848 0.116536 1.301384
v -0.070388 0.118453 1.288648
v -0.069528 0.120288 1.275781
v -0.068258 0.121970 1.262954
v -0.066505 0.123453 1.250139
v -0.064269 0.124790 1.237364
v -0.061777 0.126040 1.224513
v -0.059201 0.127211 1.211706
v -0.056444 0.128256 1.198887
v -0.053644 0.129187 1.186016
v -0.050887 0.130017 1.173165
v -0.048107 0.130726 1.160288
v -0.045417 0.131331 1.147388
v -0.042857 0.131779 1.134456
v -0.040462 0.132204 1.121510
v -0.038051 0.132734 1.108585
v 0.000147 -0.031942 1.617967
v -0.003805 -0.034597 1.618590
v -0.000452 -0.018233 1.623044
v -0.002965 -0.004482 1.626017
v -0.008725 0.008421 1.626369
v -0.015662 0.020789 1.625437
v -0.022643 0.032160 1.622988
v -0.029387 0.042975 1.618828
v -0.036233 0.053599 1.614051
v -0.031279 0.008296 1.631307
v -0.042980 0.063922 1.607366
v -0.048885 0.073037 1.598294
v -0.053010 0.080124 1.586267
v -0.055760 0.085176 1.573757
v -0.057790 0.089065 1.560424
v -0.058718 0.091296 1.546826
v -0.058956 0.092344 1.533127
v -0.059030 0.092825 1.519625
v -0.058871 0.092541 1.505854
v -0.074272 0.078612 1.575549
v -0.058548 0.091855 1.492712
v -0.058726 0.091735 1.479783
v -0.059397 0.092052 1.466677
v -0.060318 0.092703 1.453906
v -0.061440 0.093846 1.441166
v -0.062845 0.095508 1.428518
v -0.064338 0.097486 1.415812
v -0.065608 0.099456 1.403199
v -0.075735 0.082220 1.460351
v -0.066787 0.101518 1.390474
v -0.067865 0.103625 1.377856
v -0.068786 0.105763 1.365117
v -0.069597 0.107951 1.352370
v -0.070209 0.110098 1.339704
v -0.070651 0.112277 1.326921
v -0.070909 0.114453 1.314201
v -0.070848 0.116536 1.301384
v -0.085223 0.104579 1.340036
v -0.070388 0.118453 1.288648
v -0.069528 0.120288 1.275781
v -0.068258 0.121970 1.262954
v -0.066505 0.123453 1.250139
v -0.078558 0.118323 1.267543
v -0.064269 0.124790 1.237364
v -0.061777 0.126040 1.224513
v -0.059201 0.127211 1.211706
v -0.056444 0.128256 1.198887
v -0.067563 0.124685 1.219092
v -0.053644 0.129187 1.186016
v -0.050887 0.130017 1.173165
v -0.056015 0.128526 1.177473
v -0.048107 0.130726 1.160288
v -0.045417 0.131331 1.147388
v -0.048930 0.130317 1.151896
v -0.042857 0.131779 1.134456
v -0.044332 0.131375 1.134077
v -0.040462 0.132204 1.121510
v -0.041210 0.132046 1.121326
v -0.038051 0.132734 1.108585
v -0.038126 0.132723 1.108567
v -0.007764 -0.036138 1.616355
v -0.020018 -0.028187 1.618731
v -0.029908 -0.019067 1.619046
v -0.037077 -0.009104 1.618027
v -0.044258 0.000635 1.617427
v -0.051693 0.010825 1.615723
v -0.058723 0.020992 1.612196
v -0.064527 0.030387 1.605621
v -0.069304 0.038651 1.597785
v -0.073216 0.045728 1.588707
v -0.076506 0.051379 1.579030
v -0.079182 0.056136 1.567789
v -0.081052 0.059705 1.556242
v -0.082035 0.061989 1.544043
v -0.082379 0.063251 1.531571
v -0.082603 0.064093 1.518827
v -0.082363 0.064051 1.506325
v -0.082186 0.063845 1.493204
v -0.082505 0.064250 1.479861
v -0.083229 0.065070 1.466747
v -0.084245 0.066320 1.453376
v -0.085428 0.068105 1.440101
v -0.086874 0.070472 1.426934
v -0.088324 0.073154 1.413941
v -0.089589 0.076014 1.400843
v -0.090718 0.079119 1.387900
v -0.091605 0.082394 1.374867
v -0.092138 0.085715 1.361938
v -0.092374 0.089133 1.349027
v -0.092247 0.092616 1.336024
v -0.091673 0.096000 1.323119
v -0.090710 0.099378 1.310160
v -0.089333 0.102671 1.297290
v -0.087437 0.105807 1.284342
v -0.085129 0.108779 1.271564
v -0.082431 0.111569 1.258798
v -0.079384 0.114161 1.246096
v -0.075973 0.116515 1.233469
v -0.072395 0.118668 1.220974
v -0.068629 0.120642 1.208469
v -0.064677 0.122465 1.196037
v -0.060704 0.124174 1.183650
v -0.056724 0.125762 1.171211
v -0.052741 0.127251 1.158784
v -0.048879 0.128690 1.146313
v -0.045252 0.130135 1.133769
v -0.041705 0.131455 1.121172
v -0.038179 0.132667 1.108551
v -0.007764 -0.036138 1.616355
v 0.000147 -0.031942 1.617967
v -0.003813 -0.033483 1.615732
v -0.003805 -0.034597 1.618590
v -0.038179 0.132667 1.108551
v -0.038104 0.132678 1.108569
v -0.038051 0.132734 1.108585
v -0.038126 0.132723 1.108567
v -0.007106 -0.037058 1.616078
v -0.003832 -0.033500 1.615726
v -0.021701 -0.032592 1.617054
v -0.033236 -0.025763 1.616010
v -0.042673 -0.017550 1.614159
v -0.051936 -0.009496 1.612450
v -0.061143 -0.001132 1.609389
v -0.069066 0.006894 1.603868
v -0.075515 0.014258 1.596289
v -0.047812 0.013622 1.611682
v -0.080871 0.020826 1.587211
v -0.084971 0.025968 1.577621
v -0.088243 0.030322 1.566352
v -0.090538 0.033727 1.554670
v -0.091832 0.036148 1.542494
v -0.092246 0.037665 1.529984
v -0.092578 0.038927 1.517205
v -0.077574 0.047797 1.566475
v -0.092610 0.039692 1.504272
v -0.092701 0.040354 1.490934
v -0.093477 0.041480 1.477573
v -0.094829 0.042916 1.464345
v -0.096560 0.044748 1.450850
v -0.098501 0.047014 1.437640
v -0.100744 0.049706 1.424463
v -0.102888 0.052624 1.411392
v -0.080354 0.055333 1.464993
v -0.104953 0.055848 1.398287
v -0.106839 0.059324 1.385202
v -0.108356 0.062961 1.372210
v -0.109526 0.066788 1.359139
v -0.094459 0.071729 1.378133
v -0.110316 0.070744 1.346190
v -0.110627 0.074794 1.333148
v -0.110516 0.078928 1.320136
v -0.109877 0.083046 1.307228
v -0.099272 0.085267 1.324567
v -0.108623 0.087105 1.294242
v -0.106845 0.091057 1.281426
v -0.104521 0.094830 1.268607
v -0.101621 0.098362 1.255823
v -0.097452 0.097865 1.276200
v -0.098261 0.101618 1.243238
v -0.094579 0.104678 1.230704
v -0.090486 0.107527 1.218257
v -0.086148 0.110212 1.205911
v -0.087987 0.108318 1.229249
v -0.081702 0.112736 1.193579
v -0.077085 0.115099 1.181280
v -0.072487 0.117353 1.168986
v -0.076637 0.115423 1.190331
v -0.068100 0.119558 1.156594
v -0.066658 0.120284 1.157124
v -0.063736 0.121589 1.144148
v -0.062993 0.121903 1.144409
v -0.059364 0.123487 1.131676
v -0.059293 0.123511 1.131701
v -0.000512 -0.031023 1.618244
v -0.004391 -0.017247 1.623226
v -0.010818 -0.004508 1.625486
v -0.019669 0.006559 1.625268
v -0.029431 0.016924 1.623975
v -0.038917 0.026553 1.621022
v -0.047936 0.035927 1.615684
v -0.056310 0.044846 1.608289
v -0.063561 0.052786 1.598942
v -0.069379 0.059615 1.586941
v -0.073124 0.064517 1.574239
v -0.075861 0.068378 1.560783
v -0.077389 0.071001 1.546959
v -0.077887 0.072512 1.533001
v -0.078055 0.073535 1.519223
v -0.077662 0.073869 1.505525
v -0.077217 0.073960 1.492217
v -0.077473 0.074459 1.478993
v -0.078342 0.075233 1.465748
v -0.079536 0.076271 1.452901
v -0.081215 0.077838 1.439981
v -0.083277 0.079784 1.427261
v -0.085307 0.081911 1.414489
v -0.087064 0.084047 1.401758
v -0.088766 0.086280 1.389051
v -0.090286 0.088577 1.376230
v -0.091661 0.090932 1.363493
v -0.092837 0.093336 1.350627
v -0.093733 0.095713 1.337824
v -0.094408 0.098122 1.324998
v -0.094692 0.100509 1.312055
v -0.094526 0.102821 1.299195
v -0.093892 0.105140 1.286213
v -0.092724 0.107345 1.273289
v -0.090948 0.109430 1.260436
v -0.088586 0.111457 1.247525
v -0.085931 0.113365 1.234645
v -0.082958 0.115153 1.221808
v -0.079717 0.116785 1.208962
v -0.076406 0.118289 1.196107
v -0.072936 0.119635 1.183274
v -0.069425 0.120827 1.170406
v -0.065955 0.121780 1.157518
v -0.062594 0.122623 1.144610
v -0.059252 0.123575 1.131721
v -0.000512 -0.031023 1.618244
v -0.003786 -0.034580 1.618596
v -0.004391 -0.017247 1.623226
v -0.010818 -0.004508 1.625486
v -0.019669 0.006559 1.625268
v -0.029431 0.016924 1.623975
v -0.038917 0.026553 1.621022
v -0.047936 0.035927 1.615684
v -0.056310 0.044846 1.608289
v -0.045539 0.003638 1.627678
v -0.063561 0.052786 1.598942
v -0.069379 0.059615 1.586941
v -0.073124 0.064517 1.574239
v -0.075861 0.068378 1.560783
v -0.077389 0.071001 1.546959
v -0.077887 0.072512 1.533001
v -0.078055 0.073535 1.519223
v -0.089197 0.052905 1.569489
v -0.077662 0.073869 1.505525
v -0.077217 0.073960 1.492217
v -0.077473 0.074459 1.478993
v -0.078342 0.075233 1.465748
v -0.079536 0.076271 1.452901
v -0.081215 0.077838 1.439981
v -0.083277 0.079784 1.427261
v -0.085307 0.081911 1.414489
v -0.090996 0.060840 1.467608
v -0.087064 0.084047 1.401758
v -0.088766 0.086280 1.389051
v -0.090286 0.088577 1.376230
v -0.091661 0.090932 1.363493
v -0.092837 0.093336 1.350627
v -0.093733 0.095713 1.337824
v -0.094408 0.098122 1.324998
v -0.094692 0.100509 1.312055
v -0.106381 0.084347 1.350035
v -0.094526 0.102821 1.299195
v -0.093892 0.105140 1.286213
v -0.092724 0.107345 1.273289
v -0.090948 0.109430 1.260436
v -0.102236 0.101754 1.277696
v -0.088586 0.111457 1.247525
v -0.085931 0.113365 1.234645
v -0.082958 0.115153 1.221808
v -0.079717 0.116785 1.208962
v -0.091100 0.111140 1.229629
v -0.076406 0.118289 1.196107
v -0.072936 0.119635 1.183274
v -0.078875 0.116943 1.191295
v -0.069425 0.120827 1.170406
v -0.065955 0.121780 1.157518
v -0.068876 0.120574 1.161642
v -0.062594 0.122623 1.144610
v -0.063337 0.122310 1.144349
v -0.059252 0.123575 1.131721
v -0.059323 0.123551 1.131696
v -0.007106 -0.037058 1.616078
v -0.021701 -0.032592 1.617054
v -0.033236 -0.025763 1.616010
v -0.042673 -0.017550 1.614159
v -0.051936 -0.009496 1.612450
v -0.061143 -0.001132 1.609389
v -0.069066 0.006894 1.603868
v -0.075515 0.014258 1.596289
v -0.080871 0.020826 1.587211
v -0.084971 0.025968 1.577621
v -0.088243 0.030322 1.566352
v -0.090538 0.033727 1.554670
v -0.091832 0.036148 1.542494
v -0.092246 0.037665 1.529984
v -0.092578 0.038927 1.517205
v -0.092610 0.039692 1.504272
v -0.092701 0.040354 1.490934
v -0.093477 0.041480 1.477573
v -0.094829 0.042916 1.464345
v -0.096560 0.044748 1.450850
v -0.098501 0.047014 1.437640
v -0.100744 0.049706 1.424463
v -0.102888 0.052624 1.411392
v -0.104953 0.055848 1.398287
v -0.106839 0.059324 1.385202
v -0.108356 0.062961 1.372210
v -0.109526 0.066788 1.359139
v -0.110316 0.070744 1.346190
v -0.110627 0.074794 1.333148
v -0.110516 0.078928 1.320136
v -0.109877 0.083046 1.307228
v -0.108623 0.087105 1.294242
v -0.106845 0.091057 1.281426
v -0.104521 0.094830 1.268607
v -0.101621 0.098362 1.255823
v -0.098261 0.101618 1.243238
v -0.094579 0.104678 1.230704
v -0.090486 0.107527 1.218257
v -0.086148 0.110212 1.205911
v -0.081702 0.112736 1.193579
v -0.077085 0.115099 1.181280
v -0.072487 0.117353 1.168986
v -0.068100 0.119558 1.156594
v -0.063736 0.121589 1.144148
v -0.059364 0.123487 1.131676
v -0.007106 -0.037058 1.616078
v -0.000512 -0.031023 1.618244
v -0.003832 -0.033500 1.615726
v -0.003786 -0.034580 1.618596
v -0.059364 0.123487 1.131676
v -0.059293 0.123511 1.131701
v -0.059252 0.123575 1.131721
v -0.059323 0.123551 1.131696
v -0.006177 -0.037768 1.615878
v -0.003847 -0.033519 1.615719
v -0.021484 -0.037506 1.615609
v -0.034243 -0.033534 1.613820
v -0.044912 -0.028159 1.611482
v -0.055624 -0.022467 1.608985
v -0.065914 -0.016471 1.604735
v -0.074109 -0.010654 1.597558
v -0.080502 -0.005242 1.588325
v -0.055622 0.000522 1.607280
v -0.085303 -0.000746 1.578661
v -0.089628 0.003100 1.568008
v -0.092756 0.006256 1.556648
v -0.094984 0.008946 1.544660
v -0.095860 0.010895 1.532518
v -0.096503 0.012661 1.519663
v -0.097047 0.014281 1.506989
v -0.084848 0.024466 1.559399
v -0.097429 0.015752 1.494075
v -0.098362 0.017350 1.481130
v -0.099919 0.019033 1.468289
v -0.101973 0.020947 1.455265
v -0.104502 0.023257 1.442284
v -0.107493 0.025889 1.429597
v -0.110494 0.028806 1.416779
v -0.113329 0.031975 1.404153
v -0.089959 0.034985 1.461569
v -0.116054 0.035465 1.391422
v -0.118451 0.039207 1.378803
v -0.120569 0.043247 1.366116
v -0.122292 0.047505 1.353542
v -0.109307 0.053939 1.370568
v -0.123503 0.052004 1.340848
v -0.124255 0.056653 1.328340
v -0.124436 0.061412 1.315768
v -0.124127 0.066253 1.303238
v -0.115557 0.067965 1.321966
v -0.123219 0.071027 1.290854
v -0.121605 0.075633 1.278398
v -0.119321 0.080010 1.266092
v -0.116505 0.084190 1.253846
v -0.114399 0.082582 1.275009
v -0.112995 0.088114 1.241704
v -0.108982 0.091859 1.229726
v -0.104811 0.095469 1.217825
v -0.100477 0.099000 1.205924
v -0.104414 0.095631 1.228707
v -0.095889 0.102290 1.194082
v -0.091168 0.105260 1.182227
v -0.091219 0.105131 1.187534
v -0.086350 0.107998 1.170326
v -0.085627 0.108401 1.170649
v -0.081586 0.110670 1.158385
v -0.081523 0.110707 1.158414
v -0.001440 -0.030313 1.618444
v -0.008524 -0.017617 1.622783
v -0.017593 -0.007221 1.623766
v -0.028782 0.001387 1.622409
v -0.040144 0.008972 1.620099
v -0.050826 0.016035 1.615744
v -0.060771 0.022910 1.609025
v -0.069344 0.029200 1.600241
v -0.077044 0.035011 1.589334
v -0.082178 0.039497 1.577038
v -0.085842 0.043073 1.564008
v -0.088206 0.045891 1.550800
v -0.089271 0.047925 1.537116
v -0.089604 0.049449 1.523982
v -0.089722 0.050793 1.510622
v -0.089575 0.051867 1.497447
v -0.089998 0.053008 1.484362
v -0.091019 0.054182 1.471274
v -0.092462 0.055462 1.458517
v -0.094339 0.057035 1.445954
v -0.096745 0.058898 1.433387
v -0.099167 0.060900 1.421034
v -0.101486 0.063044 1.408513
v -0.103762 0.065269 1.396155
v -0.105888 0.067610 1.383680
v -0.107894 0.070036 1.371301
v -0.109688 0.072562 1.358801
v -0.111183 0.075149 1.346403
v -0.112419 0.077869 1.333834
v -0.113198 0.080582 1.321300
v -0.113488 0.083310 1.308734
v -0.113265 0.086114 1.296051
v -0.112485 0.088896 1.283473
v -0.111059 0.091742 1.270858
v -0.109081 0.094522 1.258292
v -0.106644 0.097211 1.245777
v -0.103688 0.099752 1.233280
v -0.100367 0.102044 1.220765
v -0.096620 0.104012 1.208344
v -0.092768 0.105853 1.195904
v -0.089044 0.107612 1.183398
v -0.085306 0.109191 1.170899
v -0.081495 0.110778 1.158436
v -0.001440 -0.030313 1.618444
v -0.003770 -0.034561 1.618603
v -0.008524 -0.017617 1.622783
v -0.017593 -0.007221 1.623766
v -0.028782 0.001387 1.622409
v -0.040144 0.008972 1.620099
v -0.050826 0.016035 1.615744
v -0.060771 0.022910 1.609025
v -0.047131 -0.011231 1.624461
v -0.069344 0.029200 1.600241
v -0.077044 0.035011 1.589334
v -0.082178 0.039497 1.577038
v -0.085842 0.043073 1.564008
v -0.088206 0.045891 1.550800
v -0.089271 0.047925 1.537116
v -0.089604 0.049449 1.523982
v -0.089722 0.050793 1.510622
v -0.096371 0.026159 1.569175
v -0.089575 0.051867 1.497447
v -0.089998 0.053008 1.484362
v -0.091019 0.054182 1.471274
v -0.092462 0.055462 1.458517
v -0.094339 0.057035 1.445954
v -0.096745 0.058898 1.433387
v -0.099167 0.060900 1.421034
v -0.101486 0.063044 1.408513
v -0.101279 0.038606 1.464357
v -0.103762 0.065269 1.396155
v -0.105888 0.067610 1.383680
v -0.107894 0.070036 1.371301
v -0.109688 0.072562 1.358801
v -0.111183 0.075149 1.346403
v -0.112419 0.077869 1.333834
v -0.113198 0.080582 1.321300
v -0.113488 0.083310 1.308734
v -0.122358 0.064772 1.345451
v -0.113265 0.086114 1.296051
v -0.112485 0.088896 1.283473
v -0.111059 0.091742 1.270858
v -0.109081 0.094522 1.258292
v -0.119063 0.085158 1.276480
v -0.106644 0.097211 1.245777
v -0.103688 0.099752 1.233280
v -0.100367 0.102044 1.220765
v -0.096620 0.104012 1.208344
v -0.106640 0.097901 1.227666
v -0.092768 0.105853 1.195904
v -0.094938 0.104652 1.194900
v -0.089044 0.107612 1.183398
v -0.090504 0.106829 1.182745
v -0.085306 0.109191 1.170899
v -0.086028 0.108788 1.170575
v -0.081495 0.110778 1.158436
v -0.081559 0.110741 1.158407
v -0.006177 -0.037768 1.615878
v -0.021484 -0.037506 1.615609
v -0.034243 -0.033534 1.613820
v -0.044912 -0.028159 1.611482
v -0.055624 -0.022467 1.608985
v -0.065914 -0.016471 1.604735
v -0.074109 -0.010654 1.597558
v -0.080502 -0.005242 1.588325
v -0.085303 -0.000746 1.578661
v -0.089628 0.003100 1.568008
v -0.092756 0.006256 1.556648
v -0.094984 0.008946 1.544660
v -0.095860 0.010895 1.532518
v -0.096503 0.012661 1.519663
v -0.097047 0.014281 1.506989
v -0.097429 0.015752 1.494075
v -0.098362 0.017350 1.481130
v -0.099919 0.019033 1.468289
v -0.101973 0.020947 1.455265
v -0.104502 0.023257 1.442284
v -0.107493 0.025889 1.429597
v -0.110494 0.028806 1.416779
v -0.113329 0.031975 1.404153
v -0.116054 0.035465 1.391422
v -0.118451 0.039207 1.378803
v -0.120569 0.043247 1.366116
v -0.122292 0.047505 1.353542
v -0.123503 0.052004 1.340848
v -0.124255 0.056653 1.328340
v -0.124436 0.061412 1.315768
v -0.124127 0.066253 1.303238
v -0.123219 0.071027 1.290854
v -0.121605 0.075633 1.278398
v -0.119321 0.080010 1.266092
v -0.116505 0.084190 1.253846
v -0.112995 0.088114 1.241704
v -0.108982 0.091859 1.229726
v -0.104811 0.095469 1.217825
v -0.100477 0.099000 1.205924
v -0.095889 0.102290 1.194082
v -0.091168 0.105260 1.182227
v -0.086350 0.107998 1.170326
v -0.081586 0.110670 1.158385
v -0.006177 -0.037768 1.615878
v -0.001440 -0.030313 1.618444
v -0.003847 -0.033519 1.615719
v -0.003770 -0.034561 1.618603
v -0.081586 0.110670 1.158385
v -0.081523 0.110707 1.158414
v -0.081495 0.110778 1.158436
v -0.081559 0.110741 1.158407
v -0.005079 -0.038233 1.615763
v -0.003863 -0.033541 1.615712
v -0.020074 -0.042170 1.613718
v -0.032713 -0.040922 1.609984
v -0.044090 -0.038023 1.606184
v -0.055110 -0.034905 1.602162
v -0.065127 -0.031499 1.596197
v -0.048544 -0.017179 1.606171
v -0.072728 -0.028047 1.587865
v -0.079138 -0.024623 1.577833
v -0.084153 -0.021767 1.567613
v -0.088253 -0.019165 1.556097
v -0.091352 -0.016722 1.544100
v -0.093278 -0.014483 1.531891
v -0.094623 -0.012316 1.519081
v -0.083230 -0.001377 1.567015
v -0.095495 -0.010217 1.506371
v -0.096051 -0.008173 1.493444
v -0.097219 -0.006135 1.480542
v -0.099039 -0.004132 1.467680
v -0.101451 -0.002006 1.454693
v -0.104608 0.000236 1.442059
v -0.108292 0.002675 1.429369
v -0.111933 0.005427 1.416641
v -0.092699 0.014087 1.464710
v -0.115568 0.008483 1.404107
v -0.119083 0.011959 1.391427
v -0.122380 0.015792 1.378985
v -0.125428 0.020072 1.366392
v -0.114697 0.029479 1.382460
v -0.127966 0.024752 1.353951
v -0.130047 0.029847 1.341519
v -0.131611 0.035149 1.329311
v -0.132750 0.040744 1.317054
v -0.124774 0.043353 1.335957
v -0.133262 0.046423 1.304888
v -0.132955 0.052090 1.292765
v -0.131943 0.057696 1.280711
v -0.130167 0.063084 1.268765
v -0.127977 0.060893 1.289104
v -0.127533 0.068307 1.256856
v -0.124372 0.073316 1.245088
v -0.120936 0.078185 1.233321
v -0.116973 0.082782 1.221639
v -0.120759 0.078179 1.242684
v -0.112600 0.086967 1.209953
v -0.111220 0.088056 1.210719
v -0.107870 0.090751 1.198250
v -0.107194 0.091309 1.198633
v -0.103141 0.094422 1.186504
v -0.103086 0.094470 1.186535
v -0.002539 -0.029847 1.618560
v -0.012780 -0.018869 1.622718
v -0.024744 -0.011545 1.623363
v -0.037610 -0.006171 1.621161
v -0.050211 -0.001276 1.616879
v -0.061652 0.003355 1.610054
v -0.071795 0.007725 1.600690
v -0.079871 0.011556 1.590016
v -0.086448 0.015090 1.577533
v -0.090752 0.017963 1.564739
v -0.093754 0.020540 1.551646
v -0.095426 0.022849 1.538200
v -0.096189 0.024860 1.525116
v -0.096776 0.026772 1.511864
v -0.097025 0.028519 1.498764
v -0.097772 0.030210 1.485692
v -0.098937 0.031810 1.472662
v -0.100618 0.033406 1.459926
v -0.103063 0.035095 1.447156
v -0.105977 0.036827 1.434717
v -0.108848 0.038705 1.422374
v -0.111806 0.040719 1.409944
v -0.114653 0.042828 1.397709
v -0.117425 0.045132 1.385294
v -0.120003 0.047546 1.373070
v -0.122287 0.050206 1.360707
v -0.124274 0.053080 1.348395
v -0.125878 0.056158 1.335863
v -0.127015 0.059389 1.323436
v -0.127672 0.062818 1.310946
v -0.127628 0.066424 1.298450
v -0.126929 0.070223 1.285991
v -0.125631 0.073992 1.273465
v -0.123744 0.077661 1.261028
v -0.121281 0.081162 1.248541
v -0.118063 0.084269 1.236134
v -0.114472 0.087161 1.223750
v -0.110828 0.089831 1.211330
v -0.107011 0.092203 1.198920
v -0.103072 0.094544 1.186559
v -0.002539 -0.029847 1.618560
v -0.003755 -0.034540 1.618610
v -0.012780 -0.018869 1.622718
v -0.024744 -0.011545 1.623363
v -0.037610 -0.006171 1.621161
v -0.050211 -0.001276 1.616879
v -0.061652 0.003355 1.610054
v -0.071795 0.007725 1.600690
v -0.079871 0.011556 1.590016
v -0.057538 -0.020845 1.619063
v -0.086448 0.015090 1.577533
v -0.090752 0.017963 1.564739
v -0.093754 0.020540 1.551646
v -0.095426 0.022849 1.538200
v -0.096189 0.024860 1.525116
v -0.096776 0.026772 1.511864
v -0.099381 0.001176 1.552408
v -0.097025 0.028519 1.498764
v -0.097772 0.030210 1.485692
v -0.098937 0.031810 1.472662
v -0.100618 0.033406 1.459926
v -0.103063 0.035095 1.447156
v -0.105977 0.036827 1.434717
v -0.108848 0.038705 1.422374
v -0.111806 0.040719 1.409944
v -0.105089 0.014716 1.464775
v -0.114653 0.042828 1.397709
v -0.117425 0.045132 1.385294
v -0.120003 0.047546 1.373070
v -0.122287 0.050206 1.360707
v -0.124274 0.053080 1.348395
v -0.125878 0.056158 1.335863
v -0.127015 0.059389 1.323436
v -0.127672 0.062818 1.310946
v -0.132126 0.041030 1.347280
v -0.127628 0.066424 1.298450
v -0.126929 0.070223 1.285991
v -0.125631 0.073992 1.273465
v -0.123744 0.077661 1.261028
v -0.121281 0.081162 1.248541
v -0.118063 0.084269 1.236134
v -0.129890 0.071211 1.266764
v -0.114472 0.087161 1.223750
v -0.110828 0.089831 1.211330
v -0.114524 0.087096 1.216870
v -0.107011 0.092203 1.198920
v -0.107688 0.091645 1.198537
v -0.103072 0.094544 1.186559
v -0.103127 0.094497 1.186527
v -0.005079 -0.038233 1.615763
v -0.020074 -0.042170 1.613718
v -0.032713 -0.040922 1.609984
v -0.044090 -0.038023 1.606184
v -0.055110 -0.034905 1.602162
v -0.065127 -0.031499 1.596197
v -0.072728 -0.028047 1.587865
v -0.079138 -0.024623 1.577833
v -0.084153 -0.021767 1.567613
v -0.088253 -0.019165 1.556097
v -0.091352 -0.016722 1.544100
v -0.093278 -0.014483 1.531891
v -0.094623 -0.012316 1.519081
v -0.095495 -0.010217 1.506371
v -0.096051 -0.008173 1.493444
v -0.097219 -0.006135 1.480542
v -0.099039 -0.004132 1.467680
v -0.101451 -0.002006 1.454693
v -0.104608 0.000236 1.442059
v -0.108292 0.002675 1.429369
v -0.111933 0.005427 1.416641
v -0.115568 0.008483 1.404107
v -0.119083 0.011959 1.391427
v -0.122380 0.015792 1.378985
v -0.125428 0.020072 1.366392
v -0.127966 0.024752 1.353951
v -0.130047 0.029847 1.341519
v -0.131611 0.035149 1.329311
v -0.132750 0.040744 1.317054
v -0.133262 0.046423 1.304888
v -0.132955 0.052090 1.292765
v -0.131943 0.057696 1.280711
v -0.130167 0.063084 1.268765
v -0.127533 0.068307 1.256856
v -0.124372 0.073316 1.245088
v -0.120936 0.078185 1.233321
v -0.116973 0.082782 1.221639
v -0.112600 0.086967 1.209953
v -0.107870 0.090751 1.198250
v -0.103141 0.094422 1.186504
v -0.005079 -0.038233 1.615763
v -0.002539 -0.029847 1.618560
v -0.003863 -0.033541 1.615712
v -0.003755 -0.034540 1.618610
v -0.103141 0.094422 1.186504
v -0.103086 0.094470 1.186535
v -0.103072 0.094544 1.186559
v -0.103127 0.094497 1.186527
v -0.036934 0.032296 1.617528
v -0.034890 0.035498 1.616159
v -0.041226 0.033712 1.615349
v -0.045405 0.035048 1.612936
v -0.049455 0.036303 1.610271
v -0.053335 0.037467 1.607323
v -0.057044 0.038547 1.604130
v -0.060552 0.039543 1.600683
v -0.063837 0.040455 1.596991
v -0.066888 0.041289 1.593078
v -0.052431 0.042668 1.604540
v -0.069703 0.042054 1.588969
v -0.072293 0.042760 1.584697
v -0.074647 0.043410 1.580318
v -0.076840 0.044040 1.575814
v -0.078886 0.044658 1.571235
v -0.080820 0.045280 1.566604
v -0.082677 0.045925 1.561941
v -0.084494 0.046603 1.557265
v -0.069396 0.049252 1.578496
v -0.086311 0.047324 1.552592
v -0.088168 0.048109 1.547937
v -0.090061 0.048948 1.543303
v -0.091920 0.049815 1.538658
v -0.093580 0.050628 1.533922
v -0.095057 0.051394 1.529115
v -0.096338 0.052104 1.524324
v -0.097495 0.052797 1.519417
v -0.086149 0.057404 1.532306
v -0.098534 0.053471 1.514482
v -0.099473 0.054132 1.509527
v -0.100329 0.054789 1.504560
v -0.101118 0.055449 1.499589
v -0.101855 0.056117 1.494619
v -0.102544 0.056791 1.489704
v -0.103228 0.057507 1.484744
v -0.103911 0.058256 1.479800
v -0.091918 0.061505 1.497961
v -0.104608 0.059045 1.474878
v -0.105333 0.059882 1.469985
v -0.106101 0.060775 1.465126
v -0.106926 0.061731 1.460310
v -0.107834 0.062772 1.455496
v -0.108769 0.063847 1.450723
v -0.109573 0.064999 1.445614
v -0.110251 0.066250 1.440477
v -0.096167 0.066529 1.460230
v -0.110819 0.067579 1.435427
v -0.111303 0.068970 1.430459
v -0.111722 0.070409 1.425573
v -0.112099 0.071891 1.420755
v -0.112462 0.073407 1.415989
v -0.112829 0.074944 1.411278
v -0.113237 0.076522 1.406540
v -0.113690 0.078083 1.401902
v -0.102697 0.078136 1.416412
v -0.114208 0.079632 1.397322
v -0.114815 0.081160 1.392800
v -0.115533 0.082660 1.388338
v -0.116388 0.084119 1.383938
v -0.117409 0.085526 1.379606
v -0.118776 0.086952 1.374996
v -0.120291 0.088189 1.370808
v -0.122078 0.089314 1.366743
v -0.110068 0.090954 1.377626
v -0.124166 0.090308 1.362831
v -0.126581 0.091171 1.359056
v -0.129317 0.091903 1.355389
v -0.132335 0.092513 1.351842
v -0.135593 0.093024 1.348411
v -0.139053 0.093459 1.345090
v -0.142683 0.093831 1.341873
v -0.146455 0.094155 1.338749
v -0.127896 0.097443 1.348650
v -0.150345 0.094441 1.335712
v -0.154374 0.094695 1.332727
v -0.158424 0.094936 1.329851
v -0.162531 0.095171 1.327018
v -0.153754 0.098165 1.329908
v -0.166681 0.095407 1.324217
v -0.170857 0.095649 1.321436
v -0.175047 0.095901 1.318664
v -0.179236 0.096169 1.315886
v -0.173822 0.097760 1.318116
v -0.183390 0.096461 1.313079
v -0.187517 0.096785 1.310217
v -0.185289 0.097555 1.311208
v -0.191589 0.097144 1.307288
v -0.191486 0.097519 1.307145
v -0.195601 0.097477 1.304293
v -0.195584 0.097537 1.304272
v -0.034113 0.039193 1.617590
v -0.038143 0.041221 1.615396
v -0.042059 0.043217 1.612957
v -0.045827 0.045162 1.610259
v -0.049408 0.047034 1.607273
v -0.052803 0.048830 1.604038
v -0.055981 0.050530 1.600549
v -0.058924 0.052121 1.596820
v -0.061628 0.053598 1.592879
v -0.064095 0.054961 1.588756
v -0.066342 0.056215 1.584485
v -0.068411 0.057383 1.580070
v -0.070293 0.058463 1.575591
v -0.072049 0.059482 1.571055
v -0.073715 0.060462 1.566483
v -0.075328 0.061422 1.561894
v -0.076923 0.062385 1.557303
v -0.078532 0.063380 1.552727
v -0.080193 0.064427 1.548191
v -0.081816 0.065480 1.543645
v -0.083260 0.066471 1.539027
v -0.084496 0.067385 1.534338
v -0.085549 0.068230 1.529595
v -0.086443 0.069024 1.524730
v -0.087174 0.069754 1.519910
v -0.087790 0.070443 1.515067
v -0.088312 0.071100 1.510207
v -0.088757 0.071733 1.505332
v -0.089146 0.072350 1.500444
v -0.089494 0.072959 1.495544
v -0.089830 0.073580 1.490585
v -0.090149 0.074199 1.485675
v -0.090485 0.074836 1.480757
v -0.090854 0.075498 1.475831
v -0.091274 0.076194 1.470899
v -0.091762 0.076930 1.465960
v -0.092337 0.077715 1.461018
v -0.093009 0.078546 1.456125
v -0.093877 0.079519 1.451267
v -0.094744 0.080602 1.446762
v -0.095554 0.081752 1.442296
v -0.096315 0.082967 1.437756
v -0.097044 0.084238 1.433151
v -0.097760 0.085558 1.428480
v -0.098477 0.086921 1.423763
v -0.099215 0.088308 1.419011
v -0.099996 0.089714 1.414222
v -0.100823 0.091099 1.409478
v -0.101749 0.092500 1.404654
v -0.102781 0.093892 1.399791
v -0.103943 0.095264 1.394897
v -0.105259 0.096601 1.389978
v -0.106759 0.097888 1.385046
v -0.108473 0.099103 1.380112
v -0.110314 0.100130 1.375562
v -0.112561 0.101124 1.370745
v -0.115119 0.101969 1.366013
v -0.118012 0.102635 1.361408
v -0.121234 0.103117 1.357030
v -0.124741 0.103439 1.352951
v -0.128474 0.103623 1.349158
v -0.132385 0.103678 1.345631
v -0.136429 0.103611 1.342341
v -0.140571 0.103440 1.339255
v -0.144781 0.103179 1.336338
v -0.149038 0.102841 1.333558
v -0.153293 0.102436 1.330924
v -0.157617 0.101975 1.328320
v -0.161942 0.101476 1.325763
v -0.166259 0.100950 1.323229
v -0.170562 0.100407 1.320696
v -0.174843 0.099861 1.318143
v -0.179098 0.099322 1.315548
v -0.183319 0.098808 1.312876
v -0.187478 0.098333 1.310121
v -0.191571 0.097908 1.307260
v -0.195599 0.097598 1.304291
v -0.034113 0.039193 1.617590
v -0.036157 0.035991 1.618959
v -0.038143 0.041221 1.615396
v -0.042059 0.043217 1.612957
v -0.045827 0.045162 1.610259
v -0.049408 0.047034 1.607273
v -0.052803 0.048830 1.604038
v -0.055981 0.050530 1.600549
v -0.058924 0.052121 1.596820
v -0.061628 0.053598 1.592879
v -0.055452 0.043958 1.607732
v -0.064095 0.054961 1.588756
v -0.066342 0.056215 1.584485
v -0.068411 0.057383 1.580070
v -0.070293 0.058463 1.575591
v -0.072049 0.059482 1.571055
v -0.073715 0.060462 1.566483
v -0.075328 0.061422 1.561894
v -0.076923 0.062385 1.557303
v -0.074830 0.051797 1.581004
v -0.078532 0.063380 1.552727
v -0.080193 0.064427 1.548191
v -0.081816 0.065480 1.543645
v -0.083260 0.066471 1.539027
v -0.084496 0.067385 1.534338
v -0.085549 0.068230 1.529595
v -0.086443 0.069024 1.524730
v -0.087174 0.069754 1.519910
v -0.092876 0.061008 1.534714
v -0.087790 0.070443 1.515067
v -0.088312 0.071100 1.510207
v -0.088757 0.071733 1.505332
v -0.089146 0.072350 1.500444
v -0.089494 0.072959 1.495544
v -0.089830 0.073580 1.490585
v -0.090149 0.074199 1.485675
v -0.090485 0.074836 1.480757
v -0.098131 0.065834 1.504885
v -0.090854 0.075498 1.475831
v -0.091274 0.076194 1.470899
v -0.091762 0.076930 1.465960
v -0.092337 0.077715 1.461018
v -0.093009 0.078546 1.456125
v -0.093877 0.079519 1.451267
v -0.094744 0.080602 1.446762
v -0.095554 0.081752 1.442296
v -0.103006 0.072426 1.461497
v -0.096315 0.082967 1.437756
v -0.097044 0.084238 1.433151
v -0.097760 0.085558 1.428480
v -0.098477 0.086921 1.423763
v -0.099215 0.088308 1.419011
v -0.099996 0.089714 1.414222
v -0.100823 0.091099 1.409478
v -0.101749 0.092500 1.404654
v -0.109212 0.084035 1.416425
v -0.102781 0.093892 1.399791
v -0.103943 0.095264 1.394897
v -0.105259 0.096601 1.389978
v -0.106759 0.097888 1.385046
v -0.108473 0.099103 1.380112
v -0.110314 0.100130 1.375562
v -0.112561 0.101124 1.370745
v -0.115119 0.101969 1.366013
v -0.115053 0.094247 1.380983
v -0.118012 0.102635 1.361408
v -0.121234 0.103117 1.357030
v -0.124741 0.103439 1.352951
v -0.128474 0.103623 1.349158
v -0.132385 0.103678 1.345631
v -0.136429 0.103611 1.342341
v -0.140571 0.103440 1.339255
v -0.144781 0.103179 1.336338
v -0.130757 0.099158 1.352616
v -0.149038 0.102841 1.333558
v -0.153293 0.102436 1.330924
v -0.157617 0.101975 1.328320
v -0.161942 0.101476 1.325763
v -0.154285 0.098991 1.333453
v -0.166259 0.100950 1.323229
v -0.170562 0.100407 1.320696
v -0.174843 0.099861 1.318143
v -0.179098 0.099322 1.315548
v -0.173532 0.098095 1.320372
v -0.183319 0.098808 1.312876
v -0.187478 0.098333 1.310121
v -0.186058 0.097611 1.311643
v -0.191571 0.097908 1.307260
v -0.191673 0.097533 1.307403
v -0.195599 0.097598 1.304291
v -0.195615 0.097538 1.304312
v -0.036934 0.032296 1.617528
v -0.041226 0.033712 1.615349
v -0.045405 0.035048 1.612936
v -0.049455 0.036303 1.610271
v -0.053335 0.037467 1.607323
v -0.057044 0.038547 1.604130
v -0.060552 0.039543 1.600683
v -0.063837 0.040455 1.596991
v -0.066888 0.041289 1.593078
v -0.069703 0.042054 1.588969
v -0.072293 0.042760 1.584697
v -0.074647 0.043410 1.580318
v -0.076840 0.044040 1.575814
v -0.078886 0.044658 1.571235
v -0.080820 0.045280 1.566604
v -0.082677 0.045925 1.561941
v -0.084494 0.046603 1.557265
v -0.086311 0.047324 1.552592
v -0.088168 0.048109 1.547937
v -0.090061 0.048948 1.543303
v -0.091920 0.049815 1.538658
v -0.093580 0.050628 1.533922
v -0.095057 0.051394 1.529115
v -0.096338 0.052104 1.524324
v -0.097495 0.052797 1.519417
v -0.098534 0.053471 1.514482
v -0.099473 0.054132 1.509527
v -0.100329 0.054789 1.504560
v -0.101118 0.055449 1.499589
v -0.101855 0.056117 1.494619
v -0.102544 0.056791 1.489704
v -0.103228 0.057507 1.484744
v -0.103911 0.058256 1.479800
v -0.104608 0.059045 1.474878
v -0.105333 0.059882 1.469985
v -0.106101 0.060775 1.465126
v -0.106926 0.061731 1.460310
v -0.107834 0.062772 1.455496
v -0.108769 0.063847 1.450723
v -0.109573 0.064999 1.445614
v -0.110251 0.066250 1.440477
v -0.110819 0.067579 1.435427
v -0.111303 0.068970 1.430459
v -0.111722 0.070409 1.425573
v -0.112099 0.071891 1.420755
v -0.112462 0.073407 1.415989
v -0.112829 0.074944 1.411278
v -0.113237 0.076522 1.406540
v -0.113690 0.078083 1.401902
v -0.114208 0.079632 1.397322
v -0.114815 0.081160 1.392800
v -0.115533 0.082660 1.388338
v -0.116388 0.084119 1.383938
v -0.117409 0.085526 1.379606
v -0.118776 0.086952 1.374996
v -0.120291 0.088189 1.370808
v -0.122078 0.089314 1.366743
v -0.124166 0.090308 1.362831
v -0.126581 0.091171 1.359056
v -0.129317 0.091903 1.355389
v -0.132335 0.092513 1.351842
v -0.135593 0.093024 1.348411
v -0.139053 0.093459 1.345090
v -0.142683 0.093831 1.341873
v -0.146455 0.094155 1.338749
v -0.150345 0.094441 1.335712
v -0.154374 0.094695 1.332727
v -0.158424 0.094936 1.329851
v -0.162531 0.095171 1.327018
v -0.166681 0.095407 1.324217
v -0.170857 0.095649 1.321436
v -0.175047 0.095901 1.318664
v -0.179236 0.096169 1.315886
v -0.183390 0.096461 1.313079
v -0.187517 0.096785 1.310217
v -0.191589 0.097144 1.307288
v -0.195601 0.097477 1.304293
v -0.036934 0.032296 1.617528
v -0.034113 0.039193 1.617590
v -0.034890 0.035498 1.616159
v -0.036157 0.035991 1.618959
v -0.195601 0.097477 1.304293
v -0.195584 0.097537 1.304272
v -0.195599 0.097598 1.304291
v -0.195615 0.097538 1.304312
v 0.014285 0.000116 1.639254
v 0.014437 0.005022 1.637624
v 0.009303 0.000067 1.639933
v 0.004302 0.000000 1.640566
v -0.000710 -0.000077 1.641125
v -0.005734 -0.000157 1.641570
v -0.010766 -0.000232 1.641845
v -0.015789 -0.000296 1.641870
v -0.020774 -0.000350 1.641550
v -0.025677 -0.000401 1.640821
v -0.013597 0.007423 1.639955
v -0.030465 -0.000455 1.639661
v -0.035136 -0.000519 1.638142
v -0.039716 -0.000577 1.636282
v -0.044139 -0.000613 1.634039
v -0.048344 -0.000627 1.631445
v -0.052345 -0.000629 1.628582
v -0.056159 -0.000626 1.625504
v -0.059801 -0.000633 1.622252
v -0.043416 0.010071 1.631391
v -0.063285 -0.000669 1.618860
v -0.066624 -0.000742 1.615354
v -0.069956 -0.000858 1.611611
v -0.073035 -0.001033 1.607909
v -0.075998 -0.001273 1.604157
v -0.078765 -0.001601 1.600378
v -0.081327 -0.002008 1.596464
v -0.083727 -0.002476 1.592384
v -0.072928 0.011677 1.603306
v -0.085995 -0.002990 1.588159
v -0.088129 -0.003539 1.583807
v -0.090144 -0.004104 1.579352
v -0.092052 -0.004673 1.574805
v -0.093869 -0.005230 1.570171
v -0.095606 -0.005760 1.565457
v -0.097280 -0.006247 1.560658
v -0.098882 -0.006677 1.555800
v -0.090018 0.009067 1.571197
v -0.100221 -0.007038 1.551041
v -0.101335 -0.007376 1.546229
v -0.102268 -0.007695 1.541343
v -0.103062 -0.007988 1.536398
v -0.103758 -0.008247 1.531405
v -0.104343 -0.008454 1.526434
v -0.104946 -0.008611 1.521393
v -0.105578 -0.008709 1.516325
v -0.098886 0.006605 1.540131
v -0.106274 -0.008741 1.511236
v -0.107074 -0.008700 1.506138
v -0.107941 -0.008587 1.501070
v -0.108694 -0.008426 1.496178
v -0.109436 -0.008255 1.491253
v -0.110212 -0.008065 1.486265
v -0.111031 -0.007837 1.481217
v -0.111900 -0.007549 1.476115
v -0.103688 0.005224 1.501197
v -0.112830 -0.007180 1.470966
v -0.113736 -0.006703 1.466050
v -0.114823 -0.006098 1.460892
v -0.116017 -0.005338 1.455719
v -0.117331 -0.004396 1.450548
v -0.118865 -0.003282 1.445479
v -0.120558 -0.002129 1.440766
v -0.122375 -0.000926 1.436104
v -0.113897 0.005635 1.451902
v -0.124273 0.000358 1.431438
v -0.126262 0.001749 1.426788
v -0.128351 0.003274 1.422174
v -0.130547 0.004981 1.417626
v -0.124738 0.010925 1.423100
v -0.132850 0.006926 1.413179
v -0.135257 0.009150 1.408880
v -0.137756 0.011696 1.404782
v -0.140342 0.014619 1.400928
v -0.133293 0.016613 1.406070
v -0.142902 0.017900 1.397360
v -0.145231 0.021297 1.394465
v -0.147778 0.025166 1.391789
v -0.150282 0.029165 1.389489
v -0.142271 0.025519 1.394193
v -0.152745 0.033233 1.387462
v -0.155172 0.037333 1.385615
v -0.157571 0.041439 1.383866
v -0.159953 0.045531 1.382141
v -0.151624 0.037255 1.386899
v -0.162324 0.049590 1.380369
v -0.161476 0.050269 1.380479
v -0.164693 0.053593 1.378480
v -0.164275 0.053930 1.378527
v -0.167111 0.057473 1.376405
v -0.167046 0.057526 1.376411
v 0.015087 0.009770 1.639570
v 0.010180 0.010594 1.640298
v 0.005283 0.011457 1.640989
v 0.000381 0.012355 1.641614
v -0.004529 0.013283 1.642137
v -0.009456 0.014229 1.642501
v -0.014406 0.015182 1.642624
v -0.019378 0.016124 1.642406
v -0.024352 0.017034 1.641773
v -0.029286 0.017887 1.640694
v -0.034147 0.018668 1.639237
v -0.038885 0.019380 1.637497
v -0.043485 0.020037 1.635453
v -0.047923 0.020647 1.633027
v -0.052204 0.021205 1.630290
v -0.056331 0.021706 1.627286
v -0.060309 0.022152 1.624052
v -0.064143 0.022550 1.620614
v -0.067840 0.022895 1.616993
v -0.071269 0.023176 1.613347
v -0.074692 0.023387 1.609427
v -0.077988 0.023518 1.605358
v -0.081119 0.023538 1.601047
v -0.084044 0.023449 1.596597
v -0.086746 0.023273 1.592083
v -0.089244 0.023037 1.587531
v -0.091548 0.022754 1.582942
v -0.093682 0.022441 1.578322
v -0.095659 0.022115 1.573680
v -0.097486 0.021791 1.569024
v -0.099172 0.021481 1.564362
v -0.100715 0.021203 1.559705
v -0.102130 0.020963 1.555035
v -0.103495 0.020727 1.550169
v -0.104628 0.020484 1.545238
v -0.105529 0.020234 1.540293
v -0.106240 0.019979 1.535349
v -0.106805 0.019723 1.530417
v -0.107310 0.019460 1.525441
v -0.107733 0.019199 1.520525
v -0.108145 0.018940 1.515637
v -0.108589 0.018686 1.510777
v -0.109108 0.018438 1.505947
v -0.109787 0.018195 1.501120
v -0.110684 0.017916 1.496130
v -0.111565 0.017595 1.491171
v -0.112391 0.017250 1.486272
v -0.113189 0.016901 1.481435
v -0.113987 0.016568 1.476658
v -0.114808 0.016270 1.471944
v -0.115792 0.016044 1.467025
v -0.116759 0.015902 1.462389
v -0.117825 0.015864 1.457830
v -0.119013 0.015952 1.453357
v -0.120246 0.016192 1.448896
v -0.121508 0.016561 1.444159
v -0.122787 0.016978 1.439434
v -0.124125 0.017448 1.434783
v -0.125522 0.018001 1.430208
v -0.126984 0.018665 1.425716
v -0.128518 0.019456 1.421311
v -0.130139 0.020388 1.417003
v -0.131867 0.021496 1.412811
v -0.133723 0.022825 1.408765
v -0.135723 0.024409 1.404944
v -0.137971 0.026315 1.401418
v -0.140708 0.028896 1.398072
v -0.143386 0.031575 1.395254
v -0.146193 0.034515 1.392657
v -0.149090 0.037643 1.390230
v -0.152045 0.040898 1.387921
v -0.155038 0.044233 1.385682
v -0.158051 0.047604 1.383462
v -0.161069 0.050969 1.381211
v -0.164078 0.054287 1.378878
v -0.167015 0.057584 1.376464
v 0.015087 0.009770 1.639570
v 0.014934 0.004864 1.641200
v 0.010180 0.010594 1.640298
v 0.005283 0.011457 1.640989
v 0.000381 0.012355 1.641614
v -0.004529 0.013283 1.642137
v -0.009456 0.014229 1.642501
v -0.014406 0.015182 1.642624
v -0.019378 0.016124 1.642406
v -0.024352 0.017034 1.641773
v -0.014123 0.007240 1.645681
v -0.029286 0.017887 1.640694
v -0.034147 0.018668 1.639237
v -0.038885 0.019380 1.637497
v -0.043485 0.020037 1.635453
v -0.047923 0.020647 1.633027
v -0.052204 0.021205 1.630290
v -0.056331 0.021706 1.627286
v -0.060309 0.022152 1.624052
v -0.047129 0.009580 1.638403
v -0.064143 0.022550 1.620614
v -0.067840 0.022895 1.616993
v -0.071269 0.023176 1.613347
v -0.074692 0.023387 1.609427
v -0.077988 0.023518 1.605358
v -0.081119 0.023538 1.601047
v -0.084044 0.023449 1.596597
v -0.086746 0.023273 1.592083
v -0.080319 0.010961 1.608890
v -0.089244 0.023037 1.587531
v -0.091548 0.022754 1.582942
v -0.093682 0.022441 1.578322
v -0.095659 0.022115 1.573680
v -0.097486 0.021791 1.569024
v -0.099172 0.021481 1.564362
v -0.100715 0.021203 1.559705
v -0.102130 0.020963 1.555035
v -0.099394 0.008064 1.574956
v -0.103495 0.020727 1.550169
v -0.104628 0.020484 1.545238
v -0.105529 0.020234 1.540293
v -0.106240 0.019979 1.535349
v -0.106805 0.019723 1.530417
v -0.107310 0.019460 1.525441
v -0.107733 0.019199 1.520525
v -0.108145 0.018940 1.515637
v -0.109407 0.005674 1.541116
v -0.108589 0.018686 1.510777
v -0.109108 0.018438 1.505947
v -0.109787 0.018195 1.501120
v -0.110684 0.017916 1.496130
v -0.111565 0.017595 1.491171
v -0.112391 0.017250 1.486272
v -0.113189 0.016901 1.481435
v -0.113987 0.016568 1.476658
v -0.113454 0.004302 1.504125
v -0.114808 0.016270 1.471944
v -0.115792 0.016044 1.467025
v -0.116759 0.015902 1.462389
v -0.117825 0.015864 1.457830
v -0.119013 0.015952 1.453357
v -0.120246 0.016192 1.448896
v -0.121508 0.016561 1.444159
v -0.122787 0.016978 1.439434
v -0.121272 0.005058 1.454541
v -0.124125 0.017448 1.434783
v -0.125522 0.018001 1.430208
v -0.126984 0.018665 1.425716
v -0.128518 0.019456 1.421311
v -0.130139 0.020388 1.417003
v -0.131867 0.021496 1.412811
v -0.133723 0.022825 1.408765
v -0.135723 0.024409 1.404944
v -0.133843 0.013317 1.415410
v -0.137971 0.026315 1.401418
v -0.140708 0.028896 1.398072
v -0.143386 0.031575 1.395254
v -0.146193 0.034515 1.392657
v -0.144845 0.025961 1.396529
v -0.149090 0.037643 1.390230
v -0.152045 0.040898 1.387921
v -0.155038 0.044233 1.385682
v -0.158051 0.047604 1.383462
v -0.153154 0.037658 1.388426
v -0.161069 0.050969 1.381211
v -0.161918 0.050291 1.381101
v -0.164078 0.054287 1.378878
v -0.164496 0.053950 1.378831
v -0.167015 0.057584 1.376464
v -0.167081 0.057531 1.376458
v 0.014285 0.000116 1.639254
v 0.009303 0.000067 1.639933
v 0.004302 0.000000 1.640566
v -0.000710 -0.000077 1.641125
v -0.005734 -0.000157 1.641570
v -0.010766 -0.000232 1.641845
v -0.015789 -0.000296 1.641870
v -0.020774 -0.000350 1.641550
v -0.025677 -0.000401 1.640821
v -0.030465 -0.000455 1.639661
v -0.035136 -0.000519 1.638142
v -0.039716 -0.000577 1.636282
v -0.044139 -0.000613 1.634039
v -0.048344 -0.000627 1.631445
v -0.052345 -0.000629 1.628582
v -0.056159 -0.000626 1.625504
v -0.059801 -0.000633 1.622252
v -0.063285 -0.000669 1.618860
v -0.066624 -0.000742 1.615354
v -0.069956 -0.000858 1.611611
v -0.073035 -0.001033 1.607909
v -0.075998 -0.001273 1.604157
v -0.078765 -0.001601 1.600378
v -0.081327 -0.002008 1.596464
v -0.083727 -0.002476 1.592384
v -0.085995 -0.002990 1.588159
v -0.088129 -0.003539 1.583807
v -0.090144 -0.004104 1.579352
v -0.092052 -0.004673 1.574805
v -0.093869 -0.005230 1.570171
v -0.095606 -0.005760 1.565457
v -0.097280 -0.006247 1.560658
v -0.098882 -0.006677 1.555800
v -0.100221 -0.007038 1.551041
v -0.101335 -0.007376 1.546229
v -0.102268 -0.007695 1.541343
v -0.103062 -0.007988 1.536398
v -0.103758 -0.008247 1.531405
v -0.104343 -0.008454 1.526434
v -0.104946 -0.008611 1.521393
v -0.105578 -0.008709 1.516325
v -0.106274 -0.008741 1.511236
v -0.107074 -0.008700 1.506138
v -0.107941 -0.008587 1.501070
v -0.108694 -0.008426 1.496178
v -0.109436 -0.008255 1.491253
v -0.110212 -0.008065 1.486265
v -0.111031 -0.007837 1.481217
v -0.111900 -0.007549 1.476115
v -0.112830 -0.007180 1.470966
v -0.113736 -0.006703 1.466050
v -0.114823 -0.006098 1.460892
v -0.116017 -0.005338 1.455719
v -0.117331 -0.004396 1.450548
v -0.118865 -0.003282 1.445479
v -0.120558 -0.002129 1.440766
v -0.122375 -0.000926 1.436104
v -0.124273 0.000358 1.431438
v -0.126262 0.001749 1.426788
v -0.128351 0.003274 1.422174
v -0.130547 0.004981 1.417626
v -0.132850 0.006926 1.413179
v -0.135257 0.009150 1.408880
v -0.137756 0.011696 1.404782
v -0.140342 0.014619 1.400928
v -0.142902 0.017900 1.397360
v -0.145231 0.021297 1.394465
v -0.147778 0.025166 1.391789
v -0.150282 0.029165 1.389489
v -0.152745 0.033233 1.387462
v -0.155172 0.037333 1.385615
v -0.157571 0.041439 1.383866
v -0.159953 0.045531 1.382141
v -0.162324 0.049590 1.380369
v -0.164693 0.053593 1.378480
v -0.167111 0.057473 1.376405
v 0.014285 0.000116 1.639254
v 0.015087 0.009770 1.639570
v 0.014437 0.005022 1.637624
v 0.014934 0.004864 1.641200
v -0.167111 0.057473 1.376405
v -0.167046 0.057526 1.376411
v -0.167015 0.057584 1.376464
v -0.167081 0.057531 1.376458
v -0.017724 0.001738 1.639404
v -0.017674 0.005638 1.641487
v -0.012854 0.000927 1.640117
v -0.007918 0.000137 1.640750
v -0.002958 -0.000620 1.641265
v 0.002011 -0.001345 1.641608
v 0.006950 -0.002050 1.641696
v 0.011776 -0.002775 1.641465
v 0.016414 -0.003579 1.640884
v 0.020887 -0.004521 1.640000
v 0.008349 0.003724 1.645532
v 0.025261 -0.005633 1.638913
v 0.029454 -0.006896 1.637699
v 0.033595 -0.008356 1.636300
v 0.037721 -0.009975 1.634713
v 0.041833 -0.011702 1.632924
v 0.045932 -0.013491 1.630918
v 0.049994 -0.015288 1.628666
v 0.053968 -0.017026 1.626176
v 0.044695 -0.003089 1.638305
v 0.057911 -0.018687 1.623383
v 0.061805 -0.020204 1.620238
v 0.065618 -0.021498 1.616713
v 0.069087 -0.022543 1.613027
v 0.072235 -0.023415 1.609134
v 0.075145 -0.024149 1.605015
v 0.077859 -0.024759 1.600727
v 0.080419 -0.025253 1.596315
v 0.076405 -0.014421 1.616729
v 0.082863 -0.025639 1.591814
v 0.085231 -0.025926 1.587250
v 0.087559 -0.026114 1.582646
v 0.089884 -0.026208 1.578020
v 0.092238 -0.026201 1.573363
v 0.094492 -0.026057 1.568655
v 0.096601 -0.025777 1.563909
v 0.098452 -0.025385 1.559305
v 0.098467 -0.016294 1.577098
v 0.100343 -0.024872 1.554514
v 0.102150 -0.024267 1.549727
v 0.103893 -0.023582 1.544955
v 0.105593 -0.022829 1.540207
v 0.107271 -0.022020 1.535490
v 0.108951 -0.021166 1.530813
v 0.110649 -0.020275 1.526186
v 0.112365 -0.019340 1.521554
v 0.109638 -0.012600 1.548348
v 0.114080 -0.018345 1.516893
v 0.115790 -0.017276 1.512203
v 0.117493 -0.016121 1.507490
v 0.119182 -0.014864 1.502756
v 0.120852 -0.013491 1.498005
v 0.122363 -0.012047 1.493484
v 0.123961 -0.010396 1.488754
v 0.125521 -0.008577 1.484030
v 0.124155 -0.004001 1.504610
v 0.126979 -0.006686 1.479447
v 0.128372 -0.004767 1.474975
v 0.129766 -0.002758 1.470473
v 0.131139 -0.000630 1.465949
v 0.132465 0.001645 1.461414
v 0.133718 0.004101 1.456885
v 0.134869 0.006776 1.452381
v 0.135882 0.009727 1.447917
v 0.135496 0.010407 1.463091
v 0.136732 0.012994 1.443529
v 0.137460 0.016545 1.439390
v 0.138160 0.020314 1.435568
v 0.138697 0.024258 1.431981
v 0.139050 0.028370 1.428634
v 0.139212 0.032627 1.425501
v 0.139171 0.037006 1.422577
v 0.138912 0.041496 1.419852
v 0.139718 0.028682 1.436560
v 0.138427 0.046071 1.417318
v 0.137707 0.050495 1.415112
v 0.136683 0.055320 1.413081
v 0.135337 0.060173 1.411418
v 0.136941 0.053925 1.418001
v 0.133762 0.064935 1.410062
v 0.132032 0.069605 1.408909
v 0.130207 0.074196 1.407873
v 0.128327 0.078733 1.406882
v 0.132254 0.067788 1.411997
v 0.126434 0.083234 1.405863
v 0.126068 0.083360 1.406713
v 0.124572 0.087714 1.404746
v 0.124370 0.087777 1.405154
v 0.122811 0.092189 1.403452
v 0.122776 0.092200 1.403514
v -0.017035 0.009625 1.639682
v -0.012104 0.009528 1.640431
v -0.007208 0.009509 1.641106
v -0.002301 0.009559 1.641672
v 0.002632 0.009667 1.642077
v 0.007621 0.009800 1.642235
v 0.012710 0.009894 1.642062
v 0.017911 0.009856 1.641496
v 0.023144 0.009601 1.640568
v 0.028322 0.009091 1.639404
v 0.033516 0.008296 1.638054
v 0.038532 0.007237 1.636491
v 0.043321 0.005999 1.634712
v 0.047893 0.004651 1.632742
v 0.052259 0.003252 1.630598
v 0.056433 0.001850 1.628272
v 0.060467 0.000488 1.625734
v 0.064300 -0.000747 1.623038
v 0.067917 -0.001800 1.620188
v 0.071287 -0.002610 1.617166
v 0.074495 -0.003252 1.613682
v 0.077451 -0.003755 1.609846
v 0.080130 -0.004131 1.605815
v 0.082578 -0.004392 1.601644
v 0.084837 -0.004553 1.597376
v 0.086948 -0.004623 1.593043
v 0.088951 -0.004611 1.588671
v 0.090883 -0.004524 1.584283
v 0.092782 -0.004367 1.579898
v 0.094658 -0.004138 1.575551
v 0.096469 -0.003814 1.571188
v 0.098168 -0.003387 1.566768
v 0.099900 -0.002850 1.562133
v 0.101422 -0.002250 1.557643
v 0.102899 -0.001587 1.553123
v 0.104354 -0.000874 1.548575
v 0.105808 -0.000123 1.544005
v 0.107281 0.000654 1.539417
v 0.108791 0.001442 1.534812
v 0.110314 0.002229 1.530175
v 0.111811 0.003005 1.525544
v 0.113273 0.003774 1.520941
v 0.114703 0.004548 1.516369
v 0.116098 0.005343 1.511829
v 0.117458 0.006170 1.507323
v 0.118782 0.007045 1.502854
v 0.120198 0.008066 1.498188
v 0.121455 0.009111 1.493775
v 0.122668 0.010255 1.489412
v 0.123943 0.011510 1.484959
v 0.125278 0.012836 1.480427
v 0.126591 0.014187 1.475963
v 0.127868 0.015593 1.471570
v 0.129096 0.017083 1.467255
v 0.130259 0.018687 1.463027
v 0.131336 0.020438 1.458904
v 0.132294 0.022364 1.454927
v 0.133107 0.024478 1.451119
v 0.133691 0.026864 1.447388
v 0.134015 0.029522 1.443688
v 0.134259 0.032410 1.440085
v 0.134408 0.035504 1.436590
v 0.134456 0.038769 1.433213
v 0.134392 0.042189 1.429960
v 0.134202 0.045740 1.426842
v 0.133880 0.049406 1.423858
v 0.133365 0.053405 1.420909
v 0.132593 0.057233 1.418369
v 0.131611 0.061221 1.416110
v 0.130466 0.065400 1.414056
v 0.129209 0.069721 1.412164
v 0.127887 0.074140 1.410386
v 0.126537 0.078621 1.408680
v 0.125206 0.083138 1.406994
v 0.123939 0.087667 1.405272
v 0.122707 0.092182 1.403529
v -0.107735 -0.010097 1.457884
v -0.101969 -0.011944 1.454726
v -0.107156 -0.013790 1.461198
v -0.106381 -0.017433 1.464536
v -0.105319 -0.020989 1.467900
v -0.103876 -0.024405 1.471280
v -0.102069 -0.027654 1.474655
v -0.100129 -0.030809 1.478010
v -0.098200 -0.033945 1.481360
v -0.096059 -0.036998 1.484732
v -0.098944 -0.024702 1.466976
v -0.093708 -0.039919 1.488080
v -0.091240 -0.042751 1.491401
v -0.088759 -0.045558 1.494704
v -0.085346 -0.042508 1.487961
v -0.086346 -0.048398 1.498002
v -0.080614 -0.047653 1.494367
v -0.105036 -0.016322 1.450476
v -0.104331 -0.019978 1.453807
v -0.103412 -0.023565 1.457154
v -0.102181 -0.027033 1.460515
v -0.100550 -0.030319 1.463873
v -0.098545 -0.033406 1.467211
v -0.096401 -0.036428 1.470564
v -0.094280 -0.039469 1.473942
v -0.091998 -0.042358 1.477270
v -0.089513 -0.045110 1.480573
v -0.086905 -0.047784 1.483865
v -0.084269 -0.050454 1.487169
v -0.081684 -0.053178 1.490497
v -0.105036 -0.016322 1.450476
v -0.110802 -0.014475 1.453634
v -0.104331 -0.019978 1.453807
v -0.103412 -0.023565 1.457154
v -0.102181 -0.027033 1.460515
v -0.100550 -0.030319 1.463873
v -0.098545 -0.033406 1.467211
v -0.096401 -0.036428 1.470564
v -0.094280 -0.039469 1.473942
v -0.091998 -0.042358 1.477270
v -0.107231 -0.028919 1.466514
v -0.089513 -0.045110 1.480573
v -0.086905 -0.047784 1.483865
v -0.084269 -0.050454 1.487169
v -0.093891 -0.046865 1.485957
v -0.081684 -0.053178 1.490497
v -0.087417 -0.053922 1.494133
v -0.107735 -0.010097 1.457884
v -0.107156 -0.013790 1.461198
v -0.106381 -0.017433 1.464536
v -0.105319 -0.020989 1.467900
v -0.103876 -0.024405 1.471280
v -0.102069 -0.027654 1.474655
v -0.100129 -0.030809 1.478010
v -0.098200 -0.033945 1.481360
v -0.096059 -0.036998 1.484732
v -0.093708 -0.039919 1.488080
v -0.091240 -0.042751 1.491401
v -0.088759 -0.045558 1.494704
v -0.086346 -0.048398 1.498002
v -0.107735 -0.010097 1.457884
v -0.105036 -0.016322 1.450476
v -0.101969 -0.011944 1.454726
v -0.110802 -0.014475 1.453634
v -0.086346 -0.048398 1.498002
v -0.080614 -0.047653 1.494367
v -0.081684 -0.053178 1.490497
v -0.087417 -0.053922 1.494133
v -0.109496 -0.008240 1.486385
v -0.105219 -0.006036 1.481539
v -0.108371 -0.012621 1.485363
v -0.107080 -0.016934 1.484367
v -0.105510 -0.021160 1.483395
v -0.103558 -0.025255 1.482428
v -0.101251 -0.029236 1.481422
v -0.098761 -0.033131 1.480338
v -0.096187 -0.036921 1.479182
v -0.093393 -0.040493 1.477977
v -0.099892 -0.023170 1.477553
v -0.090419 -0.043869 1.476747
v -0.087358 -0.047127 1.475507
v -0.084289 -0.050375 1.474266
v -0.086589 -0.040851 1.471617
v -0.081306 -0.053685 1.473040
v -0.078692 -0.049639 1.468199
v -0.109923 -0.006062 1.476588
v -0.108845 -0.010455 1.475565
v -0.107592 -0.014831 1.474557
v -0.106069 -0.019122 1.473574
v -0.104199 -0.023239 1.472608
v -0.102045 -0.027135 1.471630
v -0.099753 -0.030898 1.470595
v -0.097368 -0.034602 1.469479
v -0.094739 -0.038161 1.468299
v -0.091896 -0.041579 1.467078
v -0.088934 -0.044921 1.465835
v -0.085961 -0.048256 1.464590
v -0.083054 -0.051674 1.463354
v -0.109923 -0.006062 1.476588
v -0.114200 -0.008266 1.481434
v -0.108845 -0.010455 1.475565
v -0.107592 -0.014831 1.474557
v -0.106069 -0.019122 1.473574
v -0.104199 -0.023239 1.472608
v -0.102045 -0.027135 1.471630
v -0.099753 -0.030898 1.470595
v -0.097368 -0.034602 1.469479
v -0.094739 -0.038161 1.468299
v -0.108228 -0.027380 1.477292
v -0.091896 -0.041579 1.467078
v -0.088934 -0.044921 1.465835
v -0.085961 -0.048256 1.464590
v -0.091130 -0.049634 1.470354
v -0.083054 -0.051674 1.463354
v -0.085668 -0.055719 1.468195
v -0.109496 -0.008240 1.486385
v -0.108371 -0.012621 1.485363
v -0.107080 -0.016934 1.484367
v -0.105510 -0.021160 1.483395
v -0.103558 -0.025255 1.482428
v -0.101251 -0.029236 1.481422
v -0.098761 -0.033131 1.480338
v -0.096187 -0.036921 1.479182
v -0.093393 -0.040493 1.477977
v -0.090419 -0.043869 1.476747
v -0.087358 -0.047127 1.475507
v -0.084289 -0.050375 1.474266
v -0.081306 -0.053685 1.473040
v -0.109496 -0.008240 1.486385
v -0.109923 -0.006062 1.476588
v -0.105219 -0.006036 1.481539
v -0.114200 -0.008266 1.481434
v -0.081306 -0.053685 1.473040
v -0.078692 -0.049639 1.468199
v -0.083054 -0.051674 1.463354
v -0.085668 -0.055719 1.468195
f 3 2 1
f 6 5 4
f 9 8 7
f 12 11 10
f 15 14 13
f 18 17 16
f 21 20 19
f 24 23 22
f 27 26 25
f 29 28 27
f 31 29 30
f 30 29 32
f 32 33 30
f 34 30 33
f 35 30 34
f 33 36 34
f 36 45 34
f 45 37 34
f 37 38 34
f 39 45 36
f 39 36 40
f 40 41 39
f 42 45 39
f 42 39 43
f 44 45 42
f 44 42 46
f 44 47 45
f 47 44 48
f 45 47 49
f 47 50 49
f 45 51 37
f 37 51 52
f 53 37 52
f 51 45 54
f 45 55 54
f 56 55 45
f 56 45 57
f 58 57 45
f 58 45 59
f 60 59 45
f 61 59 60
f 60 62 61
f 45 49 63
f 49 64 63
f 65 60 45
f 65 66 60
f 45 63 67
f 63 68 67
f 67 69 45
f 45 69 65
f 67 70 69
f 67 71 70
f 65 69 72
f 72 73 65
f 73 74 65
f 73 72 75
f 75 76 73
f 77 73 76
f 79 78 76
f 81 80 79
f 80 81 82
f 81 83 82
f 84 83 81
f 83 84 85
f 88 87 86
f 91 90 89
f 94 93 92
f 97 96 95
f 100 99 98
f 103 102 101
f 106 105 104
f 109 108 107
f 112 111 110
f 115 114 113
f 118 117 116
f 121 120 119
f 124 123 122
f 127 126 125
f 130 129 128
f 133 132 131
f 136 135 134
f 139 138 137
f 142 141 140
f 145 144 143
f 156 143 144
f 156 144 146
f 143 156 147
f 156 146 148
f 147 156 149
f 156 148 150
f 156 150 151
f 151 152 156
f 156 153 149
f 152 154 156
f 156 155 153
f 154 157 156
f 155 156 158
f 158 159 155
f 156 160 158
f 160 156 157
f 159 158 161
f 161 162 159
f 162 161 163
f 157 164 160
f 157 165 164
f 157 179 165
f 166 179 157
f 179 167 165
f 168 179 166
f 169 179 168
f 169 170 179
f 170 171 179
f 171 172 179
f 172 173 179
f 174 179 173
f 173 175 174
f 179 174 176
f 179 176 177
f 178 179 177
f 178 180 179
f 180 167 179
f 180 181 167
f 181 182 167
f 181 183 182
f 183 163 182
f 186 185 184
f 185 199 184
f 184 199 187
f 187 199 188
f 188 199 189
f 190 189 199
f 199 191 190
f 192 191 199
f 192 199 193
f 194 193 199
f 195 194 199
f 196 195 199
f 197 196 199
f 198 197 199
f 199 200 198
f 199 201 200
f 199 185 202
f 201 199 202
f 202 203 201
f 204 202 185
f 185 205 204
f 202 204 206
f 202 206 207
f 202 207 208
f 202 208 209
f 209 210 202
f 202 210 211
f 202 211 212
f 202 213 203
f 212 213 202
f 216 215 214
f 214 62 216
f 219 218 217
f 218 220 217
f 223 222 221
f 221 224 223
f 224 221 225
f 225 226 224
f 226 225 227
f 227 228 226
f 231 230 229
f 230 232 229
f 235 234 233
f 236 233 234
f 237 233 236
f 237 238 233
f 237 236 239
f 239 240 237
f 240 241 237
f 242 240 239
f 240 242 243
f 243 244 240
f 244 245 240
f 248 247 246
f 247 53 246
f 251 250 249
f 249 252 251
f 255 254 253
f 253 256 255
f 257 255 256
f 256 258 257
f 259 257 258
f 258 260 259
f 263 262 261
f 261 264 263
f 267 266 265
f 268 266 267
f 269 266 268
f 272 271 270
f 270 273 272
f 273 270 274
f 274 270 275
f 274 276 273
f 276 274 277
f 277 274 278
f 277 279 276
f 279 277 280
f 277 281 280
f 281 277 282
f 285 284 283
f 283 286 285
f 285 286 287
f 287 288 285
f 288 287 289
f 289 290 288
f 290 289 291
f 292 291 289
f 295 294 293
f 293 296 295
f 296 293 297
f 297 298 296
f 299 298 297
f 296 298 300
f 300 301 296
f 296 301 295
f 302 295 301
f 295 302 303
f 304 295 303
f 303 305 304
f 306 298 299
f 307 298 306
f 308 306 299
f 309 306 308
f 310 306 309
f 309 311 310
f 306 310 312
f 315 314 313
f 313 316 315
f 316 317 315
f 318 315 317
f 317 319 318
f 318 319 320
f 320 319 321
f 324 323 322
f 325 322 323
f 323 326 325
f 322 328 327
f 327 329 322
f 332 331 330
f 330 333 332
f 334 332 333
f 333 335 334
f 336 334 335
f 335 337 336
f 336 337 338
f 338 339 336
f 342 341 340
f 342 343 341
f 344 341 343
f 343 345 344
f 346 344 345
f 347 343 342
f 345 343 347
f 347 348 345
f 342 349 347
f 342 350 349
f 342 351 350
f 350 351 352
f 345 353 346
f 354 346 353
f 353 355 354
f 353 345 356
f 345 357 356
f 355 353 358
f 353 359 358
f 358 360 355
f 363 362 361
f 361 364 363
f 364 361 365
f 365 361 366
f 366 367 365
f 367 366 368
f 368 369 367
f 372 371 370
f 373 370 371
f 370 373 374
f 371 376 375
f 371 375 377
f 378 377 375
f 381 380 379
f 379 382 381
f 383 382 379
f 379 384 383
f 385 383 384
f 384 386 385
f 385 386 387
f 387 388 385
f 391 390 389
f 392 389 390
f 393 389 392
f 392 394 393
f 395 393 394
f 396 394 392
f 392 397 396
f 397 392 390
f 390 398 397
f 390 399 398
f 399 390 400
f 400 401 399
f 394 402 395
f 394 403 402
f 404 395 402
f 402 405 404
f 402 406 405
f 406 407 405
f 402 408 406
f 411 410 409
f 411 409 412
f 412 409 413
f 409 414 413
f 413 414 415
f 415 414 416
f 416 417 415
f 420 419 418
f 419 421 418
f 418 421 422
f 424 419 423
f 419 425 423
f 428 427 426
f 429 427 428
f 430 429 428
f 431 429 430
f 432 431 430
f 433 431 432
f 434 433 432
f 435 434 432
f 438 437 436
f 436 439 438
f 440 439 436
f 441 439 440
f 441 440 442
f 438 439 443
f 443 439 441
f 441 444 443
f 443 445 438
f 438 445 446
f 447 438 446
f 446 448 447
f 442 449 441
f 449 442 450
f 450 451 449
f 452 441 449
f 441 452 453
f 454 449 451
f 451 455 454
f 449 454 456
f 459 458 457
f 457 460 459
f 460 461 459
f 462 459 461
f 461 463 462
f 463 464 462
f 463 465 464
f 468 467 466
f 469 466 467
f 467 470 469
f 472 471 466
f 466 473 472
f 474 472 473
f 477 476 475
f 480 479 478
f 483 482 481
f 486 485 484
f 489 488 487
f 492 491 490
f 495 494 493
f 498 497 496
f 501 500 499
f 504 503 502
f 507 506 505
f 510 509 508
f 513 512 511
f 516 515 514
f 519 518 517
f 517 520 519
f 519 520 521
f 521 520 522
f 522 523 521
f 521 523 524
f 524 523 525
f 526 524 525
f 527 524 526
f 527 526 528
f 529 527 528
f 529 530 527
f 533 532 531
f 531 532 534
f 534 535 531
f 531 535 536
f 536 535 537
f 538 536 537
f 538 539 536
f 540 539 538
f 541 539 540
f 541 542 539
f 543 542 541
f 544 542 543
f 544 545 542
f 548 547 546
f 547 549 546
f 552 551 550
f 553 550 551
f 556 555 554
f 557 554 555
f 557 558 554
f 558 557 559
f 557 560 559
f 560 557 561
f 560 561 562
f 561 563 562
f 564 563 561
f 564 565 563
f 564 566 565
f 566 564 567
f 570 569 568
f 570 568 571
f 568 572 571
f 573 572 568
f 572 573 574
f 573 575 574
f 576 575 573
f 577 575 576
f 576 578 577
f 579 578 576
f 580 578 579
f 579 581 580
f 582 581 579
f 585 584 583
f 586 585 583
f 589 588 587
f 590 589 587
f 593 592 591
f 591 592 594
f 593 595 592
f 594 592 596
f 597 592 595
f 598 596 592
f 597 599 592
f 600 598 592
f 601 592 599
f 600 592 602
f 601 603 592
f 602 592 603
f 606 605 604
f 605 607 604
f 606 604 608
f 607 609 604
f 610 608 604
f 611 604 609
f 610 604 612
f 613 604 611
f 614 612 604
f 613 615 604
f 614 604 616
f 615 616 604
f 619 618 617
f 622 621 620
f 625 624 623
f 628 627 626
f 631 630 629
f 637 629 630
f 637 630 632
f 629 637 633
f 634 633 637
f 632 635 637
f 636 634 637
f 637 635 638
f 638 639 637
f 637 639 640
f 640 644 637
f 644 640 641
f 644 641 642
f 644 642 643
f 637 644 636
f 636 644 645
f 649 644 643
f 643 646 649
f 645 644 647
f 647 644 648
f 649 648 644
f 650 648 649
f 646 651 649
f 652 650 649
f 651 653 649
f 654 652 649
f 649 655 654
f 655 649 656
f 653 657 649
f 649 658 656
f 658 649 657
f 658 657 659
f 662 661 660
f 675 662 660
f 675 660 663
f 675 664 662
f 665 664 675
f 681 675 663
f 663 666 681
f 667 681 666
f 667 666 668
f 669 681 667
f 670 665 675
f 665 670 671
f 669 672 681
f 670 673 671
f 674 673 670
f 676 681 672
f 670 677 674
f 674 677 678
f 675 681 670
f 677 670 681
f 676 679 681
f 680 678 677
f 679 682 681
f 680 677 683
f 681 689 677
f 689 681 682
f 682 684 689
f 685 683 677
f 677 686 685
f 684 687 689
f 677 689 686
f 687 688 689
f 690 689 688
f 691 689 690
f 691 701 689
f 701 691 692
f 701 686 689
f 701 692 693
f 701 694 686
f 695 686 694
f 701 693 696
f 696 697 701
f 698 701 697
f 701 699 694
f 699 700 694
f 702 699 701
f 698 703 701
f 701 704 702
f 703 704 701
f 704 703 705
f 708 707 706
f 707 708 725
f 708 709 725
f 708 710 709
f 709 719 725
f 719 709 711
f 711 712 719
f 719 712 713
f 712 714 713
f 719 713 715
f 719 715 716
f 719 716 717
f 717 718 719
f 719 718 720
f 725 719 720
f 720 721 725
f 725 721 722
f 722 723 725
f 725 723 724
f 726 725 724
f 707 725 727
f 728 707 727
f 727 729 728
f 726 737 725
f 737 726 730
f 727 725 737
f 727 731 729
f 737 730 732
f 727 733 731
f 737 732 734
f 735 727 737
f 735 733 727
f 735 736 733
f 737 734 738
f 735 739 736
f 740 739 735
f 738 746 737
f 746 738 741
f 746 735 737
f 735 746 740
f 742 740 746
f 746 741 743
f 746 744 742
f 744 746 745
f 747 746 743
f 743 748 747
f 746 747 749
f 746 749 750
f 750 745 746
f 751 745 750
f 754 753 752
f 752 753 756
f 755 752 756
f 753 757 756
f 758 756 757
f 755 756 759
f 756 758 767
f 767 758 760
f 761 759 756
f 756 762 761
f 763 762 756
f 756 767 763
f 763 767 764
f 765 764 767
f 765 767 766
f 760 768 767
f 766 767 769
f 766 769 770
f 767 768 771
f 771 769 767
f 768 772 771
f 771 772 773
f 771 773 778
f 778 773 774
f 769 775 770
f 776 778 774
f 775 769 777
f 769 771 778
f 778 776 779
f 779 780 778
f 780 781 778
f 769 778 781
f 769 782 777
f 781 783 769
f 782 769 783
f 783 784 782
f 787 786 785
f 790 789 788
f 793 792 791
f 801 791 792
f 801 792 794
f 795 791 801
f 794 796 801
f 797 795 801
f 801 796 798
f 798 799 801
f 800 797 801
f 802 801 799
f 801 805 800
f 803 800 805
f 805 801 802
f 802 804 805
f 806 805 804
f 807 805 806
f 805 807 808
f 805 809 803
f 810 805 808
f 809 811 803
f 805 810 809
f 809 810 812
f 809 813 811
f 812 814 809
f 809 815 813
f 809 814 816
f 816 817 809
f 809 817 818
f 809 819 815
f 818 820 809
f 819 809 820
f 819 820 821
f 824 823 822
f 823 824 825
f 825 826 823
f 826 825 827
f 827 828 826
f 828 827 829
f 828 829 830
f 831 829 827
f 827 832 831
f 837 827 825
f 837 825 833
f 827 837 832
f 834 832 837
f 837 835 834
f 837 836 835
f 833 838 837
f 839 837 838
f 837 840 836
f 839 841 837
f 837 841 840
f 841 842 840
f 845 844 843
f 843 844 848
f 848 844 846
f 847 843 848
f 846 849 848
f 848 849 850
f 847 848 851
f 855 848 850
f 850 852 855
f 853 851 848
f 848 854 853
f 854 848 855
f 855 856 854
f 855 857 856
f 857 855 858
f 857 858 859
f 860 858 855
f 855 852 860
f 852 861 860
f 852 862 861
f 863 861 862
f 866 865 864
f 864 865 876
f 876 865 867
f 868 864 876
f 869 876 867
f 868 876 870
f 869 878 876
f 878 869 871
f 872 870 876
f 876 873 872
f 876 874 873
f 875 878 871
f 874 876 878
f 878 877 874
f 878 879 877
f 880 879 878
f 881 880 878
f 882 881 878
f 888 878 875
f 883 888 875
f 888 882 878
f 884 882 888
f 883 885 888
f 884 888 886
f 887 888 885
f 889 886 888
f 888 890 889
f 890 888 891
f 887 892 888
f 888 893 891
f 893 888 892
f 892 894 893
f 897 896 895
f 895 896 910
f 910 896 898
f 899 895 910
f 898 900 910
f 899 910 901
f 910 900 902
f 903 901 910
f 910 904 903
f 910 905 904
f 902 906 910
f 910 907 905
f 910 906 908
f 910 909 907
f 908 911 910
f 910 912 909
f 910 913 912
f 910 914 913
f 911 915 910
f 910 916 914
f 910 917 916
f 918 917 910
f 910 919 918
f 910 920 919
f 915 921 910
f 910 922 920
f 910 921 923
f 923 922 910
f 926 925 924
f 938 926 924
f 938 924 927
f 928 926 938
f 938 927 929
f 930 928 938
f 938 929 931
f 931 932 938
f 933 930 938
f 938 932 934
f 935 933 938
f 934 936 938
f 937 935 938
f 938 936 939
f 940 937 938
f 939 941 938
f 938 941 942
f 942 943 938
f 944 940 938
f 943 945 938
f 938 945 946
f 938 946 947
f 947 948 938
f 949 938 948
f 938 950 944
f 949 951 938
f 952 950 938
f 938 951 952
f 954 953 973
f 973 953 955
f 954 973 956
f 973 955 957
f 958 956 973
f 973 957 959
f 960 958 973
f 973 959 961
f 973 962 960
f 973 963 962
f 963 973 964
f 973 965 964
f 966 965 973
f 966 973 967
f 973 968 967
f 973 969 968
f 973 970 969
f 973 971 970
f 973 972 971
f 973 974 972
f 975 974 973
f 975 973 976
f 977 976 973
f 961 977 973
f 998 979 978
f 998 978 980
f 981 979 998
f 998 980 982
f 981 998 983
f 998 982 984
f 998 985 983
f 998 984 986
f 998 987 985
f 998 988 987
f 998 989 988
f 998 990 989
f 998 991 990
f 992 991 998
f 992 998 993
f 998 994 993
f 995 994 998
f 995 998 996
f 998 997 996
f 998 999 997
f 998 1000 999
f 998 1001 1000
f 1001 998 1002
f 998 986 1002
f 1004 1003 1019
f 1019 1003 1005
f 1004 1019 1006
f 1019 1005 1007
f 1008 1006 1019
f 1009 1008 1019
f 1019 1010 1009
f 1019 1011 1010
f 1019 1012 1011
f 1007 1013 1019
f 1019 1013 1014
f 1019 1014 1015
f 1019 1015 1016
f 1019 1016 1017
f 1017 1018 1019
f 1019 1018 1020
f 1021 1019 1020
f 1019 1021 1022
f 1019 1022 1023
f 1023 1024 1019
f 1024 1025 1019
f 1026 1019 1025
f 1019 1026 1027
f 1019 1027 1012
f 1037 1029 1028
f 1037 1028 1030
f 1031 1029 1037
f 1037 1030 1032
f 1037 1032 1033
f 1037 1033 1034
f 1037 1034 1035
f 1036 1037 1035
f 1036 1038 1037
f 1037 1039 1031
f 1037 1040 1039
f 1041 1040 1037
f 1041 1037 1042
f 1043 1042 1037
f 1037 1044 1043
f 1037 1045 1044
f 1037 1046 1045
f 1046 1037 1047
f 1037 1048 1047
f 1037 1049 1048
f 1037 1050 1049
f 1037 1051 1050
f 1052 1051 1037
f 1037 1038 1052
f 1055 1054 1053
f 1058 1057 1056
f 1061 1060 1059
f 1059 1063 1062
f 1064 1059 1062
f 1062 1065 1064
f 1085 1064 1065
f 1085 1065 1066
f 1066 1067 1085
f 1085 1067 1068
f 1068 1069 1085
f 1085 1069 1070
f 1085 1070 1071
f 1072 1073 1085
f 1085 1074 1072
f 1075 1085 1073
f 1064 1085 1075
f 1075 1076 1064
f 1076 1077 1064
f 1085 1071 1078
f 1079 1074 1085
f 1080 1079 1085
f 1085 1078 1081
f 1082 1080 1085
f 1085 1081 1083
f 1085 1084 1082
f 1085 1083 1086
f 1087 1084 1085
f 1086 1088 1085
f 1087 1085 1088
f 1088 1086 1089
f 1089 1090 1088
f 1089 1091 1090
f 1088 1094 1087
f 1088 1092 1094
f 1094 1093 1087
f 1094 1092 1095
f 1094 1176 1093
f 1093 1176 1096
f 1176 1080 1096
f 1097 1080 1176
f 1176 1074 1097
f 1095 1098 1094
f 1094 1098 1175
f 1109 1175 1098
f 1098 1095 1099
f 1100 1099 1095
f 1098 1101 1109
f 1074 1176 1102
f 1103 1102 1176
f 1104 1109 1101
f 1109 1104 1105
f 1109 1105 1106
f 1115 1109 1106
f 1106 1107 1115
f 1115 1107 1108
f 1108 1110 1115
f 1115 1110 1111
f 1111 1112 1115
f 1115 1112 1113
f 1113 1114 1115
f 1114 1116 1115
f 1122 1115 1116
f 1116 1117 1122
f 1117 1118 1122
f 1118 1119 1122
f 1122 1119 1120
f 1120 1121 1122
f 1121 1123 1122
f 1124 1122 1123
f 1115 1122 1128
f 1076 1128 1122
f 1076 1122 1124
f 1124 1125 1076
f 1125 1124 1126
f 1125 1077 1076
f 1128 1076 1176
f 1176 1076 1075
f 1075 1103 1176
f 1127 1115 1128
f 1115 1177 1109
f 1109 1177 1175
f 1175 1176 1094
f 1181 1177 1115
f 1177 1181 1184
f 1138 1200 1176
f 1176 1200 1128
f 1130 1129 1176
f 1129 1131 1176
f 1176 1132 1130
f 1131 1138 1176
f 1131 1133 1138
f 1134 1138 1133
f 1135 1138 1134
f 1138 1135 1136
f 1138 1136 1137
f 1137 1139 1138
f 1148 1138 1139
f 1139 1140 1148
f 1138 1148 1200
f 1140 1141 1148
f 1148 1141 1142
f 1143 1200 1148
f 1148 1142 1144
f 1148 1144 1145
f 1200 1143 1146
f 1146 1207 1200
f 1145 1158 1148
f 1158 1145 1147
f 1149 1158 1147
f 1149 1150 1158
f 1143 1148 1158
f 1150 1151 1158
f 1151 1152 1158
f 1152 1153 1158
f 1153 1154 1158
f 1154 1155 1158
f 1155 1156 1158
f 1156 1157 1158
f 1157 1159 1158
f 1158 1160 1143
f 1160 1146 1143
f 1190 1158 1161
f 1161 1162 1270
f 1270 1190 1161
f 1158 1159 1169
f 1159 1163 1169
f 1163 1164 1169
f 1164 1165 1169
f 1165 1166 1169
f 1169 1166 1175
f 1167 1175 1166
f 1158 1169 1168
f 1168 1169 1178
f 1168 1252 1158
f 1161 1158 1252
f 1167 1170 1175
f 1175 1170 1171
f 1171 1172 1175
f 1172 1173 1175
f 1174 1175 1173
f 1132 1175 1174
f 1176 1175 1132
f 1175 1177 1169
f 1178 1169 1177
f 1181 1115 1127
f 1127 1179 1181
f 1179 1180 1181
f 1181 1180 1182
f 1181 1182 1183
f 1183 1184 1181
f 1184 1183 1187
f 1270 1184 1190
f 1187 1190 1184
f 1183 1185 1187
f 1187 1185 1186
f 1187 1186 1188
f 1188 1128 1187
f 1128 1188 1127
f 1190 1187 1128
f 1190 1191 1189
f 1191 1190 1192
f 1190 1193 1192
f 1193 1190 1194
f 1190 1195 1194
f 1190 1189 1219
f 1219 1189 1196
f 1128 1195 1190
f 1195 1128 1197
f 1197 1128 1198
f 1199 1198 1128
f 1128 1200 1199
f 1199 1200 1201
f 1202 1201 1200
f 1203 1202 1200
f 1204 1203 1200
f 1204 1200 1205
f 1206 1205 1200
f 1200 1207 1206
f 1206 1207 1208
f 1209 1207 1146
f 1208 1207 1160
f 1160 1210 1208
f 1211 1207 1209
f 1207 1211 1160
f 1212 1211 1209
f 1146 1160 1211
f 1160 1213 1210
f 1160 1214 1213
f 1215 1214 1160
f 1160 1216 1215
f 1158 1216 1160
f 1216 1158 1217
f 1158 1218 1217
f 1218 1158 1219
f 1219 1220 1218
f 1158 1190 1219
f 1219 1221 1220
f 1221 1219 1222
f 1222 1223 1221
f 1196 1222 1219
f 1222 1196 1224
f 1227 1226 1225
f 1230 1229 1228
f 1233 1232 1231
f 1236 1235 1234
f 1239 1238 1237
f 1242 1241 1240
f 1090 1244 1243
f 1247 1246 1245
f 1246 1247 1178
f 1168 1178 1247
f 1168 1246 1252
f 1252 1246 1178
f 1252 1178 1248
f 1248 1249 1252
f 1248 1178 1250
f 1251 1252 1249
f 1251 1253 1252
f 1250 1178 1177
f 1254 1252 1253
f 1177 1255 1250
f 1255 1177 1256
f 1177 1257 1256
f 1254 1258 1252
f 1257 1177 1259
f 1177 1260 1259
f 1252 1258 1161
f 1258 1261 1161
f 1264 1260 1177
f 1264 1262 1260
f 1177 1184 1264
f 1264 1263 1262
f 1265 1263 1264
f 1266 1265 1264
f 1270 1266 1264
f 1267 1266 1270
f 1268 1267 1270
f 1270 1264 1184
f 1269 1268 1270
f 1269 1270 1271
f 1272 1271 1270
f 1162 1272 1270
f 1273 1272 1162
f 1162 1274 1273
f 1275 1273 1274
f 1274 1162 1276
f 1277 1274 1276
f 1278 1276 1162
f 1279 1278 1162
f 1162 1161 1279
f 1261 1279 1161
f 1282 1281 1280
f 1285 1284 1283
f 1288 1287 1286
f 1286 1303 1288
f 1288 1303 1289
f 1286 1290 1303
f 1303 1290 1291
f 1289 1303 1292
f 1291 1293 1303
f 1293 1294 1303
f 1303 1294 1295
f 1303 1295 1296
f 1303 1296 1297
f 1297 1298 1303
f 1299 1303 1298
f 1303 1299 1300
f 1301 1303 1300
f 1303 1301 1302
f 1303 1302 1304
f 1304 1305 1303
f 1292 1303 1305
f 1308 1307 1306
f 1306 1307 1309
f 1312 1311 1310
f 1310 1316 1312
f 1312 1316 1313
f 1314 1313 1316
f 1310 1315 1316
f 1315 1317 1316
f 1314 1316 1318
f 1316 1319 1318
f 1319 1316 1320
f 1320 1316 1321
f 1322 1321 1316
f 1316 1323 1322
f 1324 1323 1316
f 1316 1325 1324
f 1326 1325 1316
f 1326 1316 1327
f 1328 1327 1316
f 1316 1329 1328
f 1317 1329 1316
f 1332 1331 1330
f 1333 1330 1331
f 1336 1335 1334
f 1334 1344 1336
f 1336 1344 1337
f 1337 1344 1338
f 1334 1339 1344
f 1344 1339 1340
f 1344 1340 1341
f 1344 1341 1342
f 1343 1344 1342
f 1344 1343 1345
f 1345 1352 1344
f 1352 1346 1344
f 1338 1344 1346
f 1352 1345 1347
f 1352 1347 1348
f 1352 1349 1346
f 1350 1338 1346
f 1352 1350 1349
f 1352 1348 1351
f 1352 1351 1353
f 1350 1354 1338
f 1350 1352 1354
f 1355 1338 1354
f 1353 1356 1352
f 1356 1354 1352
f 1354 1357 1355
f 1356 1353 1358
f 1355 1357 1359
f 1358 1360 1356
f 1357 1361 1359
f 1357 1360 1361
f 1361 1360 1358
f 1362 1359 1361
f 1358 1363 1361
f 1361 1363 1362
f 1366 1365 1364
f 1364 1375 1366
f 1375 1367 1366
f 1367 1375 1368
f 1369 1375 1364
f 1369 1370 1375
f 1375 1371 1368
f 1375 1372 1371
f 1373 1372 1375
f 1374 1373 1375
f 1375 1376 1374
f 1376 1375 1377
f 1375 1370 1377
f 1376 1378 1374
f 1379 1378 1376
f 1377 1380 1376
f 1370 1381 1377
f 1380 1381 1376
f 1382 1379 1376
f 1383 1382 1376
f 1384 1381 1370
f 1381 1384 1376
f 1370 1385 1384
f 1376 1386 1383
f 1386 1376 1384
f 1384 1385 1387
f 1388 1383 1386
f 1387 1385 1389
f 1390 1388 1386
f 1389 1391 1387
f 1387 1391 1390
f 1388 1390 1391
f 1391 1389 1392
f 1391 1393 1388
f 1392 1393 1391
f 1396 1395 1394
f 1394 1405 1396
f 1397 1396 1405
f 1405 1394 1398
f 1399 1397 1405
f 1405 1398 1400
f 1401 1399 1405
f 1405 1402 1401
f 1405 1400 1403
f 1403 1404 1405
f 1405 1406 1402
f 1407 1406 1405
f 1404 1408 1405
f 1405 1408 1409
f 1410 1407 1405
f 1405 1409 1410
f 1413 1412 1411
f 1413 1422 1412
f 1422 1414 1412
f 1422 1413 1415
f 1416 1414 1422
f 1415 1417 1422
f 1418 1416 1422
f 1422 1419 1418
f 1417 1420 1422
f 1420 1421 1422
f 1422 1423 1419
f 1422 1424 1423
f 1421 1425 1422
f 1425 1426 1422
f 1422 1427 1424
f 1426 1427 1422
f 1430 1429 1428
f 1428 1445 1430
f 1430 1445 1431
f 1445 1428 1432
f 1431 1445 1433
f 1432 1446 1445
f 1446 1432 1434
f 1446 1434 1435
f 1446 1435 1436
f 1436 1485 1446
f 1485 1436 1437
f 1485 1437 1438
f 1485 1438 1439
f 1445 1440 1433
f 1441 1440 1445
f 1442 1441 1445
f 1443 1442 1445
f 1444 1443 1445
f 1447 1448 1445
f 1449 1447 1445
f 1445 1446 1449
f 1450 1445 1448
f 1446 1451 1449
f 1452 1445 1450
f 1445 1452 1453
f 1446 1454 1451
f 1455 1454 1446
f 1445 1453 1456
f 1455 1446 1457
f 1445 1456 1458
f 1457 1446 1459
f 1459 1446 1460
f 1461 1445 1458
f 1458 1462 1461
f 1445 1461 1463
f 1464 1445 1463
f 1464 1444 1445
f 1465 1444 1464
f 1446 1466 1460
f 1466 1446 1723
f 1467 1466 1723
f 1467 1723 1468
f 1468 1723 1469
f 1723 1470 1469
f 1446 1471 1723
f 1446 1485 1471
f 1470 1723 1472
f 1473 1470 1472
f 1474 1473 1472
f 1472 1475 1474
f 1476 1475 1472
f 1477 1476 1472
f 1478 1477 1472
f 1479 1478 1472
f 1480 1479 1472
f 1481 1480 1472
f 1482 1481 1472
f 1723 1471 1483
f 1483 1485 1723
f 1483 1484 1485
f 1723 1485 1486
f 1486 1485 1557
f 1487 1557 1485
f 1488 1487 1485
f 1488 1485 1489
f 1490 1489 1485
f 1485 1491 1490
f 1491 1485 1492
f 1439 1492 1485
f 1471 1485 1484
f 1484 1493 1471
f 1496 1495 1494
f 1494 1521 1496
f 1497 1496 1521
f 1521 1494 1498
f 1499 1497 1521
f 1500 1521 1498
f 1501 1499 1521
f 1500 1502 1521
f 1503 1501 1521
f 1503 1521 1504
f 1505 1521 1502
f 1521 1505 1506
f 1521 1506 1507
f 1507 1508 1521
f 1509 1504 1521
f 1510 1509 1521
f 1511 1510 1521
f 1521 1512 1511
f 1513 1512 1521
f 1514 1513 1521
f 1514 1521 1543
f 1543 1515 1514
f 1543 1516 1515
f 1543 1517 1516
f 1517 1543 1518
f 1518 1519 1517
f 1520 1518 1543
f 1543 1487 1520
f 1543 1557 1487
f 1521 1508 1522
f 1522 1523 1521
f 1524 1523 1522
f 1521 1523 1525
f 1521 1525 1526
f 1521 1526 1527
f 1527 1528 1521
f 1521 1528 1529
f 1529 1530 1521
f 1530 1531 1521
f 1521 1531 1532
f 1532 1533 1521
f 1534 1521 1533
f 1535 1521 1534
f 1543 1521 1535
f 1535 1536 1543
f 1537 1543 1536
f 1538 1543 1537
f 1543 1538 1539
f 1538 1540 1539
f 1543 1539 1541
f 1543 1541 1542
f 1543 1542 1544
f 1544 1542 1674
f 1544 1674 1683
f 1544 1556 1543
f 1556 1544 1545
f 1546 1545 1544
f 1547 1546 1544
f 1547 1544 1548
f 1556 1545 1722
f 1722 1545 1549
f 1722 1549 1550
f 1556 1722 1551
f 1552 1551 1722
f 1553 1552 1722
f 1556 1551 1557
f 1554 1557 1551
f 1554 1555 1557
f 1556 1557 1543
f 1555 1486 1557
f 1560 1559 1558
f 1559 1566 1558
f 1561 1566 1559
f 1566 1561 1562
f 1562 1563 1566
f 1564 1566 1563
f 1564 1565 1566
f 1566 1565 1584
f 1565 1567 1584
f 1584 1567 1568
f 1568 1569 1584
f 1569 1570 1584
f 1584 1570 1571
f 1584 1571 1572
f 1573 1584 1572
f 1574 1584 1573
f 1584 1574 1575
f 1575 1586 1584
f 1586 1575 1576
f 1586 1576 1577
f 1577 1578 1586
f 1578 1579 1586
f 1579 1580 1586
f 1584 1586 1580
f 1580 1581 1584
f 1581 1582 1584
f 1584 1582 1583
f 1584 1583 1585
f 1585 1587 1584
f 1584 1613 1566
f 1613 1584 1588
f 1587 1588 1584
f 1585 1589 1587
f 1590 1587 1589
f 1590 1591 1587
f 1591 1592 1587
f 1587 1592 1593
f 1593 1594 1587
f 1595 1587 1594
f 1596 1587 1595
f 1588 1587 1596
f 1596 1597 1588
f 1597 1598 1588
f 1598 1599 1588
f 1599 1600 1588
f 1601 1588 1600
f 1588 1601 1602
f 1588 1602 1603
f 1603 1604 1588
f 1605 1588 1604
f 1605 1606 1588
f 1606 1607 1588
f 1608 1588 1607
f 1609 1588 1608
f 1610 1588 1609
f 1610 1611 1588
f 1611 1612 1588
f 1612 1614 1588
f 1588 1614 1615
f 1615 1613 1588
f 1613 1615 1616
f 1613 1616 1617
f 1618 1613 1617
f 1613 1618 1619
f 1613 1619 1620
f 1613 1620 1621
f 1613 1621 1622
f 1613 1622 1623
f 1613 1623 1624
f 1624 1558 1613
f 1558 1566 1613
f 1627 1626 1625
f 1625 1642 1627
f 1642 1625 1628
f 1627 1642 1629
f 1642 1628 1630
f 1629 1642 1631
f 1631 1642 1632
f 1642 1633 1632
f 1642 1674 1633
f 1633 1674 1634
f 1634 1674 1635
f 1635 1674 1636
f 1630 1637 1642
f 1638 1642 1637
f 1639 1642 1638
f 1640 1642 1639
f 1656 1642 1640
f 1641 1656 1640
f 1642 1644 1643
f 1642 1645 1644
f 1646 1645 1642
f 1643 1647 1642
f 1642 1648 1646
f 1642 1649 1648
f 1642 1647 1650
f 1642 1650 1651
f 1656 1649 1642
f 1656 1652 1649
f 1642 1651 1653
f 1656 1654 1652
f 1642 1653 1655
f 1642 1655 1657
f 1654 1656 1658
f 1658 1659 1654
f 1658 1656 1660
f 1661 1660 1656
f 1656 1641 1661
f 1662 1661 1641
f 1663 1642 1657
f 1667 1642 1663
f 1663 1664 1667
f 1664 1665 1667
f 1665 1666 1667
f 1667 1666 1668
f 1669 1642 1667
f 1642 1669 1674
f 1690 1667 1668
f 1668 1670 1690
f 1671 1674 1669
f 1669 1672 1671
f 1670 1673 1690
f 1674 1671 1675
f 1674 1676 1636
f 1677 1676 1674
f 1673 1678 1690
f 1690 1678 1679
f 1677 1674 1680
f 1674 1681 1680
f 1674 1682 1681
f 1682 1674 1542
f 1674 1675 1667
f 1675 1669 1667
f 1683 1674 1667
f 1548 1683 1667
f 1667 1550 1548
f 1550 1667 1722
f 1684 1690 1679
f 1685 1690 1684
f 1686 1690 1685
f 1690 1686 1687
f 1688 1690 1687
f 1689 1690 1688
f 1689 1698 1690
f 1689 1691 1698
f 1698 1691 1692
f 1698 1692 1693
f 1698 1693 1694
f 1695 1694 1693
f 1698 1694 1696
f 1698 1696 1697
f 1698 1697 1690
f 1690 1697 1699
f 1690 1699 1700
f 1700 1701 1690
f 1690 1701 1667
f 1667 1701 1702
f 1702 1703 1667
f 1703 1704 1667
f 1704 1705 1667
f 1706 1667 1705
f 1705 1707 1706
f 1707 1708 1706
f 1706 1709 1667
f 1722 1667 1709
f 1722 1709 1710
f 1722 1710 1717
f 1717 1710 1711
f 1717 1711 1712
f 1717 1712 1713
f 1717 1713 1714
f 1717 1714 1715
f 1717 1715 1716
f 1716 1718 1717
f 1718 1719 1717
f 1722 1717 1719
f 1719 1720 1722
f 1721 1722 1720
f 1722 1723 1553
f 1723 1486 1553
f 1472 1727 1482
f 1727 1724 1482
f 1725 1724 1727
f 1727 1726 1725
f 1726 1727 1728
f 1729 1726 1728
f 1728 1727 1730
f 1472 1730 1727
f 1472 1731 1730
f 1731 1472 1732
f 1733 1732 1472
f 1734 1733 1472
f 1735 1734 1472
f 1472 1723 1735
f 1735 1723 1736
f 1737 1736 1723
f 1738 1737 1723
f 1723 1722 1721
f 1721 1738 1723
f 1739 1738 1721
f 1739 1721 1740
f 1743 1742 1741
f 1741 1744 1743
f 1745 1743 1744
f 1744 1746 1745
f 1744 1747 1746
f 1748 1747 1744
f 1749 1748 1744
f 1749 1744 1750
f 1750 1751 1749
f 1752 1751 1750
f 1753 1752 1750
f 1754 1753 1750
f 1755 1754 1750
f 1755 1750 1756
f 1757 1755 1756
f 1744 1756 1750
f 1758 1757 1756
f 1759 1758 1756
f 1760 1759 1756
f 1761 1760 1756
f 1756 1762 1761
f 1763 1762 1756
f 1764 1763 1756
f 1765 1764 1756
f 1756 1766 1765
f 1756 1767 1766
f 1768 1767 1756
f 1769 1768 1756
f 1756 1770 1769
f 1770 1756 1788
f 1788 1756 1744
f 1770 1771 1769
f 1772 1771 1770
f 1770 1773 1772
f 1774 1773 1770
f 1774 1770 1775
f 1776 1775 1770
f 1770 1777 1776
f 1770 1778 1777
f 1778 1770 1788
f 1788 1779 1778
f 1788 1780 1779
f 1788 1781 1780
f 1788 1782 1781
f 1783 1782 1788
f 1784 1783 1788
f 1785 1784 1788
f 1785 1788 1786
f 1788 1787 1786
f 1787 1788 1789
f 1788 1790 1789
f 1791 1790 1788
f 1788 1792 1791
f 1788 1793 1792
f 1794 1793 1788
f 1795 1794 1788
f 1796 1795 1788
f 1797 1796 1788
f 1798 1797 1788
f 1788 1744 1798
f 1798 1744 1799
f 1744 1800 1799
f 1800 1744 1801
f 1801 1744 1802
f 1803 1802 1744
f 1804 1803 1744
f 1744 1805 1804
f 1744 1806 1805
f 1744 1741 1806
f 1809 1808 1807
f 1807 1871 1809
f 1810 1871 1807
f 1871 1810 1811
f 1871 1812 1809
f 1813 1871 1811
f 1871 1813 1814
f 1871 1815 1812
f 1815 1871 1819
f 1819 1816 1815
f 1819 1817 1816
f 1819 1818 1817
f 1818 1819 1820
f 1820 1819 1821
f 1819 1822 1821
f 1819 1823 1822
f 1819 1824 1823
f 1825 1824 1819
f 1819 1826 1825
f 1827 1826 1819
f 1828 1827 1819
f 1829 1828 1819
f 1819 1830 1829
f 1830 1819 1831
f 1831 1819 1832
f 1832 1833 1831
f 1832 1834 1833
f 1834 1832 1835
f 1836 1835 1832
f 1836 1832 1837
f 1832 1838 1837
f 1839 1838 1832
f 1832 1840 1839
f 1840 1832 1841
f 1832 1844 1841
f 1841 1844 1842
f 1843 1842 1844
f 1845 1843 1844
f 1846 1845 1844
f 1847 1846 1844
f 1848 1847 1844
f 1844 1850 1848
f 1849 1848 1850
f 1844 1832 1819
f 1876 1850 1844
f 1876 1844 1819
f 1851 1849 1850
f 1852 1851 1850
f 1850 1853 1852
f 1853 1854 1852
f 1855 1853 1850
f 1856 1855 1850
f 1857 1856 1850
f 1857 1850 1860
f 1860 1858 1857
f 1859 1858 1860
f 1860 1861 1859
f 1862 1861 1860
f 1860 1863 1862
f 1860 1850 1876
f 1864 1863 1860
f 1860 1865 1864
f 1882 1860 1876
f 1860 1866 1865
f 1867 1866 1860
f 1867 1860 1882
f 1882 1868 1867
f 1819 1871 1876
f 1814 1869 1871
f 1876 1871 1869
f 1869 1870 1876
f 1870 1872 1876
f 1872 1873 1876
f 1876 1873 1874
f 1874 1878 1876
f 1878 1874 1875
f 1878 1875 1877
f 1878 1879 1876
f 1879 1880 1876
f 1881 1876 1880
f 1882 1876 1881
f 1879 1878 1882
f 1882 1883 1868
f 1884 1883 1882
f 1882 1881 1885
f 1886 1884 1882
f 1882 1885 1879
f 1887 1886 1882
f 1888 1887 1882
f 1889 1888 1882
f 1878 1889 1882
f 1878 1890 1889
f 1891 1890 1878
f 1892 1891 1878
f 1878 1893 1892
f 1894 1893 1878
f 1894 1878 1877
f 1897 1896 1895
f 1896 1897 1903
f 1903 1898 1896
f 1899 1898 1903
f 1897 1900 1903
f 1901 1899 1903
f 1902 1901 1903
f 1904 1903 1900
f 1958 1903 1904
f 1904 1905 1958
f 1905 1906 1958
f 1906 1907 1958
f 1907 1908 1958
f 1908 1909 1958
f 1909 1910 1958
f 1910 1911 1958
f 1912 1958 1911
f 1958 1912 1913
f 1913 1914 1958
f 1958 1914 1915
f 1958 1915 1916
f 1916 1937 1958
f 1937 1916 1917
f 1918 1937 1917
f 1918 1919 1937
f 1931 1937 1919
f 1920 1931 1919
f 1921 1931 1920
f 1931 1921 1922
f 1931 1922 1923
f 1931 1923 1924
f 1924 1925 1931
f 1925 1926 1931
f 1926 1927 1931
f 1927 1928 1931
f 1928 1929 1931
f 1930 1931 1929
f 1937 1931 1930
f 1930 1932 1937
f 1937 1932 1933
f 1937 1933 1934
f 1937 1934 1935
f 1940 1937 1935
f 1935 1936 1940
f 1957 1937 1940
f 1937 1957 1958
f 1936 1938 1940
f 1939 1940 1938
f 1941 1940 1939
f 1939 1942 1941
f 1940 1941 1943
f 1940 1943 1944
f 1940 1944 1945
f 1940 1945 1948
f 1946 1948 1945
f 1946 1947 1948
f 1947 1949 1948
f 1948 1949 1950
f 1950 1951 1948
f 1948 1957 1940
f 1973 1948 1951
f 1951 1952 1973
f 1953 1973 1952
f 1953 1954 1973
f 1954 1955 1973
f 1955 1956 1973
f 1957 1903 1958
f 1902 1903 1957
f 1957 1959 1902
f 1957 1960 1959
f 1957 1961 1960
f 1957 1962 1961
f 1962 1957 1963
f 1957 1981 1963
f 1981 1964 1963
f 1965 1964 1981
f 1957 1966 1981
f 1957 1967 1966
f 1957 1968 1967
f 1957 1948 1968
f 1981 1966 1973
f 1948 1973 1968
f 1956 1969 1973
f 1973 1969 1970
f 1973 1971 1968
f 1970 1972 1973
f 1973 1966 1971
f 1973 1972 1974
f 1974 1981 1973
f 1981 1974 1975
f 1981 1975 1976
f 1981 1976 1977
f 1981 1977 1978
f 1978 1979 1981
f 1981 1979 1980
f 1980 1982 1981
f 1981 1982 1965
f 1544 1683 1548
f 1984 1983 2027
f 1985 2027 1983
f 2027 1986 1984
f 2027 2034 1986
f 1987 1986 2034
f 1988 1987 2034
f 1985 1989 2027
f 1990 2027 1991
f 1992 2027 1990
f 2034 2027 1992
f 1992 1993 2034
f 1993 1994 2034
f 2027 1995 1991
f 2027 1996 1995
f 2027 1997 1996
f 1998 1997 2027
f 1998 2027 1999
f 2027 2000 1999
f 2027 2001 2000
f 2002 2001 2027
f 2003 2002 2027
f 2004 2003 2027
f 2005 2004 2027
f 2027 2006 2005
f 2027 2007 2006
f 2007 2027 2008
f 2009 2008 2027
f 2010 2009 2027
f 2027 2011 2010
f 2012 2011 2027
f 2013 2012 2027
f 2014 2013 2027
f 2015 2014 2027
f 1989 2016 2027
f 2027 2016 2017
f 2018 2027 2017
f 2019 2027 2018
f 2019 2020 2027
f 2027 2020 2021
f 2021 2022 2027
f 2022 2023 2027
f 2024 2027 2023
f 2025 2027 2024
f 2025 2026 2027
f 2027 2026 2015
f 2029 2028 2034
f 2034 2030 2029
f 2028 2031 2034
f 2034 2032 2030
f 2033 2032 2034
f 2031 1988 2034
f 1994 2035 2034
f 2033 2034 2036
f 2034 2035 2037
f 2036 2034 2037
f 2039 2059 2038
f 2040 2038 2059
f 2039 2041 2059
f 2059 2041 2089
f 2041 2042 2089
f 2089 2042 2043
f 2040 2059 2044
f 2059 2046 2045
f 2089 2046 2059
f 2047 2046 2089
f 2059 2045 2048
f 2049 2047 2089
f 2050 2059 2048
f 2050 2051 2059
f 2052 2059 2051
f 2059 2052 2053
f 2059 2053 2054
f 2054 2055 2059
f 2055 2056 2059
f 2059 2056 2057
f 2059 2057 2058
f 2058 2060 2059
f 2059 2060 2061
f 2062 2059 2061
f 2062 2063 2059
f 2059 2063 2064
f 2065 2059 2064
f 2066 2059 2065
f 2066 2067 2059
f 2059 2067 2068
f 2059 2068 2069
f 2070 2059 2069
f 2071 2059 2070
f 2059 2072 2044
f 2073 2072 2059
f 2074 2073 2059
f 2075 2074 2059
f 2076 2075 2059
f 2059 2077 2076
f 2059 2078 2077
f 2078 2059 2079
f 2080 2079 2059
f 2081 2080 2059
f 2081 2059 2082
f 2059 2071 2082
f 2089 2084 2083
f 2085 2084 2089
f 2083 2086 2089
f 2089 2086 2087
f 2088 2085 2089
f 2088 2089 2043
f 2049 2089 2090
f 2087 2091 2089
f 2089 2092 2090
f 2091 2092 2089
f 2098 2094 2093
f 2098 2095 2094
f 2093 2096 2098
f 2097 2098 2096
f 2098 2097 2099
f 2100 2095 2098
f 2098 2101 2100
f 2102 2101 2098
f 2103 2102 2098
f 2103 2098 2104
f 2098 2105 2104
f 2098 2106 2105
f 2106 2098 2107
f 2107 2098 2108
f 2109 2108 2098
f 2110 2109 2098
f 2111 2110 2098
f 2099 2112 2098
f 2098 2112 2113
f 2113 2114 2098
f 2098 2114 2115
f 2115 2116 2098
f 2116 2117 2098
f 2098 2117 2118
f 2118 2119 2098
f 2119 2120 2098
f 2098 2120 2121
f 2098 2121 2122
f 2098 2122 2111
f 2124 2123 2149
f 2149 2123 2125
f 2124 2149 2126
f 2149 2127 2126
f 2128 2127 2149
f 2129 2149 2125
f 2149 2129 2130
f 2131 2149 2130
f 2132 2149 2131
f 2149 2132 2133
f 2134 2149 2133
f 2134 2135 2149
f 2135 2136 2149
f 2149 2136 2137
f 2149 2137 2138
f 2149 2138 2139
f 2139 2140 2149
f 2141 2128 2149
f 2142 2141 2149
f 2149 2143 2142
f 2144 2143 2149
f 2144 2149 2145
f 2149 2146 2145
f 2147 2146 2149
f 2147 2149 2148
f 2148 2149 2150
f 2149 2151 2150
f 2152 2151 2149
f 2140 2152 2149
f 2155 2154 2153
f 2153 2159 2155
f 2153 2156 2159
f 2159 2156 2157
f 2158 2155 2159
f 2157 2160 2159
f 2159 2160 2161
f 2159 2162 2158
f 2163 2162 2159
f 2166 2159 2161
f 2159 2166 2163
f 2164 2166 2161
f 2163 2166 2165
f 2164 2167 2166
f 2166 2167 2168
f 2166 2169 2165
f 2166 2168 2170
f 2166 2171 2169
f 2172 2166 2170
f 2171 2166 2172
f 2172 2173 2171
f 2170 2174 2172
f 2172 2175 2173
f 2172 2176 2175
f 2174 2177 2172
f 2172 2177 2178
f 2178 2179 2172
f 2172 2180 2176
f 2179 2181 2172
f 2172 2182 2180
f 2172 2181 2183
f 2172 2183 2182
f 2181 2184 2183
f 2182 2183 2185
f 2188 2187 2186
f 2186 2194 2188
f 2189 2188 2194
f 2194 2186 2190
f 2191 2189 2194
f 2194 2197 2191
f 2192 2191 2197
f 2193 2194 2190
f 2193 2195 2194
f 2204 2194 2195
f 2196 2204 2195
f 2196 2198 2204
f 2198 2199 2204
f 2199 2200 2204
f 2204 2200 2201
f 2204 2201 2202
f 2204 2202 2203
f 2194 2204 2197
f 2204 2203 2197
f 2192 2197 2205
f 2206 2192 2205
f 2207 2206 2205
f 2208 2207 2205
f 2205 2209 2208
f 2210 2208 2209
f 2209 2211 2210
f 2209 2212 2211
f 2213 2212 2209
f 2215 2209 2205
f 2209 2215 2213
f 2214 2213 2215
f 2203 2205 2197
f 2216 2214 2215
f 2215 2205 2203
f 2203 2217 2215
f 2217 2218 2215
f 2218 2219 2215
f 2215 2219 2220
f 2215 2221 2216
f 2215 2220 2221
f 2224 2223 2222
f 2222 2225 2224
f 2222 2226 2225
f 2227 2224 2225
f 2226 2228 2225
f 2229 2227 2225
f 2229 2225 2230
f 2230 2231 2229
f 2230 2232 2231
f 2230 2233 2232
f 2234 2233 2230
f 2235 2234 2230
f 2236 2235 2230
f 2236 2230 2225
f 2225 2246 2236
f 2246 2225 2228
f 2228 2237 2246
f 2237 2238 2246
f 2246 2238 2239
f 2239 2240 2246
f 2246 2240 2251
f 2236 2246 2241
f 2251 2240 2242
f 2243 2242 2240
f 2251 2242 2244
f 2245 2251 2244
f 2251 2245 2247
f 2248 2251 2247
f 2248 2249 2251
f 2251 2249 2250
f 2251 2250 2241
f 2246 2251 2241
f 2254 2253 2252
f 2252 2255 2254
f 2267 2254 2255
f 2256 2254 2267
f 2267 2255 2257
f 2267 2258 2256
f 2267 2257 2259
f 2260 2258 2267
f 2258 2260 2261
f 2260 2262 2261
f 2267 2282 2260
f 2263 2260 2282
f 2282 2264 2263
f 2282 2265 2264
f 2265 2282 2266
f 2268 2282 2267
f 2267 2269 2268
f 2270 2269 2267
f 2268 2271 2282
f 2272 2270 2267
f 2267 2273 2272
f 2274 2273 2267
f 2274 2275 2273
f 2274 2267 2276
f 2267 2259 2276
f 2277 2276 2259
f 2259 2278 2277
f 2282 2271 2279
f 2282 2279 2280
f 2280 2281 2282
f 2281 2283 2282
f 2282 2283 2284
f 2284 2285 2282
f 2282 2285 2286
f 2286 2287 2282
f 2282 2287 2288
f 2282 2288 2289
f 2289 2307 2282
f 2290 2307 2289
f 2290 2291 2307
f 2292 2307 2291
f 2293 2307 2292
f 2294 2307 2293
f 2293 2295 2294
f 2307 2294 2296
f 2299 2307 2296
f 2299 2296 2297
f 2299 2297 2298
f 2298 2300 2299
f 2301 2299 2300
f 2302 2299 2301
f 2303 2299 2302
f 2302 2304 2303
f 2305 2299 2303
f 2305 2307 2299
f 2306 2307 2305
f 2308 2307 2306
f 2309 2307 2308
f 2310 2307 2309
f 2310 2311 2307
f 2307 2311 2312
f 2313 2312 2311
f 2312 2314 2307
f 2314 2315 2307
f 2316 2307 2315
f 2315 2317 2316
f 2307 2316 2318
f 2318 2319 2307
f 2307 2319 2320
f 2321 2307 2320
f 2322 2321 2320
f 2322 2323 2321
f 2321 2324 2307
f 2324 2282 2307
f 2324 2325 2282
f 2325 2326 2282
f 2327 2326 2325
f 2325 2328 2327
f 2326 2329 2282
f 2329 2330 2282
f 2330 2331 2282
f 2331 2330 2332
f 2332 2333 2331
f 2331 2334 2282
f 2282 2334 2266
f 2337 2336 2335
f 2343 2336 2337
f 2338 2336 2343
f 2343 2339 2338
f 2340 2343 2337
f 2343 2341 2339
f 2342 2341 2343
f 2340 2344 2343
f 2344 2345 2343
f 2342 2343 2352
f 2345 2352 2343
f 2352 2346 2342
f 2352 2345 2347
f 2352 2348 2346
f 2349 2348 2352
f 2347 2350 2352
f 2351 2349 2352
f 2353 2352 2350
f 2351 2352 2363
f 2363 2352 2353
f 2353 2354 2363
f 2363 2355 2351
f 2363 2354 2356
f 2363 2356 2357
f 2358 2355 2363
f 2359 2358 2363
f 2360 2359 2363
f 2357 2361 2363
f 2362 2360 2363
f 2363 2361 2364
f 2362 2363 2365
f 2365 2363 2364
f 2365 2366 2362
f 2364 2367 2365
f 2370 2369 2368
f 2368 2371 2370
f 2371 2368 2372
f 2373 2370 2371
f 2371 2372 2375
f 2375 2372 2374
f 2376 2375 2374
f 2371 2377 2373
f 2377 2371 2378
f 2371 2379 2378
f 2376 2380 2375
f 2381 2379 2371
f 2379 2381 2382
f 2382 2381 2383
f 2383 2381 2384
f 2384 2381 2385
f 2386 2385 2381
f 2387 2386 2381
f 2371 2387 2381
f 2394 2387 2371
f 2375 2394 2371
f 2380 2394 2375
f 2394 2380 2376
f 2376 2388 2394
f 2389 2394 2388
f 2394 2389 2390
f 2394 2390 2391
f 2391 2392 2394
f 2392 2393 2394
f 2395 2394 2393
f 2394 2395 2402
f 2402 2395 2396
f 2387 2394 2402
f 2397 2402 2396
f 2402 2398 2387
f 2398 2402 2399
f 2400 2399 2402
f 2401 2400 2402
f 2397 2403 2402
f 2402 2403 2401
f 2406 2405 2404
f 2404 2411 2406
f 2411 2407 2406
f 2408 2411 2404
f 2409 2407 2411
f 2411 2408 2410
f 2411 2410 2417
f 2410 2412 2417
f 2412 2413 2417
f 2413 2414 2417
f 2414 2415 2417
f 2417 2415 2416
f 2417 2416 2418
f 2418 2411 2417
f 2411 2419 2409
f 2418 2419 2411
f 2419 2420 2409
f 2420 2419 2421
f 2422 2421 2419
f 2423 2422 2419
f 2419 2424 2423
f 2419 2418 2425
f 2424 2426 2423
f 2427 2423 2426
f 2428 2426 2424
f 2429 2428 2424
f 2430 2429 2424
f 2431 2430 2424
f 2424 2432 2431
f 2433 2432 2424
f 2433 2424 2425
f 2425 2424 2419
f 2436 2435 2434
f 2434 2435 2437
f 2437 2435 2449
f 2438 2449 2435
f 2449 2439 2437
f 2449 2438 2440
f 2449 2441 2439
f 2449 2440 2442
f 2442 2440 2443
f 2443 2444 2442
f 2445 2449 2442
f 2445 2446 2449
f 2447 2449 2446
f 2449 2447 2448
f 2449 2450 2451
f 2452 2449 2451
f 2453 2450 2449
f 2449 2452 2454
f 2455 2449 2454
f 2456 2449 2455
f 2455 2457 2456
f 2456 2458 2449
f 2458 2441 2449
f 2458 2459 2441
f 2459 2460 2441
f 2453 2449 2461
f 2449 2462 2461
f 2449 2463 2462
f 2449 2464 2463
f 2465 2464 2449
f 2449 2470 2465
f 2466 2465 2470
f 2470 2467 2466
f 2470 2468 2467
f 2469 2468 2470
f 2469 2470 2471
f 2470 2472 2471
f 2471 2472 2473
f 2472 2474 2473
f 2472 2475 2474
f 2475 2472 2476
f 2472 2477 2476
f 2477 2478 2476
f 2479 2477 2472
f 2480 2479 2472
f 2480 2481 2479
f 2482 2481 2480
f 2480 2483 2482
f 2484 2483 2480
f 2480 2485 2484
f 2480 2486 2485
f 2487 2485 2486
f 2480 2488 2486
f 2488 2480 2472
f 2472 2489 2488
f 2490 2489 2472
f 2491 2490 2472
f 2472 2492 2491
f 2492 2472 2493
f 2493 2472 2494
f 2494 2495 2493
f 2472 2496 2494
f 2497 2496 2472
f 2497 2472 2498
f 2497 2498 2499
f 2472 2500 2498
f 2501 2500 2472
f 2502 2501 2472
f 2503 2502 2472
f 2504 2502 2503
f 2503 2505 2504
f 2506 2503 2472
f 2472 2470 2506
f 2470 2507 2506
f 2507 2470 2508
f 2509 2507 2508
f 2507 2509 2510
f 2511 2508 2470
f 2470 2512 2511
f 2512 2470 2513
f 2512 2513 2514
f 2515 2514 2513
f 2516 2513 2470
f 2448 2516 2470
f 2448 2470 2449
f 2518 2517 2530
f 2530 2517 2519
f 2525 2518 2530
f 2518 2525 2520
f 2525 2521 2520
f 2522 2521 2525
f 2525 2523 2522
f 2525 2524 2523
f 2526 2524 2525
f 2519 2544 2530
f 2526 2525 2527
f 2527 2528 2526
f 2529 2528 2527
f 2527 2531 2529
f 2527 2532 2531
f 2527 2533 2532
f 2534 2533 2527
f 2535 2534 2527
f 2525 2530 2527
f 2527 2536 2535
f 2527 2530 2536
f 2536 2530 2544
f 2536 2544 2537
f 2544 2538 2537
f 2544 2539 2538
f 2540 2539 2544
f 2541 2540 2544
f 2542 2541 2544
f 2542 2544 2543
f 2543 2544 2545
f 2544 2546 2545
f 2545 2546 2547
f 2547 2546 2548
f 2546 2544 2519
f 2519 2549 2546
f 2546 2550 2548
f 2549 2551 2546
f 2546 2551 2550
f 2553 2552 2566
f 2566 2554 2553
f 2566 2552 2555
f 2566 2556 2554
f 2557 2556 2566
f 2561 2566 2555
f 2555 2558 2561
f 2561 2558 2559
f 2561 2559 2560
f 2562 2561 2560
f 2561 2562 2568
f 2568 2562 2563
f 2568 2563 2564
f 2568 2564 2565
f 2557 2566 2587
f 2587 2567 2557
f 2569 2568 2565
f 2570 2567 2587
f 2587 2566 2561
f 2568 2577 2561
f 2574 2568 2569
f 2571 2574 2569
f 2572 2561 2577
f 2571 2573 2574
f 2577 2568 2574
f 2575 2574 2573
f 2577 2574 2575
f 2575 2576 2577
f 2576 2578 2577
f 2578 2579 2577
f 2577 2579 2580
f 2577 2580 2581
f 2577 2581 2572
f 2587 2561 2572
f 2572 2582 2587
f 2582 2583 2587
f 2583 2584 2587
f 2587 2584 2585
f 2587 2585 2586
f 2587 2586 2570
f 2589 2588 2604
f 2604 2588 2590
f 2589 2604 2600
f 2600 2591 2589
f 2600 2592 2591
f 2593 2592 2600
f 2594 2593 2600
f 2600 2595 2594
f 2600 2596 2595
f 2597 2596 2600
f 2600 2599 2597
f 2598 2597 2599
f 2590 2601 2604
f 2604 2601 2602
f 2604 2602 2603
f 2605 2604 2603
f 2608 2604 2605
f 2606 2608 2605
f 2606 2607 2608
f 2609 2608 2607
f 2608 2610 2604
f 2604 2610 2611
f 2611 2600 2604
f 2612 2598 2599
f 2599 2600 2611
f 2599 2613 2612
f 2599 2614 2613
f 2599 2615 2614
f 2616 2615 2599
f 2617 2616 2599
f 2611 2617 2599
f 2610 2618 2611
f 2610 2619 2618
f 2610 2620 2619
f 2621 2620 2610
f 2622 2621 2610
f 2609 2622 2610
f 2610 2608 2609
f 2625 2624 2623
f 2626 2623 2624
f 2627 2624 2625
f 2627 2628 2624
f 2628 2629 2624
f 2630 2626 2624
f 2624 2631 2630
f 2629 2632 2624
f 2633 2631 2624
f 2632 2634 2624
f 2635 2633 2624
f 2634 2636 2624
f 2637 2635 2624
f 2636 2637 2624
f 2640 2639 2638
f 2638 2639 2641
f 2642 2639 2640
f 2643 2639 2642
f 2643 2644 2639
f 2645 2641 2639
f 2639 2646 2645
f 2639 2644 2647
f 2648 2646 2639
f 2647 2649 2639
f 2650 2648 2639
f 2649 2651 2639
f 2652 2650 2639
f 2651 2652 2639
f 2655 2654 2653
f 2653 2654 2656
f 2657 2654 2655
f 2658 2654 2657
f 2658 2659 2654
f 2660 2656 2654
f 2654 2661 2660
f 2654 2659 2662
f 2663 2661 2654
f 2662 2664 2654
f 2665 2663 2654
f 2664 2666 2654
f 2667 2665 2654
f 2666 2667 2654
f 2670 2669 2668
f 2671 2668 2669
f 2672 2668 2671
f 2673 2668 2672
f 2674 2668 2673
f 2675 2670 2668
f 2676 2675 2668
f 2674 2677 2668
f 2678 2676 2668
f 2677 2679 2668
f 2680 2678 2668
f 2679 2681 2668
f 2682 2680 2668
f 2681 2682 2668
f 2685 2684 2683
f 2686 2683 2684
f 2687 2683 2686
f 2688 2683 2687
f 2689 2683 2688
f 2690 2685 2683
f 2691 2690 2683
f 2689 2692 2683
f 2693 2691 2683
f 2692 2694 2683
f 2695 2693 2683
f 2694 2696 2683
f 2697 2695 2683
f 2696 2697 2683
f 2707 2699 2698
f 2700 2699 2707
f 2698 2701 2707
f 2701 2702 2707
f 2703 2707 2702
f 2703 2704 2707
f 2704 2705 2707
f 2706 2707 2705
f 2707 2722 2700
f 2711 2707 2706
f 2706 2708 2711
f 2709 2711 2708
f 2710 2711 2709
f 2710 2712 2711
f 2712 2713 2711
f 2714 2711 2713
f 2715 2711 2714
f 2715 2716 2711
f 2716 2707 2711
f 2722 2707 2716
f 2722 2716 2717
f 2718 2722 2717
f 2718 2719 2722
f 2719 2720 2722
f 2721 2722 2720
f 2723 2722 2721
f 2722 2723 2727
f 2727 2723 2724
f 2727 2724 2725
f 2727 2725 2726
f 2727 2726 2728
f 2729 2722 2727
f 2729 2700 2722
f 2700 2729 2730
f 2728 2729 2727
f 2729 2728 2731
f 2729 2732 2730
f 2731 2732 2729
f 2738 2734 2733
f 2733 2735 2738
f 2736 2734 2738
f 2735 2737 2738
f 2739 2738 2737
f 2740 2736 2738
f 2736 2740 2741
f 2742 2741 2740
f 2743 2742 2740
f 2744 2743 2740
f 2745 2744 2740
f 2746 2745 2740
f 2740 2747 2746
f 2753 2738 2739
f 2739 2748 2753
f 2740 2749 2747
f 2738 2753 2740
f 2750 2753 2748
f 2749 2740 2751
f 2751 2752 2749
f 2752 2751 2754
f 2755 2740 2753
f 2751 2756 2754
f 2757 2756 2751
f 2756 2757 2758
f 2757 2751 2740
f 2758 2757 2759
f 2760 2759 2757
f 2761 2760 2757
f 2761 2757 2762
f 2757 2740 2755
f 2755 2762 2757
f 2755 2753 2763
f 2753 2764 2763
f 2765 2764 2753
f 2766 2765 2753
f 2753 2767 2766
f 2767 2753 2750
f 2771 2769 2768
f 2770 2769 2771
f 2778 2771 2768
f 2768 2772 2778
f 2772 2773 2778
f 2778 2773 2774
f 2778 2774 2775
f 2775 2776 2778
f 2776 2777 2778
f 2779 2778 2777
f 2778 2779 2791
f 2791 2779 2780
f 2771 2787 2770
f 2787 2781 2770
f 2782 2781 2787
f 2787 2783 2782
f 2787 2784 2783
f 2784 2787 2771
f 2771 2785 2784
f 2785 2771 2786
f 2771 2788 2786
f 2789 2802 2771
f 2789 2771 2778
f 2790 2791 2780
f 2791 2789 2778
f 2790 2792 2791
f 2793 2791 2792
f 2793 2794 2791
f 2794 2795 2791
f 2791 2795 2796
f 2789 2791 2796
f 2789 2797 2802
f 2797 2798 2802
f 2798 2799 2802
f 2799 2800 2802
f 2801 2802 2800
f 2802 2801 2788
f 2802 2788 2771
f 2804 2803 2810
f 2805 2804 2810
f 2806 2810 2803
f 2805 2810 2807
f 2807 2810 2808
f 2809 2810 2806
f 2809 2811 2810
f 2812 2808 2810
f 2813 2810 2811
f 2812 2810 2814
f 2815 2810 2813
f 2814 2810 2816
f 2817 2810 2815
f 2816 2810 2817
f 2819 2818 2825
f 2820 2819 2825
f 2818 2821 2825
f 2822 2820 2825
f 2822 2825 2823
f 2824 2825 2821
f 2824 2826 2825
f 2827 2823 2825
f 2828 2825 2826
f 2827 2825 2829
f 2830 2825 2828
f 2829 2825 2831
f 2832 2825 2830
f 2831 2825 2832
f 2834 2833 2840
f 2835 2834 2840
f 2833 2836 2840
f 2837 2835 2840
f 2837 2840 2838
f 2839 2840 2836
f 2839 2841 2840
f 2842 2838 2840
f 2843 2840 2841
f 2842 2840 2844
f 2845 2840 2843
f 2844 2840 2846
f 2847 2840 2845
f 2846 2840 2847
f 2849 2855 2848
f 2850 2848 2855
f 2851 2850 2855
f 2852 2851 2855
f 2853 2852 2855
f 2849 2854 2855
f 2856 2855 2854
f 2853 2855 2857
f 2858 2855 2856
f 2855 2859 2857
f 2860 2855 2858
f 2859 2855 2861
f 2862 2855 2860
f 2861 2855 2862
f 2864 2870 2863
f 2865 2863 2870
f 2866 2865 2870
f 2867 2866 2870
f 2868 2867 2870
f 2864 2869 2870
f 2871 2870 2869
f 2868 2870 2872
f 2873 2870 2871
f 2870 2874 2872
f 2875 2870 2873
f 2874 2870 2876
f 2877 2870 2875
f 2876 2870 2877
f 2880 2879 2878
f 2878 2879 2881
f 2882 2879 2880
f 2881 2879 2883
f 2884 2879 2882
f 2883 2879 2885
f 2879 2886 2885
f 2879 2884 2887
f 2886 2879 2888
f 2889 2879 2887
f 2888 2879 2890
f 2891 2879 2889
f 2890 2879 2892
f 2892 2879 2891
f 2894 2901 2893
f 2893 2901 2895
f 2896 2901 2894
f 2895 2901 2897
f 2898 2901 2896
f 2897 2901 2899
f 2901 2898 2900
f 2902 2899 2901
f 2903 2901 2900
f 2902 2901 2904
f 2905 2901 2903
f 2904 2901 2906
f 2907 2901 2905
f 2906 2901 2907
f 2910 2909 2908
f 2908 2909 2911
f 2912 2909 2910
f 2911 2909 2913
f 2914 2909 2912
f 2915 2913 2909
f 2915 2909 2916
f 2917 2909 2914
f 2916 2909 2918
f 2917 2919 2909
f 2918 2909 2920
f 2921 2909 2919
f 2920 2909 2922
f 2922 2909 2921
f 2924 2930 2923
f 2923 2930 2925
f 2926 2930 2924
f 2925 2930 2927
f 2927 2930 2928
f 2929 2930 2926
f 2929 2931 2930
f 2932 2928 2930
f 2933 2930 2931
f 2932 2930 2934
f 2935 2930 2933
f 2934 2930 2936
f 2937 2930 2935
f 2936 2930 2937
f 2939 2945 2938
f 2938 2945 2940
f 2941 2945 2939
f 2940 2945 2942
f 2943 2945 2941
f 2942 2945 2944
f 2943 2946 2945
f 2945 2947 2944
f 2948 2945 2946
f 2947 2945 2949
f 2950 2945 2948
f 2949 2945 2951
f 2952 2945 2950
f 2951 2945 2952
f 2955 2954 2953
f 2956 2955 2953
f 2954 2957 2953
f 2958 2956 2953
f 2957 2959 2953
f 2960 2958 2953
f 2961 2960 2953
f 2959 2962 2953
f 2963 2961 2953
f 2962 2964 2953
f 2965 2963 2953
f 2964 2966 2953
f 2967 2965 2953
f 2966 2967 2953
f 2970 2969 2968
f 2971 2970 2968
f 2969 2972 2968
f 2973 2971 2968
f 2972 2974 2968
f 2974 2975 2968
f 2976 2973 2968
f 2968 2975 2977
f 2978 2976 2968
f 2977 2979 2968
f 2980 2978 2968
f 2979 2981 2968
f 2982 2980 2968
f 2981 2982 2968
f 2984 2983 2990
f 2983 2985 2990
f 2986 2984 2990
f 2985 2987 2990
f 2988 2986 2990
f 2987 2989 2990
f 2989 2991 2990
f 2992 2988 2990
f 2991 2993 2990
f 2990 2994 2992
f 2993 2995 2990
f 2996 2994 2990
f 2995 2997 2990
f 2997 2996 2990
f 3000 2999 2998
f 3001 3000 2998
f 2999 3002 2998
f 3002 3003 2998
f 3003 3004 2998
f 3005 3001 2998
f 2998 3006 3005
f 3007 2998 3004
f 3008 3006 2998
f 3007 3009 2998
f 3010 3008 2998
f 3009 3011 2998
f 3012 3010 2998
f 3011 3012 2998
f 3015 3014 3013
f 3016 3015 3013
f 3014 3017 3013
f 3017 3018 3013
f 3019 3016 3013
f 3018 3020 3013
f 3013 3021 3019
f 3013 3020 3022
f 3023 3021 3013
f 3022 3024 3013
f 3025 3023 3013
f 3024 3026 3013
f 3027 3025 3013
f 3026 3027 3013
f 3030 3029 3028
f 3029 3030 3046
f 3031 3046 3030
f 3046 3032 3029
f 3033 3046 3031
f 3034 3046 3033
f 3046 3035 3032
f 3046 3036 3035
f 3046 3037 3036
f 3046 3038 3037
f 3046 3039 3038
f 3039 3046 3040
f 3040 3041 3039
f 3042 3040 3046
f 3046 3043 3042
f 3046 3044 3043
f 3044 3046 3045
f 3046 3034 3055
f 3034 3047 3055
f 3047 3048 3055
f 3055 3048 3049
f 3055 3049 3050
f 3055 3050 3051
f 3055 3051 3052
f 3052 3053 3055
f 3055 3053 3054
f 3054 3056 3055
f 3056 3046 3055
f 3056 3057 3046
f 3057 3058 3046
f 3045 3046 3058
f 3078 3045 3058
f 3078 3058 3059
f 3078 3060 3045
f 3061 3060 3078
f 3061 3078 3062
f 3078 3059 3063
f 3062 3078 3064
f 3064 3078 3065
f 3065 3066 3064
f 3067 3065 3078
f 3068 3067 3078
f 3069 3068 3078
f 3070 3069 3078
f 3071 3070 3078
f 3072 3071 3078
f 3078 3073 3072
f 3073 3074 3072
f 3075 3073 3078
f 3076 3075 3078
f 3077 3076 3078
f 3079 3077 3078
f 3078 3063 3079
f 3079 3080 3077
f 3080 3079 3081
f 3081 3079 3082
f 3083 3082 3079
f 3083 3079 3084
f 3063 3085 3079
f 3086 3084 3079
f 3079 3085 3087
f 3079 3087 3086
f 3090 3089 3088
f 3088 3095 3090
f 3091 3090 3095
f 3092 3095 3088
f 3088 3093 3092
f 3094 3095 3092
f 3095 3094 3096
f 3091 3095 3097
f 3095 3096 3097
f 3091 3097 3098
f 3099 3098 3097
f 3100 3097 3096
f 3101 3099 3097
f 3104 3097 3100
f 3097 3104 3101
f 3100 3102 3104
f 3103 3101 3104
f 3102 3105 3104
f 3106 3103 3104
f 3107 3104 3105
f 3104 3107 3106
f 3105 3108 3107
f 3109 3106 3107
f 3107 3108 3110
f 3111 3109 3107
f 3107 3110 3112
f 3107 3112 3111
f 3113 3112 3110
f 3112 3114 3111
f 3115 3112 3113
f 3116 3114 3112
f 3112 3115 3116
f 3117 3116 3115
f 3114 3116 3118
f 3119 3116 3117
f 3118 3116 3120
f 3121 3116 3119
f 3122 3120 3116
f 3121 3122 3116
f 3122 3123 3120
f 3124 3122 3121
f 3123 3122 3125
f 3126 3125 3122
f 3127 3122 3124
f 3122 3127 3126
f 3124 3128 3127
f 3129 3126 3127
f 3132 3127 3128
f 3127 3132 3129
f 3128 3130 3132
f 3131 3129 3132
f 3130 3133 3132
f 3134 3131 3132
f 3134 3132 3133
f 3134 3135 3131
f 3133 3136 3134
f 3139 3138 3137
f 3139 3137 3144
f 3140 3144 3137
f 3144 3140 3141
f 3141 3142 3144
f 3144 3142 3143
f 3153 3144 3143
f 3144 3153 3139
f 3143 3145 3153
f 3139 3153 3146
f 3139 3146 3147
f 3145 3148 3153
f 3148 3149 3153
f 3150 3146 3153
f 3146 3150 3151
f 3149 3152 3153
f 3153 3152 3154
f 3155 3150 3153
f 3150 3155 3156
f 3153 3154 3162
f 3153 3162 3155
f 3162 3154 3157
f 3162 3157 3158
f 3155 3162 3159
f 3159 3160 3155
f 3162 3158 3161
f 3162 3161 3163
f 3159 3162 3164
f 3159 3164 3165
f 3163 3170 3162
f 3170 3164 3162
f 3163 3166 3170
f 3166 3167 3170
f 3170 3168 3164
f 3164 3168 3169
f 3167 3171 3170
f 3168 3170 3172
f 3173 3168 3172
f 3174 3172 3170
f 3171 3174 3170
f 3171 3175 3174
f 3178 3177 3176
f 3178 3179 3177
f 3179 3178 3180
f 3180 3181 3179
f 3182 3181 3180
f 3183 3182 3180
f 3182 3183 3184
f 3185 3184 3183
f 3184 3185 3186
f 3187 3186 3185
f 3186 3187 3188
f 3188 3189 3186
f 3189 3188 3190
f 3190 3191 3189
f 3191 3190 3192
f 3192 3193 3191
f 3194 3193 3192
f 3192 3195 3194
f 3196 3194 3195
f 3196 3197 3194
f 3198 3197 3196
f 3196 3199 3198
f 3200 3198 3199
f 3199 3201 3200
f 3200 3201 3202
f 3200 3202 3203
f 3204 3203 3202
f 3203 3204 3205
f 3205 3204 3206
f 3206 3207 3205
f 3210 3209 3208
f 3210 3208 3219
f 3219 3211 3210
f 3212 3219 3208
f 3213 3211 3219
f 3219 3214 3213
f 3215 3214 3219
f 3212 3216 3219
f 3216 3217 3219
f 3222 3219 3217
f 3217 3218 3222
f 3218 3220 3222
f 3222 3220 3221
f 3223 3215 3219
f 3219 3224 3223
f 3225 3224 3219
f 3226 3225 3219
f 3219 3222 3226
f 3227 3226 3222
f 3227 3222 3238
f 3238 3228 3227
f 3238 3229 3228
f 3229 3238 3235
f 3235 3230 3229
f 3235 3231 3230
f 3232 3231 3235
f 3235 3243 3232
f 3232 3243 3233
f 3234 3233 3243
f 3236 3234 3243
f 3237 3236 3243
f 3221 3238 3222
f 3221 3239 3238
f 3235 3238 3239
f 3239 3240 3235
f 3240 3241 3235
f 3235 3241 3242
f 3235 3242 3243
f 3243 3242 3244
f 3245 3243 3244
f 3243 3245 3246
f 3243 3246 3247
f 3247 3255 3243
f 3248 3255 3247
f 3255 3248 3249
f 3243 3255 3237
f 3255 3250 3237
f 3250 3255 3251
f 3251 3252 3250
f 3253 3251 3255
f 3255 3254 3253
f 3256 3254 3255
f 3255 3257 3256
f 3258 3255 3249
f 3258 3257 3255
f 3261 3260 3259
f 3261 3262 3260
f 3262 3261 3263
f 3260 3262 3264
f 3264 3265 3260
f 3266 3264 3262
f 3266 3262 3267
f 3271 3262 3263
f 3271 3267 3262
f 3263 3268 3271
f 3271 3268 3269
f 3270 3267 3271
f 3272 3271 3269
f 3273 3270 3271
f 3272 3273 3271
f 3273 3274 3270
f 3275 3273 3272
f 3273 3276 3274
f 3277 3273 3275
f 3281 3276 3273
f 3273 3277 3281
f 3281 3278 3276
f 3279 3281 3277
f 3280 3278 3281
f 3282 3281 3279
f 3280 3281 3284
f 3281 3282 3284
f 3284 3283 3280
f 3282 3285 3284
f 3284 3286 3283
f 3290 3284 3285
f 3286 3284 3290
f 3290 3287 3286
f 3285 3288 3290
f 3289 3287 3290
f 3288 3291 3290
f 3292 3289 3290
f 3295 3290 3291
f 3290 3295 3292
f 3291 3293 3295
f 3294 3292 3295
f 3293 3296 3295
f 3297 3295 3296
f 3298 3294 3295
f 3295 3297 3298
f 3299 3294 3298
f 3298 3297 3300
f 3299 3298 3301
f 3300 3301 3298
f 3301 3302 3299
f 3303 3301 3300
f 3301 3304 3302
f 3305 3301 3303
f 3305 3304 3301
f 3303 3306 3305
f 3305 3307 3304
f 3310 3309 3308
f 3310 3311 3309
f 3312 3309 3311
f 3313 3312 3311
f 3311 3314 3313
f 3315 3314 3311
f 3315 3311 3316
f 3311 3310 3316
f 3316 3317 3315
f 3310 3318 3316
f 3310 3319 3318
f 3316 3320 3317
f 3316 3321 3320
f 3322 3316 3318
f 3318 3323 3322
f 3316 3324 3321
f 3316 3325 3324
f 3326 3316 3322
f 3322 3327 3326
f 3325 3316 3328
f 3316 3326 3328
f 3328 3329 3325
f 3329 3328 3330
f 3326 3331 3328
f 3331 3326 3332
f 3333 3330 3328
f 3334 3333 3328
f 3331 3335 3328
f 3331 3336 3335
f 3337 3334 3328
f 3337 3328 3335
f 3338 3334 3337
f 3339 3338 3337
f 3335 3340 3337
f 3335 3341 3340
f 3337 3342 3339
f 3340 3343 3337
f 3344 3343 3340
f 3345 3337 3343
f 3342 3337 3345
f 3345 3346 3342
f 3349 3348 3347
f 3347 3350 3349
f 3351 3349 3350
f 3350 3352 3351
f 3351 3352 3353
f 3353 3354 3351
f 3354 3353 3355
f 3355 3356 3354
f 3356 3355 3357
f 3357 3358 3356
f 3359 3358 3357
f 3357 3360 3359
f 3359 3360 3361
f 3362 3361 3360
f 3361 3362 3363
f 3364 3363 3362
f 3363 3364 3365
f 3363 3365 3366
f 3367 3366 3365
f 3365 3368 3367
f 3367 3368 3369
f 3369 3370 3367
f 3371 3370 3369
f 3370 3371 3372
f 3373 3372 3371
f 3371 3374 3373
f 3375 3373 3374
f 3374 3376 3375
f 3377 3375 3376
f 3376 3378 3377
f 3381 3380 3379
f 3379 3418 3381
f 3418 3379 3382
f 3383 3381 3418
f 3382 3384 3418
f 3418 3384 3385
f 3418 3385 3386
f 3418 3387 3383
f 3418 3388 3387
f 3392 3388 3418
f 3392 3389 3388
f 3392 3390 3389
f 3391 3390 3392
f 3392 3404 3391
f 3391 3404 3393
f 3393 3404 3405
f 3393 3405 3394
f 3405 3395 3394
f 3396 3395 3405
f 3405 3401 3396
f 3397 3396 3401
f 3398 3397 3401
f 3401 3427 3398
f 3399 3398 3427
f 3399 3427 3400
f 3402 3400 3427
f 3402 3427 3403
f 3401 3407 3406
f 3407 3401 3405
f 3401 3406 3408
f 3408 3427 3401
f 3405 3409 3407
f 3427 3408 3410
f 3411 3409 3405
f 3412 3411 3405
f 3405 3404 3412
f 3413 3412 3404
f 3427 3410 3414
f 3415 3413 3404
f 3415 3404 3392
f 3392 3416 3415
f 3416 3392 3418
f 3418 3417 3416
f 3419 3417 3418
f 3419 3418 3420
f 3420 3418 3386
f 3423 3422 3421
f 3421 3422 3427
f 3414 3421 3427
f 3427 3422 3424
f 3424 3425 3427
f 3425 3426 3427
f 3427 3426 3428
f 3427 3428 3429
f 3429 3403 3427
f 3432 3431 3430
f 3461 3431 3432
f 3461 3433 3431
f 3434 3431 3433
f 3433 3461 3435
f 3433 3435 3436
f 3437 3435 3461
f 3437 3438 3435
f 3432 3439 3461
f 3460 3461 3439
f 3439 3432 3440
f 3439 3441 3460
f 3441 3439 3442
f 3460 3441 3443
f 3441 3444 3443
f 3445 3437 3461
f 3446 3437 3445
f 3462 3445 3461
f 3445 3462 3447
f 3447 3448 3445
f 3449 3460 3443
f 3443 3450 3449
f 3462 3451 3447
f 3451 3452 3447
f 3462 3453 3451
f 3453 3454 3451
f 3453 3462 3455
f 3453 3455 3456
f 3457 3455 3462
f 3458 3455 3457
f 3455 3458 3459
f 3461 3464 3463
f 3465 3464 3461
f 3466 3465 3461
f 3467 3466 3461
f 3469 3461 3468
f 3461 3470 3468
f 3461 3471 3470
f 3469 3472 3461
f 3471 3461 3460
f 3460 3473 3471
f 3472 3474 3461
f 3460 3475 3473
f 3461 3474 3476
f 3475 3460 3477
f 3476 3478 3461
f 3467 3461 3479
f 3479 3480 3467
f 3461 3481 3479
f 3481 3461 3478
f 3478 3482 3481
f 3483 3477 3460
f 3483 3484 3477
f 3485 3484 3483
f 3483 3486 3485
f 3487 3486 3483
f 3483 3488 3487
f 3489 3483 3460
f 3489 3490 3483
f 3460 3491 3489
f 3492 3483 3490
f 3493 3491 3460
f 3493 3460 3494
f 3495 3494 3460
f 3492 3496 3483
f 3497 3495 3460
f 3498 3483 3496
f 3499 3497 3460
f 3483 3500 3488
f 3501 3500 3483
f 3483 3502 3501
f 3502 3483 3503
f 3483 3498 3504
f 3505 3504 3498
f 3504 3506 3483
f 3483 3506 3507
f 3483 3507 3503
f 3508 3503 3507
f 3449 3510 3509
f 3449 3509 3460
f 3509 3511 3460
f 3509 3512 3511
f 3460 3514 3513
f 3513 3515 3460
f 3514 3460 3511
f 3511 3516 3514
f 3511 3517 3516
f 3460 3515 3518
f 3460 3518 3499
f 3458 3520 3519
f 3458 3457 3520
f 3457 3521 3520
f 3520 3521 3522
f 3457 3523 3524
f 3524 3521 3457
f 3521 3524 3525
f 3521 3525 3526
f 3457 3527 3523
f 3528 3527 3457
f 3529 3528 3457
f 3530 3529 3457
f 3457 3531 3530
f 3457 3532 3531
f 3457 3533 3532
f 3534 3533 3457
f 3457 3536 3534
f 3536 3535 3534
f 3536 3537 3535
f 3536 3538 3537
f 3536 3539 3538
f 3536 3540 3539
f 3536 3541 3540
f 3542 3540 3541
f 3541 3536 3543
f 3536 3544 3543
f 3536 3545 3544
f 3546 3544 3545
f 3547 3545 3536
f 3548 3547 3536
f 3536 3549 3548
f 3536 3550 3549
f 3536 3551 3550
f 3536 3552 3551
f 3553 3552 3536
f 3554 3553 3536
f 3536 3457 3554
f 3554 3457 3555
f 3556 3555 3457
f 3557 3556 3457
f 3457 3462 3557
f 3557 3462 3558
f 3559 3558 3462
f 3560 3559 3462
f 3462 3461 3463
f 3561 3462 3463
f 3561 3562 3462
f 3563 3560 3462
f 3563 3462 3564
f 3564 3462 3565
f 3566 3565 3462
f 3562 3567 3462
f 3567 3568 3462
f 3462 3569 3566
f 3462 3570 3569
f 3570 3571 3569
f 3572 3570 3462
f 3572 3462 3568
f 3568 3573 3572
f 3568 3574 3573
f 3574 3568 3575
f 3576 3575 3568
f 3568 3577 3576
f 3578 3576 3577
f 3578 3579 3576
f 3579 3578 3580
f 3580 3581 3579
f 3580 3582 3581
f 3583 3582 3580
f 3584 3582 3583
f 3583 3585 3584
f 3586 3585 3583
f 3587 3585 3586
f 3587 3586 3588
f 3586 3589 3588
f 3590 3588 3589
f 3589 3591 3590
f 3592 3590 3591
f 3590 3592 3593
f 3594 3593 3592
f 3592 3595 3594
f 3598 3597 3596
f 3596 3599 3598
f 3598 3599 3600
f 3599 3601 3600
f 3600 3601 3602
f 3603 3602 3601
f 3604 3602 3603
f 3602 3604 3605
f 3605 3604 3606
f 3606 3607 3605
f 3608 3607 3606
f 3606 3609 3608
f 3610 3608 3609
f 3609 3611 3610
f 3610 3611 3612
f 3611 3613 3612
f 3614 3612 3613
f 3613 3615 3614
f 3614 3615 3616
f 3614 3616 3617
f 3618 3617 3616
f 3618 3619 3617
f 3619 3618 3620
f 3621 3620 3618
f 3622 3620 3621
f 3622 3623 3620
f 3623 3622 3624
f 3623 3624 3625
f 3626 3625 3624
f 3624 3627 3626
f 3626 3627 3628
f 3628 3629 3626
f 3629 3628 3630
f 3630 3631 3629
f 3632 3631 3630
f 3630 3633 3632
f 3636 3635 3634
f 3634 3637 3636
f 3636 3637 3638
f 3639 3638 3637
f 3638 3639 3640
f 3640 3641 3638
f 3642 3641 3640
f 3641 3642 3643
f 3646 3645 3644
f 3646 3647 3645
f 3647 3646 3648
f 3648 3649 3647
f 3649 3648 3650
f 3650 3651 3649
f 3652 3651 3650
f 3650 3653 3652
f 3652 3653 3654
f 3653 3655 3654
f 3656 3654 3655
f 3656 3657 3654
f 3658 3657 3656
f 3657 3658 3659
f 3659 3658 3660
f 3660 3661 3659
f 3661 3660 3662
f 3661 3662 3663
f 3664 3663 3662
f 3662 3665 3664
f 3666 3664 3665
f 3665 3667 3666
f 3666 3667 3668
f 3668 3669 3666
f 3670 3669 3668
f 3668 3671 3670
f 3672 3670 3671
f 3671 3673 3672
f 3672 3673 3674
f 3672 3674 3675
f 3675 3674 3676
f 3677 3676 3674
f 3678 3676 3677
f 3677 3679 3678
f 3680 3678 3679
f 3680 3681 3678
f 3684 3683 3682
f 3683 3684 3685
f 3685 3684 3686
f 3686 3687 3685
f 3688 3687 3686
f 3686 3689 3688
f 3690 3688 3689
f 3689 3691 3690
f 3694 3693 3692
f 3695 3694 3692
f 3694 3695 3696
f 3696 3697 3694
f 3697 3696 3698
f 3698 3699 3697
f 3700 3699 3698
f 3698 3701 3700
f 3700 3701 3702
f 3703 3702 3701
f 3704 3702 3703
f 3703 3705 3704
f 3706 3704 3705
f 3705 3707 3706
f 3706 3707 3708
f 3708 3709 3706
f 3709 3708 3710
f 3710 3711 3709
f 3711 3710 3712
f 3712 3713 3711
f 3713 3712 3714
f 3713 3714 3715
f 3716 3715 3714
f 3714 3717 3716
f 3718 3716 3717
f 3717 3719 3718
f 3718 3719 3720
f 3720 3721 3718
f 3724 3723 3722
f 3722 3725 3724
f 3725 3722 3726
f 3727 3726 3722
f 3728 3726 3727
f 3729 3728 3727
f 3730 3728 3729
f 3728 3730 3731
f 3730 3732 3731
f 3731 3732 3733
f 3734 3733 3732
f 3737 3736 3735
f 3738 3735 3736
f 3735 3738 3739
f 3739 3740 3735
f 3740 3739 3741
f 3741 3742 3740
f 3743 3742 3741
f 3741 3744 3743
f 3743 3744 3745
f 3745 3746 3743
f 3749 3748 3747
f 3749 3747 3755
f 3747 3750 3755
f 3749 3755 3751
f 3755 3750 3752
f 3753 3751 3755
f 3753 3755 3754
f 3756 3755 3752
f 3756 3757 3755
f 3757 3758 3755
f 3755 3758 3759
f 3760 3754 3755
f 3755 3759 3761
f 3755 3767 3760
f 3761 3767 3755
f 3762 3760 3767
f 3761 3763 3767
f 3764 3762 3767
f 3765 3767 3763
f 3766 3764 3767
f 3768 3766 3767
f 3765 3769 3767
f 3768 3767 3770
f 3767 3769 3770
f 3769 3771 3770
f 3774 3773 3772
f 3775 3772 3773
f 3778 3777 3776
f 3779 3777 3778
f 3779 3778 3780
f 3781 3780 3778
f 3781 3782 3780
f 3785 3784 3783
f 3792 3784 3785
f 3786 3784 3792
f 3792 3785 3787
f 3786 3792 3788
f 3788 3792 3789
f 3792 3787 3790
f 3789 3792 3791
f 3793 3792 3790
f 3791 3792 3794
f 3797 3792 3793
f 3797 3794 3792
f 3793 3795 3797
f 3794 3797 3796
f 3795 3798 3797
f 3799 3796 3797
f 3799 3797 3800
f 3801 3800 3797
f 3802 3797 3798
f 3803 3797 3802
f 3797 3804 3801
f 3803 3805 3797
f 3797 3805 3806
f 3797 3806 3807
f 3808 3804 3797
f 3807 3809 3797
f 3808 3797 3809
f 3812 3811 3810
f 3810 3811 3813
f 3810 3814 3812
f 3810 3815 3814
f 3815 3810 3816
f 3817 3816 3810
f 3810 3818 3817
f 3817 3818 3819
f 3820 3819 3818
f 3818 3821 3820
f 3822 3821 3818
f 3818 3823 3822
f 3824 3823 3818
f 3824 3818 3825
f 3825 3818 3810
f 3810 3826 3825
f 3810 3827 3826
f 3810 3828 3827
f 3810 3829 3828
f 3830 3829 3810
f 3831 3830 3810
f 3810 3832 3831
f 3810 3833 3832
f 3834 3833 3810
f 3813 3835 3810
f 3810 3843 3834
f 3836 3834 3843
f 3810 3835 3843
f 3837 3843 3835
f 3838 3836 3843
f 3837 3839 3843
f 3843 3839 3840
f 3843 3841 3838
f 3842 3838 3841
f 3843 3840 3844
f 3845 3842 3841
f 3845 3841 3846
f 3844 3841 3843
f 3847 3841 3844
f 3841 3848 3846
f 3841 3847 3849
f 3848 3841 3849
f 3851 3858 3850
f 3851 3852 3858
f 3858 3853 3850
f 3854 3853 3858
f 3855 3854 3858
f 3858 3856 3855
f 3857 3858 3852
f 3859 3856 3858
f 3859 3858 3860
f 3858 3861 3860
f 3858 3862 3861
f 3862 3858 3863
f 3858 3864 3863
f 3865 3864 3858
f 3866 3865 3858
f 3866 3858 3872
f 3872 3867 3866
f 3872 3868 3867
f 3869 3868 3872
f 3870 3869 3872
f 3872 3858 3857
f 3857 3871 3872
f 3873 3872 3871
f 3873 3874 3872
f 3872 3874 3875
f 3875 3876 3872
f 3876 3877 3872
f 3872 3877 3878
f 3879 3872 3878
f 3879 3880 3872
f 3880 3881 3872
f 3881 3870 3872
f 3884 3883 3882
f 3887 3886 3885
f 3890 3889 3888
f 3893 3892 3891
f 3896 3895 3894
f 3899 3898 3897
f 3902 3901 3900
f 3905 3904 3903
f 3908 3907 3906
f 3911 3910 3909
f 3914 3913 3912
f 3917 3916 3915
f 3920 3919 3918
f 3923 3922 3921
f 3926 3925 3924
f 3929 3928 3927
f 3932 3931 3930
f 3938 3931 3932
f 3938 3932 3933
f 3934 3931 3938
f 3938 3935 3934
f 3936 3934 3935
f 3937 3935 3938
f 3933 3939 3938
f 3938 3939 3940
f 3938 3941 3937
f 3938 3940 3941
f 3940 3942 3941
f 3943 3941 3942
f 3946 3945 3944
f 3947 3946 3944
f 3948 3947 3944
f 3947 3949 3946
f 3947 3948 3950
f 3951 3950 3948
f 3952 3947 3950
f 3949 3947 3953
f 3947 3954 3953
f 3947 3952 3955
f 3947 3955 3954
f 3954 3955 3956
f 3957 3956 3955
f 3959 3960 3958
f 3958 3960 3961
f 3959 3962 3960
f 3961 3960 3963
f 3964 3960 3962
f 3965 3963 3960
f 3964 3966 3960
f 3965 3960 3966
f 3969 3968 3967
f 3969 3970 3968
f 3971 3968 3970
f 3971 3972 3968
f 3968 3973 3967
f 3974 3968 3972
f 3973 3968 3975
f 3974 3975 3968
f 3990 3977 3976
f 3990 3978 3977
f 3990 3976 3979
f 3990 3980 3978
f 3979 3981 3990
f 3980 3990 3982
f 3990 3981 3983
f 3990 3984 3982
f 3990 3983 3985
f 3990 3986 3984
f 3990 3985 3987
f 3990 3988 3986
f 3987 3989 3990
f 3988 3990 3991
f 3990 3989 3992
f 3990 3993 3991
f 3994 3990 3992
f 3995 3993 3990
f 3994 3996 3990
f 3995 3990 3996
f 3999 3998 3997
f 3998 4000 3997
f 3999 3997 4001
f 4000 4002 3997
f 4003 4001 3997
f 4004 3997 4002
f 4003 3997 4005
f 4004 4005 3997
f 4007 4006 4013
f 4007 4013 4008
f 4009 4008 4013
f 4009 4013 4010
f 4013 4006 4011
f 4012 4010 4013
f 4011 4014 4013
f 4012 4013 4014
f 4016 4021 4015
f 4016 4017 4021
f 4021 4018 4015
f 4019 4021 4017
f 4019 4020 4021
f 4021 4020 4022
f 4023 4021 4022
f 4021 4024 4018
f 4021 4025 4024
f 4021 4023 4026
f 4025 4021 4027
f 4028 4027 4021
f 4026 4029 4021
f 4030 4021 4029
f 4021 4031 4028
f 4032 4021 4030
f 4033 4031 4021
f 4034 4021 4032
f 4033 4021 4035
f 4034 4035 4021
f 4037 4053 4036
f 4037 4038 4053
f 4039 4036 4053
f 4053 4038 4040
f 4039 4053 4041
f 4053 4042 4041
f 4053 4040 4043
f 4053 4043 4044
f 4053 4045 4042
f 4053 4046 4045
f 4044 4047 4053
f 4048 4053 4047
f 4046 4053 4049
f 4050 4049 4053
f 4053 4048 4051
f 4052 4050 4053
f 4054 4053 4051
f 4055 4052 4053
f 4054 4056 4053
f 4055 4053 4056
f 4059 4058 4057
f 4062 4061 4060
f 4065 4064 4063
f 4068 4067 4066
f 4071 4070 4069
f 4074 4073 4072
f 4077 4076 4075
f 4080 4079 4078
f 4083 4082 4081
f 4086 4085 4084
f 4089 4088 4087
f 4092 4091 4090
f 4095 4094 4093
f 4098 4097 4096
f 4101 4100 4099
f 4104 4103 4102
f 4107 4106 4105
f 4110 4109 4108
f 4113 4112 4111
f 4116 4115 4114
f 4119 4118 4117
f 4120 4117 4118
f 4121 4117 4120
f 4120 4122 4121
f 4121 4122 4123
f 4124 4123 4122
f 4125 4123 4124
f 4124 4126 4125
f 4125 4126 4127
f 4130 4129 4128
f 4128 4131 4130
f 4131 4128 4132
f 4128 4133 4132
f 4134 4132 4133
f 4133 4135 4134
f 4136 4134 4135
f 4135 4137 4136
f 4136 4137 4138
f 4141 4140 4139
f 4139 4142 4141
f 4141 4142 4143
f 4144 4143 4142
f 4145 4143 4144
f 4144 4146 4145
f 4147 4145 4146
f 4146 4148 4147
f 4148 4149 4147
f 4152 4151 4150
f 4150 4153 4152
f 4154 4152 4153
f 4153 4155 4154
f 4156 4154 4155
f 4155 4157 4156
f 4156 4157 4158
f 4159 4158 4157
f 4158 4159 4160
f 4163 4162 4161
f 4163 4161 4170
f 4170 4161 4164
f 4163 4170 4165
f 4165 4166 4163
f 4165 4170 4167
f 4170 4164 4168
f 4169 4167 4170
f 4170 4168 4171
f 4169 4170 4172
f 4171 4173 4170
f 4170 4174 4172
f 4174 4170 4173
f 4174 4173 4175
f 4175 4176 4174
f 4175 4177 4176
f 4177 4175 4178
f 4181 4180 4179
f 4179 4182 4181
f 4183 4181 4182
f 4182 4184 4183
f 4183 4184 4185
f 4184 4186 4185
f 4187 4185 4186
f 4186 4188 4187
f 4188 4189 4187
f 4192 4191 4190
f 4190 4193 4192
f 4192 4193 4194
f 4193 4195 4194
f 4196 4194 4195
f 4195 4197 4196
f 4198 4196 4197
f 4197 4199 4198
f 4199 4200 4198
f 4203 4202 4201
f 4201 4204 4203
f 4205 4203 4204
f 4204 4206 4205
f 4207 4205 4206
f 4206 4208 4207
f 4207 4208 4209
f 4209 4210 4207
f 4209 4211 4210
f 4214 4213 4212
f 4212 4222 4214
f 4214 4222 4215
f 4215 4216 4214
f 4217 4215 4222
f 4212 4218 4222
f 4219 4217 4222
f 4218 4220 4222
f 4221 4219 4222
f 4220 4223 4222
f 4222 4224 4221
f 4223 4225 4222
f 4224 4222 4225
f 4224 4225 4226
f 4227 4226 4225
f 4227 4228 4226
f 4228 4227 4229
f 4232 4231 4230
f 4230 4239 4232
f 4233 4232 4239
f 4234 4239 4230
f 4230 4235 4234
f 4239 4234 4236
f 4239 4236 4237
f 4238 4233 4239
f 4240 4239 4237
f 4238 4239 4241
f 4240 4242 4239
f 4239 4243 4241
f 4243 4239 4242
f 4243 4242 4244
f 4244 4245 4243
f 4244 4246 4245
f 4246 4244 4247
f 4250 4249 4248
f 4248 4251 4250
f 4250 4251 4252
f 4253 4252 4251
f 4254 4252 4253
f 4253 4255 4254
f 4256 4254 4255
f 4255 4257 4256
f 4257 4258 4256
f 4261 4260 4259
f 4259 4262 4261
f 4262 4259 4263
f 4261 4262 4264
f 4263 4265 4262
f 4265 4266 4262
f 4267 4264 4262
f 4262 4266 4268
f 4269 4267 4262
f 4270 4262 4268
f 4262 4271 4269
f 4270 4272 4262
f 4271 4262 4272
f 4271 4272 4273
f 4272 4274 4273
f 4273 4274 4275
f 4275 4276 4273
f 4279 4278 4277
f 4277 4280 4279
f 4281 4279 4280
f 4280 4282 4281
f 4281 4282 4283
f 4282 4284 4283
f 4285 4283 4284
f 4284 4286 4285
f 4286 4287 4285
f 4290 4289 4288
f 4288 4298 4290
f 4291 4290 4298
f 4288 4292 4298
f 4291 4298 4293
f 4298 4292 4294
f 4293 4298 4295
f 4298 4294 4296
f 4295 4298 4297
f 4297 4298 4299
f 4296 4300 4298
f 4298 4301 4299
f 4301 4298 4300
f 4301 4300 4302
f 4302 4303 4301
f 4303 4302 4304
f 4304 4305 4303
f 4308 4307 4306
f 4306 4309 4308
f 4310 4308 4309
f 4309 4311 4310
f 4310 4311 4312
f 4311 4313 4312
f 4312 4313 4314
f 4313 4315 4314
f 4315 4316 4314
f 4319 4318 4317
f 4317 4320 4319
f 4321 4319 4320
f 4320 4322 4321
f 4321 4322 4323
f 4322 4324 4323
f 4323 4324 4325
f 4324 4326 4325
f 4326 4327 4325
f 4330 4329 4328
f 4328 4331 4330
f 4332 4330 4331
f 4328 4333 4331
f 4328 4334 4333
f 4331 4333 4335
f 4331 4335 4336
f 4337 4332 4331
f 4331 4336 4338
f 4337 4331 4339
f 4338 4340 4331
f 4331 4341 4339
f 4341 4331 4340
f 4341 4340 4342
f 4342 4343 4341
f 4343 4342 4344
f 4344 4345 4343
f 4348 4347 4346
f 4347 4348 4349
f 4349 4348 4350
f 4350 4351 4349
f 4352 4351 4350
f 4351 4352 4353
f 4353 4352 4354
f 4354 4355 4353
f 4354 4356 4355
f 4359 4358 4357
f 4357 4360 4359
f 4361 4359 4360
f 4362 4361 4360
f 4363 4361 4362
f 4362 4364 4363
f 4365 4363 4364
f 4364 4366 4365
f 4365 4366 4367
f 4370 4369 4368
f 4368 4371 4370
f 4372 4370 4371
f 4371 4373 4372
f 4374 4372 4373
f 4375 4374 4373
f 4374 4375 4376
f 4376 4377 4374
f 4376 4378 4377
f 4381 4380 4379
f 4379 4382 4381
f 4383 4381 4382
f 4382 4384 4383
f 4385 4383 4384
f 4386 4385 4384
f 4387 4385 4386
f 4386 4388 4387
f 4388 4389 4387
f 4392 4391 4390
f 4390 4393 4392
f 4394 4392 4393
f 4393 4395 4394
f 4396 4394 4395
f 4395 4397 4396
f 4398 4396 4397
f 4396 4398 4399
f 4398 4400 4399
f 4403 4402 4401
f 4401 4404 4403
f 4405 4403 4404
f 4403 4405 4406
f 4407 4406 4405
f 4405 4408 4407
f 4409 4407 4408
f 4408 4410 4409
f 4410 4411 4409
f 4414 4413 4412
f 4415 4412 4413
f 4416 4412 4415
f 4415 4417 4416
f 4416 4417 4418
f 4419 4418 4417
f 4420 4418 4419
f 4419 4421 4420
f 4420 4421 4422
f 4425 4424 4423
f 4423 4426 4425
f 4427 4425 4426
f 4426 4428 4427
f 4429 4427 4428
f 4428 4430 4429
f 4431 4429 4430
f 4430 4432 4431
f 4431 4432 4433
f 4436 4435 4434
f 4434 4444 4436
f 4437 4436 4444
f 4444 4434 4438
f 4444 4439 4437
f 4444 4438 4440
f 4444 4441 4439
f 4444 4440 4442
f 4444 4443 4441
f 4444 4445 4443
f 4442 4446 4444
f 4444 4447 4445
f 4447 4444 4446
f 4447 4446 4448
f 4448 4449 4447
f 4449 4448 4450
f 4450 4451 4449
f 4454 4453 4452
f 4453 4455 4452
f 4452 4455 4456
f 4455 4457 4456
f 4456 4457 4458
f 4457 4459 4458
f 4458 4459 4460
f 4459 4461 4460
f 4460 4461 4462
f 4465 4464 4463
f 4463 4466 4465
f 4466 4463 4467
f 4468 4465 4466
f 4467 4469 4466
f 4470 4468 4466
f 4469 4471 4466
f 4472 4470 4466
f 4471 4473 4466
f 4473 4474 4466
f 4466 4475 4472
f 4474 4476 4466
f 4475 4466 4476
f 4475 4476 4477
f 4476 4478 4477
f 4477 4478 4479
f 4479 4480 4477
f 4483 4482 4481
f 4481 4491 4483
f 4484 4483 4491
f 4491 4481 4485
f 4484 4491 4486
f 4491 4485 4487
f 4486 4491 4488
f 4487 4489 4491
f 4488 4491 4490
f 4491 4492 4490
f 4491 4493 4492
f 4489 4494 4491
f 4493 4491 4494
f 4493 4494 4495
f 4494 4496 4495
f 4495 4496 4497
f 4497 4498 4495
f 4501 4500 4499
f 4499 4510 4501
f 4510 4499 4502
f 4510 4503 4501
f 4504 4501 4503
f 4503 4510 4505
f 4510 4502 4506
f 4505 4510 4507
f 4510 4506 4508
f 4507 4510 4509
f 4510 4511 4509
f 4508 4512 4510
f 4511 4510 4512
f 4512 4513 4511
f 4514 4513 4512
f 4515 4513 4514
f 4514 4516 4515
f 4519 4518 4517
f 4517 4527 4519
f 4520 4519 4527
f 4527 4517 4521
f 4527 4522 4520
f 4527 4521 4523
f 4527 4524 4522
f 4527 4523 4525
f 4527 4526 4524
f 4526 4527 4528
f 4525 4529 4527
f 4527 4530 4528
f 4530 4527 4529
f 4530 4529 4531
f 4531 4532 4530
f 4532 4531 4533
f 4533 4531 4534
f 4537 4536 4535
f 4535 4546 4537
f 4538 4537 4546
f 4546 4535 4539
f 4546 4540 4538
f 4546 4539 4541
f 4546 4542 4540
f 4546 4543 4542
f 4546 4541 4544
f 4545 4543 4546
f 4546 4547 4545
f 4544 4548 4546
f 4547 4546 4548
f 4549 4547 4548
f 4550 4549 4548
f 4549 4550 4551
f 4551 4552 4549
f 4555 4554 4553
f 4553 4563 4555
f 4556 4555 4563
f 4563 4553 4557
f 4563 4558 4556
f 4563 4557 4559
f 4563 4560 4558
f 4563 4559 4561
f 4563 4562 4560
f 4563 4564 4562
f 4561 4565 4563
f 4563 4566 4564
f 4566 4563 4565
f 4566 4565 4567
f 4567 4568 4566
f 4569 4568 4567
f 4569 4567 4570
f 4573 4572 4571
f 4571 4581 4573
f 4574 4573 4581
f 4581 4571 4575
f 4581 4576 4574
f 4581 4575 4577
f 4581 4578 4576
f 4581 4577 4579
f 4581 4580 4578
f 4581 4582 4580
f 4579 4583 4581
f 4581 4584 4582
f 4584 4581 4583
f 4584 4583 4585
f 4585 4586 4584
f 4586 4585 4587
f 4587 4588 4586
f 4591 4590 4589
f 4589 4599 4591
f 4592 4591 4599
f 4599 4589 4593
f 4599 4594 4592
f 4599 4593 4595
f 4599 4596 4594
f 4599 4595 4597
f 4599 4598 4596
f 4600 4598 4599
f 4597 4601 4599
f 4599 4602 4600
f 4602 4599 4601
f 4602 4601 4603
f 4603 4604 4602
f 4604 4603 4605
f 4605 4606 4604
f 4609 4608 4607
f 4607 4617 4609
f 4610 4609 4617
f 4617 4607 4611
f 4617 4612 4610
f 4617 4611 4613
f 4617 4614 4612
f 4617 4613 4615
f 4617 4616 4614
f 4617 4618 4616
f 4615 4619 4617
f 4617 4620 4618
f 4620 4617 4619
f 4620 4619 4621
f 4621 4622 4620
f 4622 4621 4623
f 4623 4624 4622
f 4627 4626 4625
f 4626 4628 4625
f 4625 4628 4629
f 4629 4630 4625
f 4630 4629 4631
f 4631 4632 4630
f 4633 4632 4631
f 4631 4634 4633
f 4633 4634 4635
f 4635 4634 4636
f 4635 4636 4637
f 4635 4637 4638
f 4638 4637 4639
f 4640 4638 4639
f 4641 4640 4639
f 4639 4642 4641
f 4643 4641 4642
f 4642 4644 4643
f 4643 4644 4645
f 4645 4646 4643
f 4647 4646 4645
f 4648 4647 4645
f 4649 4647 4648
f 4650 4647 4649
f 4650 4649 4651
f 4651 4652 4650
f 4653 4652 4651
f 4651 4654 4653
f 4655 4653 4654
f 4654 4656 4655
f 4655 4656 4657
f 4657 4658 4655
f 4657 4659 4658
f 4659 4660 4658
f 4659 4661 4660
f 4659 4662 4661
f 4662 4663 4661
f 4662 4664 4663
f 4663 4664 4665
f 4665 4666 4663
f 4669 4668 4667
f 4668 4669 4670
f 4670 4671 4668
f 4672 4671 4670
f 4672 4673 4671
f 4674 4671 4673
f 4673 4672 4675
f 4676 4674 4673
f 4675 4677 4673
f 4673 4678 4676
f 4679 4673 4677
f 4673 4680 4678
f 4681 4673 4679
f 4682 4680 4673
f 4683 4673 4681
f 4673 4684 4682
f 4683 4684 4673
f 4687 4686 4685
f 4686 4687 4688
f 4688 4689 4686
f 4690 4689 4688
f 4690 4691 4689
f 4692 4689 4691
f 4691 4690 4693
f 4694 4692 4691
f 4691 4693 4695
f 4696 4694 4691
f 4691 4695 4697
f 4698 4696 4691
f 4691 4697 4699
f 4700 4698 4691
f 4691 4699 4701
f 4691 4702 4700
f 4701 4702 4691
f 4705 4704 4703
f 4704 4705 4706
f 4704 4706 4707
f 4707 4708 4704
f 4707 4709 4708
f 4710 4708 4709
f 4709 4707 4711
f 4712 4710 4709
f 4709 4711 4713
f 4712 4709 4714
f 4709 4713 4715
f 4714 4709 4716
f 4709 4715 4717
f 4716 4709 4718
f 4709 4717 4719
f 4720 4718 4709
f 4719 4720 4709
f 4723 4722 4721
f 4721 4724 4723
f 4723 4724 4725
f 4725 4724 4726
f 4726 4730 4725
f 4727 4725 4730
f 4730 4726 4728
f 4729 4727 4730
f 4731 4730 4728
f 4732 4729 4730
f 4730 4731 4735
f 4730 4735 4732
f 4733 4735 4731
f 4734 4732 4735
f 4736 4735 4733
f 4737 4734 4735
f 4735 4736 4738
f 4735 4739 4737
f 4738 4739 4735
f 4742 4741 4740
f 4745 4744 4743
f 4748 4747 4746
f 4748 4746 4751
f 4751 4746 4749
f 4748 4751 4750
f 4751 4749 4752
f 4752 4753 4751
f 4753 4754 4751
f 4751 4754 4755
f 4756 4750 4751
f 4751 4755 4757
f 4756 4751 4758
f 4759 4758 4751
f 4757 4760 4751
f 4766 4751 4760
f 4761 4759 4751
f 4761 4751 4766
f 4760 4762 4766
f 4766 4763 4761
f 4766 4762 4764
f 4763 4766 4765
f 4766 4764 4767
f 4768 4765 4766
f 4769 4766 4767
f 4766 4769 4768
f 4767 4770 4769
f 4768 4769 4771
f 4770 4772 4769
f 4771 4769 4773
f 4769 4772 4775
f 4769 4775 4773
f 4772 4774 4775
f 4775 4776 4773
f 4774 4777 4775
f 4775 4778 4776
f 4778 4775 4779
f 4780 4775 4777
f 4779 4775 4781
f 4781 4775 4780
f 4779 4781 4782
f 4783 4782 4781
f 4781 4784 4783
f 4780 4785 4781
f 4785 4786 4781
f 4786 4787 4781
f 4781 4788 4784
f 4789 4781 4787
f 4790 4781 4789
f 4791 4781 4790
f 4792 4788 4781
f 4791 4793 4781
f 4792 4781 4793
f 4793 4794 4792
f 4797 4796 4795
f 4795 4798 4797
f 4798 4795 4799
f 4799 4800 4798
f 4801 4800 4799
f 4799 4802 4801
f 4801 4802 4803
f 4803 4804 4801
f 4805 4804 4803
f 4803 4806 4805
f 4806 4807 4805
f 4807 4806 4808
f 4808 4809 4807
f 4809 4808 4810
f 4811 4810 4808
f 4810 4811 4812
f 4812 4813 4810
f 4814 4813 4812
f 4812 4815 4814
f 4816 4814 4815
f 4817 4816 4815
f 4816 4817 4818
f 4818 4819 4816
f 4819 4818 4820
f 4820 4821 4819
f 4822 4821 4820
f 4822 4823 4821
f 4824 4823 4822
f 4822 4825 4824
f 4826 4824 4825
f 4827 4826 4825
f 4826 4827 4828
f 4828 4827 4829
f 4829 4830 4828
f 4831 4830 4829
f 4832 4830 4831
f 4832 4831 4833
f 4833 4834 4832
f 4835 4834 4833
f 4833 4836 4835
f 4837 4835 4836
f 4836 4838 4837
f 4841 4840 4839
f 4839 4842 4841
f 4842 4839 4843
f 4843 4844 4842
f 4845 4844 4843
f 4848 4847 4846
f 4847 4849 4846
f 4846 4849 4850
f 4849 4851 4850
f 4852 4850 4851
f 4855 4854 4853
f 4855 4856 4854
f 4856 4857 4854
f 4858 4857 4856
f 4856 4859 4858
f 4858 4859 4860
f 4860 4861 4858
f 4862 4861 4860
f 4860 4863 4862
f 4866 4865 4864
f 4864 4865 4867
f 4867 4868 4864
f 4868 4867 4869
f 4869 4870 4868
f 4870 4869 4871
f 4871 4872 4870
f 4873 4872 4871
f 4872 4873 4874
f 4875 4874 4873
f 4878 4877 4876
f 4879 4877 4878
f 4880 4879 4878
f 4878 4881 4880
f 4881 4882 4880
f 4881 4883 4882
f 4882 4883 4884
f 4882 4884 4885
f 4886 4885 4884
f 4884 4887 4886
f 4886 4887 4888
f 4886 4888 4889
f 4889 4888 4890
f 4889 4890 4891
f 4891 4890 4892
f 4891 4892 4893
f 4893 4892 4894
f 4894 4895 4893
f 4895 4894 4896
f 4896 4897 4895
f 4898 4897 4896
f 4898 4899 4897
f 4900 4899 4898
f 4898 4901 4900
f 4780 4900 4901
f 4901 4902 4780
f 4903 4780 4902
f 4780 4903 4904
f 4905 4904 4903
f 4905 4903 4906
f 4906 4907 4905
f 4908 4905 4907
f 4908 4907 4909
f 4909 4910 4908
f 4911 4910 4909
f 4909 4912 4911
f 4915 4914 4913
f 4913 4922 4915
f 4915 4922 4916
f 4922 4917 4916
f 4922 4913 4918
f 4919 4917 4922
f 4920 4922 4918
f 4816 4922 4920
f 4922 4816 4921
f 4923 4922 4921
f 4924 4919 4922
f 4923 4925 4922
f 4924 4922 4925
f 4925 4926 4924
f 4929 4928 4927
f 4929 4927 4930
f 4927 4931 4930
f 4930 4931 4932
f 4932 4931 4933
f 4933 4934 4932
f 4935 4934 4933
f 4936 4935 4933
f 4937 4935 4936
f 4936 4938 4937
f 4939 4937 4938
f 4938 4940 4939
f 4943 4942 4941
f 4944 4941 4942
f 4941 4944 4945
f 4946 4945 4944
f 4945 4946 4947
f 4948 4947 4946
f 4948 4949 4947
f 4950 4947 4949
f 4949 4951 4950
f 4952 4950 4951
f 4951 4953 4952
f 4954 4952 4953
f 4957 4956 4955
f 4956 4958 4955
f 4961 4960 4959
f 4961 4959 4962
f 4962 4963 4961
f 4963 4962 4964
f 4964 4965 4963
f 4965 4964 4966
f 4966 4967 4965
f 4968 4967 4966
f 4966 4969 4968
f 4972 4971 4970
f 4973 4972 4970
f 4973 4970 4974
f 4975 4973 4974
f 4974 4976 4975
f 4979 4978 4977
f 4977 4988 4979
f 4979 4988 4980
f 4977 4981 4988
f 4980 4988 4982
f 4982 4988 4983
f 4983 4988 4984
f 4985 4984 4988
f 4981 4986 4988
f 4987 4985 4988
f 4986 4989 4988
f 4990 4988 4989
f 4988 4991 4987
f 4988 4992 4991
f 4993 4988 4990
f 4993 4992 4988
f 4991 4992 4994
f 4992 4993 4995
f 4996 4994 4992
f 4992 4995 4997
f 4998 4996 4992
f 4992 4997 4999
f 4992 5000 4998
f 4999 5000 4992
f 5001 4998 5000
f 4999 5002 5000
f 5003 5001 5000
f 5000 5002 5004
f 5000 5005 5003
f 5004 5005 5000
f 5005 5006 5003
f 5004 5007 5005
f 5005 5008 5006
f 5007 5009 5005
f 5009 5010 5005
f 5011 5008 5005
f 5010 5018 5005
f 5005 5018 5011
f 5010 5012 5018
f 5018 5012 5013
f 5011 5018 5014
f 5018 5015 5014
f 5016 5018 5013
f 5017 5015 5018
f 5016 5019 5018
f 5020 5017 5018
f 5021 5020 5018
f 5018 5022 5021
f 5023 5018 5019
f 5018 5024 5022
f 5024 5018 5023
f 5023 5025 5024
f 5028 5027 5026
f 5029 5026 5027
f 5030 5026 5029
f 5029 5031 5030
f 5030 5031 5032
f 5032 5033 5030
f 5034 5033 5032
f 5032 5035 5034
f 5034 5035 5036
f 5036 5037 5034
f 5037 5036 5038
f 5037 5038 5039
f 5040 5039 5038
f 5039 5040 5041
f 5041 5042 5039
f 5042 5041 5043
f 5044 5043 5041
f 5043 5044 5045
f 5045 5046 5043
f 5046 5045 5047
f 5047 5048 5046
f 5048 5047 5049
f 5050 5049 5047
f 5049 5050 5051
f 5052 5051 5050
f 5053 5051 5052
f 5052 5054 5053
f 5055 5053 5054
f 5055 5056 5053
f 5056 5055 5057
f 5057 5058 5056
f 5057 5059 5058
f 5058 5059 5060
f 5061 5060 5059
f 5062 5060 5061
f 5061 5063 5062
f 5064 5062 5063
f 5063 5065 5064
f 5064 5065 5066
f 5066 5067 5064
f 5067 5066 5068
f 5067 5068 5069
f 5072 5071 5070
f 5071 5073 5070
f 5070 5073 5074
f 5073 5075 5074
f 5076 5074 5075
f 5079 5078 5077
f 5077 5080 5079
f 5080 5077 5081
f 5081 5082 5080
f 5083 5082 5081
f 5086 5085 5084
f 5087 5086 5084
f 5084 5088 5087
f 5087 5088 5089
f 5089 5090 5087
f 5091 5090 5089
f 5089 5092 5091
f 5092 5093 5091
f 5094 5091 5093
f 5097 5096 5095
f 5098 5095 5096
f 5096 5099 5098
f 5100 5098 5099
f 5099 5101 5100
f 5102 5100 5101
f 5103 5102 5101
f 5102 5103 5104
f 5103 5105 5104
f 5106 5104 5105
f 5109 5108 5107
f 5107 5110 5109
f 5109 5110 5111
f 5112 5109 5111
f 5112 5111 5113
f 5112 5113 5114
f 5113 5115 5114
f 5113 5116 5115
f 5117 5115 5116
f 5115 5117 5118
f 5119 5118 5117
f 5117 5120 5119
f 5121 5119 5120
f 5120 5122 5121
f 5123 5121 5122
f 5122 5124 5123
f 5125 5123 5124
f 5124 5126 5125
f 5127 5125 5126
f 5126 5128 5127
f 5129 5127 5128
f 5128 5130 5129
f 5131 5129 5130
f 5131 5132 5129
f 5011 5132 5131
f 5011 5133 5132
f 5134 5133 5011
f 5011 5135 5134
f 5136 5134 5135
f 5136 5137 5134
f 5137 5136 5138
f 5139 5138 5136
f 5140 5138 5139
f 5139 5141 5140
f 5141 5142 5140
f 5140 5142 5143
f 5146 5145 5144
f 5144 5145 5154
f 5145 5147 5154
f 5147 5148 5154
f 5144 5154 5149
f 5148 5150 5154
f 5151 5149 5154
f 5154 5047 5151
f 5154 5152 5047
f 5153 5152 5154
f 5155 5154 5150
f 5154 5156 5153
f 5154 5155 5156
f 5155 5157 5156
f 5160 5159 5158
f 5158 5161 5160
f 5162 5160 5161
f 5161 5163 5162
f 5162 5163 5164
f 5163 5165 5164
f 5164 5165 5166
f 5166 5167 5164
f 5168 5167 5166
f 5168 5169 5167
f 5170 5169 5168
f 5169 5170 5171
f 5174 5173 5172
f 5175 5172 5173
f 5173 5176 5175
f 5177 5175 5176
f 5176 5178 5177
f 5179 5177 5178
f 5179 5178 5180
f 5181 5180 5178
f 5180 5181 5182
f 5183 5182 5181
f 5182 5183 5184
f 5185 5184 5183
f 5188 5187 5186
f 5186 5189 5188
f 5192 5191 5190
f 5193 5191 5192
f 5193 5192 5194
f 5195 5193 5194
f 5195 5194 5196
f 5196 5197 5195
f 5197 5196 5198
f 5197 5198 5199
f 5199 5200 5197
f 5203 5202 5201
f 5202 5203 5204
f 5204 5205 5202
f 5205 5204 5206
f 5206 5207 5205
f 5209 5217 5208
f 5208 5217 5210
f 5210 5217 5211
f 5212 5211 5217
f 5213 5212 5217
f 5214 5213 5217
f 5209 5215 5217
f 5214 5217 5216
f 5218 5217 5215
f 5219 5216 5217
f 5220 5217 5218
f 5221 5219 5217
f 5222 5217 5220
f 5223 5221 5217
f 5224 5217 5222
f 5223 5217 5224
f 5227 5226 5225
f 5226 5228 5225
f 5228 5229 5225
f 5230 5225 5229
f 5231 5225 5230
f 5232 5225 5231
f 5227 5225 5233
f 5232 5234 5225
f 5235 5233 5225
f 5236 5225 5234
f 5237 5235 5225
f 5238 5225 5236
f 5239 5237 5225
f 5240 5225 5238
f 5241 5239 5225
f 5240 5241 5225
f 5243 5244 5261
f 5244 5245 5261
f 5242 5243 5261
f 5243 5242 5246
f 5246 5242 5247
f 5242 5275 5252
f 5242 5252 5248
f 5248 5252 5249
f 5248 5247 5242
f 5252 5250 5251
f 5253 5254 5252
f 5254 5255 5252
f 5255 5256 5252
f 5256 5257 5252
f 5258 5252 5257
f 5258 5250 5252
f 5253 5252 5275
f 5275 5259 5253
f 5275 5260 5259
f 5261 5263 5262
f 5263 5261 5264
f 5262 5265 5261
f 5265 5266 5261
f 5275 5261 5266
f 5267 5268 5275
f 5270 5269 5275
f 5271 5275 5269
f 5271 5272 5275
f 5275 5272 5273
f 5270 5275 5274
f 5276 5274 5275
f 5275 5277 5276
f 5278 5276 5277
f 5277 5279 5278
f 5268 5277 5275
f 5279 5280 5278
f 5260 5275 5273
f 5283 5282 5281
f 5284 5282 5283
f 5252 5281 5282
f 5281 5252 5285
f 5282 5249 5252
f 5252 5251 5285
f 5284 5283 5286
f 5261 5288 5287
f 5290 5261 5289
f 5291 5261 5290
f 5291 5292 5261
f 5261 5245 5288
f 5293 5261 5292
f 5261 5293 5294
f 5294 5295 5261
f 5296 5261 5295
f 5264 5261 5297
f 5261 5298 5297
f 5298 5261 5296
f 5287 5299 5261
f 5299 5289 5261
f 5242 5261 5275
f 5275 5266 5267
f 5302 5301 5300
f 5302 5309 5301
f 5303 5309 5302
f 5304 5309 5303
f 5305 5309 5304
f 5306 5309 5305
f 5307 5309 5306
f 5308 5309 5307
f 5310 5309 5308
f 5310 5317 5309
f 5311 5317 5310
f 5312 5317 5311
f 5313 5317 5312
f 5314 5317 5313
f 5315 5317 5314
f 5316 5317 5315
f 5318 5317 5316
f 5318 5319 5317
f 5309 5320 5301
f 5309 5321 5320
f 5309 5322 5321
f 5309 5323 5322
f 5309 5324 5323
f 5309 5325 5324
f 5309 5326 5325
f 5309 5327 5326
f 5317 5327 5309
f 5317 5328 5327
f 5317 5329 5328
f 5317 5330 5329
f 5317 5331 5330
f 5317 5332 5331
f 5317 5333 5332
f 5317 5334 5333
f 5319 5334 5317
f 5319 5335 5334
f 5338 5337 5336
f 5338 5342 5337
f 5339 5342 5338
f 5340 5342 5339
f 5341 5342 5340
f 5343 5342 5341
f 5343 5349 5342
f 5344 5349 5343
f 5345 5349 5344
f 5346 5349 5345
f 5347 5349 5346
f 5348 5349 5347
f 5350 5349 5348
f 5350 5354 5349
f 5351 5354 5350
f 5352 5354 5351
f 5353 5354 5352
f 5355 5354 5353
f 5355 5356 5354
f 5342 5357 5337
f 5342 5358 5357
f 5342 5359 5358
f 5342 5360 5359
f 5342 5361 5360
f 5349 5361 5342
f 5349 5362 5361
f 5349 5363 5362
f 5349 5364 5363
f 5349 5365 5364
f 5349 5366 5365
f 5349 5367 5366
f 5354 5367 5349
f 5354 5368 5367
f 5354 5369 5368
f 5354 5370 5369
f 5354 5371 5370
f 5356 5371 5354
f 5356 5372 5371
f 5375 5374 5373
f 5374 5376 5373
f 5379 5378 5377
f 5380 5379 5377
f 5383 5382 5381
f 5383 5392 5382
f 5384 5392 5383
f 5385 5392 5384
f 5386 5392 5385
f 5387 5392 5386
f 5388 5392 5387
f 5389 5392 5388
f 5390 5392 5389
f 5391 5392 5390
f 5393 5392 5391
f 5393 5398 5392
f 5394 5398 5393
f 5395 5398 5394
f 5396 5398 5395
f 5397 5398 5396
f 5399 5398 5397
f 5399 5400 5398
f 5392 5401 5382
f 5392 5402 5401
f 5392 5403 5402
f 5392 5404 5403
f 5392 5405 5404
f 5392 5406 5405
f 5392 5407 5406
f 5392 5408 5407
f 5392 5409 5408
f 5392 5410 5409
f 5398 5410 5392
f 5398 5411 5410
f 5398 5412 5411
f 5398 5413 5412
f 5398 5414 5413
f 5398 5415 5414
f 5400 5415 5398
f 5400 5416 5415
f 5419 5418 5417
f 5419 5422 5418
f 5420 5422 5419
f 5421 5422 5420
f 5423 5422 5421
f 5423 5430 5422
f 5424 5430 5423
f 5425 5430 5424
f 5426 5430 5425
f 5427 5430 5426
f 5428 5430 5427
f 5429 5430 5428
f 5431 5430 5429
f 5431 5435 5430
f 5432 5435 5431
f 5433 5435 5432
f 5434 5435 5433
f 5436 5435 5434
f 5436 5437 5435
f 5422 5438 5418
f 5422 5439 5438
f 5422 5440 5439
f 5422 5441 5440
f 5430 5441 5422
f 5430 5442 5441
f 5430 5443 5442
f 5430 5444 5443
f 5430 5445 5444
f 5430 5446 5445
f 5430 5447 5446
f 5430 5448 5447
f 5435 5448 5430
f 5435 5449 5448
f 5435 5450 5449
f 5435 5451 5450
f 5435 5452 5451
f 5437 5452 5435
f 5437 5453 5452
f 5456 5455 5454
f 5455 5457 5454
f 5460 5459 5458
f 5461 5460 5458
f 5464 5463 5462
f 5464 5472 5463
f 5465 5472 5464
f 5466 5472 5465
f 5467 5472 5466
f 5468 5472 5467
f 5469 5472 5468
f 5470 5472 5469
f 5471 5472 5470
f 5473 5472 5471
f 5473 5479 5472
f 5474 5479 5473
f 5475 5479 5474
f 5476 5479 5475
f 5477 5479 5476
f 5478 5479 5477
f 5480 5479 5478
f 5480 5481 5479
f 5472 5482 5463
f 5472 5483 5482
f 5472 5484 5483
f 5472 5485 5484
f 5472 5486 5485
f 5472 5487 5486
f 5472 5488 5487
f 5472 5489 5488
f 5472 5490 5489
f 5479 5490 5472
f 5479 5491 5490
f 5479 5492 5491
f 5479 5493 5492
f 5479 5494 5493
f 5479 5495 5494
f 5479 5496 5495
f 5481 5496 5479
f 5481 5497 5496
f 5500 5499 5498
f 5500 5504 5499
f 5501 5504 5500
f 5502 5504 5501
f 5503 5504 5502
f 5505 5504 5503
f 5505 5509 5504
f 5506 5509 5505
f 5507 5509 5506
f 5508 5509 5507
f 5510 5509 5508
f 5510 5514 5509
f 5511 5514 5510
f 5512 5514 5511
f 5513 5514 5512
f 5515 5514 5513
f 5515 5517 5514
f 5516 5517 5515
f 5518 5517 5516
f 5518 5519 5517
f 5504 5520 5499
f 5504 5521 5520
f 5504 5522 5521
f 5504 5523 5522
f 5504 5524 5523
f 5509 5524 5504
f 5509 5525 5524
f 5509 5526 5525
f 5509 5527 5526
f 5509 5528 5527
f 5514 5528 5509
f 5514 5529 5528
f 5514 5530 5529
f 5514 5531 5530
f 5514 5532 5531
f 5517 5532 5514
f 5517 5533 5532
f 5517 5534 5533
f 5519 5534 5517
f 5519 5535 5534
f 5538 5537 5536
f 5537 5539 5536
f 5542 5541 5540
f 5543 5542 5540
f 5546 5545 5544
f 5546 5554 5545
f 5547 5554 5546
f 5548 5554 5547
f 5549 5554 5548
f 5550 5554 5549
f 5551 5554 5550
f 5552 5554 5551
f 5553 5554 5552
f 5555 5554 5553
f 5555 5561 5554
f 5556 5561 5555
f 5557 5561 5556
f 5558 5561 5557
f 5559 5561 5558
f 5560 5561 5559
f 5562 5561 5560
f 5562 5563 5561
f 5554 5564 5545
f 5554 5565 5564
f 5554 5566 5565
f 5554 5567 5566
f 5554 5568 5567
f 5554 5569 5568
f 5554 5570 5569
f 5554 5571 5570
f 5554 5572 5571
f 5561 5572 5554
f 5561 5573 5572
f 5561 5574 5573
f 5561 5575 5574
f 5561 5576 5575
f 5561 5577 5576
f 5561 5578 5577
f 5563 5578 5561
f 5563 5579 5578
f 5582 5581 5580
f 5582 5586 5581
f 5583 5586 5582
f 5584 5586 5583
f 5585 5586 5584
f 5587 5586 5585
f 5587 5591 5586
f 5588 5591 5587
f 5589 5591 5588
f 5590 5591 5589
f 5592 5591 5590
f 5592 5598 5591
f 5593 5598 5592
f 5594 5598 5593
f 5595 5598 5594
f 5596 5598 5595
f 5597 5598 5596
f 5599 5598 5597
f 5599 5600 5598
f 5586 5601 5581
f 5586 5602 5601
f 5586 5603 5602
f 5586 5604 5603
f 5586 5605 5604
f 5591 5605 5586
f 5591 5606 5605
f 5591 5607 5606
f 5591 5608 5607
f 5591 5609 5608
f 5598 5609 5591
f 5598 5610 5609
f 5598 5611 5610
f 5598 5612 5611
f 5598 5613 5612
f 5598 5614 5613
f 5598 5615 5614
f 5600 5615 5598
f 5600 5616 5615
f 5619 5618 5617
f 5618 5620 5617
f 5623 5622 5621
f 5624 5623 5621
f 5627 5626 5625
f 5627 5633 5626
f 5628 5633 5627
f 5629 5633 5628
f 5630 5633 5629
f 5631 5633 5630
f 5632 5633 5631
f 5634 5633 5632
f 5634 5642 5633
f 5635 5642 5634
f 5636 5642 5635
f 5637 5642 5636
f 5638 5642 5637
f 5639 5642 5638
f 5640 5642 5639
f 5641 5642 5640
f 5643 5642 5641
f 5643 5644 5642
f 5633 5645 5626
f 5633 5646 5645
f 5633 5647 5646
f 5633 5648 5647
f 5633 5649 5648
f 5633 5650 5649
f 5633 5651 5650
f 5642 5651 5633
f 5642 5652 5651
f 5642 5653 5652
f 5642 5654 5653
f 5642 5655 5654
f 5642 5656 5655
f 5642 5657 5656
f 5642 5658 5657
f 5642 5659 5658
f 5644 5659 5642
f 5644 5660 5659
f 5663 5662 5661
f 5663 5671 5662
f 5664 5671 5663
f 5665 5671 5664
f 5666 5671 5665
f 5667 5671 5666
f 5668 5671 5667
f 5669 5671 5668
f 5670 5671 5669
f 5672 5671 5670
f 5672 5678 5671
f 5673 5678 5672
f 5674 5678 5673
f 5675 5678 5674
f 5676 5678 5675
f 5677 5678 5676
f 5679 5678 5677
f 5679 5680 5678
f 5671 5681 5662
f 5671 5682 5681
f 5671 5683 5682
f 5671 5684 5683
f 5671 5685 5684
f 5671 5686 5685
f 5671 5687 5686
f 5671 5688 5687
f 5671 5689 5688
f 5678 5689 5671
f 5678 5690 5689
f 5678 5691 5690
f 5678 5692 5691
f 5678 5693 5692
f 5678 5694 5693
f 5678 5695 5694
f 5680 5695 5678
f 5680 5696 5695
f 5699 5698 5697
f 5698 5700 5697
f 5703 5702 5701
f 5704 5703 5701
f 5707 5706 5705
f 5707 5714 5706
f 5708 5714 5707
f 5709 5714 5708
f 5710 5714 5709
f 5711 5714 5710
f 5712 5714 5711
f 5713 5714 5712
f 5715 5714 5713
f 5715 5720 5714
f 5716 5720 5715
f 5717 5720 5716
f 5718 5720 5717
f 5719 5720 5718
f 5721 5720 5719
f 5721 5722 5720
f 5714 5723 5706
f 5714 5724 5723
f 5714 5725 5724
f 5714 5726 5725
f 5714 5727 5726
f 5714 5728 5727
f 5714 5729 5728
f 5714 5730 5729
f 5720 5730 5714
f 5720 5731 5730
f 5720 5732 5731
f 5720 5733 5732
f 5720 5734 5733
f 5720 5735 5734
f 5722 5735 5720
f 5722 5736 5735
f 5739 5738 5737
f 5739 5744 5738
f 5740 5744 5739
f 5741 5744 5740
f 5742 5744 5741
f 5743 5744 5742
f 5745 5744 5743
f 5745 5752 5744
f 5746 5752 5745
f 5747 5752 5746
f 5748 5752 5747
f 5749 5752 5748
f 5750 5752 5749
f 5751 5752 5750
f 5753 5752 5751
f 5753 5754 5752
f 5744 5755 5738
f 5744 5756 5755
f 5744 5757 5756
f 5744 5758 5757
f 5744 5759 5758
f 5744 5760 5759
f 5752 5760 5744
f 5752 5761 5760
f 5752 5762 5761
f 5752 5763 5762
f 5752 5764 5763
f 5752 5765 5764
f 5752 5766 5765
f 5752 5767 5766
f 5754 5767 5752
f 5754 5768 5767
f 5771 5770 5769
f 5770 5772 5769
f 5775 5774 5773
f 5776 5775 5773
f 5779 5778 5777
f 5779 5786 5778
f 5780 5786 5779
f 5781 5786 5780
f 5782 5786 5781
f 5783 5786 5782
f 5784 5786 5783
f 5785 5786 5784
f 5787 5786 5785
f 5787 5794 5786
f 5788 5794 5787
f 5789 5794 5788
f 5790 5794 5789
f 5791 5794 5790
f 5792 5794 5791
f 5793 5794 5792
f 5795 5794 5793
f 5795 5796 5794
f 5786 5797 5778
f 5786 5798 5797
f 5786 5799 5798
f 5786 5800 5799
f 5786 5801 5800
f 5786 5802 5801
f 5786 5803 5802
f 5786 5804 5803
f 5794 5804 5786
f 5794 5805 5804
f 5794 5806 5805
f 5794 5807 5806
f 5794 5808 5807
f 5794 5809 5808
f 5794 5810 5809
f 5794 5811 5810
f 5796 5811 5794
f 5796 5812 5811
f 5815 5814 5813
f 5815 5823 5814
f 5816 5823 5815
f 5817 5823 5816
f 5818 5823 5817
f 5819 5823 5818
f 5820 5823 5819
f 5821 5823 5820
f 5822 5823 5821
f 5824 5823 5822
f 5824 5830 5823
f 5825 5830 5824
f 5826 5830 5825
f 5827 5830 5826
f 5828 5830 5827
f 5829 5830 5828
f 5831 5830 5829
f 5831 5832 5830
f 5823 5833 5814
f 5823 5834 5833
f 5823 5835 5834
f 5823 5836 5835
f 5823 5837 5836
f 5823 5838 5837
f 5823 5839 5838
f 5823 5840 5839
f 5823 5841 5840
f 5830 5841 5823
f 5830 5842 5841
f 5830 5843 5842
f 5830 5844 5843
f 5830 5845 5844
f 5830 5846 5845
f 5830 5847 5846
f 5832 5847 5830
f 5832 5848 5847
f 5851 5850 5849
f 5850 5852 5849
f 5855 5854 5853
f 5856 5855 5853
f 5859 5858 5857
f 5859 5864 5858
f 5860 5864 5859
f 5861 5864 5860
f 5862 5864 5861
f 5863 5864 5862
f 5865 5864 5863
f 5865 5873 5864
f 5866 5873 5865
f 5867 5873 5866
f 5868 5873 5867
f 5869 5873 5868
f 5870 5873 5869
f 5871 5873 5870
f 5872 5873 5871
f 5874 5873 5872
f 5874 5878 5873
f 5875 5878 5874
f 5876 5878 5875
f 5877 5878 5876
f 5879 5878 5877
f 5879 5880 5878
f 5864 5881 5858
f 5864 5882 5881
f 5864 5883 5882
f 5864 5884 5883
f 5864 5885 5884
f 5864 5886 5885
f 5873 5886 5864
f 5873 5887 5886
f 5873 5888 5887
f 5873 5889 5888
f 5873 5890 5889
f 5873 5891 5890
f 5873 5892 5891
f 5873 5893 5892
f 5873 5894 5893
f 5878 5894 5873
f 5878 5895 5894
f 5878 5896 5895
f 5878 5897 5896
f 5878 5898 5897
f 5880 5898 5878
f 5880 5899 5898
f 5902 5901 5900
f 5902 5909 5901
f 5903 5909 5902
f 5904 5909 5903
f 5905 5909 5904
f 5906 5909 5905
f 5907 5909 5906
f 5908 5909 5907
f 5910 5909 5908
f 5910 5914 5909
f 5911 5914 5910
f 5912 5914 5911
f 5913 5914 5912
f 5915 5914 5913
f 5915 5921 5914
f 5916 5921 5915
f 5917 5921 5916
f 5918 5921 5917
f 5919 5921 5918
f 5920 5921 5919
f 5922 5921 5920
f 5922 5923 5921
f 5909 5924 5901
f 5909 5925 5924
f 5909 5926 5925
f 5909 5927 5926
f 5909 5928 5927
f 5909 5929 5928
f 5909 5930 5929
f 5909 5931 5930
f 5914 5931 5909
f 5914 5932 5931
f 5914 5933 5932
f 5914 5934 5933
f 5914 5935 5934
f 5921 5935 5914
f 5921 5936 5935
f 5921 5937 5936
f 5921 5938 5937
f 5921 5939 5938
f 5921 5940 5939
f 5921 5941 5940
f 5923 5941 5921
f 5923 5942 5941
f 5945 5944 5943
f 5944 5946 5943
f 5949 5948 5947
f 5950 5949 5947
f 5953 5952 5951
f 5953 5959 5952
f 5954 5959 5953
f 5955 5959 5954
f 5956 5959 5955
f 5957 5959 5956
f 5958 5959 5957
f 5960 5959 5958
f 5960 5968 5959
f 5961 5968 5960
f 5962 5968 5961
f 5963 5968 5962
f 5964 5968 5963
f 5965 5968 5964
f 5966 5968 5965
f 5967 5968 5966
f 5969 5968 5967
f 5969 5973 5968
f 5970 5973 5969
f 5971 5973 5970
f 5972 5973 5971
f 5974 5973 5972
f 5974 5975 5973
f 5976 5975 5974
f 5976 5977 5975
f 5959 5978 5952
f 5959 5979 5978
f 5959 5980 5979
f 5959 5981 5980
f 5959 5982 5981
f 5959 5983 5982
f 5959 5984 5983
f 5968 5984 5959
f 5968 5985 5984
f 5968 5986 5985
f 5968 5987 5986
f 5968 5988 5987
f 5968 5989 5988
f 5968 5990 5989
f 5968 5991 5990
f 5968 5992 5991
f 5973 5992 5968
f 5973 5993 5992
f 5973 5994 5993
f 5973 5995 5994
f 5973 5996 5995
f 5975 5996 5973
f 5975 5997 5996
f 5977 5997 5975
f 5977 5998 5997
f 6001 6000 5999
f 6001 6009 6000
f 6002 6009 6001
f 6003 6009 6002
f 6004 6009 6003
f 6005 6009 6004
f 6006 6009 6005
f 6007 6009 6006
f 6008 6009 6007
f 6010 6009 6008
f 6010 6016 6009
f 6011 6016 6010
f 6012 6016 6011
f 6013 6016 6012
f 6014 6016 6013
f 6015 6016 6014
f 6017 6016 6015
f 6017 6021 6016
f 6018 6021 6017
f 6019 6021 6018
f 6020 6021 6019
f 6022 6021 6020
f 6022 6023 6021
f 6024 6023 6022
f 6024 6025 6023
f 6009 6026 6000
f 6009 6027 6026
f 6009 6028 6027
f 6009 6029 6028
f 6009 6030 6029
f 6009 6031 6030
f 6009 6032 6031
f 6009 6033 6032
f 6009 6034 6033
f 6016 6034 6009
f 6016 6035 6034
f 6016 6036 6035
f 6016 6037 6036
f 6016 6038 6037
f 6016 6039 6038
f 6016 6040 6039
f 6021 6040 6016
f 6021 6041 6040
f 6021 6042 6041
f 6021 6043 6042
f 6021 6044 6043
f 6023 6044 6021
f 6023 6045 6044
f 6025 6045 6023
f 6025 6046 6045
f 6049 6048 6047
f 6048 6050 6047
f 6053 6052 6051
f 6054 6053 6051
f 6057 6056 6055
f 6057 6071 6056
f 6058 6071 6057
f 6059 6071 6058
f 6060 6071 6059
f 6061 6071 6060
f 6062 6071 6061
f 6063 6071 6062
f 6064 6071 6063
f 6065 6071 6064
f 6066 6071 6065
f 6067 6071 6066
f 6068 6071 6067
f 6069 6071 6068
f 6070 6071 6069
f 6072 6071 6070
f 6072 6073 6071
f 6071 6074 6056
f 6071 6075 6074
f 6071 6076 6075
f 6071 6077 6076
f 6071 6078 6077
f 6071 6079 6078
f 6071 6080 6079
f 6071 6081 6080
f 6071 6082 6081
f 6071 6083 6082
f 6071 6084 6083
f 6071 6085 6084
f 6071 6086 6085
f 6071 6087 6086
f 6071 6088 6087
f 6073 6088 6071
f 6073 6089 6088
f 6092 6091 6090
f 6092 6096 6091
f 6093 6096 6092
f 6094 6096 6093
f 6095 6096 6094
f 6097 6096 6095
f 6097 6107 6096
f 6098 6107 6097
f 6099 6107 6098
f 6100 6107 6099
f 6101 6107 6100
f 6102 6107 6101
f 6103 6107 6102
f 6104 6107 6103
f 6105 6107 6104
f 6106 6107 6105
f 6108 6107 6106
f 6108 6109 6107
f 6096 6110 6091
f 6096 6111 6110
f 6096 6112 6111
f 6096 6113 6112
f 6096 6114 6113
f 6107 6114 6096
f 6107 6115 6114
f 6107 6116 6115
f 6107 6117 6116
f 6107 6118 6117
f 6107 6119 6118
f 6107 6120 6119
f 6107 6121 6120
f 6107 6122 6121
f 6107 6123 6122
f 6107 6124 6123
f 6109 6124 6107
f 6109 6125 6124
f 6128 6127 6126
f 6127 6129 6126
f 6132 6131 6130
f 6133 6132 6130
f 6136 6135 6134
f 6136 6146 6135
f 6137 6146 6136
f 6138 6146 6137
f 6139 6146 6138
f 6140 6146 6139
f 6141 6146 6140
f 6142 6146 6141
f 6143 6146 6142
f 6144 6146 6143
f 6145 6146 6144
f 6147 6146 6145
f 6147 6154 6146
f 6148 6154 6147
f 6149 6154 6148
f 6150 6154 6149
f 6151 6154 6150
f 6152 6154 6151
f 6153 6154 6152
f 6155 6154 6153
f 6155 6156 6154
f 6157 6156 6155
f 6157 6158 6156
f 6146 6159 6135
f 6146 6160 6159
f 6146 6161 6160
f 6146 6162 6161
f 6146 6163 6162
f 6146 6164 6163
f 6146 6165 6164
f 6146 6166 6165
f 6146 6167 6166
f 6146 6168 6167
f 6146 6169 6168
f 6154 6169 6146
f 6154 6170 6169
f 6154 6171 6170
f 6154 6172 6171
f 6154 6173 6172
f 6154 6174 6173
f 6154 6175 6174
f 6154 6176 6175
f 6156 6176 6154
f 6156 6177 6176
f 6158 6177 6156
f 6158 6178 6177
f 6181 6180 6179
f 6181 6186 6180
f 6182 6186 6181
f 6183 6186 6182
f 6184 6186 6183
f 6185 6186 6184
f 6187 6186 6185
f 6187 6193 6186
f 6188 6193 6187
f 6189 6193 6188
f 6190 6193 6189
f 6191 6193 6190
f 6192 6193 6191
f 6194 6193 6192
f 6194 6198 6193
f 6195 6198 6194
f 6196 6198 6195
f 6197 6198 6196
f 6199 6198 6197
f 6199 6201 6198
f 6200 6201 6199
f 6202 6201 6200
f 6202 6203 6201
f 6204 6203 6202
f 6204 6205 6203
f 6186 6206 6180
f 6186 6207 6206
f 6186 6208 6207
f 6186 6209 6208
f 6186 6210 6209
f 6186 6211 6210
f 6193 6211 6186
f 6193 6212 6211
f 6193 6213 6212
f 6193 6214 6213
f 6193 6215 6214
f 6193 6216 6215
f 6193 6217 6216
f 6198 6217 6193
f 6198 6218 6217
f 6198 6219 6218
f 6198 6220 6219
f 6198 6221 6220
f 6201 6221 6198
f 6201 6222 6221
f 6201 6223 6222
f 6203 6223 6201
f 6203 6224 6223
f 6205 6224 6203
f 6205 6225 6224
f 6228 6227 6226
f 6227 6229 6226
f 6232 6231 6230
f 6233 6232 6230
f 6236 6235 6234
f 6236 6243 6235
f 6237 6243 6236
f 6238 6243 6237
f 6239 6243 6238
f 6240 6243 6239
f 6241 6243 6240
f 6242 6243 6241
f 6244 6243 6242
f 6244 6252 6243
f 6245 6252 6244
f 6246 6252 6245
f 6247 6252 6246
f 6248 6252 6247
f 6249 6252 6248
f 6250 6252 6249
f 6251 6252 6250
f 6253 6252 6251
f 6253 6256 6252
f 6254 6256 6253
f 6255 6256 6254
f 6257 6256 6255
f 6257 6258 6256
f 6259 6258 6257
f 6259 6260 6258
f 6243 6261 6235
f 6243 6262 6261
f 6243 6263 6262
f 6243 6264 6263
f 6243 6265 6264
f 6243 6266 6265
f 6243 6267 6266
f 6243 6268 6267
f 6252 6268 6243
f 6252 6269 6268
f 6252 6270 6269
f 6252 6271 6270
f 6252 6272 6271
f 6252 6273 6272
f 6252 6274 6273
f 6252 6275 6274
f 6252 6276 6275
f 6256 6276 6252
f 6256 6277 6276
f 6256 6278 6277
f 6256 6279 6278
f 6258 6279 6256
f 6258 6280 6279
f 6260 6280 6258
f 6260 6281 6280
f 6284 6283 6282
f 6284 6287 6283
f 6285 6287 6284
f 6286 6287 6285
f 6288 6287 6286
f 6288 6294 6287
f 6289 6294 6288
f 6290 6294 6289
f 6291 6294 6290
f 6292 6294 6291
f 6293 6294 6292
f 6295 6294 6293
f 6295 6299 6294
f 6296 6299 6295
f 6297 6299 6296
f 6298 6299 6297
f 6300 6299 6298
f 6300 6305 6299
f 6301 6305 6300
f 6302 6305 6301
f 6303 6305 6302
f 6304 6305 6303
f 6306 6305 6304
f 6306 6307 6305
f 6308 6307 6306
f 6308 6309 6307
f 6287 6310 6283
f 6287 6311 6310
f 6287 6312 6311
f 6287 6313 6312
f 6294 6313 6287
f 6294 6314 6313
f 6294 6315 6314
f 6294 6316 6315
f 6294 6317 6316
f 6294 6318 6317
f 6294 6319 6318
f 6299 6319 6294
f 6299 6320 6319
f 6299 6321 6320
f 6299 6322 6321
f 6299 6323 6322
f 6305 6323 6299
f 6305 6324 6323
f 6305 6325 6324
f 6305 6326 6325
f 6305 6327 6326
f 6305 6328 6327
f 6307 6328 6305
f 6307 6329 6328
f 6309 6329 6307
f 6309 6330 6329
f 6333 6332 6331
f 6332 6334 6331
f 6337 6336 6335
f 6338 6337 6335
f 6341 6340 6339
f 6341 6349 6340
f 6342 6349 6341
f 6343 6349 6342
f 6344 6349 6343
f 6345 6349 6344
f 6346 6349 6345
f 6347 6349 6346
f 6348 6349 6347
f 6350 6349 6348
f 6350 6358 6349
f 6351 6358 6350
f 6352 6358 6351
f 6353 6358 6352
f 6354 6358 6353
f 6355 6358 6354
f 6356 6358 6355
f 6357 6358 6356
f 6359 6358 6357
f 6359 6375 6358
f 6360 6375 6359
f 6361 6375 6360
f 6362 6375 6361
f 6363 6375 6362
f 6364 6375 6363
f 6365 6375 6364
f 6366 6375 6365
f 6367 6375 6366
f 6368 6375 6367
f 6369 6375 6368
f 6370 6375 6369
f 6371 6375 6370
f 6372 6375 6371
f 6373 6375 6372
f 6374 6375 6373
f 6376 6375 6374
f 6376 6392 6375
f 6377 6392 6376
f 6378 6392 6377
f 6379 6392 6378
f 6380 6392 6379
f 6381 6392 6380
f 6382 6392 6381
f 6383 6392 6382
f 6384 6392 6383
f 6385 6392 6384
f 6386 6392 6385
f 6387 6392 6386
f 6388 6392 6387
f 6389 6392 6388
f 6390 6392 6389
f 6391 6392 6390
f 6393 6392 6391
f 6393 6401 6392
f 6394 6401 6393
f 6395 6401 6394
f 6396 6401 6395
f 6397 6401 6396
f 6398 6401 6397
f 6399 6401 6398
f 6400 6401 6399
f 6402 6401 6400
f 6402 6410 6401
f 6403 6410 6402
f 6404 6410 6403
f 6405 6410 6404
f 6406 6410 6405
f 6407 6410 6406
f 6408 6410 6407
f 6409 6410 6408
f 6411 6410 6409
f 6411 6419 6410
f 6412 6419 6411
f 6413 6419 6412
f 6414 6419 6413
f 6415 6419 6414
f 6416 6419 6415
f 6417 6419 6416
f 6418 6419 6417
f 6420 6419 6418
f 6420 6428 6419
f 6421 6428 6420
f 6422 6428 6421
f 6423 6428 6422
f 6424 6428 6423
f 6425 6428 6424
f 6426 6428 6425
f 6427 6428 6426
f 6429 6428 6427
f 6429 6433 6428
f 6430 6433 6429
f 6431 6433 6430
f 6432 6433 6431
f 6434 6433 6432
f 6434 6435 6433
f 6436 6435 6434
f 6436 6437 6435
f 6438 6437 6436
f 6438 6439 6437
f 6349 6440 6340
f 6349 6441 6440
f 6349 6442 6441
f 6349 6443 6442
f 6349 6444 6443
f 6349 6445 6444
f 6349 6446 6445
f 6349 6447 6446
f 6349 6448 6447
f 6358 6448 6349
f 6358 6449 6448
f 6358 6450 6449
f 6358 6451 6450
f 6358 6452 6451
f 6358 6453 6452
f 6358 6454 6453
f 6358 6455 6454
f 6358 6456 6455
f 6375 6456 6358
f 6375 6457 6456
f 6375 6458 6457
f 6375 6459 6458
f 6375 6460 6459
f 6375 6461 6460
f 6375 6462 6461
f 6375 6463 6462
f 6375 6464 6463
f 6375 6465 6464
f 6375 6466 6465
f 6375 6467 6466
f 6375 6468 6467
f 6375 6469 6468
f 6375 6470 6469
f 6375 6471 6470
f 6375 6472 6471
f 6392 6472 6375
f 6392 6473 6472
f 6392 6474 6473
f 6392 6475 6474
f 6392 6476 6475
f 6392 6477 6476
f 6392 6478 6477
f 6392 6479 6478
f 6392 6480 6479
f 6392 6481 6480
f 6392 6482 6481
f 6392 6483 6482
f 6392 6484 6483
f 6392 6485 6484
f 6392 6486 6485
f 6392 6487 6486
f 6392 6488 6487
f 6401 6488 6392
f 6401 6489 6488
f 6401 6490 6489
f 6401 6491 6490
f 6401 6492 6491
f 6401 6493 6492
f 6401 6494 6493
f 6401 6495 6494
f 6401 6496 6495
f 6410 6496 6401
f 6410 6497 6496
f 6410 6498 6497
f 6410 6499 6498
f 6410 6500 6499
f 6410 6501 6500
f 6410 6502 6501
f 6410 6503 6502
f 6410 6504 6503
f 6419 6504 6410
f 6419 6505 6504
f 6419 6506 6505
f 6419 6507 6506
f 6419 6508 6507
f 6419 6509 6508
f 6419 6510 6509
f 6419 6511 6510
f 6419 6512 6511
f 6428 6512 6419
f 6428 6513 6512
f 6428 6514 6513
f 6428 6515 6514
f 6428 6516 6515
f 6428 6517 6516
f 6428 6518 6517
f 6428 6519 6518
f 6428 6520 6519
f 6433 6520 6428
f 6433 6521 6520
f 6433 6522 6521
f 6433 6523 6522
f 6433 6524 6523
f 6435 6524 6433
f 6435 6525 6524
f 6437 6525 6435
f 6437 6526 6525
f 6439 6526 6437
f 6439 6527 6526
f 6530 6529 6528
f 6530 6538 6529
f 6531 6538 6530
f 6532 6538 6531
f 6533 6538 6532
f 6534 6538 6533
f 6535 6538 6534
f 6536 6538 6535
f 6537 6538 6536
f 6539 6538 6537
f 6539 6547 6538
f 6540 6547 6539
f 6541 6547 6540
f 6542 6547 6541
f 6543 6547 6542
f 6544 6547 6543
f 6545 6547 6544
f 6546 6547 6545
f 6548 6547 6546
f 6548 6556 6547
f 6549 6556 6548
f 6550 6556 6549
f 6551 6556 6550
f 6552 6556 6551
f 6553 6556 6552
f 6554 6556 6553
f 6555 6556 6554
f 6557 6556 6555
f 6557 6565 6556
f 6558 6565 6557
f 6559 6565 6558
f 6560 6565 6559
f 6561 6565 6560
f 6562 6565 6561
f 6563 6565 6562
f 6564 6565 6563
f 6566 6565 6564
f 6566 6582 6565
f 6567 6582 6566
f 6568 6582 6567
f 6569 6582 6568
f 6570 6582 6569
f 6571 6582 6570
f 6572 6582 6571
f 6573 6582 6572
f 6574 6582 6573
f 6575 6582 6574
f 6576 6582 6575
f 6577 6582 6576
f 6578 6582 6577
f 6579 6582 6578
f 6580 6582 6579
f 6581 6582 6580
f 6583 6582 6581
f 6583 6591 6582
f 6584 6591 6583
f 6585 6591 6584
f 6586 6591 6585
f 6587 6591 6586
f 6588 6591 6587
f 6589 6591 6588
f 6590 6591 6589
f 6592 6591 6590
f 6592 6600 6591
f 6593 6600 6592
f 6594 6600 6593
f 6595 6600 6594
f 6596 6600 6595
f 6597 6600 6596
f 6598 6600 6597
f 6599 6600 6598
f 6601 6600 6599
f 6601 6609 6600
f 6602 6609 6601
f 6603 6609 6602
f 6604 6609 6603
f 6605 6609 6604
f 6606 6609 6605
f 6607 6609 6606
f 6608 6609 6607
f 6610 6609 6608
f 6610 6618 6609
f 6611 6618 6610
f 6612 6618 6611
f 6613 6618 6612
f 6614 6618 6613
f 6615 6618 6614
f 6616 6618 6615
f 6617 6618 6616
f 6619 6618 6617
f 6619 6623 6618
f 6620 6623 6619
f 6621 6623 6620
f 6622 6623 6621
f 6624 6623 6622
f 6624 6625 6623
f 6626 6625 6624
f 6626 6627 6625
f 6628 6627 6626
f 6628 6629 6627
f 6538 6630 6529
f 6538 6631 6630
f 6538 6632 6631
f 6538 6633 6632
f 6538 6634 6633
f 6538 6635 6634
f 6538 6636 6635
f 6538 6637 6636
f 6538 6638 6637
f 6547 6638 6538
f 6547 6639 6638
f 6547 6640 6639
f 6547 6641 6640
f 6547 6642 6641
f 6547 6643 6642
f 6547 6644 6643
f 6547 6645 6644
f 6547 6646 6645
f 6556 6646 6547
f 6556 6647 6646
f 6556 6648 6647
f 6556 6649 6648
f 6556 6650 6649
f 6556 6651 6650
f 6556 6652 6651
f 6556 6653 6652
f 6556 6654 6653
f 6565 6654 6556
f 6565 6655 6654
f 6565 6656 6655
f 6565 6657 6656
f 6565 6658 6657
f 6565 6659 6658
f 6565 6660 6659
f 6565 6661 6660
f 6565 6662 6661
f 6582 6662 6565
f 6582 6663 6662
f 6582 6664 6663
f 6582 6665 6664
f 6582 6666 6665
f 6582 6667 6666
f 6582 6668 6667
f 6582 6669 6668
f 6582 6670 6669
f 6582 6671 6670
f 6582 6672 6671
f 6582 6673 6672
f 6582 6674 6673
f 6582 6675 6674
f 6582 6676 6675
f 6582 6677 6676
f 6582 6678 6677
f 6591 6678 6582
f 6591 6679 6678
f 6591 6680 6679
f 6591 6681 6680
f 6591 6682 6681
f 6591 6683 6682
f 6591 6684 6683
f 6591 6685 6684
f 6591 6686 6685
f 6600 6686 6591
f 6600 6687 6686
f 6600 6688 6687
f 6600 6689 6688
f 6600 6690 6689
f 6600 6691 6690
f 6600 6692 6691
f 6600 6693 6692
f 6600 6694 6693
f 6609 6694 6600
f 6609 6695 6694
f 6609 6696 6695
f 6609 6697 6696
f 6609 6698 6697
f 6609 6699 6698
f 6609 6700 6699
f 6609 6701 6700
f 6609 6702 6701
f 6618 6702 6609
f 6618 6703 6702
f 6618 6704 6703
f 6618 6705 6704
f 6618 6706 6705
f 6618 6707 6706
f 6618 6708 6707
f 6618 6709 6708
f 6618 6710 6709
f 6623 6710 6618
f 6623 6711 6710
f 6623 6712 6711
f 6623 6713 6712
f 6623 6714 6713
f 6625 6714 6623
f 6625 6715 6714
f 6627 6715 6625
f 6627 6716 6715
f 6629 6716 6627
f 6629 6717 6716
f 6720 6719 6718
f 6719 6721 6718
f 6724 6723 6722
f 6725 6724 6722
f 6728 6727 6726
f 6728 6736 6727
f 6729 6736 6728
f 6730 6736 6729
f 6731 6736 6730
f 6732 6736 6731
f 6733 6736 6732
f 6734 6736 6733
f 6735 6736 6734
f 6737 6736 6735
f 6737 6741 6736
f 6738 6741 6737
f 6739 6741 6738
f 6740 6741 6739
f 6742 6741 6740
f 6742 6750 6741
f 6743 6750 6742
f 6744 6750 6743
f 6745 6750 6744
f 6746 6750 6745
f 6747 6750 6746
f 6748 6750 6747
f 6749 6750 6748
f 6751 6750 6749
f 6751 6759 6750
f 6752 6759 6751
f 6753 6759 6752
f 6754 6759 6753
f 6755 6759 6754
f 6756 6759 6755
f 6757 6759 6756
f 6758 6759 6757
f 6760 6759 6758
f 6760 6768 6759
f 6761 6768 6760
f 6762 6768 6761
f 6763 6768 6762
f 6764 6768 6763
f 6765 6768 6764
f 6766 6768 6765
f 6767 6768 6766
f 6769 6768 6767
f 6769 6773 6768
f 6770 6773 6769
f 6771 6773 6770
f 6772 6773 6771
f 6774 6773 6772
f 6774 6782 6773
f 6775 6782 6774
f 6776 6782 6775
f 6777 6782 6776
f 6778 6782 6777
f 6779 6782 6778
f 6780 6782 6779
f 6781 6782 6780
f 6783 6782 6781
f 6783 6791 6782
f 6784 6791 6783
f 6785 6791 6784
f 6786 6791 6785
f 6787 6791 6786
f 6788 6791 6787
f 6789 6791 6788
f 6790 6791 6789
f 6792 6791 6790
f 6792 6796 6791
f 6793 6796 6792
f 6794 6796 6793
f 6795 6796 6794
f 6797 6796 6795
f 6797 6801 6796
f 6798 6801 6797
f 6799 6801 6798
f 6800 6801 6799
f 6802 6801 6800
f 6802 6803 6801
f 6804 6803 6802
f 6804 6805 6803
f 6806 6805 6804
f 6806 6807 6805
f 6736 6808 6727
f 6736 6809 6808
f 6736 6810 6809
f 6736 6811 6810
f 6736 6812 6811
f 6736 6813 6812
f 6736 6814 6813
f 6736 6815 6814
f 6736 6816 6815
f 6741 6816 6736
f 6741 6817 6816
f 6741 6818 6817
f 6741 6819 6818
f 6741 6820 6819
f 6750 6820 6741
f 6750 6821 6820
f 6750 6822 6821
f 6750 6823 6822
f 6750 6824 6823
f 6750 6825 6824
f 6750 6826 6825
f 6750 6827 6826
f 6750 6828 6827
f 6759 6828 6750
f 6759 6829 6828
f 6759 6830 6829
f 6759 6831 6830
f 6759 6832 6831
f 6759 6833 6832
f 6759 6834 6833
f 6759 6835 6834
f 6759 6836 6835
f 6768 6836 6759
f 6768 6837 6836
f 6768 6838 6837
f 6768 6839 6838
f 6768 6840 6839
f 6768 6841 6840
f 6768 6842 6841
f 6768 6843 6842
f 6768 6844 6843
f 6773 6844 6768
f 6773 6845 6844
f 6773 6846 6845
f 6773 6847 6846
f 6773 6848 6847
f 6782 6848 6773
f 6782 6849 6848
f 6782 6850 6849
f 6782 6851 6850
f 6782 6852 6851
f 6782 6853 6852
f 6782 6854 6853
f 6782 6855 6854
f 6782 6856 6855
f 6791 6856 6782
f 6791 6857 6856
f 6791 6858 6857
f 6791 6859 6858
f 6791 6860 6859
f 6791 6861 6860
f 6791 6862 6861
f 6791 6863 6862
f 6791 6864 6863
f 6796 6864 6791
f 6796 6865 6864
f 6796 6866 6865
f 6796 6867 6866
f 6796 6868 6867
f 6801 6868 6796
f 6801 6869 6868
f 6801 6870 6869
f 6801 6871 6870
f 6801 6872 6871
f 6803 6872 6801
f 6803 6873 6872
f 6805 6873 6803
f 6805 6874 6873
f 6807 6874 6805
f 6807 6875 6874
f 6878 6877 6876
f 6878 6882 6877
f 6879 6882 6878
f 6880 6882 6879
f 6881 6882 6880
f 6883 6882 6881
f 6883 6891 6882
f 6884 6891 6883
f 6885 6891 6884
f 6886 6891 6885
f 6887 6891 6886
f 6888 6891 6887
f 6889 6891 6888
f 6890 6891 6889
f 6892 6891 6890
f 6892 6900 6891
f 6893 6900 6892
f 6894 6900 6893
f 6895 6900 6894
f 6896 6900 6895
f 6897 6900 6896
f 6898 6900 6897
f 6899 6900 6898
f 6901 6900 6899
f 6901 6909 6900
f 6902 6909 6901
f 6903 6909 6902
f 6904 6909 6903
f 6905 6909 6904
f 6906 6909 6905
f 6907 6909 6906
f 6908 6909 6907
f 6910 6909 6908
f 6910 6918 6909
f 6911 6918 6910
f 6912 6918 6911
f 6913 6918 6912
f 6914 6918 6913
f 6915 6918 6914
f 6916 6918 6915
f 6917 6918 6916
f 6919 6918 6917
f 6919 6927 6918
f 6920 6927 6919
f 6921 6927 6920
f 6922 6927 6921
f 6923 6927 6922
f 6924 6927 6923
f 6925 6927 6924
f 6926 6927 6925
f 6928 6927 6926
f 6928 6932 6927
f 6929 6932 6928
f 6930 6932 6929
f 6931 6932 6930
f 6933 6932 6931
f 6933 6941 6932
f 6934 6941 6933
f 6935 6941 6934
f 6936 6941 6935
f 6937 6941 6936
f 6938 6941 6937
f 6939 6941 6938
f 6940 6941 6939
f 6942 6941 6940
f 6942 6946 6941
f 6943 6946 6942
f 6944 6946 6943
f 6945 6946 6944
f 6947 6946 6945
f 6947 6951 6946
f 6948 6951 6947
f 6949 6951 6948
f 6950 6951 6949
f 6952 6951 6950
f 6952 6953 6951
f 6954 6953 6952
f 6954 6955 6953
f 6956 6955 6954
f 6956 6957 6955
f 6882 6958 6877
f 6882 6959 6958
f 6882 6960 6959
f 6882 6961 6960
f 6882 6962 6961
f 6891 6962 6882
f 6891 6963 6962
f 6891 6964 6963
f 6891 6965 6964
f 6891 6966 6965
f 6891 6967 6966
f 6891 6968 6967
f 6891 6969 6968
f 6891 6970 6969
f 6900 6970 6891
f 6900 6971 6970
f 6900 6972 6971
f 6900 6973 6972
f 6900 6974 6973
f 6900 6975 6974
f 6900 6976 6975
f 6900 6977 6976
f 6900 6978 6977
f 6909 6978 6900
f 6909 6979 6978
f 6909 6980 6979
f 6909 6981 6980
f 6909 6982 6981
f 6909 6983 6982
f 6909 6984 6983
f 6909 6985 6984
f 6909 6986 6985
f 6918 6986 6909
f 6918 6987 6986
f 6918 6988 6987
f 6918 6989 6988
f 6918 6990 6989
f 6918 6991 6990
f 6918 6992 6991
f 6918 6993 6992
f 6918 6994 6993
f 6927 6994 6918
f 6927 6995 6994
f 6927 6996 6995
f 6927 6997 6996
f 6927 6998 6997
f 6927 6999 6998
f 6927 7000 6999
f 6927 7001 7000
f 6927 7002 7001
f 6932 7002 6927
f 6932 7003 7002
f 6932 7004 7003
f 6932 7005 7004
f 6932 7006 7005
f 6941 7006 6932
f 6941 7007 7006
f 6941 7008 7007
f 6941 7009 7008
f 6941 7010 7009
f 6941 7011 7010
f 6941 7012 7011
f 6941 7013 7012
f 6941 7014 7013
f 6946 7014 6941
f 6946 7015 7014
f 6946 7016 7015
f 6946 7017 7016
f 6946 7018 7017
f 6951 7018 6946
f 6951 7019 7018
f 6951 7020 7019
f 6951 7021 7020
f 6951 7022 7021
f 6953 7022 6951
f 6953 7023 7022
f 6955 7023 6953
f 6955 7024 7023
f 6957 7024 6955
f 6957 7025 7024
f 7028 7027 7026
f 7027 7029 7026
f 7032 7031 7030
f 7033 7032 7030
f 7036 7035 7034
f 7036 7040 7035
f 7037 7040 7036
f 7038 7040 7037
f 7039 7040 7038
f 7041 7040 7039
f 7041 7045 7040
f 7042 7045 7041
f 7043 7045 7042
f 7044 7045 7043
f 7046 7045 7044
f 7046 7054 7045
f 7047 7054 7046
f 7048 7054 7047
f 7049 7054 7048
f 7050 7054 7049
f 7051 7054 7050
f 7052 7054 7051
f 7053 7054 7052
f 7055 7054 7053
f 7055 7063 7054
f 7056 7063 7055
f 7057 7063 7056
f 7058 7063 7057
f 7059 7063 7058
f 7060 7063 7059
f 7061 7063 7060
f 7062 7063 7061
f 7064 7063 7062
f 7064 7072 7063
f 7065 7072 7064
f 7066 7072 7065
f 7067 7072 7066
f 7068 7072 7067
f 7069 7072 7068
f 7070 7072 7069
f 7071 7072 7070
f 7073 7072 7071
f 7073 7081 7072
f 7074 7081 7073
f 7075 7081 7074
f 7076 7081 7075
f 7077 7081 7076
f 7078 7081 7077
f 7079 7081 7078
f 7080 7081 7079
f 7082 7081 7080
f 7082 7090 7081
f 7083 7090 7082
f 7084 7090 7083
f 7085 7090 7084
f 7086 7090 7085
f 7087 7090 7086
f 7088 7090 7087
f 7089 7090 7088
f 7091 7090 7089
f 7091 7099 7090
f 7092 7099 7091
f 7093 7099 7092
f 7094 7099 7093
f 7095 7099 7094
f 7096 7099 7095
f 7097 7099 7096
f 7098 7099 7097
f 7100 7099 7098
f 7100 7104 7099
f 7101 7104 7100
f 7102 7104 7101
f 7103 7104 7102
f 7105 7104 7103
f 7105 7109 7104
f 7106 7109 7105
f 7107 7109 7106
f 7108 7109 7107
f 7110 7109 7108
f 7110 7114 7109
f 7111 7114 7110
f 7112 7114 7111
f 7113 7114 7112
f 7115 7114 7113
f 7115 7118 7114
f 7116 7118 7115
f 7117 7118 7116
f 7119 7118 7117
f 7119 7120 7118
f 7121 7120 7119
f 7121 7122 7120
f 7123 7122 7121
f 7123 7124 7122
f 7040 7125 7035
f 7040 7126 7125
f 7040 7127 7126
f 7040 7128 7127
f 7040 7129 7128
f 7045 7129 7040
f 7045 7130 7129
f 7045 7131 7130
f 7045 7132 7131
f 7045 7133 7132
f 7054 7133 7045
f 7054 7134 7133
f 7054 7135 7134
f 7054 7136 7135
f 7054 7137 7136
f 7054 7138 7137
f 7054 7139 7138
f 7054 7140 7139
f 7054 7141 7140
f 7063 7141 7054
f 7063 7142 7141
f 7063 7143 7142
f 7063 7144 7143
f 7063 7145 7144
f 7063 7146 7145
f 7063 7147 7146
f 7063 7148 7147
f 7063 7149 7148
f 7072 7149 7063
f 7072 7150 7149
f 7072 7151 7150
f 7072 7152 7151
f 7072 7153 7152
f 7072 7154 7153
f 7072 7155 7154
f 7072 7156 7155
f 7072 7157 7156
f 7081 7157 7072
f 7081 7158 7157
f 7081 7159 7158
f 7081 7160 7159
f 7081 7161 7160
f 7081 7162 7161
f 7081 7163 7162
f 7081 7164 7163
f 7081 7165 7164
f 7090 7165 7081
f 7090 7166 7165
f 7090 7167 7166
f 7090 7168 7167
f 7090 7169 7168
f 7090 7170 7169
f 7090 7171 7170
f 7090 7172 7171
f 7090 7173 7172
f 7099 7173 7090
f 7099 7174 7173
f 7099 7175 7174
f 7099 7176 7175
f 7099 7177 7176
f 7099 7178 7177
f 7099 7179 7178
f 7099 7180 7179
f 7099 7181 7180
f 7104 7181 7099
f 7104 7182 7181
f 7104 7183 7182
f 7104 7184 7183
f 7104 7185 7184
f 7109 7185 7104
f 7109 7186 7185
f 7109 7187 7186
f 7109 7188 7187
f 7109 7189 7188
f 7114 7189 7109
f 7114 7190 7189
f 7114 7191 7190
f 7114 7192 7191
f 7114 7193 7192
f 7118 7193 7114
f 7118 7194 7193
f 7118 7195 7194
f 7118 7196 7195
f 7120 7196 7118
f 7120 7197 7196
f 7122 7197 7120
f 7122 7198 7197
f 7124 7198 7122
f 7124 7199 7198
f 7202 7201 7200
f 7202 7206 7201
f 7203 7206 7202
f 7204 7206 7203
f 7205 7206 7204
f 7207 7206 7205
f 7207 7211 7206
f 7208 7211 7207
f 7209 7211 7208
f 7210 7211 7209
f 7212 7211 7210
f 7212 7220 7211
f 7213 7220 7212
f 7214 7220 7213
f 7215 7220 7214
f 7216 7220 7215
f 7217 7220 7216
f 7218 7220 7217
f 7219 7220 7218
f 7221 7220 7219
f 7221 7229 7220
f 7222 7229 7221
f 7223 7229 7222
f 7224 7229 7223
f 7225 7229 7224
f 7226 7229 7225
f 7227 7229 7226
f 7228 7229 7227
f 7230 7229 7228
f 7230 7238 7229
f 7231 7238 7230
f 7232 7238 7231
f 7233 7238 7232
f 7234 7238 7233
f 7235 7238 7234
f 7236 7238 7235
f 7237 7238 7236
f 7239 7238 7237
f 7239 7247 7238
f 7240 7247 7239
f 7241 7247 7240
f 7242 7247 7241
f 7243 7247 7242
f 7244 7247 7243
f 7245 7247 7244
f 7246 7247 7245
f 7248 7247 7246
f 7248 7256 7247
f 7249 7256 7248
f 7250 7256 7249
f 7251 7256 7250
f 7252 7256 7251
f 7253 7256 7252
f 7254 7256 7253
f 7255 7256 7254
f 7257 7256 7255
f 7257 7265 7256
f 7258 7265 7257
f 7259 7265 7258
f 7260 7265 7259
f 7261 7265 7260
f 7262 7265 7261
f 7263 7265 7262
f 7264 7265 7263
f 7266 7265 7264
f 7266 7270 7265
f 7267 7270 7266
f 7268 7270 7267
f 7269 7270 7268
f 7271 7270 7269
f 7271 7275 7270
f 7272 7275 7271
f 7273 7275 7272
f 7274 7275 7273
f 7276 7275 7274
f 7276 7280 7275
f 7277 7280 7276
f 7278 7280 7277
f 7279 7280 7278
f 7281 7280 7279
f 7281 7284 7280
f 7282 7284 7281
f 7283 7284 7282
f 7285 7284 7283
f 7285 7286 7284
f 7287 7286 7285
f 7287 7288 7286
f 7289 7288 7287
f 7289 7290 7288
f 7206 7291 7201
f 7206 7292 7291
f 7206 7293 7292
f 7206 7294 7293
f 7206 7295 7294
f 7211 7295 7206
f 7211 7296 7295
f 7211 7297 7296
f 7211 7298 7297
f 7211 7299 7298
f 7220 7299 7211
f 7220 7300 7299
f 7220 7301 7300
f 7220 7302 7301
f 7220 7303 7302
f 7220 7304 7303
f 7220 7305 7304
f 7220 7306 7305
f 7220 7307 7306
f 7229 7307 7220
f 7229 7308 7307
f 7229 7309 7308
f 7229 7310 7309
f 7229 7311 7310
f 7229 7312 7311
f 7229 7313 7312
f 7229 7314 7313
f 7229 7315 7314
f 7238 7315 7229
f 7238 7316 7315
f 7238 7317 7316
f 7238 7318 7317
f 7238 7319 7318
f 7238 7320 7319
f 7238 7321 7320
f 7238 7322 7321
f 7238 7323 7322
f 7247 7323 7238
f 7247 7324 7323
f 7247 7325 7324
f 7247 7326 7325
f 7247 7327 7326
f 7247 7328 7327
f 7247 7329 7328
f 7247 7330 7329
f 7247 7331 7330
f 7256 7331 7247
f 7256 7332 7331
f 7256 7333 7332
f 7256 7334 7333
f 7256 7335 7334
f 7256 7336 7335
f 7256 7337 7336
f 7256 7338 7337
f 7256 7339 7338
f 7265 7339 7256
f 7265 7340 7339
f 7265 7341 7340
f 7265 7342 7341
f 7265 7343 7342
f 7265 7344 7343
f 7265 7345 7344
f 7265 7346 7345
f 7265 7347 7346
f 7270 7347 7265
f 7270 7348 7347
f 7270 7349 7348
f 7270 7350 7349
f 7270 7351 7350
f 7275 7351 7270
f 7275 7352 7351
f 7275 7353 7352
f 7275 7354 7353
f 7275 7355 7354
f 7280 7355 7275
f 7280 7356 7355
f 7280 7357 7356
f 7280 7358 7357
f 7280 7359 7358
f 7284 7359 7280
f 7284 7360 7359
f 7284 7361 7360
f 7284 7362 7361
f 7286 7362 7284
f 7286 7363 7362
f 7288 7363 7286
f 7288 7364 7363
f 7290 7364 7288
f 7290 7365 7364
f 7368 7367 7366
f 7367 7369 7366
f 7372 7371 7370
f 7373 7372 7370
f 7376 7375 7374
f 7376 7384 7375
f 7377 7384 7376
f 7378 7384 7377
f 7379 7384 7378
f 7380 7384 7379
f 7381 7384 7380
f 7382 7384 7381
f 7383 7384 7382
f 7385 7384 7383
f 7385 7393 7384
f 7386 7393 7385
f 7387 7393 7386
f 7388 7393 7387
f 7389 7393 7388
f 7390 7393 7389
f 7391 7393 7390
f 7392 7393 7391
f 7394 7393 7392
f 7394 7402 7393
f 7395 7402 7394
f 7396 7402 7395
f 7397 7402 7396
f 7398 7402 7397
f 7399 7402 7398
f 7400 7402 7399
f 7401 7402 7400
f 7403 7402 7401
f 7403 7411 7402
f 7404 7411 7403
f 7405 7411 7404
f 7406 7411 7405
f 7407 7411 7406
f 7408 7411 7407
f 7409 7411 7408
f 7410 7411 7409
f 7412 7411 7410
f 7412 7420 7411
f 7413 7420 7412
f 7414 7420 7413
f 7415 7420 7414
f 7416 7420 7415
f 7417 7420 7416
f 7418 7420 7417
f 7419 7420 7418
f 7421 7420 7419
f 7421 7429 7420
f 7422 7429 7421
f 7423 7429 7422
f 7424 7429 7423
f 7425 7429 7424
f 7426 7429 7425
f 7427 7429 7426
f 7428 7429 7427
f 7430 7429 7428
f 7430 7438 7429
f 7431 7438 7430
f 7432 7438 7431
f 7433 7438 7432
f 7434 7438 7433
f 7435 7438 7434
f 7436 7438 7435
f 7437 7438 7436
f 7439 7438 7437
f 7439 7447 7438
f 7440 7447 7439
f 7441 7447 7440
f 7442 7447 7441
f 7443 7447 7442
f 7444 7447 7443
f 7445 7447 7444
f 7446 7447 7445
f 7448 7447 7446
f 7448 7452 7447
f 7449 7452 7448
f 7450 7452 7449
f 7451 7452 7450
f 7453 7452 7451
f 7453 7457 7452
f 7454 7457 7453
f 7455 7457 7454
f 7456 7457 7455
f 7458 7457 7456
f 7458 7460 7457
f 7459 7460 7458
f 7461 7460 7459
f 7461 7463 7460
f 7462 7463 7461
f 7464 7463 7462
f 7464 7465 7463
f 7466 7465 7464
f 7466 7467 7465
f 7468 7467 7466
f 7468 7469 7467
f 7384 7470 7375
f 7384 7471 7470
f 7384 7472 7471
f 7384 7473 7472
f 7384 7474 7473
f 7384 7475 7474
f 7384 7476 7475
f 7384 7477 7476
f 7384 7478 7477
f 7393 7478 7384
f 7393 7479 7478
f 7393 7480 7479
f 7393 7481 7480
f 7393 7482 7481
f 7393 7483 7482
f 7393 7484 7483
f 7393 7485 7484
f 7393 7486 7485
f 7402 7486 7393
f 7402 7487 7486
f 7402 7488 7487
f 7402 7489 7488
f 7402 7490 7489
f 7402 7491 7490
f 7402 7492 7491
f 7402 7493 7492
f 7402 7494 7493
f 7411 7494 7402
f 7411 7495 7494
f 7411 7496 7495
f 7411 7497 7496
f 7411 7498 7497
f 7411 7499 7498
f 7411 7500 7499
f 7411 7501 7500
f 7411 7502 7501
f 7420 7502 7411
f 7420 7503 7502
f 7420 7504 7503
f 7420 7505 7504
f 7420 7506 7505
f 7420 7507 7506
f 7420 7508 7507
f 7420 7509 7508
f 7420 7510 7509
f 7429 7510 7420
f 7429 7511 7510
f 7429 7512 7511
f 7429 7513 7512
f 7429 7514 7513
f 7429 7515 7514
f 7429 7516 7515
f 7429 7517 7516
f 7429 7518 7517
f 7438 7518 7429
f 7438 7519 7518
f 7438 7520 7519
f 7438 7521 7520
f 7438 7522 7521
f 7438 7523 7522
f 7438 7524 7523
f 7438 7525 7524
f 7438 7526 7525
f 7447 7526 7438
f 7447 7527 7526
f 7447 7528 7527
f 7447 7529 7528
f 7447 7530 7529
f 7447 7531 7530
f 7447 7532 7531
f 7447 7533 7532
f 7447 7534 7533
f 7452 7534 7447
f 7452 7535 7534
f 7452 7536 7535
f 7452 7537 7536
f 7452 7538 7537
f 7457 7538 7452
f 7457 7539 7538
f 7457 7540 7539
f 7457 7541 7540
f 7457 7542 7541
f 7460 7542 7457
f 7460 7543 7542
f 7460 7544 7543
f 7463 7544 7460
f 7463 7545 7544
f 7463 7546 7545
f 7465 7546 7463
f 7465 7547 7546
f 7467 7547 7465
f 7467 7548 7547
f 7469 7548 7467
f 7469 7549 7548
f 7552 7551 7550
f 7552 7556 7551
f 7553 7556 7552
f 7554 7556 7553
f 7555 7556 7554
f 7557 7556 7555
f 7557 7565 7556
f 7558 7565 7557
f 7559 7565 7558
f 7560 7565 7559
f 7561 7565 7560
f 7562 7565 7561
f 7563 7565 7562
f 7564 7565 7563
f 7566 7565 7564
f 7566 7574 7565
f 7567 7574 7566
f 7568 7574 7567
f 7569 7574 7568
f 7570 7574 7569
f 7571 7574 7570
f 7572 7574 7571
f 7573 7574 7572
f 7575 7574 7573
f 7575 7583 7574
f 7576 7583 7575
f 7577 7583 7576
f 7578 7583 7577
f 7579 7583 7578
f 7580 7583 7579
f 7581 7583 7580
f 7582 7583 7581
f 7584 7583 7582
f 7584 7592 7583
f 7585 7592 7584
f 7586 7592 7585
f 7587 7592 7586
f 7588 7592 7587
f 7589 7592 7588
f 7590 7592 7589
f 7591 7592 7590
f 7593 7592 7591
f 7593 7601 7592
f 7594 7601 7593
f 7595 7601 7594
f 7596 7601 7595
f 7597 7601 7596
f 7598 7601 7597
f 7599 7601 7598
f 7600 7601 7599
f 7602 7601 7600
f 7602 7610 7601
f 7603 7610 7602
f 7604 7610 7603
f 7605 7610 7604
f 7606 7610 7605
f 7607 7610 7606
f 7608 7610 7607
f 7609 7610 7608
f 7611 7610 7609
f 7611 7619 7610
f 7612 7619 7611
f 7613 7619 7612
f 7614 7619 7613
f 7615 7619 7614
f 7616 7619 7615
f 7617 7619 7616
f 7618 7619 7617
f 7620 7619 7618
f 7620 7624 7619
f 7621 7624 7620
f 7622 7624 7621
f 7623 7624 7622
f 7625 7624 7623
f 7625 7629 7624
f 7626 7629 7625
f 7627 7629 7626
f 7628 7629 7627
f 7630 7629 7628
f 7630 7634 7629
f 7631 7634 7630
f 7632 7634 7631
f 7633 7634 7632
f 7635 7634 7633
f 7635 7637 7634
f 7636 7637 7635
f 7638 7637 7636
f 7638 7640 7637
f 7639 7640 7638
f 7641 7640 7639
f 7641 7642 7640
f 7643 7642 7641
f 7643 7644 7642
f 7645 7644 7643
f 7645 7646 7644
f 7556 7647 7551
f 7556 7648 7647
f 7556 7649 7648
f 7556 7650 7649
f 7556 7651 7650
f 7565 7651 7556
f 7565 7652 7651
f 7565 7653 7652
f 7565 7654 7653
f 7565 7655 7654
f 7565 7656 7655
f 7565 7657 7656
f 7565 7658 7657
f 7565 7659 7658
f 7574 7659 7565
f 7574 7660 7659
f 7574 7661 7660
f 7574 7662 7661
f 7574 7663 7662
f 7574 7664 7663
f 7574 7665 7664
f 7574 7666 7665
f 7574 7667 7666
f 7583 7667 7574
f 7583 7668 7667
f 7583 7669 7668
f 7583 7670 7669
f 7583 7671 7670
f 7583 7672 7671
f 7583 7673 7672
f 7583 7674 7673
f 7583 7675 7674
f 7592 7675 7583
f 7592 7676 7675
f 7592 7677 7676
f 7592 7678 7677
f 7592 7679 7678
f 7592 7680 7679
f 7592 7681 7680
f 7592 7682 7681
f 7592 7683 7682
f 7601 7683 7592
f 7601 7684 7683
f 7601 7685 7684
f 7601 7686 7685
f 7601 7687 7686
f 7601 7688 7687
f 7601 7689 7688
f 7601 7690 7689
f 7601 7691 7690
f 7610 7691 7601
f 7610 7692 7691
f 7610 7693 7692
f 7610 7694 7693
f 7610 7695 7694
f 7610 7696 7695
f 7610 7697 7696
f 7610 7698 7697
f 7610 7699 7698
f 7619 7699 7610
f 7619 7700 7699
f 7619 7701 7700
f 7619 7702 7701
f 7619 7703 7702
f 7619 7704 7703
f 7619 7705 7704
f 7619 7706 7705
f 7619 7707 7706
f 7624 7707 7619
f 7624 7708 7707
f 7624 7709 7708
f 7624 7710 7709
f 7624 7711 7710
f 7629 7711 7624
f 7629 7712 7711
f 7629 7713 7712
f 7629 7714 7713
f 7629 7715 7714
f 7634 7715 7629
f 7634 7716 7715
f 7634 7717 7716
f 7634 7718 7717
f 7634 7719 7718
f 7637 7719 7634
f 7637 7720 7719
f 7637 7721 7720
f 7640 7721 7637
f 7640 7722 7721
f 7640 7723 7722
f 7642 7723 7640
f 7642 7724 7723
f 7644 7724 7642
f 7644 7725 7724
f 7646 7725 7644
f 7646 7726 7725
f 7729 7728 7727
f 7728 7730 7727
f 7733 7732 7731
f 7734 7733 7731
f 7737 7736 7735
f 7737 7745 7736
f 7738 7745 7737
f 7739 7745 7738
f 7740 7745 7739
f 7741 7745 7740
f 7742 7745 7741
f 7743 7745 7742
f 7744 7745 7743
f 7746 7745 7744
f 7746 7762 7745
f 7747 7762 7746
f 7748 7762 7747
f 7749 7762 7748
f 7750 7762 7749
f 7751 7762 7750
f 7752 7762 7751
f 7753 7762 7752
f 7754 7762 7753
f 7755 7762 7754
f 7756 7762 7755
f 7757 7762 7756
f 7758 7762 7757
f 7759 7762 7758
f 7760 7762 7759
f 7761 7762 7760
f 7763 7762 7761
f 7763 7779 7762
f 7764 7779 7763
f 7765 7779 7764
f 7766 7779 7765
f 7767 7779 7766
f 7768 7779 7767
f 7769 7779 7768
f 7770 7779 7769
f 7771 7779 7770
f 7772 7779 7771
f 7773 7779 7772
f 7774 7779 7773
f 7775 7779 7774
f 7776 7779 7775
f 7777 7779 7776
f 7778 7779 7777
f 7780 7779 7778
f 7780 7788 7779
f 7781 7788 7780
f 7782 7788 7781
f 7783 7788 7782
f 7784 7788 7783
f 7785 7788 7784
f 7786 7788 7785
f 7787 7788 7786
f 7789 7788 7787
f 7789 7797 7788
f 7790 7797 7789
f 7791 7797 7790
f 7792 7797 7791
f 7793 7797 7792
f 7794 7797 7793
f 7795 7797 7794
f 7796 7797 7795
f 7798 7797 7796
f 7798 7806 7797
f 7799 7806 7798
f 7800 7806 7799
f 7801 7806 7800
f 7802 7806 7801
f 7803 7806 7802
f 7804 7806 7803
f 7805 7806 7804
f 7807 7806 7805
f 7807 7815 7806
f 7808 7815 7807
f 7809 7815 7808
f 7810 7815 7809
f 7811 7815 7810
f 7812 7815 7811
f 7813 7815 7812
f 7814 7815 7813
f 7816 7815 7814
f 7816 7820 7815
f 7817 7820 7816
f 7818 7820 7817
f 7819 7820 7818
f 7821 7820 7819
f 7821 7825 7820
f 7822 7825 7821
f 7823 7825 7822
f 7824 7825 7823
f 7826 7825 7824
f 7826 7828 7825
f 7827 7828 7826
f 7829 7828 7827
f 7829 7830 7828
f 7831 7830 7829
f 7831 7832 7830
f 7745 7833 7736
f 7745 7834 7833
f 7745 7835 7834
f 7745 7836 7835
f 7745 7837 7836
f 7745 7838 7837
f 7745 7839 7838
f 7745 7840 7839
f 7745 7841 7840
f 7762 7841 7745
f 7762 7842 7841
f 7762 7843 7842
f 7762 7844 7843
f 7762 7845 7844
f 7762 7846 7845
f 7762 7847 7846
f 7762 7848 7847
f 7762 7849 7848
f 7762 7850 7849
f 7762 7851 7850
f 7762 7852 7851
f 7762 7853 7852
f 7762 7854 7853
f 7762 7855 7854
f 7762 7856 7855
f 7762 7857 7856
f 7779 7857 7762
f 7779 7858 7857
f 7779 7859 7858
f 7779 7860 7859
f 7779 7861 7860
f 7779 7862 7861
f 7779 7863 7862
f 7779 7864 7863
f 7779 7865 7864
f 7779 7866 7865
f 7779 7867 7866
f 7779 7868 7867
f 7779 7869 7868
f 7779 7870 7869
f 7779 7871 7870
f 7779 7872 7871
f 7779 7873 7872
f 7788 7873 7779
f 7788 7874 7873
f 7788 7875 7874
f 7788 7876 7875
f 7788 7877 7876
f 7788 7878 7877
f 7788 7879 7878
f 7788 7880 7879
f 7788 7881 7880
f 7797 7881 7788
f 7797 7882 7881
f 7797 7883 7882
f 7797 7884 7883
f 7797 7885 7884
f 7797 7886 7885
f 7797 7887 7886
f 7797 7888 7887
f 7797 7889 7888
f 7806 7889 7797
f 7806 7890 7889
f 7806 7891 7890
f 7806 7892 7891
f 7806 7893 7892
f 7806 7894 7893
f 7806 7895 7894
f 7806 7896 7895
f 7806 7897 7896
f 7815 7897 7806
f 7815 7898 7897
f 7815 7899 7898
f 7815 7900 7899
f 7815 7901 7900
f 7815 7902 7901
f 7815 7903 7902
f 7815 7904 7903
f 7815 7905 7904
f 7820 7905 7815
f 7820 7906 7905
f 7820 7907 7906
f 7820 7908 7907
f 7820 7909 7908
f 7825 7909 7820
f 7825 7910 7909
f 7825 7911 7910
f 7825 7912 7911
f 7825 7913 7912
f 7828 7913 7825
f 7828 7914 7913
f 7828 7915 7914
f 7830 7915 7828
f 7830 7916 7915
f 7832 7916 7830
f 7832 7917 7916
f 7920 7919 7918
f 7920 7928 7919
f 7921 7928 7920
f 7922 7928 7921
f 7923 7928 7922
f 7924 7928 7923
f 7925 7928 7924
f 7926 7928 7925
f 7927 7928 7926
f 7929 7928 7927
f 7929 7945 7928
f 7930 7945 7929
f 7931 7945 7930
f 7932 7945 7931
f 7933 7945 7932
f 7934 7945 7933
f 7935 7945 7934
f 7936 7945 7935
f 7937 7945 7936
f 7938 7945 7937
f 7939 7945 7938
f 7940 7945 7939
f 7941 7945 7940
f 7942 7945 7941
f 7943 7945 7942
f 7944 7945 7943
f 7946 7945 7944
f 7946 7954 7945
f 7947 7954 7946
f 7948 7954 7947
f 7949 7954 7948
f 7950 7954 7949
f 7951 7954 7950
f 7952 7954 7951
f 7953 7954 7952
f 7955 7954 7953
f 7955 7963 7954
f 7956 7963 7955
f 7957 7963 7956
f 7958 7963 7957
f 7959 7963 7958
f 7960 7963 7959
f 7961 7963 7960
f 7962 7963 7961
f 7964 7963 7962
f 7964 7980 7963
f 7965 7980 7964
f 7966 7980 7965
f 7967 7980 7966
f 7968 7980 7967
f 7969 7980 7968
f 7970 7980 7969
f 7971 7980 7970
f 7972 7980 7971
f 7973 7980 7972
f 7974 7980 7973
f 7975 7980 7974
f 7976 7980 7975
f 7977 7980 7976
f 7978 7980 7977
f 7979 7980 7978
f 7981 7980 7979
f 7981 7989 7980
f 7982 7989 7981
f 7983 7989 7982
f 7984 7989 7983
f 7985 7989 7984
f 7986 7989 7985
f 7987 7989 7986
f 7988 7989 7987
f 7990 7989 7988
f 7990 7998 7989
f 7991 7998 7990
f 7992 7998 7991
f 7993 7998 7992
f 7994 7998 7993
f 7995 7998 7994
f 7996 7998 7995
f 7997 7998 7996
f 7999 7998 7997
f 7999 8003 7998
f 8000 8003 7999
f 8001 8003 8000
f 8002 8003 8001
f 8004 8003 8002
f 8004 8008 8003
f 8005 8008 8004
f 8006 8008 8005
f 8007 8008 8006
f 8009 8008 8007
f 8009 8011 8008
f 8010 8011 8009
f 8012 8011 8010
f 8012 8013 8011
f 8014 8013 8012
f 8014 8015 8013
f 7928 8016 7919
f 7928 8017 8016
f 7928 8018 8017
f 7928 8019 8018
f 7928 8020 8019
f 7928 8021 8020
f 7928 8022 8021
f 7928 8023 8022
f 7928 8024 8023
f 7945 8024 7928
f 7945 8025 8024
f 7945 8026 8025
f 7945 8027 8026
f 7945 8028 8027
f 7945 8029 8028
f 7945 8030 8029
f 7945 8031 8030
f 7945 8032 8031
f 7945 8033 8032
f 7945 8034 8033
f 7945 8035 8034
f 7945 8036 8035
f 7945 8037 8036
f 7945 8038 8037
f 7945 8039 8038
f 7945 8040 8039
f 7954 8040 7945
f 7954 8041 8040
f 7954 8042 8041
f 7954 8043 8042
f 7954 8044 8043
f 7954 8045 8044
f 7954 8046 8045
f 7954 8047 8046
f 7954 8048 8047
f 7963 8048 7954
f 7963 8049 8048
f 7963 8050 8049
f 7963 8051 8050
f 7963 8052 8051
f 7963 8053 8052
f 7963 8054 8053
f 7963 8055 8054
f 7963 8056 8055
f 7980 8056 7963
f 7980 8057 8056
f 7980 8058 8057
f 7980 8059 8058
f 7980 8060 8059
f 7980 8061 8060
f 7980 8062 8061
f 7980 8063 8062
f 7980 8064 8063
f 7980 8065 8064
f 7980 8066 8065
f 7980 8067 8066
f 7980 8068 8067
f 7980 8069 8068
f 7980 8070 8069
f 7980 8071 8070
f 7980 8072 8071
f 7989 8072 7980
f 7989 8073 8072
f 7989 8074 8073
f 7989 8075 8074
f 7989 8076 8075
f 7989 8077 8076
f 7989 8078 8077
f 7989 8079 8078
f 7989 8080 8079
f 7998 8080 7989
f 7998 8081 8080
f 7998 8082 8081
f 7998 8083 8082
f 7998 8084 8083
f 7998 8085 8084
f 7998 8086 8085
f 7998 8087 8086
f 7998 8088 8087
f 8003 8088 7998
f 8003 8089 8088
f 8003 8090 8089
f 8003 8091 8090
f 8003 8092 8091
f 8008 8092 8003
f 8008 8093 8092
f 8008 8094 8093
f 8008 8095 8094
f 8008 8096 8095
f 8011 8096 8008
f 8011 8097 8096
f 8011 8098 8097
f 8013 8098 8011
f 8013 8099 8098
f 8015 8099 8013
f 8015 8100 8099
f 8103 8102 8101
f 8102 8104 8101
f 8107 8106 8105
f 8108 8107 8105
f 8111 8110 8109
f 8111 8119 8110
f 8112 8119 8111
f 8113 8119 8112
f 8114 8119 8113
f 8115 8119 8114
f 8116 8119 8115
f 8117 8119 8116
f 8118 8119 8117
f 8120 8119 8118
f 8120 8128 8119
f 8121 8128 8120
f 8122 8128 8121
f 8123 8128 8122
f 8124 8128 8123
f 8125 8128 8124
f 8126 8128 8125
f 8127 8128 8126
f 8129 8128 8127
f 8129 8137 8128
f 8130 8137 8129
f 8131 8137 8130
f 8132 8137 8131
f 8133 8137 8132
f 8134 8137 8133
f 8135 8137 8134
f 8136 8137 8135
f 8138 8137 8136
f 8138 8146 8137
f 8139 8146 8138
f 8140 8146 8139
f 8141 8146 8140
f 8142 8146 8141
f 8143 8146 8142
f 8144 8146 8143
f 8145 8146 8144
f 8147 8146 8145
f 8147 8155 8146
f 8148 8155 8147
f 8149 8155 8148
f 8150 8155 8149
f 8151 8155 8150
f 8152 8155 8151
f 8153 8155 8152
f 8154 8155 8153
f 8156 8155 8154
f 8156 8164 8155
f 8157 8164 8156
f 8158 8164 8157
f 8159 8164 8158
f 8160 8164 8159
f 8161 8164 8160
f 8162 8164 8161
f 8163 8164 8162
f 8165 8164 8163
f 8165 8169 8164
f 8166 8169 8165
f 8167 8169 8166
f 8168 8169 8167
f 8170 8169 8168
f 8170 8174 8169
f 8171 8174 8170
f 8172 8174 8171
f 8173 8174 8172
f 8175 8174 8173
f 8175 8177 8174
f 8176 8177 8175
f 8178 8177 8176
f 8178 8180 8177
f 8179 8180 8178
f 8181 8180 8179
f 8181 8182 8180
f 8183 8182 8181
f 8183 8184 8182
f 8119 8185 8110
f 8119 8186 8185
f 8119 8187 8186
f 8119 8188 8187
f 8119 8189 8188
f 8119 8190 8189
f 8119 8191 8190
f 8119 8192 8191
f 8119 8193 8192
f 8128 8193 8119
f 8128 8194 8193
f 8128 8195 8194
f 8128 8196 8195
f 8128 8197 8196
f 8128 8198 8197
f 8128 8199 8198
f 8128 8200 8199
f 8128 8201 8200
f 8137 8201 8128
f 8137 8202 8201
f 8137 8203 8202
f 8137 8204 8203
f 8137 8205 8204
f 8137 8206 8205
f 8137 8207 8206
f 8137 8208 8207
f 8137 8209 8208
f 8146 8209 8137
f 8146 8210 8209
f 8146 8211 8210
f 8146 8212 8211
f 8146 8213 8212
f 8146 8214 8213
f 8146 8215 8214
f 8146 8216 8215
f 8146 8217 8216
f 8155 8217 8146
f 8155 8218 8217
f 8155 8219 8218
f 8155 8220 8219
f 8155 8221 8220
f 8155 8222 8221
f 8155 8223 8222
f 8155 8224 8223
f 8155 8225 8224
f 8164 8225 8155
f 8164 8226 8225
f 8164 8227 8226
f 8164 8228 8227
f 8164 8229 8228
f 8164 8230 8229
f 8164 8231 8230
f 8164 8232 8231
f 8164 8233 8232
f 8169 8233 8164
f 8169 8234 8233
f 8169 8235 8234
f 8169 8236 8235
f 8169 8237 8236
f 8174 8237 8169
f 8174 8238 8237
f 8174 8239 8238
f 8174 8240 8239
f 8174 8241 8240
f 8177 8241 8174
f 8177 8242 8241
f 8177 8243 8242
f 8180 8243 8177
f 8180 8244 8243
f 8180 8245 8244
f 8182 8245 8180
f 8182 8246 8245
f 8184 8246 8182
f 8184 8247 8246
f 8250 8249 8248
f 8250 8254 8249
f 8251 8254 8250
f 8252 8254 8251
f 8253 8254 8252
f 8255 8254 8253
f 8255 8259 8254
f 8256 8259 8255
f 8257 8259 8256
f 8258 8259 8257
f 8260 8259 8258
f 8260 8268 8259
f 8261 8268 8260
f 8262 8268 8261
f 8263 8268 8262
f 8264 8268 8263
f 8265 8268 8264
f 8266 8268 8265
f 8267 8268 8266
f 8269 8268 8267
f 8269 8277 8268
f 8270 8277 8269
f 8271 8277 8270
f 8272 8277 8271
f 8273 8277 8272
f 8274 8277 8273
f 8275 8277 8274
f 8276 8277 8275
f 8278 8277 8276
f 8278 8286 8277
f 8279 8286 8278
f 8280 8286 8279
f 8281 8286 8280
f 8282 8286 8281
f 8283 8286 8282
f 8284 8286 8283
f 8285 8286 8284
f 8287 8286 8285
f 8287 8295 8286
f 8288 8295 8287
f 8289 8295 8288
f 8290 8295 8289
f 8291 8295 8290
f 8292 8295 8291
f 8293 8295 8292
f 8294 8295 8293
f 8296 8295 8294
f 8296 8304 8295
f 8297 8304 8296
f 8298 8304 8297
f 8299 8304 8298
f 8300 8304 8299
f 8301 8304 8300
f 8302 8304 8301
f 8303 8304 8302
f 8305 8304 8303
f 8305 8309 8304
f 8306 8309 8305
f 8307 8309 8306
f 8308 8309 8307
f 8310 8309 8308
f 8310 8316 8309
f 8311 8316 8310
f 8312 8316 8311
f 8313 8316 8312
f 8314 8316 8313
f 8315 8316 8314
f 8317 8316 8315
f 8317 8319 8316
f 8318 8319 8317
f 8320 8319 8318
f 8320 8321 8319
f 8322 8321 8320
f 8322 8323 8321
f 8254 8324 8249
f 8254 8325 8324
f 8254 8326 8325
f 8254 8327 8326
f 8254 8328 8327
f 8259 8328 8254
f 8259 8329 8328
f 8259 8330 8329
f 8259 8331 8330
f 8259 8332 8331
f 8268 8332 8259
f 8268 8333 8332
f 8268 8334 8333
f 8268 8335 8334
f 8268 8336 8335
f 8268 8337 8336
f 8268 8338 8337
f 8268 8339 8338
f 8268 8340 8339
f 8277 8340 8268
f 8277 8341 8340
f 8277 8342 8341
f 8277 8343 8342
f 8277 8344 8343
f 8277 8345 8344
f 8277 8346 8345
f 8277 8347 8346
f 8277 8348 8347
f 8286 8348 8277
f 8286 8349 8348
f 8286 8350 8349
f 8286 8351 8350
f 8286 8352 8351
f 8286 8353 8352
f 8286 8354 8353
f 8286 8355 8354
f 8286 8356 8355
f 8295 8356 8286
f 8295 8357 8356
f 8295 8358 8357
f 8295 8359 8358
f 8295 8360 8359
f 8295 8361 8360
f 8295 8362 8361
f 8295 8363 8362
f 8295 8364 8363
f 8304 8364 8295
f 8304 8365 8364
f 8304 8366 8365
f 8304 8367 8366
f 8304 8368 8367
f 8304 8369 8368
f 8304 8370 8369
f 8304 8371 8370
f 8304 8372 8371
f 8309 8372 8304
f 8309 8373 8372
f 8309 8374 8373
f 8309 8375 8374
f 8309 8376 8375
f 8316 8376 8309
f 8316 8377 8376
f 8316 8378 8377
f 8316 8379 8378
f 8316 8380 8379
f 8316 8381 8380
f 8316 8382 8381
f 8319 8382 8316
f 8319 8383 8382
f 8319 8384 8383
f 8321 8384 8319
f 8321 8385 8384
f 8323 8385 8321
f 8323 8386 8385
f 8389 8388 8387
f 8388 8390 8387
f 8393 8392 8391
f 8394 8393 8391
f 8397 8396 8395
f 8397 8405 8396
f 8398 8405 8397
f 8399 8405 8398
f 8400 8405 8399
f 8401 8405 8400
f 8402 8405 8401
f 8403 8405 8402
f 8404 8405 8403
f 8406 8405 8404
f 8406 8414 8405
f 8407 8414 8406
f 8408 8414 8407
f 8409 8414 8408
f 8410 8414 8409
f 8411 8414 8410
f 8412 8414 8411
f 8413 8414 8412
f 8415 8414 8413
f 8415 8423 8414
f 8416 8423 8415
f 8417 8423 8416
f 8418 8423 8417
f 8419 8423 8418
f 8420 8423 8419
f 8421 8423 8420
f 8422 8423 8421
f 8424 8423 8422
f 8424 8432 8423
f 8425 8432 8424
f 8426 8432 8425
f 8427 8432 8426
f 8428 8432 8427
f 8429 8432 8428
f 8430 8432 8429
f 8431 8432 8430
f 8433 8432 8431
f 8433 8441 8432
f 8434 8441 8433
f 8435 8441 8434
f 8436 8441 8435
f 8437 8441 8436
f 8438 8441 8437
f 8439 8441 8438
f 8440 8441 8439
f 8442 8441 8440
f 8442 8450 8441
f 8443 8450 8442
f 8444 8450 8443
f 8445 8450 8444
f 8446 8450 8445
f 8447 8450 8446
f 8448 8450 8447
f 8449 8450 8448
f 8451 8450 8449
f 8451 8459 8450
f 8452 8459 8451
f 8453 8459 8452
f 8454 8459 8453
f 8455 8459 8454
f 8456 8459 8455
f 8457 8459 8456
f 8458 8459 8457
f 8460 8459 8458
f 8460 8468 8459
f 8461 8468 8460
f 8462 8468 8461
f 8463 8468 8462
f 8464 8468 8463
f 8465 8468 8464
f 8466 8468 8465
f 8467 8468 8466
f 8469 8468 8467
f 8469 8473 8468
f 8470 8473 8469
f 8471 8473 8470
f 8472 8473 8471
f 8474 8473 8472
f 8474 8478 8473
f 8475 8478 8474
f 8476 8478 8475
f 8477 8478 8476
f 8479 8478 8477
f 8479 8480 8478
f 8481 8480 8479
f 8481 8482 8480
f 8483 8482 8481
f 8483 8484 8482
f 8485 8484 8483
f 8485 8486 8484
f 8405 8487 8396
f 8405 8488 8487
f 8405 8489 8488
f 8405 8490 8489
f 8405 8491 8490
f 8405 8492 8491
f 8405 8493 8492
f 8405 8494 8493
f 8405 8495 8494
f 8414 8495 8405
f 8414 8496 8495
f 8414 8497 8496
f 8414 8498 8497
f 8414 8499 8498
f 8414 8500 8499
f 8414 8501 8500
f 8414 8502 8501
f 8414 8503 8502
f 8423 8503 8414
f 8423 8504 8503
f 8423 8505 8504
f 8423 8506 8505
f 8423 8507 8506
f 8423 8508 8507
f 8423 8509 8508
f 8423 8510 8509
f 8423 8511 8510
f 8432 8511 8423
f 8432 8512 8511
f 8432 8513 8512
f 8432 8514 8513
f 8432 8515 8514
f 8432 8516 8515
f 8432 8517 8516
f 8432 8518 8517
f 8432 8519 8518
f 8441 8519 8432
f 8441 8520 8519
f 8441 8521 8520
f 8441 8522 8521
f 8441 8523 8522
f 8441 8524 8523
f 8441 8525 8524
f 8441 8526 8525
f 8441 8527 8526
f 8450 8527 8441
f 8450 8528 8527
f 8450 8529 8528
f 8450 8530 8529
f 8450 8531 8530
f 8450 8532 8531
f 8450 8533 8532
f 8450 8534 8533
f 8450 8535 8534
f 8459 8535 8450
f 8459 8536 8535
f 8459 8537 8536
f 8459 8538 8537
f 8459 8539 8538
f 8459 8540 8539
f 8459 8541 8540
f 8459 8542 8541
f 8459 8543 8542
f 8468 8543 8459
f 8468 8544 8543
f 8468 8545 8544
f 8468 8546 8545
f 8468 8547 8546
f 8468 8548 8547
f 8468 8549 8548
f 8468 8550 8549
f 8468 8551 8550
f 8473 8551 8468
f 8473 8552 8551
f 8473 8553 8552
f 8473 8554 8553
f 8473 8555 8554
f 8478 8555 8473
f 8478 8556 8555
f 8478 8557 8556
f 8478 8558 8557
f 8478 8559 8558
f 8480 8559 8478
f 8480 8560 8559
f 8482 8560 8480
f 8482 8561 8560
f 8484 8561 8482
f 8484 8562 8561
f 8486 8562 8484
f 8486 8563 8562
f 8566 8565 8564
f 8566 8570 8565
f 8567 8570 8566
f 8568 8570 8567
f 8569 8570 8568
f 8571 8570 8569
f 8571 8579 8570
f 8572 8579 8571
f 8573 8579 8572
f 8574 8579 8573
f 8575 8579 8574
f 8576 8579 8575
f 8577 8579 8576
f 8578 8579 8577
f 8580 8579 8578
f 8580 8588 8579
f 8581 8588 8580
f 8582 8588 8581
f 8583 8588 8582
f 8584 8588 8583
f 8585 8588 8584
f 8586 8588 8585
f 8587 8588 8586
f 8589 8588 8587
f 8589 8597 8588
f 8590 8597 8589
f 8591 8597 8590
f 8592 8597 8591
f 8593 8597 8592
f 8594 8597 8593
f 8595 8597 8594
f 8596 8597 8595
f 8598 8597 8596
f 8598 8606 8597
f 8599 8606 8598
f 8600 8606 8599
f 8601 8606 8600
f 8602 8606 8601
f 8603 8606 8602
f 8604 8606 8603
f 8605 8606 8604
f 8607 8606 8605
f 8607 8615 8606
f 8608 8615 8607
f 8609 8615 8608
f 8610 8615 8609
f 8611 8615 8610
f 8612 8615 8611
f 8613 8615 8612
f 8614 8615 8613
f 8616 8615 8614
f 8616 8624 8615
f 8617 8624 8616
f 8618 8624 8617
f 8619 8624 8618
f 8620 8624 8619
f 8621 8624 8620
f 8622 8624 8621
f 8623 8624 8622
f 8625 8624 8623
f 8625 8633 8624
f 8626 8633 8625
f 8627 8633 8626
f 8628 8633 8627
f 8629 8633 8628
f 8630 8633 8629
f 8631 8633 8630
f 8632 8633 8631
f 8634 8633 8632
f 8634 8638 8633
f 8635 8638 8634
f 8636 8638 8635
f 8637 8638 8636
f 8639 8638 8637
f 8639 8643 8638
f 8640 8643 8639
f 8641 8643 8640
f 8642 8643 8641
f 8644 8643 8642
f 8644 8649 8643
f 8645 8649 8644
f 8646 8649 8645
f 8647 8649 8646
f 8648 8649 8647
f 8650 8649 8648
f 8650 8651 8649
f 8652 8651 8650
f 8652 8653 8651
f 8654 8653 8652
f 8654 8655 8653
f 8570 8656 8565
f 8570 8657 8656
f 8570 8658 8657
f 8570 8659 8658
f 8570 8660 8659
f 8579 8660 8570
f 8579 8661 8660
f 8579 8662 8661
f 8579 8663 8662
f 8579 8664 8663
f 8579 8665 8664
f 8579 8666 8665
f 8579 8667 8666
f 8579 8668 8667
f 8588 8668 8579
f 8588 8669 8668
f 8588 8670 8669
f 8588 8671 8670
f 8588 8672 8671
f 8588 8673 8672
f 8588 8674 8673
f 8588 8675 8674
f 8588 8676 8675
f 8597 8676 8588
f 8597 8677 8676
f 8597 8678 8677
f 8597 8679 8678
f 8597 8680 8679
f 8597 8681 8680
f 8597 8682 8681
f 8597 8683 8682
f 8597 8684 8683
f 8606 8684 8597
f 8606 8685 8684
f 8606 8686 8685
f 8606 8687 8686
f 8606 8688 8687
f 8606 8689 8688
f 8606 8690 8689
f 8606 8691 8690
f 8606 8692 8691
f 8615 8692 8606
f 8615 8693 8692
f 8615 8694 8693
f 8615 8695 8694
f 8615 8696 8695
f 8615 8697 8696
f 8615 8698 8697
f 8615 8699 8698
f 8615 8700 8699
f 8624 8700 8615
f 8624 8701 8700
f 8624 8702 8701
f 8624 8703 8702
f 8624 8704 8703
f 8624 8705 8704
f 8624 8706 8705
f 8624 8707 8706
f 8624 8708 8707
f 8633 8708 8624
f 8633 8709 8708
f 8633 8710 8709
f 8633 8711 8710
f 8633 8712 8711
f 8633 8713 8712
f 8633 8714 8713
f 8633 8715 8714
f 8633 8716 8715
f 8638 8716 8633
f 8638 8717 8716
f 8638 8718 8717
f 8638 8719 8718
f 8638 8720 8719
f 8643 8720 8638
f 8643 8721 8720
f 8643 8722 8721
f 8643 8723 8722
f 8643 8724 8723
f 8649 8724 8643
f 8649 8725 8724
f 8649 8726 8725
f 8649 8727 8726
f 8649 8728 8727
f 8649 8729 8728
f 8651 8729 8649
f 8651 8730 8729
f 8653 8730 8651
f 8653 8731 8730
f 8655 8731 8653
f 8655 8732 8731
f 8735 8734 8733
f 8734 8736 8733
f 8739 8738 8737
f 8740 8739 8737
f 8743 8742 8741
f 8743 8754 8742
f 8744 8754 8743
f 8745 8754 8744
f 8746 8754 8745
f 8747 8754 8746
f 8748 8754 8747
f 8749 8754 8748
f 8750 8754 8749
f 8751 8754 8750
f 8752 8754 8751
f 8753 8754 8752
f 8755 8754 8753
f 8755 8763 8754
f 8756 8763 8755
f 8757 8763 8756
f 8758 8763 8757
f 8759 8763 8758
f 8760 8763 8759
f 8761 8763 8760
f 8762 8763 8761
f 8764 8763 8762
f 8764 8772 8763
f 8765 8772 8764
f 8766 8772 8765
f 8767 8772 8766
f 8768 8772 8767
f 8769 8772 8768
f 8770 8772 8769
f 8771 8772 8770
f 8773 8772 8771
f 8773 8777 8772
f 8774 8777 8773
f 8775 8777 8774
f 8776 8777 8775
f 8778 8777 8776
f 8778 8786 8777
f 8779 8786 8778
f 8780 8786 8779
f 8781 8786 8780
f 8782 8786 8781
f 8783 8786 8782
f 8784 8786 8783
f 8785 8786 8784
f 8787 8786 8785
f 8787 8788 8786
f 8789 8788 8787
f 8789 8790 8788
f 8754 8791 8742
f 8754 8792 8791
f 8754 8793 8792
f 8754 8794 8793
f 8754 8795 8794
f 8754 8796 8795
f 8754 8797 8796
f 8754 8798 8797
f 8754 8799 8798
f 8754 8800 8799
f 8754 8801 8800
f 8754 8802 8801
f 8763 8802 8754
f 8763 8803 8802
f 8763 8804 8803
f 8763 8805 8804
f 8763 8806 8805
f 8763 8807 8806
f 8763 8808 8807
f 8763 8809 8808
f 8763 8810 8809
f 8772 8810 8763
f 8772 8811 8810
f 8772 8812 8811
f 8772 8813 8812
f 8772 8814 8813
f 8772 8815 8814
f 8772 8816 8815
f 8772 8817 8816
f 8772 8818 8817
f 8777 8818 8772
f 8777 8819 8818
f 8777 8820 8819
f 8777 8821 8820
f 8777 8822 8821
f 8786 8822 8777
f 8786 8823 8822
f 8786 8824 8823
f 8786 8825 8824
f 8786 8826 8825
f 8786 8827 8826
f 8786 8828 8827
f 8786 8829 8828
f 8786 8830 8829
f 8788 8830 8786
f 8788 8831 8830
f 8790 8831 8788
f 8790 8832 8831
f 8835 8834 8833
f 8835 8840 8834
f 8836 8840 8835
f 8837 8840 8836
f 8838 8840 8837
f 8839 8840 8838
f 8841 8840 8839
f 8841 8847 8840
f 8842 8847 8841
f 8843 8847 8842
f 8844 8847 8843
f 8845 8847 8844
f 8846 8847 8845
f 8848 8847 8846
f 8848 8856 8847
f 8849 8856 8848
f 8850 8856 8849
f 8851 8856 8850
f 8852 8856 8851
f 8853 8856 8852
f 8854 8856 8853
f 8855 8856 8854
f 8857 8856 8855
f 8857 8865 8856
f 8858 8865 8857
f 8859 8865 8858
f 8860 8865 8859
f 8861 8865 8860
f 8862 8865 8861
f 8863 8865 8862
f 8864 8865 8863
f 8866 8865 8864
f 8866 8870 8865
f 8867 8870 8866
f 8868 8870 8867
f 8869 8870 8868
f 8871 8870 8869
f 8871 8877 8870
f 8872 8877 8871
f 8873 8877 8872
f 8874 8877 8873
f 8875 8877 8874
f 8876 8877 8875
f 8878 8877 8876
f 8878 8880 8877
f 8879 8880 8878
f 8881 8880 8879
f 8881 8882 8880
f 8883 8882 8881
f 8883 8884 8882
f 8840 8885 8834
f 8840 8886 8885
f 8840 8887 8886
f 8840 8888 8887
f 8840 8889 8888
f 8840 8890 8889
f 8847 8890 8840
f 8847 8891 8890
f 8847 8892 8891
f 8847 8893 8892
f 8847 8894 8893
f 8847 8895 8894
f 8847 8896 8895
f 8856 8896 8847
f 8856 8897 8896
f 8856 8898 8897
f 8856 8899 8898
f 8856 8900 8899
f 8856 8901 8900
f 8856 8902 8901
f 8856 8903 8902
f 8856 8904 8903
f 8865 8904 8856
f 8865 8905 8904
f 8865 8906 8905
f 8865 8907 8906
f 8865 8908 8907
f 8865 8909 8908
f 8865 8910 8909
f 8865 8911 8910
f 8865 8912 8911
f 8870 8912 8865
f 8870 8913 8912
f 8870 8914 8913
f 8870 8915 8914
f 8870 8916 8915
f 8877 8916 8870
f 8877 8917 8916
f 8877 8918 8917
f 8877 8919 8918
f 8877 8920 8919
f 8877 8921 8920
f 8877 8922 8921
f 8880 8922 8877
f 8880 8923 8922
f 8880 8924 8923
f 8882 8924 8880
f 8882 8925 8924
f 8884 8925 8882
f 8884 8926 8925
f 8929 8928 8927
f 8928 8930 8927
f 8933 8932 8931
f 8934 8933 8931
f 8937 8936 8935
f 8937 8944 8936
f 8938 8944 8937
f 8939 8944 8938
f 8940 8944 8939
f 8941 8944 8940
f 8942 8944 8941
f 8943 8944 8942
f 8945 8944 8943
f 8945 8952 8944
f 8946 8952 8945
f 8947 8952 8946
f 8948 8952 8947
f 8949 8952 8948
f 8950 8952 8949
f 8951 8952 8950
f 8953 8952 8951
f 8953 8961 8952
f 8954 8961 8953
f 8955 8961 8954
f 8956 8961 8955
f 8957 8961 8956
f 8958 8961 8957
f 8959 8961 8958
f 8960 8961 8959
f 8962 8961 8960
f 8962 8970 8961
f 8963 8970 8962
f 8964 8970 8963
f 8965 8970 8964
f 8966 8970 8965
f 8967 8970 8966
f 8968 8970 8967
f 8969 8970 8968
f 8971 8970 8969
f 8971 8975 8970
f 8972 8975 8971
f 8973 8975 8972
f 8974 8975 8973
f 8976 8975 8974
f 8976 8980 8975
f 8977 8980 8976
f 8978 8980 8977
f 8979 8980 8978
f 8981 8980 8979
f 8981 8984 8980
f 8982 8984 8981
f 8983 8984 8982
f 8985 8984 8983
f 8985 8986 8984
f 8987 8986 8985
f 8987 8988 8986
f 8944 8989 8936
f 8944 8990 8989
f 8944 8991 8990
f 8944 8992 8991
f 8944 8993 8992
f 8944 8994 8993
f 8944 8995 8994
f 8944 8996 8995
f 8952 8996 8944
f 8952 8997 8996
f 8952 8998 8997
f 8952 8999 8998
f 8952 9000 8999
f 8952 9001 9000
f 8952 9002 9001
f 8952 9003 9002
f 8961 9003 8952
f 8961 9004 9003
f 8961 9005 9004
f 8961 9006 9005
f 8961 9007 9006
f 8961 9008 9007
f 8961 9009 9008
f 8961 9010 9009
f 8961 9011 9010
f 8970 9011 8961
f 8970 9012 9011
f 8970 9013 9012
f 8970 9014 9013
f 8970 9015 9014
f 8970 9016 9015
f 8970 9017 9016
f 8970 9018 9017
f 8970 9019 9018
f 8975 9019 8970
f 8975 9020 9019
f 8975 9021 9020
f 8975 9022 9021
f 8975 9023 9022
f 8980 9023 8975
f 8980 9024 9023
f 8980 9025 9024
f 8980 9026 9025
f 8980 9027 9026
f 8984 9027 8980
f 8984 9028 9027
f 8984 9029 9028
f 8984 9030 9029
f 8986 9030 8984
f 8986 9031 9030
f 8988 9031 8986
f 8988 9032 9031
f 9035 9034 9033
f 9035 9040 9034
f 9036 9040 9035
f 9037 9040 9036
f 9038 9040 9037
f 9039 9040 9038
f 9041 9040 9039
f 9041 9046 9040
f 9042 9046 9041
f 9043 9046 9042
f 9044 9046 9043
f 9045 9046 9044
f 9047 9046 9045
f 9047 9055 9046
f 9048 9055 9047
f 9049 9055 9048
f 9050 9055 9049
f 9051 9055 9050
f 9052 9055 9051
f 9053 9055 9052
f 9054 9055 9053
f 9056 9055 9054
f 9056 9064 9055
f 9057 9064 9056
f 9058 9064 9057
f 9059 9064 9058
f 9060 9064 9059
f 9061 9064 9060
f 9062 9064 9061
f 9063 9064 9062
f 9065 9064 9063
f 9065 9069 9064
f 9066 9069 9065
f 9067 9069 9066
f 9068 9069 9067
f 9070 9069 9068
f 9070 9074 9069
f 9071 9074 9070
f 9072 9074 9071
f 9073 9074 9072
f 9075 9074 9073
f 9075 9079 9074
f 9076 9079 9075
f 9077 9079 9076
f 9078 9079 9077
f 9080 9079 9078
f 9080 9083 9079
f 9081 9083 9080
f 9082 9083 9081
f 9084 9083 9082
f 9084 9085 9083
f 9086 9085 9084
f 9086 9087 9085
f 9040 9088 9034
f 9040 9089 9088
f 9040 9090 9089
f 9040 9091 9090
f 9040 9092 9091
f 9040 9093 9092
f 9046 9093 9040
f 9046 9094 9093
f 9046 9095 9094
f 9046 9096 9095
f 9046 9097 9096
f 9046 9098 9097
f 9055 9098 9046
f 9055 9099 9098
f 9055 9100 9099
f 9055 9101 9100
f 9055 9102 9101
f 9055 9103 9102
f 9055 9104 9103
f 9055 9105 9104
f 9055 9106 9105
f 9064 9106 9055
f 9064 9107 9106
f 9064 9108 9107
f 9064 9109 9108
f 9064 9110 9109
f 9064 9111 9110
f 9064 9112 9111
f 9064 9113 9112
f 9064 9114 9113
f 9069 9114 9064
f 9069 9115 9114
f 9069 9116 9115
f 9069 9117 9116
f 9069 9118 9117
f 9074 9118 9069
f 9074 9119 9118
f 9074 9120 9119
f 9074 9121 9120
f 9074 9122 9121
f 9079 9122 9074
f 9079 9123 9122
f 9079 9124 9123
f 9079 9125 9124
f 9079 9126 9125
f 9083 9126 9079
f 9083 9127 9126
f 9083 9128 9127
f 9083 9129 9128
f 9085 9129 9083
f 9085 9130 9129
f 9087 9130 9085
f 9087 9131 9130
f 9134 9133 9132
f 9133 9135 9132
f 9138 9137 9136
f 9139 9138 9136
f 9142 9141 9140
f 9142 9150 9141
f 9143 9150 9142
f 9144 9150 9143
f 9145 9150 9144
f 9146 9150 9145
f 9147 9150 9146
f 9148 9150 9147
f 9149 9150 9148
f 9151 9150 9149
f 9151 9159 9150
f 9152 9159 9151
f 9153 9159 9152
f 9154 9159 9153
f 9155 9159 9154
f 9156 9159 9155
f 9157 9159 9156
f 9158 9159 9157
f 9160 9159 9158
f 9160 9168 9159
f 9161 9168 9160
f 9162 9168 9161
f 9163 9168 9162
f 9164 9168 9163
f 9165 9168 9164
f 9166 9168 9165
f 9167 9168 9166
f 9169 9168 9167
f 9169 9177 9168
f 9170 9177 9169
f 9171 9177 9170
f 9172 9177 9171
f 9173 9177 9172
f 9174 9177 9173
f 9175 9177 9174
f 9176 9177 9175
f 9178 9177 9176
f 9178 9182 9177
f 9179 9182 9178
f 9180 9182 9179
f 9181 9182 9180
f 9183 9182 9181
f 9183 9190 9182
f 9184 9190 9183
f 9185 9190 9184
f 9186 9190 9185
f 9187 9190 9186
f 9188 9190 9187
f 9189 9190 9188
f 9191 9190 9189
f 9191 9192 9190
f 9193 9192 9191
f 9193 9194 9192
f 9150 9195 9141
f 9150 9196 9195
f 9150 9197 9196
f 9150 9198 9197
f 9150 9199 9198
f 9150 9200 9199
f 9150 9201 9200
f 9150 9202 9201
f 9150 9203 9202
f 9159 9203 9150
f 9159 9204 9203
f 9159 9205 9204
f 9159 9206 9205
f 9159 9207 9206
f 9159 9208 9207
f 9159 9209 9208
f 9159 9210 9209
f 9159 9211 9210
f 9168 9211 9159
f 9168 9212 9211
f 9168 9213 9212
f 9168 9214 9213
f 9168 9215 9214
f 9168 9216 9215
f 9168 9217 9216
f 9168 9218 9217
f 9168 9219 9218
f 9177 9219 9168
f 9177 9220 9219
f 9177 9221 9220
f 9177 9222 9221
f 9177 9223 9222
f 9177 9224 9223
f 9177 9225 9224
f 9177 9226 9225
f 9177 9227 9226
f 9182 9227 9177
f 9182 9228 9227
f 9182 9229 9228
f 9182 9230 9229
f 9182 9231 9230
f 9190 9231 9182
f 9190 9232 9231
f 9190 9233 9232
f 9190 9234 9233
f 9190 9235 9234
f 9190 9236 9235
f 9190 9237 9236
f 9190 9238 9237
f 9192 9238 9190
f 9192 9239 9238
f 9194 9239 9192
f 9194 9240 9239
f 9243 9242 9241
f 9243 9251 9242
f 9244 9251 9243
f 9245 9251 9244
f 9246 9251 9245
f 9247 9251 9246
f 9248 9251 9247
f 9249 9251 9248
f 9250 9251 9249
f 9252 9251 9250
f 9252 9260 9251
f 9253 9260 9252
f 9254 9260 9253
f 9255 9260 9254
f 9256 9260 9255
f 9257 9260 9256
f 9258 9260 9257
f 9259 9260 9258
f 9261 9260 9259
f 9261 9269 9260
f 9262 9269 9261
f 9263 9269 9262
f 9264 9269 9263
f 9265 9269 9264
f 9266 9269 9265
f 9267 9269 9266
f 9268 9269 9267
f 9270 9269 9268
f 9270 9278 9269
f 9271 9278 9270
f 9272 9278 9271
f 9273 9278 9272
f 9274 9278 9273
f 9275 9278 9274
f 9276 9278 9275
f 9277 9278 9276
f 9279 9278 9277
f 9279 9285 9278
f 9280 9285 9279
f 9281 9285 9280
f 9282 9285 9281
f 9283 9285 9282
f 9284 9285 9283
f 9286 9285 9284
f 9286 9291 9285
f 9287 9291 9286
f 9288 9291 9287
f 9289 9291 9288
f 9290 9291 9289
f 9292 9291 9290
f 9292 9293 9291
f 9294 9293 9292
f 9294 9295 9293
f 9251 9296 9242
f 9251 9297 9296
f 9251 9298 9297
f 9251 9299 9298
f 9251 9300 9299
f 9251 9301 9300
f 9251 9302 9301
f 9251 9303 9302
f 9251 9304 9303
f 9260 9304 9251
f 9260 9305 9304
f 9260 9306 9305
f 9260 9307 9306
f 9260 9308 9307
f 9260 9309 9308
f 9260 9310 9309
f 9260 9311 9310
f 9260 9312 9311
f 9269 9312 9260
f 9269 9313 9312
f 9269 9314 9313
f 9269 9315 9314
f 9269 9316 9315
f 9269 9317 9316
f 9269 9318 9317
f 9269 9319 9318
f 9269 9320 9319
f 9278 9320 9269
f 9278 9321 9320
f 9278 9322 9321
f 9278 9323 9322
f 9278 9324 9323
f 9278 9325 9324
f 9278 9326 9325
f 9278 9327 9326
f 9278 9328 9327
f 9285 9328 9278
f 9285 9329 9328
f 9285 9330 9329
f 9285 9331 9330
f 9285 9332 9331
f 9285 9333 9332
f 9285 9334 9333
f 9291 9334 9285
f 9291 9335 9334
f 9291 9336 9335
f 9291 9337 9336
f 9291 9338 9337
f 9291 9339 9338
f 9293 9339 9291
f 9293 9340 9339
f 9295 9340 9293
f 9295 9341 9340
f 9344 9343 9342
f 9343 9345 9342
f 9348 9347 9346
f 9349 9348 9346
f 9352 9351 9350
f 9352 9360 9351
f 9353 9360 9352
f 9354 9360 9353
f 9355 9360 9354
f 9356 9360 9355
f 9357 9360 9356
f 9358 9360 9357
f 9359 9360 9358
f 9361 9360 9359
f 9361 9369 9360
f 9362 9369 9361
f 9363 9369 9362
f 9364 9369 9363
f 9365 9369 9364
f 9366 9369 9365
f 9367 9369 9366
f 9368 9369 9367
f 9370 9369 9368
f 9370 9378 9369
f 9371 9378 9370
f 9372 9378 9371
f 9373 9378 9372
f 9374 9378 9373
f 9375 9378 9374
f 9376 9378 9375
f 9377 9378 9376
f 9379 9378 9377
f 9379 9387 9378
f 9380 9387 9379
f 9381 9387 9380
f 9382 9387 9381
f 9383 9387 9382
f 9384 9387 9383
f 9385 9387 9384
f 9386 9387 9385
f 9388 9387 9386
f 9388 9396 9387
f 9389 9396 9388
f 9390 9396 9389
f 9391 9396 9390
f 9392 9396 9391
f 9393 9396 9392
f 9394 9396 9393
f 9395 9396 9394
f 9397 9396 9395
f 9397 9402 9396
f 9398 9402 9397
f 9399 9402 9398
f 9400 9402 9399
f 9401 9402 9400
f 9403 9402 9401
f 9403 9404 9402
f 9405 9404 9403
f 9405 9406 9404
f 9360 9407 9351
f 9360 9408 9407
f 9360 9409 9408
f 9360 9410 9409
f 9360 9411 9410
f 9360 9412 9411
f 9360 9413 9412
f 9360 9414 9413
f 9360 9415 9414
f 9369 9415 9360
f 9369 9416 9415
f 9369 9417 9416
f 9369 9418 9417
f 9369 9419 9418
f 9369 9420 9419
f 9369 9421 9420
f 9369 9422 9421
f 9369 9423 9422
f 9378 9423 9369
f 9378 9424 9423
f 9378 9425 9424
f 9378 9426 9425
f 9378 9427 9426
f 9378 9428 9427
f 9378 9429 9428
f 9378 9430 9429
f 9378 9431 9430
f 9387 9431 9378
f 9387 9432 9431
f 9387 9433 9432
f 9387 9434 9433
f 9387 9435 9434
f 9387 9436 9435
f 9387 9437 9436
f 9387 9438 9437
f 9387 9439 9438
f 9396 9439 9387
f 9396 9440 9439
f 9396 9441 9440
f 9396 9442 9441
f 9396 9443 9442
f 9396 9444 9443
f 9396 9445 9444
f 9396 9446 9445
f 9396 9447 9446
f 9402 9447 9396
f 9402 9448 9447
f 9402 9449 9448
f 9402 9450 9449
f 9402 9451 9450
f 9402 9452 9451
f 9404 9452 9402
f 9404 9453 9452
f 9406 9453 9404
f 9406 9454 9453
f 9457 9456 9455
f 9457 9462 9456
f 9458 9462 9457
f 9459 9462 9458
f 9460 9462 9459
f 9461 9462 9460
f 9463 9462 9461
f 9463 9470 9462
f 9464 9470 9463
f 9465 9470 9464
f 9466 9470 9465
f 9467 9470 9466
f 9468 9470 9467
f 9469 9470 9468
f 9471 9470 9469
f 9471 9479 9470
f 9472 9479 9471
f 9473 9479 9472
f 9474 9479 9473
f 9475 9479 9474
f 9476 9479 9475
f 9477 9479 9476
f 9478 9479 9477
f 9480 9479 9478
f 9480 9488 9479
f 9481 9488 9480
f 9482 9488 9481
f 9483 9488 9482
f 9484 9488 9483
f 9485 9488 9484
f 9486 9488 9485
f 9487 9488 9486
f 9489 9488 9487
f 9489 9497 9488
f 9490 9497 9489
f 9491 9497 9490
f 9492 9497 9491
f 9493 9497 9492
f 9494 9497 9493
f 9495 9497 9494
f 9496 9497 9495
f 9498 9497 9496
f 9498 9502 9497
f 9499 9502 9498
f 9500 9502 9499
f 9501 9502 9500
f 9503 9502 9501
f 9503 9508 9502
f 9504 9508 9503
f 9505 9508 9504
f 9506 9508 9505
f 9507 9508 9506
f 9509 9508 9507
f 9509 9510 9508
f 9511 9510 9509
f 9511 9512 9510
f 9462 9513 9456
f 9462 9514 9513
f 9462 9515 9514
f 9462 9516 9515
f 9462 9517 9516
f 9462 9518 9517
f 9470 9518 9462
f 9470 9519 9518
f 9470 9520 9519
f 9470 9521 9520
f 9470 9522 9521
f 9470 9523 9522
f 9470 9524 9523
f 9470 9525 9524
f 9479 9525 9470
f 9479 9526 9525
f 9479 9527 9526
f 9479 9528 9527
f 9479 9529 9528
f 9479 9530 9529
f 9479 9531 9530
f 9479 9532 9531
f 9479 9533 9532
f 9488 9533 9479
f 9488 9534 9533
f 9488 9535 9534
f 9488 9536 9535
f 9488 9537 9536
f 9488 9538 9537
f 9488 9539 9538
f 9488 9540 9539
f 9488 9541 9540
f 9497 9541 9488
f 9497 9542 9541
f 9497 9543 9542
f 9497 9544 9543
f 9497 9545 9544
f 9497 9546 9545
f 9497 9547 9546
f 9497 9548 9547
f 9497 9549 9548
f 9502 9549 9497
f 9502 9550 9549
f 9502 9551 9550
f 9502 9552 9551
f 9502 9553 9552
f 9508 9553 9502
f 9508 9554 9553
f 9508 9555 9554
f 9508 9556 9555
f 9508 9557 9556
f 9508 9558 9557
f 9510 9558 9508
f 9510 9559 9558
f 9512 9559 9510
f 9512 9560 9559
f 9563 9562 9561
f 9562 9564 9561
f 9567 9566 9565
f 9568 9567 9565
f 9571 9570 9569
f 9571 9579 9570
f 9572 9579 9571
f 9573 9579 9572
f 9574 9579 9573
f 9575 9579 9574
f 9576 9579 9575
f 9577 9579 9576
f 9578 9579 9577
f 9580 9579 9578
f 9580 9588 9579
f 9581 9588 9580
f 9582 9588 9581
f 9583 9588 9582
f 9584 9588 9583
f 9585 9588 9584
f 9586 9588 9585
f 9587 9588 9586
f 9589 9588 9587
f 9589 9597 9588
f 9590 9597 9589
f 9591 9597 9590
f 9592 9597 9591
f 9593 9597 9592
f 9594 9597 9593
f 9595 9597 9594
f 9596 9597 9595
f 9598 9597 9596
f 9598 9606 9597
f 9599 9606 9598
f 9600 9606 9599
f 9601 9606 9600
f 9602 9606 9601
f 9603 9606 9602
f 9604 9606 9603
f 9605 9606 9604
f 9607 9606 9605
f 9607 9619 9606
f 9608 9619 9607
f 9609 9619 9608
f 9610 9619 9609
f 9611 9619 9610
f 9612 9619 9611
f 9613 9619 9612
f 9614 9619 9613
f 9615 9619 9614
f 9616 9619 9615
f 9617 9619 9616
f 9618 9619 9617
f 9620 9619 9618
f 9620 9622 9619
f 9621 9622 9620
f 9623 9622 9621
f 9623 9624 9622
f 9625 9624 9623
f 9625 9626 9624
f 9579 9627 9570
f 9579 9628 9627
f 9579 9629 9628
f 9579 9630 9629
f 9579 9631 9630
f 9579 9632 9631
f 9579 9633 9632
f 9579 9634 9633
f 9579 9635 9634
f 9588 9635 9579
f 9588 9636 9635
f 9588 9637 9636
f 9588 9638 9637
f 9588 9639 9638
f 9588 9640 9639
f 9588 9641 9640
f 9588 9642 9641
f 9588 9643 9642
f 9597 9643 9588
f 9597 9644 9643
f 9597 9645 9644
f 9597 9646 9645
f 9597 9647 9646
f 9597 9648 9647
f 9597 9649 9648
f 9597 9650 9649
f 9597 9651 9650
f 9606 9651 9597
f 9606 9652 9651
f 9606 9653 9652
f 9606 9654 9653
f 9606 9655 9654
f 9606 9656 9655
f 9606 9657 9656
f 9606 9658 9657
f 9606 9659 9658
f 9619 9659 9606
f 9619 9660 9659
f 9619 9661 9660
f 9619 9662 9661
f 9619 9663 9662
f 9619 9664 9663
f 9619 9665 9664
f 9619 9666 9665
f 9619 9667 9666
f 9619 9668 9667
f 9619 9669 9668
f 9619 9670 9669
f 9619 9671 9670
f 9622 9671 9619
f 9622 9672 9671
f 9622 9673 9672
f 9624 9673 9622
f 9624 9674 9673
f 9626 9674 9624
f 9626 9675 9674
f 9678 9677 9676
f 9678 9686 9677
f 9679 9686 9678
f 9680 9686 9679
f 9681 9686 9680
f 9682 9686 9681
f 9683 9686 9682
f 9684 9686 9683
f 9685 9686 9684
f 9687 9686 9685
f 9687 9695 9686
f 9688 9695 9687
f 9689 9695 9688
f 9690 9695 9689
f 9691 9695 9690
f 9692 9695 9691
f 9693 9695 9692
f 9694 9695 9693
f 9696 9695 9694
f 9696 9704 9695
f 9697 9704 9696
f 9698 9704 9697
f 9699 9704 9698
f 9700 9704 9699
f 9701 9704 9700
f 9702 9704 9701
f 9703 9704 9702
f 9705 9704 9703
f 9705 9713 9704
f 9706 9713 9705
f 9707 9713 9706
f 9708 9713 9707
f 9709 9713 9708
f 9710 9713 9709
f 9711 9713 9710
f 9712 9713 9711
f 9714 9713 9712
f 9714 9722 9713
f 9715 9722 9714
f 9716 9722 9715
f 9717 9722 9716
f 9718 9722 9717
f 9719 9722 9718
f 9720 9722 9719
f 9721 9722 9720
f 9723 9722 9721
f 9723 9729 9722
f 9724 9729 9723
f 9725 9729 9724
f 9726 9729 9725
f 9727 9729 9726
f 9728 9729 9727
f 9730 9729 9728
f 9730 9731 9729
f 9732 9731 9730
f 9732 9733 9731
f 9686 9734 9677
f 9686 9735 9734
f 9686 9736 9735
f 9686 9737 9736
f 9686 9738 9737
f 9686 9739 9738
f 9686 9740 9739
f 9686 9741 9740
f 9686 9742 9741
f 9695 9742 9686
f 9695 9743 9742
f 9695 9744 9743
f 9695 9745 9744
f 9695 9746 9745
f 9695 9747 9746
f 9695 9748 9747
f 9695 9749 9748
f 9695 9750 9749
f 9704 9750 9695
f 9704 9751 9750
f 9704 9752 9751
f 9704 9753 9752
f 9704 9754 9753
f 9704 9755 9754
f 9704 9756 9755
f 9704 9757 9756
f 9704 9758 9757
f 9713 9758 9704
f 9713 9759 9758
f 9713 9760 9759
f 9713 9761 9760
f 9713 9762 9761
f 9713 9763 9762
f 9713 9764 9763
f 9713 9765 9764
f 9713 9766 9765
f 9722 9766 9713
f 9722 9767 9766
f 9722 9768 9767
f 9722 9769 9768
f 9722 9770 9769
f 9722 9771 9770
f 9722 9772 9771
f 9722 9773 9772
f 9722 9774 9773
f 9729 9774 9722
f 9729 9775 9774
f 9729 9776 9775
f 9729 9777 9776
f 9729 9778 9777
f 9729 9779 9778
f 9729 9780 9779
f 9731 9780 9729
f 9731 9781 9780
f 9733 9781 9731
f 9733 9782 9781
f 9785 9784 9783
f 9784 9786 9783
f 9789 9788 9787
f 9790 9789 9787
f 9793 9792 9791
f 9793 9801 9792
f 9794 9801 9793
f 9795 9801 9794
f 9796 9801 9795
f 9797 9801 9796
f 9798 9801 9797
f 9799 9801 9798
f 9800 9801 9799
f 9802 9801 9800
f 9802 9810 9801
f 9803 9810 9802
f 9804 9810 9803
f 9805 9810 9804
f 9806 9810 9805
f 9807 9810 9806
f 9808 9810 9807
f 9809 9810 9808
f 9811 9810 9809
f 9811 9819 9810
f 9812 9819 9811
f 9813 9819 9812
f 9814 9819 9813
f 9815 9819 9814
f 9816 9819 9815
f 9817 9819 9816
f 9818 9819 9817
f 9820 9819 9818
f 9820 9828 9819
f 9821 9828 9820
f 9822 9828 9821
f 9823 9828 9822
f 9824 9828 9823
f 9825 9828 9824
f 9826 9828 9825
f 9827 9828 9826
f 9829 9828 9827
f 9829 9837 9828
f 9830 9837 9829
f 9831 9837 9830
f 9832 9837 9831
f 9833 9837 9832
f 9834 9837 9833
f 9835 9837 9834
f 9836 9837 9835
f 9838 9837 9836
f 9838 9842 9837
f 9839 9842 9838
f 9840 9842 9839
f 9841 9842 9840
f 9843 9842 9841
f 9843 9846 9842
f 9844 9846 9843
f 9845 9846 9844
f 9847 9846 9845
f 9847 9848 9846
f 9849 9848 9847
f 9849 9850 9848
f 9801 9851 9792
f 9801 9852 9851
f 9801 9853 9852
f 9801 9854 9853
f 9801 9855 9854
f 9801 9856 9855
f 9801 9857 9856
f 9801 9858 9857
f 9801 9859 9858
f 9810 9859 9801
f 9810 9860 9859
f 9810 9861 9860
f 9810 9862 9861
f 9810 9863 9862
f 9810 9864 9863
f 9810 9865 9864
f 9810 9866 9865
f 9810 9867 9866
f 9819 9867 9810
f 9819 9868 9867
f 9819 9869 9868
f 9819 9870 9869
f 9819 9871 9870
f 9819 9872 9871
f 9819 9873 9872
f 9819 9874 9873
f 9819 9875 9874
f 9828 9875 9819
f 9828 9876 9875
f 9828 9877 9876
f 9828 9878 9877
f 9828 9879 9878
f 9828 9880 9879
f 9828 9881 9880
f 9828 9882 9881
f 9828 9883 9882
f 9837 9883 9828
f 9837 9884 9883
f 9837 9885 9884
f 9837 9886 9885
f 9837 9887 9886
f 9837 9888 9887
f 9837 9889 9888
f 9837 9890 9889
f 9837 9891 9890
f 9842 9891 9837
f 9842 9892 9891
f 9842 9893 9892
f 9842 9894 9893
f 9842 9895 9894
f 9846 9895 9842
f 9846 9896 9895
f 9846 9897 9896
f 9846 9898 9897
f 9848 9898 9846
f 9848 9899 9898
f 9850 9899 9848
f 9850 9900 9899
f 9903 9902 9901
f 9903 9911 9902
f 9904 9911 9903
f 9905 9911 9904
f 9906 9911 9905
f 9907 9911 9906
f 9908 9911 9907
f 9909 9911 9908
f 9910 9911 9909
f 9912 9911 9910
f 9912 9920 9911
f 9913 9920 9912
f 9914 9920 9913
f 9915 9920 9914
f 9916 9920 9915
f 9917 9920 9916
f 9918 9920 9917
f 9919 9920 9918
f 9921 9920 9919
f 9921 9929 9920
f 9922 9929 9921
f 9923 9929 9922
f 9924 9929 9923
f 9925 9929 9924
f 9926 9929 9925
f 9927 9929 9926
f 9928 9929 9927
f 9930 9929 9928
f 9930 9938 9929
f 9931 9938 9930
f 9932 9938 9931
f 9933 9938 9932
f 9934 9938 9933
f 9935 9938 9934
f 9936 9938 9935
f 9937 9938 9936
f 9939 9938 9937
f 9939 9947 9938
f 9940 9947 9939
f 9941 9947 9940
f 9942 9947 9941
f 9943 9947 9942
f 9944 9947 9943
f 9945 9947 9944
f 9946 9947 9945
f 9948 9947 9946
f 9948 9952 9947
f 9949 9952 9948
f 9950 9952 9949
f 9951 9952 9950
f 9953 9952 9951
f 9953 9956 9952
f 9954 9956 9953
f 9955 9956 9954
f 9957 9956 9955
f 9957 9958 9956
f 9959 9958 9957
f 9959 9960 9958
f 9911 9961 9902
f 9911 9962 9961
f 9911 9963 9962
f 9911 9964 9963
f 9911 9965 9964
f 9911 9966 9965
f 9911 9967 9966
f 9911 9968 9967
f 9911 9969 9968
f 9920 9969 9911
f 9920 9970 9969
f 9920 9971 9970
f 9920 9972 9971
f 9920 9973 9972
f 9920 9974 9973
f 9920 9975 9974
f 9920 9976 9975
f 9920 9977 9976
f 9929 9977 9920
f 9929 9978 9977
f 9929 9979 9978
f 9929 9980 9979
f 9929 9981 9980
f 9929 9982 9981
f 9929 9983 9982
f 9929 9984 9983
f 9929 9985 9984
f 9938 9985 9929
f 9938 9986 9985
f 9938 9987 9986
f 9938 9988 9987
f 9938 9989 9988
f 9938 9990 9989
f 9938 9991 9990
f 9938 9992 9991
f 9938 9993 9992
f 9947 9993 9938
f 9947 9994 9993
f 9947 9995 9994
f 9947 9996 9995
f 9947 9997 9996
f 9947 9998 9997
f 9947 9999 9998
f 9947 10000 9999
f 9947 10001 10000
f 9952 10001 9947
f 9952 10002 10001
f 9952 10003 10002
f 9952 10004 10003
f 9952 10005 10004
f 9956 10005 9952
f 9956 10006 10005
f 9956 10007 10006
f 9956 10008 10007
f 9958 10008 9956
f 9958 10009 10008
f 9960 10009 9958
f 9960 10010 10009
f 10013 10012 10011
f 10012 10014 10011
f 10017 10016 10015
f 10018 10017 10015
f 10021 10020 10019
f 10021 10029 10020
f 10022 10029 10021
f 10023 10029 10022
f 10024 10029 10023
f 10025 10029 10024
f 10026 10029 10025
f 10027 10029 10026
f 10028 10029 10027
f 10030 10029 10028
f 10030 10038 10029
f 10031 10038 10030
f 10032 10038 10031
f 10033 10038 10032
f 10034 10038 10033
f 10035 10038 10034
f 10036 10038 10035
f 10037 10038 10036
f 10039 10038 10037
f 10039 10047 10038
f 10040 10047 10039
f 10041 10047 10040
f 10042 10047 10041
f 10043 10047 10042
f 10044 10047 10043
f 10045 10047 10044
f 10046 10047 10045
f 10048 10047 10046
f 10048 10056 10047
f 10049 10056 10048
f 10050 10056 10049
f 10051 10056 10050
f 10052 10056 10051
f 10053 10056 10052
f 10054 10056 10053
f 10055 10056 10054
f 10057 10056 10055
f 10057 10069 10056
f 10058 10069 10057
f 10059 10069 10058
f 10060 10069 10059
f 10061 10069 10060
f 10062 10069 10061
f 10063 10069 10062
f 10064 10069 10063
f 10065 10069 10064
f 10066 10069 10065
f 10067 10069 10066
f 10068 10069 10067
f 10070 10069 10068
f 10070 10072 10069
f 10071 10072 10070
f 10073 10072 10071
f 10073 10074 10072
f 10075 10074 10073
f 10075 10076 10074
f 10029 10077 10020
f 10029 10078 10077
f 10029 10079 10078
f 10029 10080 10079
f 10029 10081 10080
f 10029 10082 10081
f 10029 10083 10082
f 10029 10084 10083
f 10029 10085 10084
f 10038 10085 10029
f 10038 10086 10085
f 10038 10087 10086
f 10038 10088 10087
f 10038 10089 10088
f 10038 10090 10089
f 10038 10091 10090
f 10038 10092 10091
f 10038 10093 10092
f 10047 10093 10038
f 10047 10094 10093
f 10047 10095 10094
f 10047 10096 10095
f 10047 10097 10096
f 10047 10098 10097
f 10047 10099 10098
f 10047 10100 10099
f 10047 10101 10100
f 10056 10101 10047
f 10056 10102 10101
f 10056 10103 10102
f 10056 10104 10103
f 10056 10105 10104
f 10056 10106 10105
f 10056 10107 10106
f 10056 10108 10107
f 10056 10109 10108
f 10069 10109 10056
f 10069 10110 10109
f 10069 10111 10110
f 10069 10112 10111
f 10069 10113 10112
f 10069 10114 10113
f 10069 10115 10114
f 10069 10116 10115
f 10069 10117 10116
f 10069 10118 10117
f 10069 10119 10118
f 10069 10120 10119
f 10069 10121 10120
f 10072 10121 10069
f 10072 10122 10121
f 10072 10123 10122
f 10074 10123 10072
f 10074 10124 10123
f 10076 10124 10074
f 10076 10125 10124
f 10128 10127 10126
f 10128 10136 10127
f 10129 10136 10128
f 10130 10136 10129
f 10131 10136 10130
f 10132 10136 10131
f 10133 10136 10132
f 10134 10136 10133
f 10135 10136 10134
f 10137 10136 10135
f 10137 10145 10136
f 10138 10145 10137
f 10139 10145 10138
f 10140 10145 10139
f 10141 10145 10140
f 10142 10145 10141
f 10143 10145 10142
f 10144 10145 10143
f 10146 10145 10144
f 10146 10154 10145
f 10147 10154 10146
f 10148 10154 10147
f 10149 10154 10148
f 10150 10154 10149
f 10151 10154 10150
f 10152 10154 10151
f 10153 10154 10152
f 10155 10154 10153
f 10155 10163 10154
f 10156 10163 10155
f 10157 10163 10156
f 10158 10163 10157
f 10159 10163 10158
f 10160 10163 10159
f 10161 10163 10160
f 10162 10163 10161
f 10164 10163 10162
f 10164 10172 10163
f 10165 10172 10164
f 10166 10172 10165
f 10167 10172 10166
f 10168 10172 10167
f 10169 10172 10168
f 10170 10172 10169
f 10171 10172 10170
f 10173 10172 10171
f 10173 10177 10172
f 10174 10177 10173
f 10175 10177 10174
f 10176 10177 10175
f 10178 10177 10176
f 10178 10180 10177
f 10179 10180 10178
f 10181 10180 10179
f 10181 10182 10180
f 10183 10182 10181
f 10183 10184 10182
f 10136 10185 10127
f 10136 10186 10185
f 10136 10187 10186
f 10136 10188 10187
f 10136 10189 10188
f 10136 10190 10189
f 10136 10191 10190
f 10136 10192 10191
f 10136 10193 10192
f 10145 10193 10136
f 10145 10194 10193
f 10145 10195 10194
f 10145 10196 10195
f 10145 10197 10196
f 10145 10198 10197
f 10145 10199 10198
f 10145 10200 10199
f 10145 10201 10200
f 10154 10201 10145
f 10154 10202 10201
f 10154 10203 10202
f 10154 10204 10203
f 10154 10205 10204
f 10154 10206 10205
f 10154 10207 10206
f 10154 10208 10207
f 10154 10209 10208
f 10163 10209 10154
f 10163 10210 10209
f 10163 10211 10210
f 10163 10212 10211
f 10163 10213 10212
f 10163 10214 10213
f 10163 10215 10214
f 10163 10216 10215
f 10163 10217 10216
f 10172 10217 10163
f 10172 10218 10217
f 10172 10219 10218
f 10172 10220 10219
f 10172 10221 10220
f 10172 10222 10221
f 10172 10223 10222
f 10172 10224 10223
f 10172 10225 10224
f 10177 10225 10172
f 10177 10226 10225
f 10177 10227 10226
f 10177 10228 10227
f 10177 10229 10228
f 10180 10229 10177
f 10180 10230 10229
f 10180 10231 10230
f 10182 10231 10180
f 10182 10232 10231
f 10184 10232 10182
f 10184 10233 10232
f 10236 10235 10234
f 10235 10237 10234
f 10240 10239 10238
f 10241 10240 10238
f 10244 10243 10242
f 10244 10252 10243
f 10245 10252 10244
f 10246 10252 10245
f 10247 10252 10246
f 10248 10252 10247
f 10249 10252 10248
f 10250 10252 10249
f 10251 10252 10250
f 10253 10252 10251
f 10253 10261 10252
f 10254 10261 10253
f 10255 10261 10254
f 10256 10261 10255
f 10257 10261 10256
f 10258 10261 10257
f 10259 10261 10258
f 10260 10261 10259
f 10262 10261 10260
f 10262 10270 10261
f 10263 10270 10262
f 10264 10270 10263
f 10265 10270 10264
f 10266 10270 10265
f 10267 10270 10266
f 10268 10270 10267
f 10269 10270 10268
f 10271 10270 10269
f 10271 10279 10270
f 10272 10279 10271
f 10273 10279 10272
f 10274 10279 10273
f 10275 10279 10274
f 10276 10279 10275
f 10277 10279 10276
f 10278 10279 10277
f 10280 10279 10278
f 10280 10292 10279
f 10281 10292 10280
f 10282 10292 10281
f 10283 10292 10282
f 10284 10292 10283
f 10285 10292 10284
f 10286 10292 10285
f 10287 10292 10286
f 10288 10292 10287
f 10289 10292 10288
f 10290 10292 10289
f 10291 10292 10290
f 10293 10292 10291
f 10293 10294 10292
f 10295 10294 10293
f 10295 10296 10294
f 10297 10296 10295
f 10297 10298 10296
f 10252 10299 10243
f 10252 10300 10299
f 10252 10301 10300
f 10252 10302 10301
f 10252 10303 10302
f 10252 10304 10303
f 10252 10305 10304
f 10252 10306 10305
f 10252 10307 10306
f 10261 10307 10252
f 10261 10308 10307
f 10261 10309 10308
f 10261 10310 10309
f 10261 10311 10310
f 10261 10312 10311
f 10261 10313 10312
f 10261 10314 10313
f 10261 10315 10314
f 10270 10315 10261
f 10270 10316 10315
f 10270 10317 10316
f 10270 10318 10317
f 10270 10319 10318
f 10270 10320 10319
f 10270 10321 10320
f 10270 10322 10321
f 10270 10323 10322
f 10279 10323 10270
f 10279 10324 10323
f 10279 10325 10324
f 10279 10326 10325
f 10279 10327 10326
f 10279 10328 10327
f 10279 10329 10328
f 10279 10330 10329
f 10279 10331 10330
f 10292 10331 10279
f 10292 10332 10331
f 10292 10333 10332
f 10292 10334 10333
f 10292 10335 10334
f 10292 10336 10335
f 10292 10337 10336
f 10292 10338 10337
f 10292 10339 10338
f 10292 10340 10339
f 10292 10341 10340
f 10292 10342 10341
f 10292 10343 10342
f 10294 10343 10292
f 10294 10344 10343
f 10296 10344 10294
f 10296 10345 10344
f 10298 10345 10296
f 10298 10346 10345
f 10349 10348 10347
f 10349 10357 10348
f 10350 10357 10349
f 10351 10357 10350
f 10352 10357 10351
f 10353 10357 10352
f 10354 10357 10353
f 10355 10357 10354
f 10356 10357 10355
f 10358 10357 10356
f 10358 10366 10357
f 10359 10366 10358
f 10360 10366 10359
f 10361 10366 10360
f 10362 10366 10361
f 10363 10366 10362
f 10364 10366 10363
f 10365 10366 10364
f 10367 10366 10365
f 10367 10375 10366
f 10368 10375 10367
f 10369 10375 10368
f 10370 10375 10369
f 10371 10375 10370
f 10372 10375 10371
f 10373 10375 10372
f 10374 10375 10373
f 10376 10375 10374
f 10376 10384 10375
f 10377 10384 10376
f 10378 10384 10377
f 10379 10384 10378
f 10380 10384 10379
f 10381 10384 10380
f 10382 10384 10381
f 10383 10384 10382
f 10385 10384 10383
f 10385 10393 10384
f 10386 10393 10385
f 10387 10393 10386
f 10388 10393 10387
f 10389 10393 10388
f 10390 10393 10389
f 10391 10393 10390
f 10392 10393 10391
f 10394 10393 10392
f 10394 10399 10393
f 10395 10399 10394
f 10396 10399 10395
f 10397 10399 10396
f 10398 10399 10397
f 10400 10399 10398
f 10400 10401 10399
f 10402 10401 10400
f 10402 10403 10401
f 10357 10404 10348
f 10357 10405 10404
f 10357 10406 10405
f 10357 10407 10406
f 10357 10408 10407
f 10357 10409 10408
f 10357 10410 10409
f 10357 10411 10410
f 10357 10412 10411
f 10366 10412 10357
f 10366 10413 10412
f 10366 10414 10413
f 10366 10415 10414
f 10366 10416 10415
f 10366 10417 10416
f 10366 10418 10417
f 10366 10419 10418
f 10366 10420 10419
f 10375 10420 10366
f 10375 10421 10420
f 10375 10422 10421
f 10375 10423 10422
f 10375 10424 10423
f 10375 10425 10424
f 10375 10426 10425
f 10375 10427 10426
f 10375 10428 10427
f 10384 10428 10375
f 10384 10429 10428
f 10384 10430 10429
f 10384 10431 10430
f 10384 10432 10431
f 10384 10433 10432
f 10384 10434 10433
f 10384 10435 10434
f 10384 10436 10435
f 10393 10436 10384
f 10393 10437 10436
f 10393 10438 10437
f 10393 10439 10438
f 10393 10440 10439
f 10393 10441 10440
f 10393 10442 10441
f 10393 10443 10442
f 10393 10444 10443
f 10399 10444 10393
f 10399 10445 10444
f 10399 10446 10445
f 10399 10447 10446
f 10399 10448 10447
f 10399 10449 10448
f 10401 10449 10399
f 10401 10450 10449
f 10403 10450 10401
f 10403 10451 10450
f 10454 10453 10452
f 10453 10455 10452
f 10458 10457 10456
f 10459 10458 10456
f 10462 10461 10460
f 10462 10469 10461
f 10463 10469 10462
f 10464 10469 10463
f 10465 10469 10464
f 10466 10469 10465
f 10467 10469 10466
f 10468 10469 10467
f 10470 10469 10468
f 10470 10478 10469
f 10471 10478 10470
f 10472 10478 10471
f 10473 10478 10472
f 10474 10478 10473
f 10475 10478 10474
f 10476 10478 10475
f 10477 10478 10476
f 10479 10478 10477
f 10479 10487 10478
f 10480 10487 10479
f 10481 10487 10480
f 10482 10487 10481
f 10483 10487 10482
f 10484 10487 10483
f 10485 10487 10484
f 10486 10487 10485
f 10488 10487 10486
f 10488 10496 10487
f 10489 10496 10488
f 10490 10496 10489
f 10491 10496 10490
f 10492 10496 10491
f 10493 10496 10492
f 10494 10496 10493
f 10495 10496 10494
f 10497 10496 10495
f 10497 10505 10496
f 10498 10505 10497
f 10499 10505 10498
f 10500 10505 10499
f 10501 10505 10500
f 10502 10505 10501
f 10503 10505 10502
f 10504 10505 10503
f 10506 10505 10504
f 10506 10510 10505
f 10507 10510 10506
f 10508 10510 10507
f 10509 10510 10508
f 10511 10510 10509
f 10511 10512 10510
f 10513 10512 10511
f 10513 10514 10512
f 10469 10515 10461
f 10469 10516 10515
f 10469 10517 10516
f 10469 10518 10517
f 10469 10519 10518
f 10469 10520 10519
f 10469 10521 10520
f 10469 10522 10521
f 10478 10522 10469
f 10478 10523 10522
f 10478 10524 10523
f 10478 10525 10524
f 10478 10526 10525
f 10478 10527 10526
f 10478 10528 10527
f 10478 10529 10528
f 10478 10530 10529
f 10487 10530 10478
f 10487 10531 10530
f 10487 10532 10531
f 10487 10533 10532
f 10487 10534 10533
f 10487 10535 10534
f 10487 10536 10535
f 10487 10537 10536
f 10487 10538 10537
f 10496 10538 10487
f 10496 10539 10538
f 10496 10540 10539
f 10496 10541 10540
f 10496 10542 10541
f 10496 10543 10542
f 10496 10544 10543
f 10496 10545 10544
f 10496 10546 10545
f 10505 10546 10496
f 10505 10547 10546
f 10505 10548 10547
f 10505 10549 10548
f 10505 10550 10549
f 10505 10551 10550
f 10505 10552 10551
f 10505 10553 10552
f 10505 10554 10553
f 10510 10554 10505
f 10510 10555 10554
f 10510 10556 10555
f 10510 10557 10556
f 10510 10558 10557
f 10512 10558 10510
f 10512 10559 10558
f 10514 10559 10512
f 10514 10560 10559
f 10563 10562 10561
f 10563 10571 10562
f 10564 10571 10563
f 10565 10571 10564
f 10566 10571 10565
f 10567 10571 10566
f 10568 10571 10567
f 10569 10571 10568
f 10570 10571 10569
f 10572 10571 10570
f 10572 10580 10571
f 10573 10580 10572
f 10574 10580 10573
f 10575 10580 10574
f 10576 10580 10575
f 10577 10580 10576
f 10578 10580 10577
f 10579 10580 10578
f 10581 10580 10579
f 10581 10589 10580
f 10582 10589 10581
f 10583 10589 10582
f 10584 10589 10583
f 10585 10589 10584
f 10586 10589 10585
f 10587 10589 10586
f 10588 10589 10587
f 10590 10589 10588
f 10590 10598 10589
f 10591 10598 10590
f 10592 10598 10591
f 10593 10598 10592
f 10594 10598 10593
f 10595 10598 10594
f 10596 10598 10595
f 10597 10598 10596
f 10599 10598 10597
f 10599 10607 10598
f 10600 10607 10599
f 10601 10607 10600
f 10602 10607 10601
f 10603 10607 10602
f 10604 10607 10603
f 10605 10607 10604
f 10606 10607 10605
f 10608 10607 10606
f 10608 10611 10607
f 10609 10611 10608
f 10610 10611 10609
f 10612 10611 10610
f 10612 10613 10611
f 10614 10613 10612
f 10614 10615 10613
f 10571 10616 10562
f 10571 10617 10616
f 10571 10618 10617
f 10571 10619 10618
f 10571 10620 10619
f 10571 10621 10620
f 10571 10622 10621
f 10571 10623 10622
f 10571 10624 10623
f 10580 10624 10571
f 10580 10625 10624
f 10580 10626 10625
f 10580 10627 10626
f 10580 10628 10627
f 10580 10629 10628
f 10580 10630 10629
f 10580 10631 10630
f 10580 10632 10631
f 10589 10632 10580
f 10589 10633 10632
f 10589 10634 10633
f 10589 10635 10634
f 10589 10636 10635
f 10589 10637 10636
f 10589 10638 10637
f 10589 10639 10638
f 10589 10640 10639
f 10598 10640 10589
f 10598 10641 10640
f 10598 10642 10641
f 10598 10643 10642
f 10598 10644 10643
f 10598 10645 10644
f 10598 10646 10645
f 10598 10647 10646
f 10598 10648 10647
f 10607 10648 10598
f 10607 10649 10648
f 10607 10650 10649
f 10607 10651 10650
f 10607 10652 10651
f 10607 10653 10652
f 10607 10654 10653
f 10607 10655 10654
f 10607 10656 10655
f 10611 10656 10607
f 10611 10657 10656
f 10611 10658 10657
f 10611 10659 10658
f 10613 10659 10611
f 10613 10660 10659
f 10615 10660 10613
f 10615 10661 10660
f 10664 10663 10662
f 10663 10665 10662
f 10668 10667 10666
f 10669 10668 10666
f 10672 10671 10670
f 10672 10679 10671
f 10673 10679 10672
f 10674 10679 10673
f 10675 10679 10674
f 10676 10679 10675
f 10677 10679 10676
f 10678 10679 10677
f 10680 10679 10678
f 10680 10688 10679
f 10681 10688 10680
f 10682 10688 10681
f 10683 10688 10682
f 10684 10688 10683
f 10685 10688 10684
f 10686 10688 10685
f 10687 10688 10686
f 10689 10688 10687
f 10689 10697 10688
f 10690 10697 10689
f 10691 10697 10690
f 10692 10697 10691
f 10693 10697 10692
f 10694 10697 10693
f 10695 10697 10694
f 10696 10697 10695
f 10698 10697 10696
f 10698 10706 10697
f 10699 10706 10698
f 10700 10706 10699
f 10701 10706 10700
f 10702 10706 10701
f 10703 10706 10702
f 10704 10706 10703
f 10705 10706 10704
f 10707 10706 10705
f 10707 10711 10706
f 10708 10711 10707
f 10709 10711 10708
f 10710 10711 10709
f 10712 10711 10710
f 10712 10718 10711
f 10713 10718 10712
f 10714 10718 10713
f 10715 10718 10714
f 10716 10718 10715
f 10717 10718 10716
f 10719 10718 10717
f 10719 10720 10718
f 10721 10720 10719
f 10721 10722 10720
f 10679 10723 10671
f 10679 10724 10723
f 10679 10725 10724
f 10679 10726 10725
f 10679 10727 10726
f 10679 10728 10727
f 10679 10729 10728
f 10679 10730 10729
f 10688 10730 10679
f 10688 10731 10730
f 10688 10732 10731
f 10688 10733 10732
f 10688 10734 10733
f 10688 10735 10734
f 10688 10736 10735
f 10688 10737 10736
f 10688 10738 10737
f 10697 10738 10688
f 10697 10739 10738
f 10697 10740 10739
f 10697 10741 10740
f 10697 10742 10741
f 10697 10743 10742
f 10697 10744 10743
f 10697 10745 10744
f 10697 10746 10745
f 10706 10746 10697
f 10706 10747 10746
f 10706 10748 10747
f 10706 10749 10748
f 10706 10750 10749
f 10706 10751 10750
f 10706 10752 10751
f 10706 10753 10752
f 10706 10754 10753
f 10711 10754 10706
f 10711 10755 10754
f 10711 10756 10755
f 10711 10757 10756
f 10711 10758 10757
f 10718 10758 10711
f 10718 10759 10758
f 10718 10760 10759
f 10718 10761 10760
f 10718 10762 10761
f 10718 10763 10762
f 10718 10764 10763
f 10720 10764 10718
f 10720 10765 10764
f 10722 10765 10720
f 10722 10766 10765
f 10769 10768 10767
f 10769 10776 10768
f 10770 10776 10769
f 10771 10776 10770
f 10772 10776 10771
f 10773 10776 10772
f 10774 10776 10773
f 10775 10776 10774
f 10777 10776 10775
f 10777 10785 10776
f 10778 10785 10777
f 10779 10785 10778
f 10780 10785 10779
f 10781 10785 10780
f 10782 10785 10781
f 10783 10785 10782
f 10784 10785 10783
f 10786 10785 10784
f 10786 10794 10785
f 10787 10794 10786
f 10788 10794 10787
f 10789 10794 10788
f 10790 10794 10789
f 10791 10794 10790
f 10792 10794 10791
f 10793 10794 10792
f 10795 10794 10793
f 10795 10803 10794
f 10796 10803 10795
f 10797 10803 10796
f 10798 10803 10797
f 10799 10803 10798
f 10800 10803 10799
f 10801 10803 10800
f 10802 10803 10801
f 10804 10803 10802
f 10804 10808 10803
f 10805 10808 10804
f 10806 10808 10805
f 10807 10808 10806
f 10809 10808 10807
f 10809 10815 10808
f 10810 10815 10809
f 10811 10815 10810
f 10812 10815 10811
f 10813 10815 10812
f 10814 10815 10813
f 10816 10815 10814
f 10816 10817 10815
f 10818 10817 10816
f 10818 10819 10817
f 10776 10820 10768
f 10776 10821 10820
f 10776 10822 10821
f 10776 10823 10822
f 10776 10824 10823
f 10776 10825 10824
f 10776 10826 10825
f 10776 10827 10826
f 10785 10827 10776
f 10785 10828 10827
f 10785 10829 10828
f 10785 10830 10829
f 10785 10831 10830
f 10785 10832 10831
f 10785 10833 10832
f 10785 10834 10833
f 10785 10835 10834
f 10794 10835 10785
f 10794 10836 10835
f 10794 10837 10836
f 10794 10838 10837
f 10794 10839 10838
f 10794 10840 10839
f 10794 10841 10840
f 10794 10842 10841
f 10794 10843 10842
f 10803 10843 10794
f 10803 10844 10843
f 10803 10845 10844
f 10803 10846 10845
f 10803 10847 10846
f 10803 10848 10847
f 10803 10849 10848
f 10803 10850 10849
f 10803 10851 10850
f 10808 10851 10803
f 10808 10852 10851
f 10808 10853 10852
f 10808 10854 10853
f 10808 10855 10854
f 10815 10855 10808
f 10815 10856 10855
f 10815 10857 10856
f 10815 10858 10857
f 10815 10859 10858
f 10815 10860 10859
f 10815 10861 10860
f 10817 10861 10815
f 10817 10862 10861
f 10819 10862 10817
f 10819 10863 10862
f 10866 10865 10864
f 10865 10867 10864
f 10870 10869 10868
f 10871 10870 10868
f 10874 10873 10872
f 10874 10881 10873
f 10875 10881 10874
f 10876 10881 10875
f 10877 10881 10876
f 10878 10881 10877
f 10879 10881 10878
f 10880 10881 10879
f 10882 10881 10880
f 10882 10890 10881
f 10883 10890 10882
f 10884 10890 10883
f 10885 10890 10884
f 10886 10890 10885
f 10887 10890 10886
f 10888 10890 10887
f 10889 10890 10888
f 10891 10890 10889
f 10891 10899 10890
f 10892 10899 10891
f 10893 10899 10892
f 10894 10899 10893
f 10895 10899 10894
f 10896 10899 10895
f 10897 10899 10896
f 10898 10899 10897
f 10900 10899 10898
f 10900 10908 10899
f 10901 10908 10900
f 10902 10908 10901
f 10903 10908 10902
f 10904 10908 10903
f 10905 10908 10904
f 10906 10908 10905
f 10907 10908 10906
f 10909 10908 10907
f 10909 10917 10908
f 10910 10917 10909
f 10911 10917 10910
f 10912 10917 10911
f 10913 10917 10912
f 10914 10917 10913
f 10915 10917 10914
f 10916 10917 10915
f 10918 10917 10916
f 10918 10919 10917
f 10920 10919 10918
f 10920 10921 10919
f 10881 10922 10873
f 10881 10923 10922
f 10881 10924 10923
f 10881 10925 10924
f 10881 10926 10925
f 10881 10927 10926
f 10881 10928 10927
f 10881 10929 10928
f 10890 10929 10881
f 10890 10930 10929
f 10890 10931 10930
f 10890 10932 10931
f 10890 10933 10932
f 10890 10934 10933
f 10890 10935 10934
f 10890 10936 10935
f 10890 10937 10936
f 10899 10937 10890
f 10899 10938 10937
f 10899 10939 10938
f 10899 10940 10939
f 10899 10941 10940
f 10899 10942 10941
f 10899 10943 10942
f 10899 10944 10943
f 10899 10945 10944
f 10908 10945 10899
f 10908 10946 10945
f 10908 10947 10946
f 10908 10948 10947
f 10908 10949 10948
f 10908 10950 10949
f 10908 10951 10950
f 10908 10952 10951
f 10908 10953 10952
f 10917 10953 10908
f 10917 10954 10953
f 10917 10955 10954
f 10917 10956 10955
f 10917 10957 10956
f 10917 10958 10957
f 10917 10959 10958
f 10917 10960 10959
f 10917 10961 10960
f 10919 10961 10917
f 10919 10962 10961
f 10921 10962 10919
f 10921 10963 10962
f 10966 10965 10964
f 10966 10973 10965
f 10967 10973 10966
f 10968 10973 10967
f 10969 10973 10968
f 10970 10973 10969
f 10971 10973 10970
f 10972 10973 10971
f 10974 10973 10972
f 10974 10978 10973
f 10975 10978 10974
f 10976 10978 10975
f 10977 10978 10976
f 10979 10978 10977
f 10979 10987 10978
f 10980 10987 10979
f 10981 10987 10980
f 10982 10987 10981
f 10983 10987 10982
f 10984 10987 10983
f 10985 10987 10984
f 10986 10987 10985
f 10988 10987 10986
f 10988 10996 10987
f 10989 10996 10988
f 10990 10996 10989
f 10991 10996 10990
f 10992 10996 10991
f 10993 10996 10992
f 10994 10996 10993
f 10995 10996 10994
f 10997 10996 10995
f 10997 11005 10996
f 10998 11005 10997
f 10999 11005 10998
f 11000 11005 10999
f 11001 11005 11000
f 11002 11005 11001
f 11003 11005 11002
f 11004 11005 11003
f 11006 11005 11004
f 11006 11010 11005
f 11007 11010 11006
f 11008 11010 11007
f 11009 11010 11008
f 11011 11010 11009
f 11011 11012 11010
f 11013 11012 11011
f 11013 11014 11012
f 10973 11015 10965
f 10973 11016 11015
f 10973 11017 11016
f 10973 11018 11017
f 10973 11019 11018
f 10973 11020 11019
f 10973 11021 11020
f 10973 11022 11021
f 10978 11022 10973
f 10978 11023 11022
f 10978 11024 11023
f 10978 11025 11024
f 10978 11026 11025
f 10987 11026 10978
f 10987 11027 11026
f 10987 11028 11027
f 10987 11029 11028
f 10987 11030 11029
f 10987 11031 11030
f 10987 11032 11031
f 10987 11033 11032
f 10987 11034 11033
f 10996 11034 10987
f 10996 11035 11034
f 10996 11036 11035
f 10996 11037 11036
f 10996 11038 11037
f 10996 11039 11038
f 10996 11040 11039
f 10996 11041 11040
f 10996 11042 11041
f 11005 11042 10996
f 11005 11043 11042
f 11005 11044 11043
f 11005 11045 11044
f 11005 11046 11045
f 11005 11047 11046
f 11005 11048 11047
f 11005 11049 11048
f 11005 11050 11049
f 11010 11050 11005
f 11010 11051 11050
f 11010 11052 11051
f 11010 11053 11052
f 11010 11054 11053
f 11012 11054 11010
f 11012 11055 11054
f 11014 11055 11012
f 11014 11056 11055
f 11059 11058 11057
f 11058 11060 11057
f 11063 11062 11061
f 11064 11063 11061
f 11067 11066 11065
f 11067 11071 11066
f 11068 11071 11067
f 11069 11071 11068
f 11070 11071 11069
f 11072 11071 11070
f 11072 11082 11071
f 11073 11082 11072
f 11074 11082 11073
f 11075 11082 11074
f 11076 11082 11075
f 11077 11082 11076
f 11078 11082 11077
f 11079 11082 11078
f 11080 11082 11079
f 11081 11082 11080
f 11083 11082 11081
f 11083 11087 11082
f 11084 11087 11083
f 11085 11087 11084
f 11086 11087 11085
f 11088 11087 11086
f 11088 11092 11087
f 11089 11092 11088
f 11090 11092 11089
f 11091 11092 11090
f 11093 11092 11091
f 11093 11097 11092
f 11094 11097 11093
f 11095 11097 11094
f 11096 11097 11095
f 11098 11097 11096
f 11098 11102 11097
f 11099 11102 11098
f 11100 11102 11099
f 11101 11102 11100
f 11103 11102 11101
f 11103 11107 11102
f 11104 11107 11103
f 11105 11107 11104
f 11106 11107 11105
f 11108 11107 11106
f 11108 11109 11107
f 11110 11109 11108
f 11110 11111 11109
f 11112 11111 11110
f 11112 11113 11111
f 11114 11113 11112
f 11114 11115 11113
f 11116 11115 11114
f 11116 11117 11115
f 11071 11118 11066
f 11071 11119 11118
f 11071 11120 11119
f 11071 11121 11120
f 11071 11122 11121
f 11082 11122 11071
f 11082 11123 11122
f 11082 11124 11123
f 11082 11125 11124
f 11082 11126 11125
f 11082 11127 11126
f 11082 11128 11127
f 11082 11129 11128
f 11082 11130 11129
f 11082 11131 11130
f 11082 11132 11131
f 11087 11132 11082
f 11087 11133 11132
f 11087 11134 11133
f 11087 11135 11134
f 11087 11136 11135
f 11092 11136 11087
f 11092 11137 11136
f 11092 11138 11137
f 11092 11139 11138
f 11092 11140 11139
f 11097 11140 11092
f 11097 11141 11140
f 11097 11142 11141
f 11097 11143 11142
f 11097 11144 11143
f 11102 11144 11097
f 11102 11145 11144
f 11102 11146 11145
f 11102 11147 11146
f 11102 11148 11147
f 11107 11148 11102
f 11107 11149 11148
f 11107 11150 11149
f 11107 11151 11150
f 11107 11152 11151
f 11109 11152 11107
f 11109 11153 11152
f 11111 11153 11109
f 11111 11154 11153
f 11113 11154 11111
f 11113 11155 11154
f 11115 11155 11113
f 11115 11156 11155
f 11117 11156 11115
f 11117 11157 11156
f 11160 11159 11158
f 11160 11164 11159
f 11161 11164 11160
f 11162 11164 11161
f 11163 11164 11162
f 11165 11164 11163
f 11165 11168 11164
f 11166 11168 11165
f 11167 11168 11166
f 11169 11168 11167
f 11169 11173 11168
f 11170 11173 11169
f 11171 11173 11170
f 11172 11173 11171
f 11174 11173 11172
f 11174 11178 11173
f 11175 11178 11174
f 11176 11178 11175
f 11177 11178 11176
f 11179 11178 11177
f 11179 11183 11178
f 11180 11183 11179
f 11181 11183 11180
f 11182 11183 11181
f 11184 11183 11182
f 11184 11188 11183
f 11185 11188 11184
f 11186 11188 11185
f 11187 11188 11186
f 11189 11188 11187
f 11189 11193 11188
f 11190 11193 11189
f 11191 11193 11190
f 11192 11193 11191
f 11194 11193 11192
f 11194 11198 11193
f 11195 11198 11194
f 11196 11198 11195
f 11197 11198 11196
f 11199 11198 11197
f 11199 11201 11198
f 11200 11201 11199
f 11202 11201 11200
f 11202 11204 11201
f 11203 11204 11202
f 11205 11204 11203
f 11205 11206 11204
f 11207 11206 11205
f 11207 11208 11206
f 11209 11208 11207
f 11209 11210 11208
f 11211 11210 11209
f 11211 11212 11210
f 11164 11213 11159
f 11164 11214 11213
f 11164 11215 11214
f 11164 11216 11215
f 11164 11217 11216
f 11168 11217 11164
f 11168 11218 11217
f 11168 11219 11218
f 11168 11220 11219
f 11173 11220 11168
f 11173 11221 11220
f 11173 11222 11221
f 11173 11223 11222
f 11173 11224 11223
f 11178 11224 11173
f 11178 11225 11224
f 11178 11226 11225
f 11178 11227 11226
f 11178 11228 11227
f 11183 11228 11178
f 11183 11229 11228
f 11183 11230 11229
f 11183 11231 11230
f 11183 11232 11231
f 11188 11232 11183
f 11188 11233 11232
f 11188 11234 11233
f 11188 11235 11234
f 11188 11236 11235
f 11193 11236 11188
f 11193 11237 11236
f 11193 11238 11237
f 11193 11239 11238
f 11193 11240 11239
f 11198 11240 11193
f 11198 11241 11240
f 11198 11242 11241
f 11198 11243 11242
f 11198 11244 11243
f 11201 11244 11198
f 11201 11245 11244
f 11201 11246 11245
f 11204 11246 11201
f 11204 11247 11246
f 11204 11248 11247
f 11206 11248 11204
f 11206 11249 11248
f 11208 11249 11206
f 11208 11250 11249
f 11210 11250 11208
f 11210 11251 11250
f 11212 11251 11210
f 11212 11252 11251
f 11255 11254 11253
f 11254 11256 11253
f 11259 11258 11257
f 11260 11259 11257
f 11263 11262 11261
f 11263 11272 11262
f 11264 11272 11263
f 11265 11272 11264
f 11266 11272 11265
f 11267 11272 11266
f 11268 11272 11267
f 11269 11272 11268
f 11270 11272 11269
f 11271 11272 11270
f 11273 11272 11271
f 11273 11280 11272
f 11274 11280 11273
f 11275 11280 11274
f 11276 11280 11275
f 11277 11280 11276
f 11278 11280 11277
f 11279 11280 11278
f 11281 11280 11279
f 11281 11285 11280
f 11282 11285 11281
f 11283 11285 11282
f 11284 11285 11283
f 11286 11285 11284
f 11286 11290 11285
f 11287 11290 11286
f 11288 11290 11287
f 11289 11290 11288
f 11291 11290 11289
f 11291 11295 11290
f 11292 11295 11291
f 11293 11295 11292
f 11294 11295 11293
f 11296 11295 11294
f 11296 11300 11295
f 11297 11300 11296
f 11298 11300 11297
f 11299 11300 11298
f 11301 11300 11299
f 11301 11305 11300
f 11302 11305 11301
f 11303 11305 11302
f 11304 11305 11303
f 11306 11305 11304
f 11306 11308 11305
f 11307 11308 11306
f 11309 11308 11307
f 11309 11310 11308
f 11311 11310 11309
f 11311 11312 11310
f 11313 11312 11311
f 11313 11314 11312
f 11272 11315 11262
f 11272 11316 11315
f 11272 11317 11316
f 11272 11318 11317
f 11272 11319 11318
f 11272 11320 11319
f 11272 11321 11320
f 11272 11322 11321
f 11272 11323 11322
f 11272 11324 11323
f 11280 11324 11272
f 11280 11325 11324
f 11280 11326 11325
f 11280 11327 11326
f 11280 11328 11327
f 11280 11329 11328
f 11280 11330 11329
f 11280 11331 11330
f 11285 11331 11280
f 11285 11332 11331
f 11285 11333 11332
f 11285 11334 11333
f 11285 11335 11334
f 11290 11335 11285
f 11290 11336 11335
f 11290 11337 11336
f 11290 11338 11337
f 11290 11339 11338
f 11295 11339 11290
f 11295 11340 11339
f 11295 11341 11340
f 11295 11342 11341
f 11295 11343 11342
f 11300 11343 11295
f 11300 11344 11343
f 11300 11345 11344
f 11300 11346 11345
f 11300 11347 11346
f 11305 11347 11300
f 11305 11348 11347
f 11305 11349 11348
f 11305 11350 11349
f 11305 11351 11350
f 11308 11351 11305
f 11308 11352 11351
f 11308 11353 11352
f 11310 11353 11308
f 11310 11354 11353
f 11312 11354 11310
f 11312 11355 11354
f 11314 11355 11312
f 11314 11356 11355
f 11359 11358 11357
f 11359 11363 11358
f 11360 11363 11359
f 11361 11363 11360
f 11362 11363 11361
f 11364 11363 11362
f 11364 11370 11363
f 11365 11370 11364
f 11366 11370 11365
f 11367 11370 11366
f 11368 11370 11367
f 11369 11370 11368
f 11371 11370 11369
f 11371 11375 11370
f 11372 11375 11371
f 11373 11375 11372
f 11374 11375 11373
f 11376 11375 11374
f 11376 11384 11375
f 11377 11384 11376
f 11378 11384 11377
f 11379 11384 11378
f 11380 11384 11379
f 11381 11384 11380
f 11382 11384 11381
f 11383 11384 11382
f 11385 11384 11383
f 11385 11389 11384
f 11386 11389 11385
f 11387 11389 11386
f 11388 11389 11387
f 11390 11389 11388
f 11390 11394 11389
f 11391 11394 11390
f 11392 11394 11391
f 11393 11394 11392
f 11395 11394 11393
f 11395 11399 11394
f 11396 11399 11395
f 11397 11399 11396
f 11398 11399 11397
f 11400 11399 11398
f 11400 11402 11399
f 11401 11402 11400
f 11403 11402 11401
f 11403 11405 11402
f 11404 11405 11403
f 11406 11405 11404
f 11406 11407 11405
f 11408 11407 11406
f 11408 11409 11407
f 11410 11409 11408
f 11410 11411 11409
f 11363 11412 11358
f 11363 11413 11412
f 11363 11414 11413
f 11363 11415 11414
f 11363 11416 11415
f 11370 11416 11363
f 11370 11417 11416
f 11370 11418 11417
f 11370 11419 11418
f 11370 11420 11419
f 11370 11421 11420
f 11370 11422 11421
f 11375 11422 11370
f 11375 11423 11422
f 11375 11424 11423
f 11375 11425 11424
f 11375 11426 11425
f 11384 11426 11375
f 11384 11427 11426
f 11384 11428 11427
f 11384 11429 11428
f 11384 11430 11429
f 11384 11431 11430
f 11384 11432 11431
f 11384 11433 11432
f 11384 11434 11433
f 11389 11434 11384
f 11389 11435 11434
f 11389 11436 11435
f 11389 11437 11436
f 11389 11438 11437
f 11394 11438 11389
f 11394 11439 11438
f 11394 11440 11439
f 11394 11441 11440
f 11394 11442 11441
f 11399 11442 11394
f 11399 11443 11442
f 11399 11444 11443
f 11399 11445 11444
f 11399 11446 11445
f 11402 11446 11399
f 11402 11447 11446
f 11402 11448 11447
f 11405 11448 11402
f 11405 11449 11448
f 11405 11450 11449
f 11407 11450 11405
f 11407 11451 11450
f 11409 11451 11407
f 11409 11452 11451
f 11411 11452 11409
f 11411 11453 11452
f 11456 11455 11454
f 11455 11457 11454
f 11460 11459 11458
f 11461 11460 11458
f 11464 11463 11462
f 11464 11474 11463
f 11465 11474 11464
f 11466 11474 11465
f 11467 11474 11466
f 11468 11474 11467
f 11469 11474 11468
f 11470 11474 11469
f 11471 11474 11470
f 11472 11474 11471
f 11473 11474 11472
f 11475 11474 11473
f 11475 11482 11474
f 11476 11482 11475
f 11477 11482 11476
f 11478 11482 11477
f 11479 11482 11478
f 11480 11482 11479
f 11481 11482 11480
f 11483 11482 11481
f 11483 11491 11482
f 11484 11491 11483
f 11485 11491 11484
f 11486 11491 11485
f 11487 11491 11486
f 11488 11491 11487
f 11489 11491 11488
f 11490 11491 11489
f 11492 11491 11490
f 11492 11496 11491
f 11493 11496 11492
f 11494 11496 11493
f 11495 11496 11494
f 11497 11496 11495
f 11497 11501 11496
f 11498 11501 11497
f 11499 11501 11498
f 11500 11501 11499
f 11502 11501 11500
f 11502 11506 11501
f 11503 11506 11502
f 11504 11506 11503
f 11505 11506 11504
f 11507 11506 11505
f 11507 11509 11506
f 11508 11509 11507
f 11510 11509 11508
f 11510 11512 11509
f 11511 11512 11510
f 11513 11512 11511
f 11513 11514 11512
f 11515 11514 11513
f 11515 11516 11514
f 11474 11517 11463
f 11474 11518 11517
f 11474 11519 11518
f 11474 11520 11519
f 11474 11521 11520
f 11474 11522 11521
f 11474 11523 11522
f 11474 11524 11523
f 11474 11525 11524
f 11474 11526 11525
f 11474 11527 11526
f 11482 11527 11474
f 11482 11528 11527
f 11482 11529 11528
f 11482 11530 11529
f 11482 11531 11530
f 11482 11532 11531
f 11482 11533 11532
f 11482 11534 11533
f 11491 11534 11482
f 11491 11535 11534
f 11491 11536 11535
f 11491 11537 11536
f 11491 11538 11537
f 11491 11539 11538
f 11491 11540 11539
f 11491 11541 11540
f 11491 11542 11541
f 11496 11542 11491
f 11496 11543 11542
f 11496 11544 11543
f 11496 11545 11544
f 11496 11546 11545
f 11501 11546 11496
f 11501 11547 11546
f 11501 11548 11547
f 11501 11549 11548
f 11501 11550 11549
f 11506 11550 11501
f 11506 11551 11550
f 11506 11552 11551
f 11506 11553 11552
f 11506 11554 11553
f 11509 11554 11506
f 11509 11555 11554
f 11509 11556 11555
f 11512 11556 11509
f 11512 11557 11556
f 11512 11558 11557
f 11514 11558 11512
f 11514 11559 11558
f 11516 11559 11514
f 11516 11560 11559
f 11563 11562 11561
f 11563 11569 11562
f 11564 11569 11563
f 11565 11569 11564
f 11566 11569 11565
f 11567 11569 11566
f 11568 11569 11567
f 11570 11569 11568
f 11570 11574 11569
f 11571 11574 11570
f 11572 11574 11571
f 11573 11574 11572
f 11575 11574 11573
f 11575 11582 11574
f 11576 11582 11575
f 11577 11582 11576
f 11578 11582 11577
f 11579 11582 11578
f 11580 11582 11579
f 11581 11582 11580
f 11583 11582 11581
f 11583 11591 11582
f 11584 11591 11583
f 11585 11591 11584
f 11586 11591 11585
f 11587 11591 11586
f 11588 11591 11587
f 11589 11591 11588
f 11590 11591 11589
f 11592 11591 11590
f 11592 11600 11591
f 11593 11600 11592
f 11594 11600 11593
f 11595 11600 11594
f 11596 11600 11595
f 11597 11600 11596
f 11598 11600 11597
f 11599 11600 11598
f 11601 11600 11599
f 11601 11607 11600
f 11602 11607 11601
f 11603 11607 11602
f 11604 11607 11603
f 11605 11607 11604
f 11606 11607 11605
f 11608 11607 11606
f 11608 11610 11607
f 11609 11610 11608
f 11611 11610 11609
f 11611 11612 11610
f 11613 11612 11611
f 11613 11614 11612
f 11569 11615 11562
f 11569 11616 11615
f 11569 11617 11616
f 11569 11618 11617
f 11569 11619 11618
f 11569 11620 11619
f 11569 11621 11620
f 11574 11621 11569
f 11574 11622 11621
f 11574 11623 11622
f 11574 11624 11623
f 11574 11625 11624
f 11582 11625 11574
f 11582 11626 11625
f 11582 11627 11626
f 11582 11628 11627
f 11582 11629 11628
f 11582 11630 11629
f 11582 11631 11630
f 11582 11632 11631
f 11591 11632 11582
f 11591 11633 11632
f 11591 11634 11633
f 11591 11635 11634
f 11591 11636 11635
f 11591 11637 11636
f 11591 11638 11637
f 11591 11639 11638
f 11591 11640 11639
f 11600 11640 11591
f 11600 11641 11640
f 11600 11642 11641
f 11600 11643 11642
f 11600 11644 11643
f 11600 11645 11644
f 11600 11646 11645
f 11600 11647 11646
f 11600 11648 11647
f 11607 11648 11600
f 11607 11649 11648
f 11607 11650 11649
f 11607 11651 11650
f 11607 11652 11651
f 11607 11653 11652
f 11607 11654 11653
f 11610 11654 11607
f 11610 11655 11654
f 11610 11656 11655
f 11612 11656 11610
f 11612 11657 11656
f 11614 11657 11612
f 11614 11658 11657
f 11661 11660 11659
f 11660 11662 11659
f 11665 11664 11663
f 11666 11665 11663
f 11669 11668 11667
f 11669 11675 11668
f 11670 11675 11669
f 11671 11675 11670
f 11672 11675 11671
f 11673 11675 11672
f 11674 11675 11673
f 11676 11675 11674
f 11676 11686 11675
f 11677 11686 11676
f 11678 11686 11677
f 11679 11686 11678
f 11680 11686 11679
f 11681 11686 11680
f 11682 11686 11681
f 11683 11686 11682
f 11684 11686 11683
f 11685 11686 11684
f 11687 11686 11685
f 11687 11691 11686
f 11688 11691 11687
f 11689 11691 11688
f 11690 11691 11689
f 11692 11691 11690
f 11692 11696 11691
f 11693 11696 11692
f 11694 11696 11693
f 11695 11696 11694
f 11697 11696 11695
f 11697 11701 11696
f 11698 11701 11697
f 11699 11701 11698
f 11700 11701 11699
f 11702 11701 11700
f 11702 11706 11701
f 11703 11706 11702
f 11704 11706 11703
f 11705 11706 11704
f 11707 11706 11705
f 11707 11711 11706
f 11708 11711 11707
f 11709 11711 11708
f 11710 11711 11709
f 11712 11711 11710
f 11712 11716 11711
f 11713 11716 11712
f 11714 11716 11713
f 11715 11716 11714
f 11717 11716 11715
f 11717 11721 11716
f 11718 11721 11717
f 11719 11721 11718
f 11720 11721 11719
f 11722 11721 11720
f 11722 11725 11721
f 11723 11725 11722
f 11724 11725 11723
f 11726 11725 11724
f 11726 11727 11725
f 11728 11727 11726
f 11728 11729 11727
f 11730 11729 11728
f 11730 11731 11729
f 11732 11731 11730
f 11732 11733 11731
f 11734 11733 11732
f 11734 11735 11733
f 11675 11736 11668
f 11675 11737 11736
f 11675 11738 11737
f 11675 11739 11738
f 11675 11740 11739
f 11675 11741 11740
f 11675 11742 11741
f 11686 11742 11675
f 11686 11743 11742
f 11686 11744 11743
f 11686 11745 11744
f 11686 11746 11745
f 11686 11747 11746
f 11686 11748 11747
f 11686 11749 11748
f 11686 11750 11749
f 11686 11751 11750
f 11686 11752 11751
f 11691 11752 11686
f 11691 11753 11752
f 11691 11754 11753
f 11691 11755 11754
f 11691 11756 11755
f 11696 11756 11691
f 11696 11757 11756
f 11696 11758 11757
f 11696 11759 11758
f 11696 11760 11759
f 11701 11760 11696
f 11701 11761 11760
f 11701 11762 11761
f 11701 11763 11762
f 11701 11764 11763
f 11706 11764 11701
f 11706 11765 11764
f 11706 11766 11765
f 11706 11767 11766
f 11706 11768 11767
f 11711 11768 11706
f 11711 11769 11768
f 11711 11770 11769
f 11711 11771 11770
f 11711 11772 11771
f 11716 11772 11711
f 11716 11773 11772
f 11716 11774 11773
f 11716 11775 11774
f 11716 11776 11775
f 11721 11776 11716
f 11721 11777 11776
f 11721 11778 11777
f 11721 11779 11778
f 11721 11780 11779
f 11725 11780 11721
f 11725 11781 11780
f 11725 11782 11781
f 11725 11783 11782
f 11727 11783 11725
f 11727 11784 11783
f 11729 11784 11727
f 11729 11785 11784
f 11731 11785 11729
f 11731 11786 11785
f 11733 11786 11731
f 11733 11787 11786
f 11735 11787 11733
f 11735 11788 11787
f 11791 11790 11789
f 11791 11797 11790
f 11792 11797 11791
f 11793 11797 11792
f 11794 11797 11793
f 11795 11797 11794
f 11796 11797 11795
f 11798 11797 11796
f 11798 11804 11797
f 11799 11804 11798
f 11800 11804 11799
f 11801 11804 11800
f 11802 11804 11801
f 11803 11804 11802
f 11805 11804 11803
f 11805 11810 11804
f 11806 11810 11805
f 11807 11810 11806
f 11808 11810 11807
f 11809 11810 11808
f 11811 11810 11809
f 11811 11815 11810
f 11812 11815 11811
f 11813 11815 11812
f 11814 11815 11813
f 11816 11815 11814
f 11816 11820 11815
f 11817 11820 11816
f 11818 11820 11817
f 11819 11820 11818
f 11821 11820 11819
f 11821 11825 11820
f 11822 11825 11821
f 11823 11825 11822
f 11824 11825 11823
f 11826 11825 11824
f 11826 11830 11825
f 11827 11830 11826
f 11828 11830 11827
f 11829 11830 11828
f 11831 11830 11829
f 11831 11835 11830
f 11832 11835 11831
f 11833 11835 11832
f 11834 11835 11833
f 11836 11835 11834
f 11836 11840 11835
f 11837 11840 11836
f 11838 11840 11837
f 11839 11840 11838
f 11841 11840 11839
f 11841 11843 11840
f 11842 11843 11841
f 11844 11843 11842
f 11844 11846 11843
f 11845 11846 11844
f 11847 11846 11845
f 11847 11849 11846
f 11848 11849 11847
f 11850 11849 11848
f 11850 11852 11849
f 11851 11852 11850
f 11853 11852 11851
f 11853 11854 11852
f 11855 11854 11853
f 11855 11856 11854
f 11857 11856 11855
f 11857 11858 11856
f 11797 11859 11790
f 11797 11860 11859
f 11797 11861 11860
f 11797 11862 11861
f 11797 11863 11862
f 11797 11864 11863
f 11797 11865 11864
f 11804 11865 11797
f 11804 11866 11865
f 11804 11867 11866
f 11804 11868 11867
f 11804 11869 11868
f 11804 11870 11869
f 11804 11871 11870
f 11810 11871 11804
f 11810 11872 11871
f 11810 11873 11872
f 11810 11874 11873
f 11810 11875 11874
f 11810 11876 11875
f 11815 11876 11810
f 11815 11877 11876
f 11815 11878 11877
f 11815 11879 11878
f 11815 11880 11879
f 11820 11880 11815
f 11820 11881 11880
f 11820 11882 11881
f 11820 11883 11882
f 11820 11884 11883
f 11825 11884 11820
f 11825 11885 11884
f 11825 11886 11885
f 11825 11887 11886
f 11825 11888 11887
f 11830 11888 11825
f 11830 11889 11888
f 11830 11890 11889
f 11830 11891 11890
f 11830 11892 11891
f 11835 11892 11830
f 11835 11893 11892
f 11835 11894 11893
f 11835 11895 11894
f 11835 11896 11895
f 11840 11896 11835
f 11840 11897 11896
f 11840 11898 11897
f 11840 11899 11898
f 11840 11900 11899
f 11843 11900 11840
f 11843 11901 11900
f 11843 11902 11901
f 11846 11902 11843
f 11846 11903 11902
f 11846 11904 11903
f 11849 11904 11846
f 11849 11905 11904
f 11849 11906 11905
f 11852 11906 11849
f 11852 11907 11906
f 11852 11908 11907
f 11854 11908 11852
f 11854 11909 11908
f 11856 11909 11854
f 11856 11910 11909
f 11858 11910 11856
f 11858 11911 11910
f 11914 11913 11912
f 11913 11915 11912
f 11918 11917 11916
f 11919 11918 11916
f 11922 11921 11920
f 11922 11939 11921
f 11923 11939 11922
f 11924 11939 11923
f 11925 11939 11924
f 11926 11939 11925
f 11927 11939 11926
f 11928 11939 11927
f 11929 11939 11928
f 11930 11939 11929
f 11931 11939 11930
f 11932 11939 11931
f 11933 11939 11932
f 11934 11939 11933
f 11935 11939 11934
f 11936 11939 11935
f 11937 11939 11936
f 11938 11939 11937
f 11940 11939 11938
f 11940 11948 11939
f 11941 11948 11940
f 11942 11948 11941
f 11943 11948 11942
f 11944 11948 11943
f 11945 11948 11944
f 11946 11948 11945
f 11947 11948 11946
f 11949 11948 11947
f 11949 11957 11948
f 11950 11957 11949
f 11951 11957 11950
f 11952 11957 11951
f 11953 11957 11952
f 11954 11957 11953
f 11955 11957 11954
f 11956 11957 11955
f 11958 11957 11956
f 11958 11966 11957
f 11959 11966 11958
f 11960 11966 11959
f 11961 11966 11960
f 11962 11966 11961
f 11963 11966 11962
f 11964 11966 11963
f 11965 11966 11964
f 11967 11966 11965
f 11967 11971 11966
f 11968 11971 11967
f 11969 11971 11968
f 11970 11971 11969
f 11972 11971 11970
f 11972 11974 11971
f 11973 11974 11972
f 11975 11974 11973
f 11975 11976 11974
f 11977 11976 11975
f 11977 11978 11976
f 11939 11979 11921
f 11939 11980 11979
f 11939 11981 11980
f 11939 11982 11981
f 11939 11983 11982
f 11939 11984 11983
f 11939 11985 11984
f 11939 11986 11985
f 11939 11987 11986
f 11939 11988 11987
f 11939 11989 11988
f 11939 11990 11989
f 11939 11991 11990
f 11939 11992 11991
f 11939 11993 11992
f 11939 11994 11993
f 11939 11995 11994
f 11939 11996 11995
f 11948 11996 11939
f 11948 11997 11996
f 11948 11998 11997
f 11948 11999 11998
f 11948 12000 11999
f 11948 12001 12000
f 11948 12002 12001
f 11948 12003 12002
f 11948 12004 12003
f 11957 12004 11948
f 11957 12005 12004
f 11957 12006 12005
f 11957 12007 12006
f 11957 12008 12007
f 11957 12009 12008
f 11957 12010 12009
f 11957 12011 12010
f 11957 12012 12011
f 11966 12012 11957
f 11966 12013 12012
f 11966 12014 12013
f 11966 12015 12014
f 11966 12016 12015
f 11966 12017 12016
f 11966 12018 12017
f 11966 12019 12018
f 11966 12020 12019
f 11971 12020 11966
f 11971 12021 12020
f 11971 12022 12021
f 11971 12023 12022
f 11971 12024 12023
f 11974 12024 11971
f 11974 12025 12024
f 11974 12026 12025
f 11976 12026 11974
f 11976 12027 12026
f 11978 12027 11976
f 11978 12028 12027
f 12031 12030 12029
f 12031 12035 12030
f 12032 12035 12031
f 12033 12035 12032
f 12034 12035 12033
f 12036 12035 12034
f 12036 12045 12035
f 12037 12045 12036
f 12038 12045 12037
f 12039 12045 12038
f 12040 12045 12039
f 12041 12045 12040
f 12042 12045 12041
f 12043 12045 12042
f 12044 12045 12043
f 12046 12045 12044
f 12046 12054 12045
f 12047 12054 12046
f 12048 12054 12047
f 12049 12054 12048
f 12050 12054 12049
f 12051 12054 12050
f 12052 12054 12051
f 12053 12054 12052
f 12055 12054 12053
f 12055 12063 12054
f 12056 12063 12055
f 12057 12063 12056
f 12058 12063 12057
f 12059 12063 12058
f 12060 12063 12059
f 12061 12063 12060
f 12062 12063 12061
f 12064 12063 12062
f 12064 12072 12063
f 12065 12072 12064
f 12066 12072 12065
f 12067 12072 12066
f 12068 12072 12067
f 12069 12072 12068
f 12070 12072 12069
f 12071 12072 12070
f 12073 12072 12071
f 12073 12077 12072
f 12074 12077 12073
f 12075 12077 12074
f 12076 12077 12075
f 12078 12077 12076
f 12078 12082 12077
f 12079 12082 12078
f 12080 12082 12079
f 12081 12082 12080
f 12083 12082 12081
f 12083 12085 12082
f 12084 12085 12083
f 12086 12085 12084
f 12086 12087 12085
f 12088 12087 12086
f 12088 12089 12087
f 12035 12090 12030
f 12035 12091 12090
f 12035 12092 12091
f 12035 12093 12092
f 12035 12094 12093
f 12045 12094 12035
f 12045 12095 12094
f 12045 12096 12095
f 12045 12097 12096
f 12045 12098 12097
f 12045 12099 12098
f 12045 12100 12099
f 12045 12101 12100
f 12045 12102 12101
f 12045 12103 12102
f 12054 12103 12045
f 12054 12104 12103
f 12054 12105 12104
f 12054 12106 12105
f 12054 12107 12106
f 12054 12108 12107
f 12054 12109 12108
f 12054 12110 12109
f 12054 12111 12110
f 12063 12111 12054
f 12063 12112 12111
f 12063 12113 12112
f 12063 12114 12113
f 12063 12115 12114
f 12063 12116 12115
f 12063 12117 12116
f 12063 12118 12117
f 12063 12119 12118
f 12072 12119 12063
f 12072 12120 12119
f 12072 12121 12120
f 12072 12122 12121
f 12072 12123 12122
f 12072 12124 12123
f 12072 12125 12124
f 12072 12126 12125
f 12072 12127 12126
f 12077 12127 12072
f 12077 12128 12127
f 12077 12129 12128
f 12077 12130 12129
f 12077 12131 12130
f 12082 12131 12077
f 12082 12132 12131
f 12082 12133 12132
f 12082 12134 12133
f 12082 12135 12134
f 12085 12135 12082
f 12085 12136 12135
f 12085 12137 12136
f 12087 12137 12085
f 12087 12138 12137
f 12089 12138 12087
f 12089 12139 12138
f 12142 12141 12140
f 12141 12143 12140
f 12146 12145 12144
f 12147 12146 12144
f 12150 12149 12148
f 12150 12156 12149
f 12151 12156 12150
f 12152 12156 12151
f 12153 12156 12152
f 12154 12156 12153
f 12155 12156 12154
f 12157 12156 12155
f 12157 12168 12156
f 12158 12168 12157
f 12159 12168 12158
f 12160 12168 12159
f 12161 12168 12160
f 12162 12168 12161
f 12163 12168 12162
f 12164 12168 12163
f 12165 12168 12164
f 12166 12168 12165
f 12167 12168 12166
f 12169 12168 12167
f 12169 12173 12168
f 12170 12173 12169
f 12171 12173 12170
f 12172 12173 12171
f 12174 12173 12172
f 12174 12178 12173
f 12175 12178 12174
f 12176 12178 12175
f 12177 12178 12176
f 12179 12178 12177
f 12179 12183 12178
f 12180 12183 12179
f 12181 12183 12180
f 12182 12183 12181
f 12184 12183 12182
f 12184 12188 12183
f 12185 12188 12184
f 12186 12188 12185
f 12187 12188 12186
f 12189 12188 12187
f 12189 12193 12188
f 12190 12193 12189
f 12191 12193 12190
f 12192 12193 12191
f 12194 12193 12192
f 12194 12198 12193
f 12195 12198 12194
f 12196 12198 12195
f 12197 12198 12196
f 12199 12198 12197
f 12199 12203 12198
f 12200 12203 12199
f 12201 12203 12200
f 12202 12203 12201
f 12204 12203 12202
f 12204 12205 12203
f 12206 12205 12204
f 12206 12207 12205
f 12208 12207 12206
f 12208 12209 12207
f 12210 12209 12208
f 12210 12211 12209
f 12212 12211 12210
f 12212 12213 12211
f 12156 12214 12149
f 12156 12215 12214
f 12156 12216 12215
f 12156 12217 12216
f 12156 12218 12217
f 12156 12219 12218
f 12156 12220 12219
f 12168 12220 12156
f 12168 12221 12220
f 12168 12222 12221
f 12168 12223 12222
f 12168 12224 12223
f 12168 12225 12224
f 12168 12226 12225
f 12168 12227 12226
f 12168 12228 12227
f 12168 12229 12228
f 12168 12230 12229
f 12168 12231 12230
f 12173 12231 12168
f 12173 12232 12231
f 12173 12233 12232
f 12173 12234 12233
f 12173 12235 12234
f 12178 12235 12173
f 12178 12236 12235
f 12178 12237 12236
f 12178 12238 12237
f 12178 12239 12238
f 12183 12239 12178
f 12183 12240 12239
f 12183 12241 12240
f 12183 12242 12241
f 12183 12243 12242
f 12188 12243 12183
f 12188 12244 12243
f 12188 12245 12244
f 12188 12246 12245
f 12188 12247 12246
f 12193 12247 12188
f 12193 12248 12247
f 12193 12249 12248
f 12193 12250 12249
f 12193 12251 12250
f 12198 12251 12193
f 12198 12252 12251
f 12198 12253 12252
f 12198 12254 12253
f 12198 12255 12254
f 12203 12255 12198
f 12203 12256 12255
f 12203 12257 12256
f 12203 12258 12257
f 12203 12259 12258
f 12205 12259 12203
f 12205 12260 12259
f 12207 12260 12205
f 12207 12261 12260
f 12209 12261 12207
f 12209 12262 12261
f 12211 12262 12209
f 12211 12263 12262
f 12213 12263 12211
f 12213 12264 12263
f 12267 12266 12265
f 12267 12273 12266
f 12268 12273 12267
f 12269 12273 12268
f 12270 12273 12269
f 12271 12273 12270
f 12272 12273 12271
f 12274 12273 12272
f 12274 12280 12273
f 12275 12280 12274
f 12276 12280 12275
f 12277 12280 12276
f 12278 12280 12277
f 12279 12280 12278
f 12281 12280 12279
f 12281 12287 12280
f 12282 12287 12281
f 12283 12287 12282
f 12284 12287 12283
f 12285 12287 12284
f 12286 12287 12285
f 12288 12287 12286
f 12288 12292 12287
f 12289 12292 12288
f 12290 12292 12289
f 12291 12292 12290
f 12293 12292 12291
f 12293 12297 12292
f 12294 12297 12293
f 12295 12297 12294
f 12296 12297 12295
f 12298 12297 12296
f 12298 12302 12297
f 12299 12302 12298
f 12300 12302 12299
f 12301 12302 12300
f 12303 12302 12301
f 12303 12307 12302
f 12304 12307 12303
f 12305 12307 12304
f 12306 12307 12305
f 12308 12307 12306
f 12308 12312 12307
f 12309 12312 12308
f 12310 12312 12309
f 12311 12312 12310
f 12313 12312 12311
f 12313 12317 12312
f 12314 12317 12313
f 12315 12317 12314
f 12316 12317 12315
f 12318 12317 12316
f 12318 12320 12317
f 12319 12320 12318
f 12321 12320 12319
f 12321 12323 12320
f 12322 12323 12321
f 12324 12323 12322
f 12324 12325 12323
f 12326 12325 12324
f 12326 12327 12325
f 12328 12327 12326
f 12328 12329 12327
f 12330 12329 12328
f 12330 12331 12329
f 12273 12332 12266
f 12273 12333 12332
f 12273 12334 12333
f 12273 12335 12334
f 12273 12336 12335
f 12273 12337 12336
f 12273 12338 12337
f 12280 12338 12273
f 12280 12339 12338
f 12280 12340 12339
f 12280 12341 12340
f 12280 12342 12341
f 12280 12343 12342
f 12280 12344 12343
f 12287 12344 12280
f 12287 12345 12344
f 12287 12346 12345
f 12287 12347 12346
f 12287 12348 12347
f 12287 12349 12348
f 12287 12350 12349
f 12292 12350 12287
f 12292 12351 12350
f 12292 12352 12351
f 12292 12353 12352
f 12292 12354 12353
f 12297 12354 12292
f 12297 12355 12354
f 12297 12356 12355
f 12297 12357 12356
f 12297 12358 12357
f 12302 12358 12297
f 12302 12359 12358
f 12302 12360 12359
f 12302 12361 12360
f 12302 12362 12361
f 12307 12362 12302
f 12307 12363 12362
f 12307 12364 12363
f 12307 12365 12364
f 12307 12366 12365
f 12312 12366 12307
f 12312 12367 12366
f 12312 12368 12367
f 12312 12369 12368
f 12312 12370 12369
f 12317 12370 12312
f 12317 12371 12370
f 12317 12372 12371
f 12317 12373 12372
f 12317 12374 12373
f 12320 12374 12317
f 12320 12375 12374
f 12320 12376 12375
f 12323 12376 12320
f 12323 12377 12376
f 12323 12378 12377
f 12325 12378 12323
f 12325 12379 12378
f 12327 12379 12325
f 12327 12380 12379
f 12329 12380 12327
f 12329 12381 12380
f 12331 12381 12329
f 12331 12382 12381
f 12385 12384 12383
f 12384 12386 12383
f 12389 12388 12387
f 12390 12389 12387
f 12393 12392 12391
f 12393 12399 12392
f 12394 12399 12393
f 12395 12399 12394
f 12396 12399 12395
f 12397 12399 12396
f 12398 12399 12397
f 12400 12399 12398
f 12400 12406 12399
f 12401 12406 12400
f 12402 12406 12401
f 12403 12406 12402
f 12404 12406 12403
f 12405 12406 12404
f 12407 12406 12405
f 12407 12413 12406
f 12408 12413 12407
f 12409 12413 12408
f 12410 12413 12409
f 12411 12413 12410
f 12412 12413 12411
f 12414 12413 12412
f 12414 12418 12413
f 12415 12418 12414
f 12416 12418 12415
f 12417 12418 12416
f 12419 12418 12417
f 12419 12423 12418
f 12420 12423 12419
f 12421 12423 12420
f 12422 12423 12421
f 12424 12423 12422
f 12424 12428 12423
f 12425 12428 12424
f 12426 12428 12425
f 12427 12428 12426
f 12429 12428 12427
f 12429 12433 12428
f 12430 12433 12429
f 12431 12433 12430
f 12432 12433 12431
f 12434 12433 12432
f 12434 12438 12433
f 12435 12438 12434
f 12436 12438 12435
f 12437 12438 12436
f 12439 12438 12437
f 12439 12443 12438
f 12440 12443 12439
f 12441 12443 12440
f 12442 12443 12441
f 12444 12443 12442
f 12444 12446 12443
f 12445 12446 12444
f 12447 12446 12445
f 12447 12449 12446
f 12448 12449 12447
f 12450 12449 12448
f 12450 12451 12449
f 12452 12451 12450
f 12452 12453 12451
f 12454 12453 12452
f 12454 12455 12453
f 12456 12455 12454
f 12456 12457 12455
f 12399 12458 12392
f 12399 12459 12458
f 12399 12460 12459
f 12399 12461 12460
f 12399 12462 12461
f 12399 12463 12462
f 12399 12464 12463
f 12406 12464 12399
f 12406 12465 12464
f 12406 12466 12465
f 12406 12467 12466
f 12406 12468 12467
f 12406 12469 12468
f 12406 12470 12469
f 12413 12470 12406
f 12413 12471 12470
f 12413 12472 12471
f 12413 12473 12472
f 12413 12474 12473
f 12413 12475 12474
f 12413 12476 12475
f 12418 12476 12413
f 12418 12477 12476
f 12418 12478 12477
f 12418 12479 12478
f 12418 12480 12479
f 12423 12480 12418
f 12423 12481 12480
f 12423 12482 12481
f 12423 12483 12482
f 12423 12484 12483
f 12428 12484 12423
f 12428 12485 12484
f 12428 12486 12485
f 12428 12487 12486
f 12428 12488 12487
f 12433 12488 12428
f 12433 12489 12488
f 12433 12490 12489
f 12433 12491 12490
f 12433 12492 12491
f 12438 12492 12433
f 12438 12493 12492
f 12438 12494 12493
f 12438 12495 12494
f 12438 12496 12495
f 12443 12496 12438
f 12443 12497 12496
f 12443 12498 12497
f 12443 12499 12498
f 12443 12500 12499
f 12446 12500 12443
f 12446 12501 12500
f 12446 12502 12501
f 12449 12502 12446
f 12449 12503 12502
f 12449 12504 12503
f 12451 12504 12449
f 12451 12505 12504
f 12453 12505 12451
f 12453 12506 12505
f 12455 12506 12453
f 12455 12507 12506
f 12457 12507 12455
f 12457 12508 12507
f 12511 12510 12509
f 12511 12517 12510
f 12512 12517 12511
f 12513 12517 12512
f 12514 12517 12513
f 12515 12517 12514
f 12516 12517 12515
f 12518 12517 12516
f 12518 12523 12517
f 12519 12523 12518
f 12520 12523 12519
f 12521 12523 12520
f 12522 12523 12521
f 12524 12523 12522
f 12524 12531 12523
f 12525 12531 12524
f 12526 12531 12525
f 12527 12531 12526
f 12528 12531 12527
f 12529 12531 12528
f 12530 12531 12529
f 12532 12531 12530
f 12532 12536 12531
f 12533 12536 12532
f 12534 12536 12533
f 12535 12536 12534
f 12537 12536 12535
f 12537 12541 12536
f 12538 12541 12537
f 12539 12541 12538
f 12540 12541 12539
f 12542 12541 12540
f 12542 12546 12541
f 12543 12546 12542
f 12544 12546 12543
f 12545 12546 12544
f 12547 12546 12545
f 12547 12551 12546
f 12548 12551 12547
f 12549 12551 12548
f 12550 12551 12549
f 12552 12551 12550
f 12552 12556 12551
f 12553 12556 12552
f 12554 12556 12553
f 12555 12556 12554
f 12557 12556 12555
f 12557 12561 12556
f 12558 12561 12557
f 12559 12561 12558
f 12560 12561 12559
f 12562 12561 12560
f 12562 12566 12561
f 12563 12566 12562
f 12564 12566 12563
f 12565 12566 12564
f 12567 12566 12565
f 12567 12568 12566
f 12569 12568 12567
f 12569 12570 12568
f 12571 12570 12569
f 12571 12572 12570
f 12573 12572 12571
f 12573 12574 12572
f 12517 12575 12510
f 12517 12576 12575
f 12517 12577 12576
f 12517 12578 12577
f 12517 12579 12578
f 12517 12580 12579
f 12517 12581 12580
f 12523 12581 12517
f 12523 12582 12581
f 12523 12583 12582
f 12523 12584 12583
f 12523 12585 12584
f 12523 12586 12585
f 12531 12586 12523
f 12531 12587 12586
f 12531 12588 12587
f 12531 12589 12588
f 12531 12590 12589
f 12531 12591 12590
f 12531 12592 12591
f 12531 12593 12592
f 12536 12593 12531
f 12536 12594 12593
f 12536 12595 12594
f 12536 12596 12595
f 12536 12597 12596
f 12541 12597 12536
f 12541 12598 12597
f 12541 12599 12598
f 12541 12600 12599
f 12541 12601 12600
f 12546 12601 12541
f 12546 12602 12601
f 12546 12603 12602
f 12546 12604 12603
f 12546 12605 12604
f 12551 12605 12546
f 12551 12606 12605
f 12551 12607 12606
f 12551 12608 12607
f 12551 12609 12608
f 12556 12609 12551
f 12556 12610 12609
f 12556 12611 12610
f 12556 12612 12611
f 12556 12613 12612
f 12561 12613 12556
f 12561 12614 12613
f 12561 12615 12614
f 12561 12616 12615
f 12561 12617 12616
f 12566 12617 12561
f 12566 12618 12617
f 12566 12619 12618
f 12566 12620 12619
f 12566 12621 12620
f 12568 12621 12566
f 12568 12622 12621
f 12570 12622 12568
f 12570 12623 12622
f 12572 12623 12570
f 12572 12624 12623
f 12574 12624 12572
f 12574 12625 12624
f 12628 12627 12626
f 12627 12629 12626
f 12632 12631 12630
f 12633 12632 12630
f 12636 12635 12634
f 12636 12648 12635
f 12637 12648 12636
f 12638 12648 12637
f 12639 12648 12638
f 12640 12648 12639
f 12641 12648 12640
f 12642 12648 12641
f 12643 12648 12642
f 12644 12648 12643
f 12645 12648 12644
f 12646 12648 12645
f 12647 12648 12646
f 12649 12648 12647
f 12649 12655 12648
f 12650 12655 12649
f 12651 12655 12650
f 12652 12655 12651
f 12653 12655 12652
f 12654 12655 12653
f 12656 12655 12654
f 12656 12664 12655
f 12657 12664 12656
f 12658 12664 12657
f 12659 12664 12658
f 12660 12664 12659
f 12661 12664 12660
f 12662 12664 12661
f 12663 12664 12662
f 12665 12664 12663
f 12665 12669 12664
f 12666 12669 12665
f 12667 12669 12666
f 12668 12669 12667
f 12670 12669 12668
f 12670 12678 12669
f 12671 12678 12670
f 12672 12678 12671
f 12673 12678 12672
f 12674 12678 12673
f 12675 12678 12674
f 12676 12678 12675
f 12677 12678 12676
f 12679 12678 12677
f 12679 12683 12678
f 12680 12683 12679
f 12681 12683 12680
f 12682 12683 12681
f 12684 12683 12682
f 12684 12688 12683
f 12685 12688 12684
f 12686 12688 12685
f 12687 12688 12686
f 12689 12688 12687
f 12689 12690 12688
f 12691 12690 12689
f 12691 12692 12690
f 12693 12692 12691
f 12693 12694 12692
f 12695 12694 12693
f 12695 12696 12694
f 12648 12697 12635
f 12648 12698 12697
f 12648 12699 12698
f 12648 12700 12699
f 12648 12701 12700
f 12648 12702 12701
f 12648 12703 12702
f 12648 12704 12703
f 12648 12705 12704
f 12648 12706 12705
f 12648 12707 12706
f 12648 12708 12707
f 12648 12709 12708
f 12655 12709 12648
f 12655 12710 12709
f 12655 12711 12710
f 12655 12712 12711
f 12655 12713 12712
f 12655 12714 12713
f 12655 12715 12714
f 12664 12715 12655
f 12664 12716 12715
f 12664 12717 12716
f 12664 12718 12717
f 12664 12719 12718
f 12664 12720 12719
f 12664 12721 12720
f 12664 12722 12721
f 12664 12723 12722
f 12669 12723 12664
f 12669 12724 12723
f 12669 12725 12724
f 12669 12726 12725
f 12669 12727 12726
f 12678 12727 12669
f 12678 12728 12727
f 12678 12729 12728
f 12678 12730 12729
f 12678 12731 12730
f 12678 12732 12731
f 12678 12733 12732
f 12678 12734 12733
f 12678 12735 12734
f 12683 12735 12678
f 12683 12736 12735
f 12683 12737 12736
f 12683 12738 12737
f 12683 12739 12738
f 12688 12739 12683
f 12688 12740 12739
f 12688 12741 12740
f 12688 12742 12741
f 12688 12743 12742
f 12690 12743 12688
f 12690 12744 12743
f 12692 12744 12690
f 12692 12745 12744
f 12694 12745 12692
f 12694 12746 12745
f 12696 12746 12694
f 12696 12747 12746
f 12750 12749 12748
f 12750 12756 12749
f 12751 12756 12750
f 12752 12756 12751
f 12753 12756 12752
f 12754 12756 12753
f 12755 12756 12754
f 12757 12756 12755
f 12757 12764 12756
f 12758 12764 12757
f 12759 12764 12758
f 12760 12764 12759
f 12761 12764 12760
f 12762 12764 12761
f 12763 12764 12762
f 12765 12764 12763
f 12765 12769 12764
f 12766 12769 12765
f 12767 12769 12766
f 12768 12769 12767
f 12770 12769 12768
f 12770 12778 12769
f 12771 12778 12770
f 12772 12778 12771
f 12773 12778 12772
f 12774 12778 12773
f 12775 12778 12774
f 12776 12778 12775
f 12777 12778 12776
f 12779 12778 12777
f 12779 12787 12778
f 12780 12787 12779
f 12781 12787 12780
f 12782 12787 12781
f 12783 12787 12782
f 12784 12787 12783
f 12785 12787 12784
f 12786 12787 12785
f 12788 12787 12786
f 12788 12792 12787
f 12789 12792 12788
f 12790 12792 12789
f 12791 12792 12790
f 12793 12792 12791
f 12793 12797 12792
f 12794 12797 12793
f 12795 12797 12794
f 12796 12797 12795
f 12798 12797 12796
f 12798 12802 12797
f 12799 12802 12798
f 12800 12802 12799
f 12801 12802 12800
f 12803 12802 12801
f 12803 12805 12802
f 12804 12805 12803
f 12806 12805 12804
f 12806 12807 12805
f 12808 12807 12806
f 12808 12809 12807
f 12810 12809 12808
f 12810 12811 12809
f 12756 12812 12749
f 12756 12813 12812
f 12756 12814 12813
f 12756 12815 12814
f 12756 12816 12815
f 12756 12817 12816
f 12756 12818 12817
f 12764 12818 12756
f 12764 12819 12818
f 12764 12820 12819
f 12764 12821 12820
f 12764 12822 12821
f 12764 12823 12822
f 12764 12824 12823
f 12764 12825 12824
f 12769 12825 12764
f 12769 12826 12825
f 12769 12827 12826
f 12769 12828 12827
f 12769 12829 12828
f 12778 12829 12769
f 12778 12830 12829
f 12778 12831 12830
f 12778 12832 12831
f 12778 12833 12832
f 12778 12834 12833
f 12778 12835 12834
f 12778 12836 12835
f 12778 12837 12836
f 12787 12837 12778
f 12787 12838 12837
f 12787 12839 12838
f 12787 12840 12839
f 12787 12841 12840
f 12787 12842 12841
f 12787 12843 12842
f 12787 12844 12843
f 12787 12845 12844
f 12792 12845 12787
f 12792 12846 12845
f 12792 12847 12846
f 12792 12848 12847
f 12792 12849 12848
f 12797 12849 12792
f 12797 12850 12849
f 12797 12851 12850
f 12797 12852 12851
f 12797 12853 12852
f 12802 12853 12797
f 12802 12854 12853
f 12802 12855 12854
f 12802 12856 12855
f 12802 12857 12856
f 12805 12857 12802
f 12805 12858 12857
f 12805 12859 12858
f 12807 12859 12805
f 12807 12860 12859
f 12809 12860 12807
f 12809 12861 12860
f 12811 12861 12809
f 12811 12862 12861
f 12865 12864 12863
f 12864 12866 12863
f 12869 12868 12867
f 12870 12869 12867
f 12873 12872 12871
f 12873 12879 12872
f 12874 12879 12873
f 12875 12879 12874
f 12876 12879 12875
f 12877 12879 12876
f 12878 12879 12877
f 12880 12879 12878
f 12880 12889 12879
f 12881 12889 12880
f 12882 12889 12881
f 12883 12889 12882
f 12884 12889 12883
f 12885 12889 12884
f 12886 12889 12885
f 12887 12889 12886
f 12888 12889 12887
f 12890 12889 12888
f 12890 12898 12889
f 12891 12898 12890
f 12892 12898 12891
f 12893 12898 12892
f 12894 12898 12893
f 12895 12898 12894
f 12896 12898 12895
f 12897 12898 12896
f 12899 12898 12897
f 12899 12903 12898
f 12900 12903 12899
f 12901 12903 12900
f 12902 12903 12901
f 12904 12903 12902
f 12904 12908 12903
f 12905 12908 12904
f 12906 12908 12905
f 12907 12908 12906
f 12909 12908 12907
f 12909 12913 12908
f 12910 12913 12909
f 12911 12913 12910
f 12912 12913 12911
f 12914 12913 12912
f 12914 12918 12913
f 12915 12918 12914
f 12916 12918 12915
f 12917 12918 12916
f 12919 12918 12917
f 12919 12923 12918
f 12920 12923 12919
f 12921 12923 12920
f 12922 12923 12921
f 12924 12923 12922
f 12924 12927 12923
f 12925 12927 12924
f 12926 12927 12925
f 12928 12927 12926
f 12928 12929 12927
f 12930 12929 12928
f 12930 12931 12929
f 12932 12931 12930
f 12932 12933 12931
f 12879 12934 12872
f 12879 12935 12934
f 12879 12936 12935
f 12879 12937 12936
f 12879 12938 12937
f 12879 12939 12938
f 12879 12940 12939
f 12889 12940 12879
f 12889 12941 12940
f 12889 12942 12941
f 12889 12943 12942
f 12889 12944 12943
f 12889 12945 12944
f 12889 12946 12945
f 12889 12947 12946
f 12889 12948 12947
f 12889 12949 12948
f 12898 12949 12889
f 12898 12950 12949
f 12898 12951 12950
f 12898 12952 12951
f 12898 12953 12952
f 12898 12954 12953
f 12898 12955 12954
f 12898 12956 12955
f 12898 12957 12956
f 12903 12957 12898
f 12903 12958 12957
f 12903 12959 12958
f 12903 12960 12959
f 12903 12961 12960
f 12908 12961 12903
f 12908 12962 12961
f 12908 12963 12962
f 12908 12964 12963
f 12908 12965 12964
f 12913 12965 12908
f 12913 12966 12965
f 12913 12967 12966
f 12913 12968 12967
f 12913 12969 12968
f 12918 12969 12913
f 12918 12970 12969
f 12918 12971 12970
f 12918 12972 12971
f 12918 12973 12972
f 12923 12973 12918
f 12923 12974 12973
f 12923 12975 12974
f 12923 12976 12975
f 12923 12977 12976
f 12927 12977 12923
f 12927 12978 12977
f 12927 12979 12978
f 12927 12980 12979
f 12929 12980 12927
f 12929 12981 12980
f 12931 12981 12929
f 12931 12982 12981
f 12933 12982 12931
f 12933 12983 12982
f 12986 12985 12984
f 12986 12991 12985
f 12987 12991 12986
f 12988 12991 12987
f 12989 12991 12988
f 12990 12991 12989
f 12992 12991 12990
f 12992 12999 12991
f 12993 12999 12992
f 12994 12999 12993
f 12995 12999 12994
f 12996 12999 12995
f 12997 12999 12996
f 12998 12999 12997
f 13000 12999 12998
f 13000 13006 12999
f 13001 13006 13000
f 13002 13006 13001
f 13003 13006 13002
f 13004 13006 13003
f 13005 13006 13004
f 13007 13006 13005
f 13007 13011 13006
f 13008 13011 13007
f 13009 13011 13008
f 13010 13011 13009
f 13012 13011 13010
f 13012 13020 13011
f 13013 13020 13012
f 13014 13020 13013
f 13015 13020 13014
f 13016 13020 13015
f 13017 13020 13016
f 13018 13020 13017
f 13019 13020 13018
f 13021 13020 13019
f 13021 13025 13020
f 13022 13025 13021
f 13023 13025 13022
f 13024 13025 13023
f 13026 13025 13024
f 13026 13030 13025
f 13027 13030 13026
f 13028 13030 13027
f 13029 13030 13028
f 13031 13030 13029
f 13031 13035 13030
f 13032 13035 13031
f 13033 13035 13032
f 13034 13035 13033
f 13036 13035 13034
f 13036 13038 13035
f 13037 13038 13036
f 13039 13038 13037
f 13039 13041 13038
f 13040 13041 13039
f 13042 13041 13040
f 13042 13043 13041
f 13044 13043 13042
f 13044 13045 13043
f 13046 13045 13044
f 13046 13047 13045
f 12991 13048 12985
f 12991 13049 13048
f 12991 13050 13049
f 12991 13051 13050
f 12991 13052 13051
f 12991 13053 13052
f 12999 13053 12991
f 12999 13054 13053
f 12999 13055 13054
f 12999 13056 13055
f 12999 13057 13056
f 12999 13058 13057
f 12999 13059 13058
f 12999 13060 13059
f 13006 13060 12999
f 13006 13061 13060
f 13006 13062 13061
f 13006 13063 13062
f 13006 13064 13063
f 13006 13065 13064
f 13006 13066 13065
f 13011 13066 13006
f 13011 13067 13066
f 13011 13068 13067
f 13011 13069 13068
f 13011 13070 13069
f 13020 13070 13011
f 13020 13071 13070
f 13020 13072 13071
f 13020 13073 13072
f 13020 13074 13073
f 13020 13075 13074
f 13020 13076 13075
f 13020 13077 13076
f 13020 13078 13077
f 13025 13078 13020
f 13025 13079 13078
f 13025 13080 13079
f 13025 13081 13080
f 13025 13082 13081
f 13030 13082 13025
f 13030 13083 13082
f 13030 13084 13083
f 13030 13085 13084
f 13030 13086 13085
f 13035 13086 13030
f 13035 13087 13086
f 13035 13088 13087
f 13035 13089 13088
f 13035 13090 13089
f 13038 13090 13035
f 13038 13091 13090
f 13038 13092 13091
f 13041 13092 13038
f 13041 13093 13092
f 13041 13094 13093
f 13043 13094 13041
f 13043 13095 13094
f 13045 13095 13043
f 13045 13096 13095
f 13047 13096 13045
f 13047 13097 13096
f 13100 13099 13098
f 13099 13101 13098
f 13104 13103 13102
f 13105 13104 13102
f 13108 13107 13106
f 13108 13115 13107
f 13109 13115 13108
f 13110 13115 13109
f 13111 13115 13110
f 13112 13115 13111
f 13113 13115 13112
f 13114 13115 13113
f 13116 13115 13114
f 13116 13124 13115
f 13117 13124 13116
f 13118 13124 13117
f 13119 13124 13118
f 13120 13124 13119
f 13121 13124 13120
f 13122 13124 13121
f 13123 13124 13122
f 13125 13124 13123
f 13125 13133 13124
f 13126 13133 13125
f 13127 13133 13126
f 13128 13133 13127
f 13129 13133 13128
f 13130 13133 13129
f 13131 13133 13130
f 13132 13133 13131
f 13134 13133 13132
f 13134 13138 13133
f 13135 13138 13134
f 13136 13138 13135
f 13137 13138 13136
f 13139 13138 13137
f 13139 13143 13138
f 13140 13143 13139
f 13141 13143 13140
f 13142 13143 13141
f 13144 13143 13142
f 13144 13148 13143
f 13145 13148 13144
f 13146 13148 13145
f 13147 13148 13146
f 13149 13148 13147
f 13149 13153 13148
f 13150 13153 13149
f 13151 13153 13150
f 13152 13153 13151
f 13154 13153 13152
f 13154 13158 13153
f 13155 13158 13154
f 13156 13158 13155
f 13157 13158 13156
f 13159 13158 13157
f 13159 13160 13158
f 13161 13160 13159
f 13161 13162 13160
f 13163 13162 13161
f 13163 13164 13162
f 13165 13164 13163
f 13165 13166 13164
f 13115 13167 13107
f 13115 13168 13167
f 13115 13169 13168
f 13115 13170 13169
f 13115 13171 13170
f 13115 13172 13171
f 13115 13173 13172
f 13115 13174 13173
f 13124 13174 13115
f 13124 13175 13174
f 13124 13176 13175
f 13124 13177 13176
f 13124 13178 13177
f 13124 13179 13178
f 13124 13180 13179
f 13124 13181 13180
f 13124 13182 13181
f 13133 13182 13124
f 13133 13183 13182
f 13133 13184 13183
f 13133 13185 13184
f 13133 13186 13185
f 13133 13187 13186
f 13133 13188 13187
f 13133 13189 13188
f 13133 13190 13189
f 13138 13190 13133
f 13138 13191 13190
f 13138 13192 13191
f 13138 13193 13192
f 13138 13194 13193
f 13143 13194 13138
f 13143 13195 13194
f 13143 13196 13195
f 13143 13197 13196
f 13143 13198 13197
f 13148 13198 13143
f 13148 13199 13198
f 13148 13200 13199
f 13148 13201 13200
f 13148 13202 13201
f 13153 13202 13148
f 13153 13203 13202
f 13153 13204 13203
f 13153 13205 13204
f 13153 13206 13205
f 13158 13206 13153
f 13158 13207 13206
f 13158 13208 13207
f 13158 13209 13208
f 13158 13210 13209
f 13160 13210 13158
f 13160 13211 13210
f 13162 13211 13160
f 13162 13212 13211
f 13164 13212 13162
f 13164 13213 13212
f 13166 13213 13164
f 13166 13214 13213
f 13217 13216 13215
f 13217 13224 13216
f 13218 13224 13217
f 13219 13224 13218
f 13220 13224 13219
f 13221 13224 13220
f 13222 13224 13221
f 13223 13224 13222
f 13225 13224 13223
f 13225 13234 13224
f 13226 13234 13225
f 13227 13234 13226
f 13228 13234 13227
f 13229 13234 13228
f 13230 13234 13229
f 13231 13234 13230
f 13232 13234 13231
f 13233 13234 13232
f 13235 13234 13233
f 13235 13243 13234
f 13236 13243 13235
f 13237 13243 13236
f 13238 13243 13237
f 13239 13243 13238
f 13240 13243 13239
f 13241 13243 13240
f 13242 13243 13241
f 13244 13243 13242
f 13244 13252 13243
f 13245 13252 13244
f 13246 13252 13245
f 13247 13252 13246
f 13248 13252 13247
f 13249 13252 13248
f 13250 13252 13249
f 13251 13252 13250
f 13253 13252 13251
f 13253 13257 13252
f 13254 13257 13253
f 13255 13257 13254
f 13256 13257 13255
f 13258 13257 13256
f 13258 13262 13257
f 13259 13262 13258
f 13260 13262 13259
f 13261 13262 13260
f 13263 13262 13261
f 13263 13265 13262
f 13264 13265 13263
f 13266 13265 13264
f 13266 13268 13265
f 13267 13268 13266
f 13269 13268 13267
f 13269 13270 13268
f 13271 13270 13269
f 13271 13272 13270
f 13273 13272 13271
f 13273 13274 13272
f 13224 13275 13216
f 13224 13276 13275
f 13224 13277 13276
f 13224 13278 13277
f 13224 13279 13278
f 13224 13280 13279
f 13224 13281 13280
f 13224 13282 13281
f 13234 13282 13224
f 13234 13283 13282
f 13234 13284 13283
f 13234 13285 13284
f 13234 13286 13285
f 13234 13287 13286
f 13234 13288 13287
f 13234 13289 13288
f 13234 13290 13289
f 13234 13291 13290
f 13243 13291 13234
f 13243 13292 13291
f 13243 13293 13292
f 13243 13294 13293
f 13243 13295 13294
f 13243 13296 13295
f 13243 13297 13296
f 13243 13298 13297
f 13243 13299 13298
f 13252 13299 13243
f 13252 13300 13299
f 13252 13301 13300
f 13252 13302 13301
f 13252 13303 13302
f 13252 13304 13303
f 13252 13305 13304
f 13252 13306 13305
f 13252 13307 13306
f 13257 13307 13252
f 13257 13308 13307
f 13257 13309 13308
f 13257 13310 13309
f 13257 13311 13310
f 13262 13311 13257
f 13262 13312 13311
f 13262 13313 13312
f 13262 13314 13313
f 13262 13315 13314
f 13265 13315 13262
f 13265 13316 13315
f 13265 13317 13316
f 13268 13317 13265
f 13268 13318 13317
f 13268 13319 13318
f 13270 13319 13268
f 13270 13320 13319
f 13272 13320 13270
f 13272 13321 13320
f 13274 13321 13272
f 13274 13322 13321
f 13325 13324 13323
f 13324 13326 13323
f 13329 13328 13327
f 13330 13329 13327
f 13333 13332 13331
f 13333 13340 13332
f 13334 13340 13333
f 13335 13340 13334
f 13336 13340 13335
f 13337 13340 13336
f 13338 13340 13337
f 13339 13340 13338
f 13341 13340 13339
f 13341 13348 13340
f 13342 13348 13341
f 13343 13348 13342
f 13344 13348 13343
f 13345 13348 13344
f 13346 13348 13345
f 13347 13348 13346
f 13349 13348 13347
f 13349 13357 13348
f 13350 13357 13349
f 13351 13357 13350
f 13352 13357 13351
f 13353 13357 13352
f 13354 13357 13353
f 13355 13357 13354
f 13356 13357 13355
f 13358 13357 13356
f 13358 13362 13357
f 13359 13362 13358
f 13360 13362 13359
f 13361 13362 13360
f 13363 13362 13361
f 13363 13367 13362
f 13364 13367 13363
f 13365 13367 13364
f 13366 13367 13365
f 13368 13367 13366
f 13368 13372 13367
f 13369 13372 13368
f 13370 13372 13369
f 13371 13372 13370
f 13373 13372 13371
f 13373 13377 13372
f 13374 13377 13373
f 13375 13377 13374
f 13376 13377 13375
f 13378 13377 13376
f 13378 13381 13377
f 13379 13381 13378
f 13380 13381 13379
f 13382 13381 13380
f 13382 13383 13381
f 13384 13383 13382
f 13384 13385 13383
f 13386 13385 13384
f 13386 13387 13385
f 13340 13388 13332
f 13340 13389 13388
f 13340 13390 13389
f 13340 13391 13390
f 13340 13392 13391
f 13340 13393 13392
f 13340 13394 13393
f 13340 13395 13394
f 13348 13395 13340
f 13348 13396 13395
f 13348 13397 13396
f 13348 13398 13397
f 13348 13399 13398
f 13348 13400 13399
f 13348 13401 13400
f 13348 13402 13401
f 13357 13402 13348
f 13357 13403 13402
f 13357 13404 13403
f 13357 13405 13404
f 13357 13406 13405
f 13357 13407 13406
f 13357 13408 13407
f 13357 13409 13408
f 13357 13410 13409
f 13362 13410 13357
f 13362 13411 13410
f 13362 13412 13411
f 13362 13413 13412
f 13362 13414 13413
f 13367 13414 13362
f 13367 13415 13414
f 13367 13416 13415
f 13367 13417 13416
f 13367 13418 13417
f 13372 13418 13367
f 13372 13419 13418
f 13372 13420 13419
f 13372 13421 13420
f 13372 13422 13421
f 13377 13422 13372
f 13377 13423 13422
f 13377 13424 13423
f 13377 13425 13424
f 13377 13426 13425
f 13381 13426 13377
f 13381 13427 13426
f 13381 13428 13427
f 13381 13429 13428
f 13383 13429 13381
f 13383 13430 13429
f 13385 13430 13383
f 13385 13431 13430
f 13387 13431 13385
f 13387 13432 13431
f 13435 13434 13433
f 13435 13442 13434
f 13436 13442 13435
f 13437 13442 13436
f 13438 13442 13437
f 13439 13442 13438
f 13440 13442 13439
f 13441 13442 13440
f 13443 13442 13441
f 13443 13450 13442
f 13444 13450 13443
f 13445 13450 13444
f 13446 13450 13445
f 13447 13450 13446
f 13448 13450 13447
f 13449 13450 13448
f 13451 13450 13449
f 13451 13459 13450
f 13452 13459 13451
f 13453 13459 13452
f 13454 13459 13453
f 13455 13459 13454
f 13456 13459 13455
f 13457 13459 13456
f 13458 13459 13457
f 13460 13459 13458
f 13460 13468 13459
f 13461 13468 13460
f 13462 13468 13461
f 13463 13468 13462
f 13464 13468 13463
f 13465 13468 13464
f 13466 13468 13465
f 13467 13468 13466
f 13469 13468 13467
f 13469 13473 13468
f 13470 13473 13469
f 13471 13473 13470
f 13472 13473 13471
f 13474 13473 13472
f 13474 13478 13473
f 13475 13478 13474
f 13476 13478 13475
f 13477 13478 13476
f 13479 13478 13477
f 13479 13481 13478
f 13480 13481 13479
f 13482 13481 13480
f 13482 13484 13481
f 13483 13484 13482
f 13485 13484 13483
f 13485 13486 13484
f 13487 13486 13485
f 13487 13488 13486
f 13442 13489 13434
f 13442 13490 13489
f 13442 13491 13490
f 13442 13492 13491
f 13442 13493 13492
f 13442 13494 13493
f 13442 13495 13494
f 13442 13496 13495
f 13450 13496 13442
f 13450 13497 13496
f 13450 13498 13497
f 13450 13499 13498
f 13450 13500 13499
f 13450 13501 13500
f 13450 13502 13501
f 13450 13503 13502
f 13459 13503 13450
f 13459 13504 13503
f 13459 13505 13504
f 13459 13506 13505
f 13459 13507 13506
f 13459 13508 13507
f 13459 13509 13508
f 13459 13510 13509
f 13459 13511 13510
f 13468 13511 13459
f 13468 13512 13511
f 13468 13513 13512
f 13468 13514 13513
f 13468 13515 13514
f 13468 13516 13515
f 13468 13517 13516
f 13468 13518 13517
f 13468 13519 13518
f 13473 13519 13468
f 13473 13520 13519
f 13473 13521 13520
f 13473 13522 13521
f 13473 13523 13522
f 13478 13523 13473
f 13478 13524 13523
f 13478 13525 13524
f 13478 13526 13525
f 13478 13527 13526
f 13481 13527 13478
f 13481 13528 13527
f 13481 13529 13528
f 13484 13529 13481
f 13484 13530 13529
f 13484 13531 13530
f 13486 13531 13484
f 13486 13532 13531
f 13488 13532 13486
f 13488 13533 13532
f 13536 13535 13534
f 13535 13537 13534
f 13540 13539 13538
f 13541 13540 13538
f 13544 13543 13542
f 13544 13551 13543
f 13545 13551 13544
f 13546 13551 13545
f 13547 13551 13546
f 13548 13551 13547
f 13549 13551 13548
f 13550 13551 13549
f 13552 13551 13550
f 13552 13559 13551
f 13553 13559 13552
f 13554 13559 13553
f 13555 13559 13554
f 13556 13559 13555
f 13557 13559 13556
f 13558 13559 13557
f 13560 13559 13558
f 13560 13568 13559
f 13561 13568 13560
f 13562 13568 13561
f 13563 13568 13562
f 13564 13568 13563
f 13565 13568 13564
f 13566 13568 13565
f 13567 13568 13566
f 13569 13568 13567
f 13569 13573 13568
f 13570 13573 13569
f 13571 13573 13570
f 13572 13573 13571
f 13574 13573 13572
f 13574 13578 13573
f 13575 13578 13574
f 13576 13578 13575
f 13577 13578 13576
f 13579 13578 13577
f 13579 13583 13578
f 13580 13583 13579
f 13581 13583 13580
f 13582 13583 13581
f 13584 13583 13582
f 13584 13588 13583
f 13585 13588 13584
f 13586 13588 13585
f 13587 13588 13586
f 13589 13588 13587
f 13589 13591 13588
f 13590 13591 13589
f 13592 13591 13590
f 13592 13593 13591
f 13594 13593 13592
f 13594 13595 13593
f 13551 13596 13543
f 13551 13597 13596
f 13551 13598 13597
f 13551 13599 13598
f 13551 13600 13599
f 13551 13601 13600
f 13551 13602 13601
f 13551 13603 13602
f 13559 13603 13551
f 13559 13604 13603
f 13559 13605 13604
f 13559 13606 13605
f 13559 13607 13606
f 13559 13608 13607
f 13559 13609 13608
f 13559 13610 13609
f 13568 13610 13559
f 13568 13611 13610
f 13568 13612 13611
f 13568 13613 13612
f 13568 13614 13613
f 13568 13615 13614
f 13568 13616 13615
f 13568 13617 13616
f 13568 13618 13617
f 13573 13618 13568
f 13573 13619 13618
f 13573 13620 13619
f 13573 13621 13620
f 13573 13622 13621
f 13578 13622 13573
f 13578 13623 13622
f 13578 13624 13623
f 13578 13625 13624
f 13578 13626 13625
f 13583 13626 13578
f 13583 13627 13626
f 13583 13628 13627
f 13583 13629 13628
f 13583 13630 13629
f 13588 13630 13583
f 13588 13631 13630
f 13588 13632 13631
f 13588 13633 13632
f 13588 13634 13633
f 13591 13634 13588
f 13591 13635 13634
f 13591 13636 13635
f 13593 13636 13591
f 13593 13637 13636
f 13595 13637 13593
f 13595 13638 13637
f 13641 13640 13639
f 13641 13647 13640
f 13642 13647 13641
f 13643 13647 13642
f 13644 13647 13643
f 13645 13647 13644
f 13646 13647 13645
f 13648 13647 13646
f 13648 13656 13647
f 13649 13656 13648
f 13650 13656 13649
f 13651 13656 13650
f 13652 13656 13651
f 13653 13656 13652
f 13654 13656 13653
f 13655 13656 13654
f 13657 13656 13655
f 13657 13665 13656
f 13658 13665 13657
f 13659 13665 13658
f 13660 13665 13659
f 13661 13665 13660
f 13662 13665 13661
f 13663 13665 13662
f 13664 13665 13663
f 13666 13665 13664
f 13666 13674 13665
f 13667 13674 13666
f 13668 13674 13667
f 13669 13674 13668
f 13670 13674 13669
f 13671 13674 13670
f 13672 13674 13671
f 13673 13674 13672
f 13675 13674 13673
f 13675 13679 13674
f 13676 13679 13675
f 13677 13679 13676
f 13678 13679 13677
f 13680 13679 13678
f 13680 13684 13679
f 13681 13684 13680
f 13682 13684 13681
f 13683 13684 13682
f 13685 13684 13683
f 13685 13686 13684
f 13687 13686 13685
f 13687 13688 13686
f 13689 13688 13687
f 13689 13690 13688
f 13691 13690 13689
f 13691 13692 13690
f 13647 13693 13640
f 13647 13694 13693
f 13647 13695 13694
f 13647 13696 13695
f 13647 13697 13696
f 13647 13698 13697
f 13647 13699 13698
f 13656 13699 13647
f 13656 13700 13699
f 13656 13701 13700
f 13656 13702 13701
f 13656 13703 13702
f 13656 13704 13703
f 13656 13705 13704
f 13656 13706 13705
f 13656 13707 13706
f 13665 13707 13656
f 13665 13708 13707
f 13665 13709 13708
f 13665 13710 13709
f 13665 13711 13710
f 13665 13712 13711
f 13665 13713 13712
f 13665 13714 13713
f 13665 13715 13714
f 13674 13715 13665
f 13674 13716 13715
f 13674 13717 13716
f 13674 13718 13717
f 13674 13719 13718
f 13674 13720 13719
f 13674 13721 13720
f 13674 13722 13721
f 13674 13723 13722
f 13679 13723 13674
f 13679 13724 13723
f 13679 13725 13724
f 13679 13726 13725
f 13679 13727 13726
f 13684 13727 13679
f 13684 13728 13727
f 13684 13729 13728
f 13684 13730 13729
f 13684 13731 13730
f 13686 13731 13684
f 13686 13732 13731
f 13688 13732 13686
f 13688 13733 13732
f 13690 13733 13688
f 13690 13734 13733
f 13692 13734 13690
f 13692 13735 13734
f 13738 13737 13736
f 13737 13739 13736
f 13742 13741 13740
f 13743 13742 13740
f 13746 13745 13744
f 13746 13751 13745
f 13747 13751 13746
f 13748 13751 13747
f 13749 13751 13748
f 13750 13751 13749
f 13752 13751 13750
f 13752 13759 13751
f 13753 13759 13752
f 13754 13759 13753
f 13755 13759 13754
f 13756 13759 13755
f 13757 13759 13756
f 13758 13759 13757
f 13760 13759 13758
f 13760 13768 13759
f 13761 13768 13760
f 13762 13768 13761
f 13763 13768 13762
f 13764 13768 13763
f 13765 13768 13764
f 13766 13768 13765
f 13767 13768 13766
f 13769 13768 13767
f 13769 13773 13768
f 13770 13773 13769
f 13771 13773 13770
f 13772 13773 13771
f 13774 13773 13772
f 13774 13778 13773
f 13775 13778 13774
f 13776 13778 13775
f 13777 13778 13776
f 13779 13778 13777
f 13779 13783 13778
f 13780 13783 13779
f 13781 13783 13780
f 13782 13783 13781
f 13784 13783 13782
f 13784 13788 13783
f 13785 13788 13784
f 13786 13788 13785
f 13787 13788 13786
f 13789 13788 13787
f 13789 13790 13788
f 13791 13790 13789
f 13791 13792 13790
f 13793 13792 13791
f 13793 13794 13792
f 13751 13795 13745
f 13751 13796 13795
f 13751 13797 13796
f 13751 13798 13797
f 13751 13799 13798
f 13751 13800 13799
f 13759 13800 13751
f 13759 13801 13800
f 13759 13802 13801
f 13759 13803 13802
f 13759 13804 13803
f 13759 13805 13804
f 13759 13806 13805
f 13759 13807 13806
f 13768 13807 13759
f 13768 13808 13807
f 13768 13809 13808
f 13768 13810 13809
f 13768 13811 13810
f 13768 13812 13811
f 13768 13813 13812
f 13768 13814 13813
f 13768 13815 13814
f 13773 13815 13768
f 13773 13816 13815
f 13773 13817 13816
f 13773 13818 13817
f 13773 13819 13818
f 13778 13819 13773
f 13778 13820 13819
f 13778 13821 13820
f 13778 13822 13821
f 13778 13823 13822
f 13783 13823 13778
f 13783 13824 13823
f 13783 13825 13824
f 13783 13826 13825
f 13783 13827 13826
f 13788 13827 13783
f 13788 13828 13827
f 13788 13829 13828
f 13788 13830 13829
f 13788 13831 13830
f 13790 13831 13788
f 13790 13832 13831
f 13792 13832 13790
f 13792 13833 13832
f 13794 13833 13792
f 13794 13834 13833
f 13837 13836 13835
f 13837 13844 13836
f 13838 13844 13837
f 13839 13844 13838
f 13840 13844 13839
f 13841 13844 13840
f 13842 13844 13841
f 13843 13844 13842
f 13845 13844 13843
f 13845 13851 13844
f 13846 13851 13845
f 13847 13851 13846
f 13848 13851 13847
f 13849 13851 13848
f 13850 13851 13849
f 13852 13851 13850
f 13852 13860 13851
f 13853 13860 13852
f 13854 13860 13853
f 13855 13860 13854
f 13856 13860 13855
f 13857 13860 13856
f 13858 13860 13857
f 13859 13860 13858
f 13861 13860 13859
f 13861 13869 13860
f 13862 13869 13861
f 13863 13869 13862
f 13864 13869 13863
f 13865 13869 13864
f 13866 13869 13865
f 13867 13869 13866
f 13868 13869 13867
f 13870 13869 13868
f 13870 13876 13869
f 13871 13876 13870
f 13872 13876 13871
f 13873 13876 13872
f 13874 13876 13873
f 13875 13876 13874
f 13877 13876 13875
f 13877 13879 13876
f 13878 13879 13877
f 13880 13879 13878
f 13880 13881 13879
f 13882 13881 13880
f 13882 13883 13881
f 13844 13884 13836
f 13844 13885 13884
f 13844 13886 13885
f 13844 13887 13886
f 13844 13888 13887
f 13844 13889 13888
f 13844 13890 13889
f 13844 13891 13890
f 13851 13891 13844
f 13851 13892 13891
f 13851 13893 13892
f 13851 13894 13893
f 13851 13895 13894
f 13851 13896 13895
f 13851 13897 13896
f 13860 13897 13851
f 13860 13898 13897
f 13860 13899 13898
f 13860 13900 13899
f 13860 13901 13900
f 13860 13902 13901
f 13860 13903 13902
f 13860 13904 13903
f 13860 13905 13904
f 13869 13905 13860
f 13869 13906 13905
f 13869 13907 13906
f 13869 13908 13907
f 13869 13909 13908
f 13869 13910 13909
f 13869 13911 13910
f 13869 13912 13911
f 13869 13913 13912
f 13876 13913 13869
f 13876 13914 13913
f 13876 13915 13914
f 13876 13916 13915
f 13876 13917 13916
f 13876 13918 13917
f 13876 13919 13918
f 13879 13919 13876
f 13879 13920 13919
f 13879 13921 13920
f 13881 13921 13879
f 13881 13922 13921
f 13883 13922 13881
f 13883 13923 13922
f 13926 13925 13924
f 13925 13927 13924
f 13930 13929 13928
f 13931 13930 13928
f 13934 13933 13932
f 13934 13942 13933
f 13935 13942 13934
f 13936 13942 13935
f 13937 13942 13936
f 13938 13942 13937
f 13939 13942 13938
f 13940 13942 13939
f 13941 13942 13940
f 13943 13942 13941
f 13943 13951 13942
f 13944 13951 13943
f 13945 13951 13944
f 13946 13951 13945
f 13947 13951 13946
f 13948 13951 13947
f 13949 13951 13948
f 13950 13951 13949
f 13952 13951 13950
f 13952 13960 13951
f 13953 13960 13952
f 13954 13960 13953
f 13955 13960 13954
f 13956 13960 13955
f 13957 13960 13956
f 13958 13960 13957
f 13959 13960 13958
f 13961 13960 13959
f 13961 13969 13960
f 13962 13969 13961
f 13963 13969 13962
f 13964 13969 13963
f 13965 13969 13964
f 13966 13969 13965
f 13967 13969 13966
f 13968 13969 13967
f 13970 13969 13968
f 13970 13978 13969
f 13971 13978 13970
f 13972 13978 13971
f 13973 13978 13972
f 13974 13978 13973
f 13975 13978 13974
f 13976 13978 13975
f 13977 13978 13976
f 13979 13978 13977
f 13979 13987 13978
f 13980 13987 13979
f 13981 13987 13980
f 13982 13987 13981
f 13983 13987 13982
f 13984 13987 13983
f 13985 13987 13984
f 13986 13987 13985
f 13988 13987 13986
f 13988 13996 13987
f 13989 13996 13988
f 13990 13996 13989
f 13991 13996 13990
f 13992 13996 13991
f 13993 13996 13992
f 13994 13996 13993
f 13995 13996 13994
f 13997 13996 13995
f 13997 14005 13996
f 13998 14005 13997
f 13999 14005 13998
f 14000 14005 13999
f 14001 14005 14000
f 14002 14005 14001
f 14003 14005 14002
f 14004 14005 14003
f 14006 14005 14004
f 14006 14010 14005
f 14007 14010 14006
f 14008 14010 14007
f 14009 14010 14008
f 14011 14010 14009
f 14011 14015 14010
f 14012 14015 14011
f 14013 14015 14012
f 14014 14015 14013
f 14016 14015 14014
f 14016 14018 14015
f 14017 14018 14016
f 14019 14018 14017
f 14019 14020 14018
f 14021 14020 14019
f 14021 14022 14020
f 13942 14023 13933
f 13942 14024 14023
f 13942 14025 14024
f 13942 14026 14025
f 13942 14027 14026
f 13942 14028 14027
f 13942 14029 14028
f 13942 14030 14029
f 13942 14031 14030
f 13951 14031 13942
f 13951 14032 14031
f 13951 14033 14032
f 13951 14034 14033
f 13951 14035 14034
f 13951 14036 14035
f 13951 14037 14036
f 13951 14038 14037
f 13951 14039 14038
f 13960 14039 13951
f 13960 14040 14039
f 13960 14041 14040
f 13960 14042 14041
f 13960 14043 14042
f 13960 14044 14043
f 13960 14045 14044
f 13960 14046 14045
f 13960 14047 14046
f 13969 14047 13960
f 13969 14048 14047
f 13969 14049 14048
f 13969 14050 14049
f 13969 14051 14050
f 13969 14052 14051
f 13969 14053 14052
f 13969 14054 14053
f 13969 14055 14054
f 13978 14055 13969
f 13978 14056 14055
f 13978 14057 14056
f 13978 14058 14057
f 13978 14059 14058
f 13978 14060 14059
f 13978 14061 14060
f 13978 14062 14061
f 13978 14063 14062
f 13987 14063 13978
f 13987 14064 14063
f 13987 14065 14064
f 13987 14066 14065
f 13987 14067 14066
f 13987 14068 14067
f 13987 14069 14068
f 13987 14070 14069
f 13987 14071 14070
f 13996 14071 13987
f 13996 14072 14071
f 13996 14073 14072
f 13996 14074 14073
f 13996 14075 14074
f 13996 14076 14075
f 13996 14077 14076
f 13996 14078 14077
f 13996 14079 14078
f 14005 14079 13996
f 14005 14080 14079
f 14005 14081 14080
f 14005 14082 14081
f 14005 14083 14082
f 14005 14084 14083
f 14005 14085 14084
f 14005 14086 14085
f 14005 14087 14086
f 14010 14087 14005
f 14010 14088 14087
f 14010 14089 14088
f 14010 14090 14089
f 14010 14091 14090
f 14015 14091 14010
f 14015 14092 14091
f 14015 14093 14092
f 14015 14094 14093
f 14015 14095 14094
f 14018 14095 14015
f 14018 14096 14095
f 14018 14097 14096
f 14020 14097 14018
f 14020 14098 14097
f 14022 14098 14020
f 14022 14099 14098
f 14102 14101 14100
f 14102 14110 14101
f 14103 14110 14102
f 14104 14110 14103
f 14105 14110 14104
f 14106 14110 14105
f 14107 14110 14106
f 14108 14110 14107
f 14109 14110 14108
f 14111 14110 14109
f 14111 14119 14110
f 14112 14119 14111
f 14113 14119 14112
f 14114 14119 14113
f 14115 14119 14114
f 14116 14119 14115
f 14117 14119 14116
f 14118 14119 14117
f 14120 14119 14118
f 14120 14128 14119
f 14121 14128 14120
f 14122 14128 14121
f 14123 14128 14122
f 14124 14128 14123
f 14125 14128 14124
f 14126 14128 14125
f 14127 14128 14126
f 14129 14128 14127
f 14129 14137 14128
f 14130 14137 14129
f 14131 14137 14130
f 14132 14137 14131
f 14133 14137 14132
f 14134 14137 14133
f 14135 14137 14134
f 14136 14137 14135
f 14138 14137 14136
f 14138 14146 14137
f 14139 14146 14138
f 14140 14146 14139
f 14141 14146 14140
f 14142 14146 14141
f 14143 14146 14142
f 14144 14146 14143
f 14145 14146 14144
f 14147 14146 14145
f 14147 14155 14146
f 14148 14155 14147
f 14149 14155 14148
f 14150 14155 14149
f 14151 14155 14150
f 14152 14155 14151
f 14153 14155 14152
f 14154 14155 14153
f 14156 14155 14154
f 14156 14164 14155
f 14157 14164 14156
f 14158 14164 14157
f 14159 14164 14158
f 14160 14164 14159
f 14161 14164 14160
f 14162 14164 14161
f 14163 14164 14162
f 14165 14164 14163
f 14165 14173 14164
f 14166 14173 14165
f 14167 14173 14166
f 14168 14173 14167
f 14169 14173 14168
f 14170 14173 14169
f 14171 14173 14170
f 14172 14173 14171
f 14174 14173 14172
f 14174 14178 14173
f 14175 14178 14174
f 14176 14178 14175
f 14177 14178 14176
f 14179 14178 14177
f 14179 14183 14178
f 14180 14183 14179
f 14181 14183 14180
f 14182 14183 14181
f 14184 14183 14182
f 14184 14186 14183
f 14185 14186 14184
f 14187 14186 14185
f 14187 14188 14186
f 14189 14188 14187
f 14189 14190 14188
f 14110 14191 14101
f 14110 14192 14191
f 14110 14193 14192
f 14110 14194 14193
f 14110 14195 14194
f 14110 14196 14195
f 14110 14197 14196
f 14110 14198 14197
f 14110 14199 14198
f 14119 14199 14110
f 14119 14200 14199
f 14119 14201 14200
f 14119 14202 14201
f 14119 14203 14202
f 14119 14204 14203
f 14119 14205 14204
f 14119 14206 14205
f 14119 14207 14206
f 14128 14207 14119
f 14128 14208 14207
f 14128 14209 14208
f 14128 14210 14209
f 14128 14211 14210
f 14128 14212 14211
f 14128 14213 14212
f 14128 14214 14213
f 14128 14215 14214
f 14137 14215 14128
f 14137 14216 14215
f 14137 14217 14216
f 14137 14218 14217
f 14137 14219 14218
f 14137 14220 14219
f 14137 14221 14220
f 14137 14222 14221
f 14137 14223 14222
f 14146 14223 14137
f 14146 14224 14223
f 14146 14225 14224
f 14146 14226 14225
f 14146 14227 14226
f 14146 14228 14227
f 14146 14229 14228
f 14146 14230 14229
f 14146 14231 14230
f 14155 14231 14146
f 14155 14232 14231
f 14155 14233 14232
f 14155 14234 14233
f 14155 14235 14234
f 14155 14236 14235
f 14155 14237 14236
f 14155 14238 14237
f 14155 14239 14238
f 14164 14239 14155
f 14164 14240 14239
f 14164 14241 14240
f 14164 14242 14241
f 14164 14243 14242
f 14164 14244 14243
f 14164 14245 14244
f 14164 14246 14245
f 14164 14247 14246
f 14173 14247 14164
f 14173 14248 14247
f 14173 14249 14248
f 14173 14250 14249
f 14173 14251 14250
f 14173 14252 14251
f 14173 14253 14252
f 14173 14254 14253
f 14173 14255 14254
f 14178 14255 14173
f 14178 14256 14255
f 14178 14257 14256
f 14178 14258 14257
f 14178 14259 14258
f 14183 14259 14178
f 14183 14260 14259
f 14183 14261 14260
f 14183 14262 14261
f 14183 14263 14262
f 14186 14263 14183
f 14186 14264 14263
f 14186 14265 14264
f 14188 14265 14186
f 14188 14266 14265
f 14190 14266 14188
f 14190 14267 14266
f 14270 14269 14268
f 14269 14271 14268
f 14274 14273 14272
f 14275 14274 14272
f 14278 14277 14276
f 14278 14286 14277
f 14279 14286 14278
f 14280 14286 14279
f 14281 14286 14280
f 14282 14286 14281
f 14283 14286 14282
f 14284 14286 14283
f 14285 14286 14284
f 14287 14286 14285
f 14287 14295 14286
f 14288 14295 14287
f 14289 14295 14288
f 14290 14295 14289
f 14291 14295 14290
f 14292 14295 14291
f 14293 14295 14292
f 14294 14295 14293
f 14296 14295 14294
f 14296 14304 14295
f 14297 14304 14296
f 14298 14304 14297
f 14299 14304 14298
f 14300 14304 14299
f 14301 14304 14300
f 14302 14304 14301
f 14303 14304 14302
f 14305 14304 14303
f 14305 14313 14304
f 14306 14313 14305
f 14307 14313 14306
f 14308 14313 14307
f 14309 14313 14308
f 14310 14313 14309
f 14311 14313 14310
f 14312 14313 14311
f 14314 14313 14312
f 14314 14322 14313
f 14315 14322 14314
f 14316 14322 14315
f 14317 14322 14316
f 14318 14322 14317
f 14319 14322 14318
f 14320 14322 14319
f 14321 14322 14320
f 14323 14322 14321
f 14323 14331 14322
f 14324 14331 14323
f 14325 14331 14324
f 14326 14331 14325
f 14327 14331 14326
f 14328 14331 14327
f 14329 14331 14328
f 14330 14331 14329
f 14332 14331 14330
f 14332 14340 14331
f 14333 14340 14332
f 14334 14340 14333
f 14335 14340 14334
f 14336 14340 14335
f 14337 14340 14336
f 14338 14340 14337
f 14339 14340 14338
f 14341 14340 14339
f 14341 14345 14340
f 14342 14345 14341
f 14343 14345 14342
f 14344 14345 14343
f 14346 14345 14344
f 14346 14350 14345
f 14347 14350 14346
f 14348 14350 14347
f 14349 14350 14348
f 14351 14350 14349
f 14351 14355 14350
f 14352 14355 14351
f 14353 14355 14352
f 14354 14355 14353
f 14356 14355 14354
f 14356 14360 14355
f 14357 14360 14356
f 14358 14360 14357
f 14359 14360 14358
f 14361 14360 14359
f 14361 14362 14360
f 14363 14362 14361
f 14363 14364 14362
f 14365 14364 14363
f 14365 14366 14364
f 14286 14367 14277
f 14286 14368 14367
f 14286 14369 14368
f 14286 14370 14369
f 14286 14371 14370
f 14286 14372 14371
f 14286 14373 14372
f 14286 14374 14373
f 14286 14375 14374
f 14295 14375 14286
f 14295 14376 14375
f 14295 14377 14376
f 14295 14378 14377
f 14295 14379 14378
f 14295 14380 14379
f 14295 14381 14380
f 14295 14382 14381
f 14295 14383 14382
f 14304 14383 14295
f 14304 14384 14383
f 14304 14385 14384
f 14304 14386 14385
f 14304 14387 14386
f 14304 14388 14387
f 14304 14389 14388
f 14304 14390 14389
f 14304 14391 14390
f 14313 14391 14304
f 14313 14392 14391
f 14313 14393 14392
f 14313 14394 14393
f 14313 14395 14394
f 14313 14396 14395
f 14313 14397 14396
f 14313 14398 14397
f 14313 14399 14398
f 14322 14399 14313
f 14322 14400 14399
f 14322 14401 14400
f 14322 14402 14401
f 14322 14403 14402
f 14322 14404 14403
f 14322 14405 14404
f 14322 14406 14405
f 14322 14407 14406
f 14331 14407 14322
f 14331 14408 14407
f 14331 14409 14408
f 14331 14410 14409
f 14331 14411 14410
f 14331 14412 14411
f 14331 14413 14412
f 14331 14414 14413
f 14331 14415 14414
f 14340 14415 14331
f 14340 14416 14415
f 14340 14417 14416
f 14340 14418 14417
f 14340 14419 14418
f 14340 14420 14419
f 14340 14421 14420
f 14340 14422 14421
f 14340 14423 14422
f 14345 14423 14340
f 14345 14424 14423
f 14345 14425 14424
f 14345 14426 14425
f 14345 14427 14426
f 14350 14427 14345
f 14350 14428 14427
f 14350 14429 14428
f 14350 14430 14429
f 14350 14431 14430
f 14355 14431 14350
f 14355 14432 14431
f 14355 14433 14432
f 14355 14434 14433
f 14355 14435 14434
f 14360 14435 14355
f 14360 14436 14435
f 14360 14437 14436
f 14360 14438 14437
f 14360 14439 14438
f 14362 14439 14360
f 14362 14440 14439
f 14364 14440 14362
f 14364 14441 14440
f 14366 14441 14364
f 14366 14442 14441
f 14445 14444 14443
f 14445 14453 14444
f 14446 14453 14445
f 14447 14453 14446
f 14448 14453 14447
f 14449 14453 14448
f 14450 14453 14449
f 14451 14453 14450
f 14452 14453 14451
f 14454 14453 14452
f 14454 14462 14453
f 14455 14462 14454
f 14456 14462 14455
f 14457 14462 14456
f 14458 14462 14457
f 14459 14462 14458
f 14460 14462 14459
f 14461 14462 14460
f 14463 14462 14461
f 14463 14471 14462
f 14464 14471 14463
f 14465 14471 14464
f 14466 14471 14465
f 14467 14471 14466
f 14468 14471 14467
f 14469 14471 14468
f 14470 14471 14469
f 14472 14471 14470
f 14472 14480 14471
f 14473 14480 14472
f 14474 14480 14473
f 14475 14480 14474
f 14476 14480 14475
f 14477 14480 14476
f 14478 14480 14477
f 14479 14480 14478
f 14481 14480 14479
f 14481 14489 14480
f 14482 14489 14481
f 14483 14489 14482
f 14484 14489 14483
f 14485 14489 14484
f 14486 14489 14485
f 14487 14489 14486
f 14488 14489 14487
f 14490 14489 14488
f 14490 14498 14489
f 14491 14498 14490
f 14492 14498 14491
f 14493 14498 14492
f 14494 14498 14493
f 14495 14498 14494
f 14496 14498 14495
f 14497 14498 14496
f 14499 14498 14497
f 14499 14507 14498
f 14500 14507 14499
f 14501 14507 14500
f 14502 14507 14501
f 14503 14507 14502
f 14504 14507 14503
f 14505 14507 14504
f 14506 14507 14505
f 14508 14507 14506
f 14508 14516 14507
f 14509 14516 14508
f 14510 14516 14509
f 14511 14516 14510
f 14512 14516 14511
f 14513 14516 14512
f 14514 14516 14513
f 14515 14516 14514
f 14517 14516 14515
f 14517 14521 14516
f 14518 14521 14517
f 14519 14521 14518
f 14520 14521 14519
f 14522 14521 14520
f 14522 14526 14521
f 14523 14526 14522
f 14524 14526 14523
f 14525 14526 14524
f 14527 14526 14525
f 14527 14528 14526
f 14529 14528 14527
f 14529 14530 14528
f 14531 14530 14529
f 14531 14532 14530
f 14453 14533 14444
f 14453 14534 14533
f 14453 14535 14534
f 14453 14536 14535
f 14453 14537 14536
f 14453 14538 14537
f 14453 14539 14538
f 14453 14540 14539
f 14453 14541 14540
f 14462 14541 14453
f 14462 14542 14541
f 14462 14543 14542
f 14462 14544 14543
f 14462 14545 14544
f 14462 14546 14545
f 14462 14547 14546
f 14462 14548 14547
f 14462 14549 14548
f 14471 14549 14462
f 14471 14550 14549
f 14471 14551 14550
f 14471 14552 14551
f 14471 14553 14552
f 14471 14554 14553
f 14471 14555 14554
f 14471 14556 14555
f 14471 14557 14556
f 14480 14557 14471
f 14480 14558 14557
f 14480 14559 14558
f 14480 14560 14559
f 14480 14561 14560
f 14480 14562 14561
f 14480 14563 14562
f 14480 14564 14563
f 14480 14565 14564
f 14489 14565 14480
f 14489 14566 14565
f 14489 14567 14566
f 14489 14568 14567
f 14489 14569 14568
f 14489 14570 14569
f 14489 14571 14570
f 14489 14572 14571
f 14489 14573 14572
f 14498 14573 14489
f 14498 14574 14573
f 14498 14575 14574
f 14498 14576 14575
f 14498 14577 14576
f 14498 14578 14577
f 14498 14579 14578
f 14498 14580 14579
f 14498 14581 14580
f 14507 14581 14498
f 14507 14582 14581
f 14507 14583 14582
f 14507 14584 14583
f 14507 14585 14584
f 14507 14586 14585
f 14507 14587 14586
f 14507 14588 14587
f 14507 14589 14588
f 14516 14589 14507
f 14516 14590 14589
f 14516 14591 14590
f 14516 14592 14591
f 14516 14593 14592
f 14516 14594 14593
f 14516 14595 14594
f 14516 14596 14595
f 14516 14597 14596
f 14521 14597 14516
f 14521 14598 14597
f 14521 14599 14598
f 14521 14600 14599
f 14521 14601 14600
f 14526 14601 14521
f 14526 14602 14601
f 14526 14603 14602
f 14526 14604 14603
f 14526 14605 14604
f 14528 14605 14526
f 14528 14606 14605
f 14530 14606 14528
f 14530 14607 14606
f 14532 14607 14530
f 14532 14608 14607
f 14611 14610 14609
f 14610 14612 14609
f 14615 14614 14613
f 14616 14615 14613
f 14619 14618 14617
f 14619 14627 14618
f 14620 14627 14619
f 14621 14627 14620
f 14622 14627 14621
f 14623 14627 14622
f 14624 14627 14623
f 14625 14627 14624
f 14626 14627 14625
f 14628 14627 14626
f 14628 14636 14627
f 14629 14636 14628
f 14630 14636 14629
f 14631 14636 14630
f 14632 14636 14631
f 14633 14636 14632
f 14634 14636 14633
f 14635 14636 14634
f 14637 14636 14635
f 14637 14645 14636
f 14638 14645 14637
f 14639 14645 14638
f 14640 14645 14639
f 14641 14645 14640
f 14642 14645 14641
f 14643 14645 14642
f 14644 14645 14643
f 14646 14645 14644
f 14646 14654 14645
f 14647 14654 14646
f 14648 14654 14647
f 14649 14654 14648
f 14650 14654 14649
f 14651 14654 14650
f 14652 14654 14651
f 14653 14654 14652
f 14655 14654 14653
f 14655 14663 14654
f 14656 14663 14655
f 14657 14663 14656
f 14658 14663 14657
f 14659 14663 14658
f 14660 14663 14659
f 14661 14663 14660
f 14662 14663 14661
f 14664 14663 14662
f 14664 14672 14663
f 14665 14672 14664
f 14666 14672 14665
f 14667 14672 14666
f 14668 14672 14667
f 14669 14672 14668
f 14670 14672 14669
f 14671 14672 14670
f 14673 14672 14671
f 14673 14681 14672
f 14674 14681 14673
f 14675 14681 14674
f 14676 14681 14675
f 14677 14681 14676
f 14678 14681 14677
f 14679 14681 14678
f 14680 14681 14679
f 14682 14681 14680
f 14682 14690 14681
f 14683 14690 14682
f 14684 14690 14683
f 14685 14690 14684
f 14686 14690 14685
f 14687 14690 14686
f 14688 14690 14687
f 14689 14690 14688
f 14691 14690 14689
f 14691 14695 14690
f 14692 14695 14691
f 14693 14695 14692
f 14694 14695 14693
f 14696 14695 14694
f 14696 14700 14695
f 14697 14700 14696
f 14698 14700 14697
f 14699 14700 14698
f 14701 14700 14699
f 14701 14702 14700
f 14703 14702 14701
f 14703 14704 14702
f 14705 14704 14703
f 14705 14706 14704
f 14627 14707 14618
f 14627 14708 14707
f 14627 14709 14708
f 14627 14710 14709
f 14627 14711 14710
f 14627 14712 14711
f 14627 14713 14712
f 14627 14714 14713
f 14627 14715 14714
f 14636 14715 14627
f 14636 14716 14715
f 14636 14717 14716
f 14636 14718 14717
f 14636 14719 14718
f 14636 14720 14719
f 14636 14721 14720
f 14636 14722 14721
f 14636 14723 14722
f 14645 14723 14636
f 14645 14724 14723
f 14645 14725 14724
f 14645 14726 14725
f 14645 14727 14726
f 14645 14728 14727
f 14645 14729 14728
f 14645 14730 14729
f 14645 14731 14730
f 14654 14731 14645
f 14654 14732 14731
f 14654 14733 14732
f 14654 14734 14733
f 14654 14735 14734
f 14654 14736 14735
f 14654 14737 14736
f 14654 14738 14737
f 14654 14739 14738
f 14663 14739 14654
f 14663 14740 14739
f 14663 14741 14740
f 14663 14742 14741
f 14663 14743 14742
f 14663 14744 14743
f 14663 14745 14744
f 14663 14746 14745
f 14663 14747 14746
f 14672 14747 14663
f 14672 14748 14747
f 14672 14749 14748
f 14672 14750 14749
f 14672 14751 14750
f 14672 14752 14751
f 14672 14753 14752
f 14672 14754 14753
f 14672 14755 14754
f 14681 14755 14672
f 14681 14756 14755
f 14681 14757 14756
f 14681 14758 14757
f 14681 14759 14758
f 14681 14760 14759
f 14681 14761 14760
f 14681 14762 14761
f 14681 14763 14762
f 14690 14763 14681
f 14690 14764 14763
f 14690 14765 14764
f 14690 14766 14765
f 14690 14767 14766
f 14690 14768 14767
f 14690 14769 14768
f 14690 14770 14769
f 14690 14771 14770
f 14695 14771 14690
f 14695 14772 14771
f 14695 14773 14772
f 14695 14774 14773
f 14695 14775 14774
f 14700 14775 14695
f 14700 14776 14775
f 14700 14777 14776
f 14700 14778 14777
f 14700 14779 14778
f 14702 14779 14700
f 14702 14780 14779
f 14704 14780 14702
f 14704 14781 14780
f 14706 14781 14704
f 14706 14782 14781
f 14785 14784 14783
f 14785 14793 14784
f 14786 14793 14785
f 14787 14793 14786
f 14788 14793 14787
f 14789 14793 14788
f 14790 14793 14789
f 14791 14793 14790
f 14792 14793 14791
f 14794 14793 14792
f 14794 14797 14793
f 14795 14797 14794
f 14796 14797 14795
f 14798 14797 14796
f 14798 14799 14797
f 14793 14800 14784
f 14793 14801 14800
f 14793 14802 14801
f 14793 14803 14802
f 14793 14804 14803
f 14793 14805 14804
f 14793 14806 14805
f 14793 14807 14806
f 14793 14808 14807
f 14797 14808 14793
f 14797 14809 14808
f 14797 14810 14809
f 14797 14811 14810
f 14799 14811 14797
f 14799 14812 14811
f 14815 14814 14813
f 14815 14823 14814
f 14816 14823 14815
f 14817 14823 14816
f 14818 14823 14817
f 14819 14823 14818
f 14820 14823 14819
f 14821 14823 14820
f 14822 14823 14821
f 14824 14823 14822
f 14824 14827 14823
f 14825 14827 14824
f 14826 14827 14825
f 14828 14827 14826
f 14828 14829 14827
f 14823 14830 14814
f 14823 14831 14830
f 14823 14832 14831
f 14823 14833 14832
f 14823 14834 14833
f 14823 14835 14834
f 14823 14836 14835
f 14823 14837 14836
f 14823 14838 14837
f 14827 14838 14823
f 14827 14839 14838
f 14827 14840 14839
f 14827 14841 14840
f 14829 14841 14827
f 14829 14842 14841
f 14845 14844 14843
f 14844 14846 14843
f 14849 14848 14847
f 14850 14849 14847
f 14853 14852 14851
f 14853 14861 14852
f 14854 14861 14853
f 14855 14861 14854
f 14856 14861 14855
f 14857 14861 14856
f 14858 14861 14857
f 14859 14861 14858
f 14860 14861 14859
f 14862 14861 14860
f 14862 14865 14861
f 14863 14865 14862
f 14864 14865 14863
f 14866 14865 14864
f 14866 14867 14865
f 14861 14868 14852
f 14861 14869 14868
f 14861 14870 14869
f 14861 14871 14870
f 14861 14872 14871
f 14861 14873 14872
f 14861 14874 14873
f 14861 14875 14874
f 14861 14876 14875
f 14865 14876 14861
f 14865 14877 14876
f 14865 14878 14877
f 14865 14879 14878
f 14867 14879 14865
f 14867 14880 14879
f 14883 14882 14881
f 14883 14891 14882
f 14884 14891 14883
f 14885 14891 14884
f 14886 14891 14885
f 14887 14891 14886
f 14888 14891 14887
f 14889 14891 14888
f 14890 14891 14889
f 14892 14891 14890
f 14892 14895 14891
f 14893 14895 14892
f 14894 14895 14893
f 14896 14895 14894
f 14896 14897 14895
f 14891 14898 14882
f 14891 14899 14898
f 14891 14900 14899
f 14891 14901 14900
f 14891 14902 14901
f 14891 14903 14902
f 14891 14904 14903
f 14891 14905 14904
f 14891 14906 14905
f 14895 14906 14891
f 14895 14907 14906
f 14895 14908 14907
f 14895 14909 14908
f 14897 14909 14895
f 14897 14910 14909
f 14913 14912 14911
f 14912 14914 14911
f 14917 14916 14915
f 14918 14917 14915
